2026-03-30 07:49:32 [background-preinit] INFO  o.h.validator.internal.util.Version - HV000001: Hibernate Validator 9.0.1.Final
2026-03-30 07:49:32 [restartedMain] INFO  c.back.puntoventa.app.AppApplication - Starting AppApplication using Java 26 with PID 8860 (C:\Users\Mateo\Documents\Mateo Tareas\Taller\Back-PuntoVenta\target\classes started by Mateo in C:\Users\Mateo\Documents\Mateo Tareas\Taller\Back-PuntoVenta)
2026-03-30 07:49:32 [restartedMain] DEBUG c.back.puntoventa.app.AppApplication - Running with Spring Boot v4.0.5, Spring v7.0.6
2026-03-30 07:49:32 [restartedMain] INFO  c.back.puntoventa.app.AppApplication - No active profile set, falling back to 1 default profile: "default"
2026-03-30 07:49:32 [restartedMain] INFO  o.s.b.d.e.DevToolsPropertyDefaultsPostProcessor - Devtools property defaults active! Set 'spring.devtools.add-properties' to 'false' to disable
2026-03-30 07:49:32 [restartedMain] INFO  o.s.b.d.e.DevToolsPropertyDefaultsPostProcessor - For additional web related logging consider setting the 'logging.level.web' property to 'DEBUG'
2026-03-30 07:49:33 [restartedMain] INFO  o.s.boot.tomcat.TomcatWebServer - Tomcat initialized with port 3000 (http)
2026-03-30 07:49:33 [restartedMain] INFO  o.a.coyote.http11.Http11NioProtocol - Initializing ProtocolHandler ["http-nio-3000"]
2026-03-30 07:49:33 [restartedMain] INFO  o.a.catalina.core.StandardService - Starting service [Tomcat]
2026-03-30 07:49:33 [restartedMain] INFO  o.a.catalina.core.StandardEngine - Starting Servlet engine: [Apache Tomcat/11.0.20]
2026-03-30 07:49:33 [restartedMain] INFO  o.s.b.w.c.s.WebApplicationContextInitializer - Root WebApplicationContext: initialization completed in 1018 ms
2026-03-30 07:49:34 [restartedMain] INFO  o.a.coyote.http11.Http11NioProtocol - Starting ProtocolHandler ["http-nio-3000"]
2026-03-30 07:49:34 [restartedMain] INFO  o.s.boot.tomcat.TomcatWebServer - Tomcat started on port 3000 (http) with context path '/'
2026-03-30 07:49:34 [restartedMain] INFO  c.back.puntoventa.app.AppApplication - Started AppApplication in 2.025 seconds (process running for 2.384)
2026-03-30 07:49:47 [http-nio-3000-exec-2] INFO  o.a.c.c.C.[Tomcat].[localhost].[/] - Initializing Spring DispatcherServlet 'dispatcherServlet'
2026-03-30 07:49:47 [http-nio-3000-exec-2] INFO  o.s.web.servlet.DispatcherServlet - Initializing Servlet 'dispatcherServlet'
2026-03-30 07:49:47 [http-nio-3000-exec-2] INFO  o.s.web.servlet.DispatcherServlet - Completed initialization in 0 ms
2026-03-30 07:49:47 [http-nio-3000-exec-7] INFO  c.b.p.a.a.a.c.AuthRestAdapter - POST /auth/signin - Intento de autenticación para email: mateovargas220705@gmail.com
2026-03-30 07:49:47 [http-nio-3000-exec-7] DEBUG c.b.p.a.d.a.s.AutorizacionAuthService - Autenticando usuario con email: mateovargas220705@gmail.com
2026-03-30 07:49:49 [http-nio-3000-exec-7] DEBUG c.b.p.a.d.a.s.AutorizacionAuthService - Autenticación completada para email: mateovargas220705@gmail.com
2026-03-30 07:49:49 [http-nio-3000-exec-7] INFO  c.b.p.a.a.a.c.AuthRestAdapter - Autenticación exitosa para email: mateovargas220705@gmail.com
2026-03-30 07:49:49 [http-nio-3000-exec-6] INFO  c.b.p.a.a.p.c.ProductosRestAdapter - GET /productos - Obtener todos los productos
2026-03-30 07:49:49 [http-nio-3000-exec-6] DEBUG c.b.p.a.d.p.s.GestionProductosService - Obteniendo todos los productos
2026-03-30 07:49:49 [http-nio-3000-exec-8] INFO  c.b.p.a.a.v.c.VendedoresRestAdapter - GET /vendedores - Obtener todos los vendedores
2026-03-30 07:49:49 [http-nio-3000-exec-8] DEBUG c.b.p.a.d.v.s.GestionVendedoresService - Obteniendo todos los vendedores
2026-03-30 07:49:49 [http-nio-3000-exec-10] INFO  c.b.p.a.a.p.c.ProductosRestAdapter - GET /productos/stock-bajo - Consultando alertas con umbral: 100
2026-03-30 07:49:49 [http-nio-3000-exec-10] DEBUG c.b.p.a.d.p.s.GestionProductosService - Obteniendo productos con stock bajo. Umbral: 100
2026-03-30 07:49:50 [http-nio-3000-exec-10] DEBUG c.b.p.a.d.p.s.GestionProductosService - Se encontraron 21 productos con stock bajo
2026-03-30 07:49:50 [http-nio-3000-exec-8] DEBUG c.b.p.a.d.v.s.GestionVendedoresService - Se obtuvieron 4 vendedores
2026-03-30 07:49:50 [http-nio-3000-exec-8] DEBUG c.b.p.a.a.v.c.VendedoresRestAdapter - Se obtuvieron 4 vendedores
2026-03-30 07:49:50 [http-nio-3000-exec-6] DEBUG c.b.p.a.d.p.s.GestionProductosService - Se obtuvieron 23 productos
2026-03-30 07:49:50 [http-nio-3000-exec-6] DEBUG c.b.p.a.a.p.c.ProductosRestAdapter - Se obtuvieron 23 productos
2026-03-30 07:50:01 [http-nio-3000-exec-9] INFO  c.b.p.a.a.v.c.VendedoresRestAdapter - GET /vendedores - Obtener todos los vendedores
2026-03-30 07:50:01 [http-nio-3000-exec-9] DEBUG c.b.p.a.d.v.s.GestionVendedoresService - Obteniendo todos los vendedores
2026-03-30 07:50:01 [http-nio-3000-exec-9] DEBUG c.b.p.a.d.v.s.GestionVendedoresService - Se obtuvieron 4 vendedores
2026-03-30 07:50:01 [http-nio-3000-exec-9] DEBUG c.b.p.a.a.v.c.VendedoresRestAdapter - Se obtuvieron 4 vendedores
2026-03-30 07:50:09 [http-nio-3000-exec-2] INFO  c.b.p.a.a.v.c.VendedoresRestAdapter - PUT /vendedores/2ab0631c-da17-4bd8-b9b9-237de54711c6 - Actualizar vendedor
2026-03-30 07:50:09 [http-nio-3000-exec-2] DEBUG c.b.p.a.d.v.s.GestionVendedoresService - Actualizando vendedor - ID: 2ab0631c-da17-4bd8-b9b9-237de54711c6
2026-03-30 07:50:09 [http-nio-3000-exec-2] DEBUG c.b.p.a.d.v.s.GestionVendedoresService - Obteniendo vendedor por ID: 2ab0631c-da17-4bd8-b9b9-237de54711c6
2026-03-30 07:50:09 [http-nio-3000-exec-2] DEBUG c.b.p.a.d.v.s.GestionVendedoresService - Vendedor encontrado - ID: 2ab0631c-da17-4bd8-b9b9-237de54711c6, Email: valeganvillarroel@gmail.com
2026-03-30 07:50:09 [http-nio-3000-exec-2] DEBUG c.b.p.a.d.v.s.GestionVendedoresService - Nombre actualizado a: valeria
2026-03-30 07:50:09 [http-nio-3000-exec-2] DEBUG c.b.p.a.d.v.s.GestionVendedoresService - Email actualizado a: valeganvillarroel@gmail.com
2026-03-30 07:50:09 [http-nio-3000-exec-2] DEBUG c.b.p.a.d.v.s.GestionVendedoresService - Estado actualizado a: INACTIVO
2026-03-30 07:50:10 [http-nio-3000-exec-2] DEBUG c.b.p.a.d.v.s.GestionVendedoresService - Cambios aplicados al sistema de autenticación para vendedor ID: 2ab0631c-da17-4bd8-b9b9-237de54711c6
2026-03-30 07:50:10 [http-nio-3000-exec-2] INFO  c.b.p.a.d.v.s.GestionVendedoresService - Vendedor actualizado exitosamente - ID: 2ab0631c-da17-4bd8-b9b9-237de54711c6
2026-03-30 07:50:10 [http-nio-3000-exec-2] INFO  c.b.p.a.a.v.c.VendedoresRestAdapter - Vendedor actualizado exitosamente - ID: 2ab0631c-da17-4bd8-b9b9-237de54711c6
2026-03-30 07:50:10 [http-nio-3000-exec-7] INFO  c.b.p.a.a.v.c.VendedoresRestAdapter - GET /vendedores - Obtener todos los vendedores
2026-03-30 07:50:10 [http-nio-3000-exec-7] DEBUG c.b.p.a.d.v.s.GestionVendedoresService - Obteniendo todos los vendedores
2026-03-30 07:50:10 [http-nio-3000-exec-7] DEBUG c.b.p.a.d.v.s.GestionVendedoresService - Se obtuvieron 4 vendedores
2026-03-30 07:50:10 [http-nio-3000-exec-7] DEBUG c.b.p.a.a.v.c.VendedoresRestAdapter - Se obtuvieron 4 vendedores
2026-03-30 07:50:13 [http-nio-3000-exec-1] WARN  o.s.w.s.m.m.a.ExceptionHandlerExceptionResolver - Resolved [org.springframework.web.bind.MissingServletRequestParameterException: Required request parameter 'userId' for method parameter type String is not present]
2026-03-30 07:50:16 [http-nio-3000-exec-5] INFO  c.b.p.a.a.a.c.AuthRestAdapter - POST /auth/signin - Intento de autenticación para email: valeganvillarroel@gmail.com
2026-03-30 07:50:16 [http-nio-3000-exec-5] DEBUG c.b.p.a.d.a.s.AutorizacionAuthService - Autenticando usuario con email: valeganvillarroel@gmail.com
2026-03-30 07:50:17 [http-nio-3000-exec-5] DEBUG c.b.p.a.d.a.s.AutorizacionAuthService - Autenticación completada para email: valeganvillarroel@gmail.com
2026-03-30 07:50:17 [http-nio-3000-exec-5] INFO  c.b.p.a.a.a.c.AuthRestAdapter - Autenticación exitosa para email: valeganvillarroel@gmail.com
2026-03-30 07:50:17 [http-nio-3000-exec-10] INFO  c.b.p.a.a.a.c.AuthRestAdapter - GET /auth/me - Obtener perfil del usuario actual
2026-03-30 07:50:17 [http-nio-3000-exec-10] DEBUG c.b.p.a.d.a.s.AutorizacionAuthService - Obteniendo perfil por token
2026-03-30 07:50:17 [http-nio-3000-exec-10] DEBUG c.b.p.a.d.a.s.AutorizacionAuthService - Perfil obtenido exitosamente para usuario ID: 2ab0631c-da17-4bd8-b9b9-237de54711c6
2026-03-30 07:50:17 [http-nio-3000-exec-10] DEBUG c.b.p.a.a.a.c.AuthRestAdapter - Perfil obtenido para usuario: valeganvillarroel@gmail.com
2026-03-30 07:50:17 [http-nio-3000-exec-6] INFO  c.b.p.a.a.p.c.ProductosRestAdapter - GET /productos - Obtener todos los productos
2026-03-30 07:50:17 [http-nio-3000-exec-6] DEBUG c.b.p.a.d.p.s.GestionProductosService - Obteniendo todos los productos
2026-03-30 07:50:18 [http-nio-3000-exec-4] DEBUG c.b.p.a.d.a.s.AutorizacionAuthService - Obteniendo perfil por token
2026-03-30 07:50:18 [http-nio-3000-exec-6] DEBUG c.b.p.a.d.p.s.GestionProductosService - Se obtuvieron 23 productos
2026-03-30 07:50:18 [http-nio-3000-exec-6] DEBUG c.b.p.a.a.p.c.ProductosRestAdapter - Se obtuvieron 23 productos
2026-03-30 07:50:18 [http-nio-3000-exec-4] DEBUG c.b.p.a.d.a.s.AutorizacionAuthService - Perfil obtenido exitosamente para usuario ID: 2ab0631c-da17-4bd8-b9b9-237de54711c6
2026-03-30 07:50:18 [http-nio-3000-exec-4] INFO  c.b.p.a.a.i.c.InventarioRestAdapter - GET /inventario/vendedor/2ab0631c-da17-4bd8-b9b9-237de54711c6 - consulta por valeganvillarroel@gmail.com
2026-03-30 07:50:18 [http-nio-3000-exec-4] INFO  c.b.p.a.d.i.s.GestionInventarioService - Consultando cargas por vendedor: 2ab0631c-da17-4bd8-b9b9-237de54711c6
2026-03-30 07:50:18 [http-nio-3000-exec-4] DEBUG c.b.p.a.i.p.s.a.SupabaseAsignacionRepositoryAdapter - Consultando asignaciones por vendedor: 2ab0631c-da17-4bd8-b9b9-237de54711c6
2026-03-30 07:50:18 [http-nio-3000-exec-4] DEBUG c.b.p.a.i.p.s.a.SupabaseAsignacionRepositoryAdapter - Asignaciones encontradas para vendedor 2ab0631c-da17-4bd8-b9b9-237de54711c6: 5
2026-03-30 07:50:28 [http-nio-3000-exec-2] INFO  c.b.p.a.a.a.c.AuthRestAdapter - POST /auth/signin - Intento de autenticación para email: andres@gmail.com
2026-03-30 07:50:28 [http-nio-3000-exec-2] DEBUG c.b.p.a.d.a.s.AutorizacionAuthService - Autenticando usuario con email: andres@gmail.com
2026-03-30 07:50:28 [http-nio-3000-exec-2] DEBUG c.b.p.a.d.a.s.AutorizacionAuthService - Autenticación completada para email: andres@gmail.com
2026-03-30 07:50:28 [http-nio-3000-exec-2] INFO  c.b.p.a.a.a.c.AuthRestAdapter - Autenticación exitosa para email: andres@gmail.com
2026-03-30 07:50:28 [http-nio-3000-exec-7] INFO  c.b.p.a.a.a.c.AuthRestAdapter - GET /auth/me - Obtener perfil del usuario actual
2026-03-30 07:50:28 [http-nio-3000-exec-7] DEBUG c.b.p.a.d.a.s.AutorizacionAuthService - Obteniendo perfil por token
2026-03-30 07:50:29 [http-nio-3000-exec-7] DEBUG c.b.p.a.d.a.s.AutorizacionAuthService - Perfil obtenido exitosamente para usuario ID: 6b0a5026-52f3-475a-a20f-5aacf94764f0
2026-03-30 07:50:29 [http-nio-3000-exec-7] DEBUG c.b.p.a.a.a.c.AuthRestAdapter - Perfil obtenido para usuario: andres@gmail.com
2026-03-30 07:50:29 [http-nio-3000-exec-1] INFO  c.b.p.a.a.p.c.ProductosRestAdapter - GET /productos - Obtener todos los productos
2026-03-30 07:50:29 [http-nio-3000-exec-1] DEBUG c.b.p.a.d.p.s.GestionProductosService - Obteniendo todos los productos
2026-03-30 07:50:29 [http-nio-3000-exec-5] DEBUG c.b.p.a.d.a.s.AutorizacionAuthService - Obteniendo perfil por token
2026-03-30 07:50:29 [http-nio-3000-exec-1] DEBUG c.b.p.a.d.p.s.GestionProductosService - Se obtuvieron 23 productos
2026-03-30 07:50:29 [http-nio-3000-exec-1] DEBUG c.b.p.a.a.p.c.ProductosRestAdapter - Se obtuvieron 23 productos
2026-03-30 07:50:29 [http-nio-3000-exec-5] DEBUG c.b.p.a.d.a.s.AutorizacionAuthService - Perfil obtenido exitosamente para usuario ID: 6b0a5026-52f3-475a-a20f-5aacf94764f0
2026-03-30 07:50:29 [http-nio-3000-exec-5] INFO  c.b.p.a.a.i.c.InventarioRestAdapter - GET /inventario/vendedor/6b0a5026-52f3-475a-a20f-5aacf94764f0 - consulta por andres@gmail.com
2026-03-30 07:50:29 [http-nio-3000-exec-5] INFO  c.b.p.a.d.i.s.GestionInventarioService - Consultando cargas por vendedor: 6b0a5026-52f3-475a-a20f-5aacf94764f0
2026-03-30 07:50:29 [http-nio-3000-exec-5] DEBUG c.b.p.a.i.p.s.a.SupabaseAsignacionRepositoryAdapter - Consultando asignaciones por vendedor: 6b0a5026-52f3-475a-a20f-5aacf94764f0
2026-03-30 07:50:30 [http-nio-3000-exec-5] DEBUG c.b.p.a.i.p.s.a.SupabaseAsignacionRepositoryAdapter - Asignaciones encontradas para vendedor 6b0a5026-52f3-475a-a20f-5aacf94764f0: 0
2026-03-30 07:54:12 [File Watcher] INFO  o.s.b.d.a.LocalDevToolsAutoConfiguration$RestartingClassPathChangeChangedEventListener - Restarting due to 45 class path changes (0 additions, 0 deletions, 45 modifications)
2026-03-30 07:54:12 [Thread-1] INFO  o.s.boot.tomcat.GracefulShutdown - Commencing graceful shutdown. Waiting for active requests to complete
2026-03-30 07:54:12 [tomcat-shutdown] INFO  o.a.coyote.http11.Http11NioProtocol - Pausing ProtocolHandler ["http-nio-3000"]
2026-03-30 07:54:12 [tomcat-shutdown] INFO  o.s.boot.tomcat.GracefulShutdown - Graceful shutdown complete
2026-03-30 07:54:12 [Thread-1] INFO  o.a.coyote.http11.Http11NioProtocol - Stopping ProtocolHandler ["http-nio-3000"]
2026-03-30 07:54:12 [restartedMain] INFO  c.back.puntoventa.app.AppApplication - Starting AppApplication using Java 26 with PID 8860 (C:\Users\Mateo\Documents\Mateo Tareas\Taller\Back-PuntoVenta\target\classes started by Mateo in C:\Users\Mateo\Documents\Mateo Tareas\Taller\Back-PuntoVenta)
2026-03-30 07:54:12 [restartedMain] DEBUG c.back.puntoventa.app.AppApplication - Running with Spring Boot v4.0.5, Spring v7.0.6
2026-03-30 07:54:12 [restartedMain] INFO  c.back.puntoventa.app.AppApplication - No active profile set, falling back to 1 default profile: "default"
2026-03-30 07:54:12 [restartedMain] INFO  o.s.boot.tomcat.TomcatWebServer - Tomcat initialized with port 3000 (http)
2026-03-30 07:54:12 [restartedMain] INFO  o.a.coyote.http11.Http11NioProtocol - Initializing ProtocolHandler ["http-nio-3000"]
2026-03-30 07:54:12 [restartedMain] INFO  o.a.catalina.core.StandardService - Starting service [Tomcat]
2026-03-30 07:54:12 [restartedMain] INFO  o.a.catalina.core.StandardEngine - Starting Servlet engine: [Apache Tomcat/11.0.20]
2026-03-30 07:54:12 [restartedMain] INFO  o.s.b.w.c.s.WebApplicationContextInitializer - Root WebApplicationContext: initialization completed in 229 ms
2026-03-30 07:54:12 [restartedMain] INFO  o.a.coyote.http11.Http11NioProtocol - Starting ProtocolHandler ["http-nio-3000"]
2026-03-30 07:54:12 [restartedMain] INFO  o.s.boot.tomcat.TomcatWebServer - Tomcat started on port 3000 (http) with context path '/'
2026-03-30 07:54:12 [restartedMain] INFO  c.back.puntoventa.app.AppApplication - Started AppApplication in 0.361 seconds (process running for 281.094)
2026-03-30 07:54:12 [restartedMain] INFO  o.s.b.d.a.ConditionEvaluationDeltaLoggingListener - Condition evaluation unchanged
2026-03-31 17:09:39 [background-preinit] INFO  o.h.validator.internal.util.Version - HV000001: Hibernate Validator 9.0.1.Final
2026-03-31 17:09:39 [restartedMain] INFO  c.back.puntoventa.app.AppApplication - Starting AppApplication using Java 26 with PID 3672 (C:\Users\LENOVO\Desktop\PuntoVentaOficial\Back-PuntoVenta\target\classes started by LENOVO in C:\Users\LENOVO\Desktop\PuntoVentaOficial\Back-PuntoVenta)
2026-03-31 17:09:39 [restartedMain] DEBUG c.back.puntoventa.app.AppApplication - Running with Spring Boot v4.0.5, Spring v7.0.6
2026-03-31 17:09:39 [restartedMain] INFO  c.back.puntoventa.app.AppApplication - No active profile set, falling back to 1 default profile: "default"
2026-03-31 17:09:39 [restartedMain] INFO  o.s.b.d.e.DevToolsPropertyDefaultsPostProcessor - Devtools property defaults active! Set 'spring.devtools.add-properties' to 'false' to disable
2026-03-31 17:09:39 [restartedMain] INFO  o.s.b.d.e.DevToolsPropertyDefaultsPostProcessor - For additional web related logging consider setting the 'logging.level.web' property to 'DEBUG'
2026-03-31 17:09:40 [restartedMain] INFO  o.s.boot.tomcat.TomcatWebServer - Tomcat initialized with port 3000 (http)
2026-03-31 17:09:40 [restartedMain] INFO  o.a.coyote.http11.Http11NioProtocol - Initializing ProtocolHandler ["http-nio-3000"]
2026-03-31 17:09:40 [restartedMain] INFO  o.a.catalina.core.StandardService - Starting service [Tomcat]
2026-03-31 17:09:40 [restartedMain] INFO  o.a.catalina.core.StandardEngine - Starting Servlet engine: [Apache Tomcat/11.0.20]
2026-03-31 17:09:40 [restartedMain] INFO  o.s.b.w.c.s.WebApplicationContextInitializer - Root WebApplicationContext: initialization completed in 947 ms
2026-03-31 17:09:41 [restartedMain] INFO  o.a.coyote.http11.Http11NioProtocol - Starting ProtocolHandler ["http-nio-3000"]
2026-03-31 17:09:41 [restartedMain] INFO  o.s.boot.tomcat.TomcatWebServer - Tomcat started on port 3000 (http) with context path '/'
2026-03-31 17:09:41 [restartedMain] INFO  c.back.puntoventa.app.AppApplication - Started AppApplication in 2.002 seconds (process running for 2.391)
2026-03-31 17:13:05 [SpringApplicationShutdownHook] INFO  o.s.boot.tomcat.GracefulShutdown - Commencing graceful shutdown. Waiting for active requests to complete
2026-03-31 17:13:05 [tomcat-shutdown] INFO  o.s.boot.tomcat.GracefulShutdown - Graceful shutdown complete
2026-04-01 13:41:07 [background-preinit] INFO  o.h.validator.internal.util.Version - HV000001: Hibernate Validator 9.0.1.Final
2026-04-01 13:41:07 [restartedMain] INFO  c.back.puntoventa.app.AppApplication - Starting AppApplication using Java 26 with PID 21360 (C:\Users\Andrews\Documents\Taller\Back-PuntoVenta\target\classes started by Andrews in C:\Users\Andrews\Documents\Taller\Back-PuntoVenta)
2026-04-01 13:41:07 [restartedMain] DEBUG c.back.puntoventa.app.AppApplication - Running with Spring Boot v4.0.5, Spring v7.0.6
2026-04-01 13:41:07 [restartedMain] INFO  c.back.puntoventa.app.AppApplication - No active profile set, falling back to 1 default profile: "default"
2026-04-01 13:41:07 [restartedMain] INFO  o.s.b.d.e.DevToolsPropertyDefaultsPostProcessor - Devtools property defaults active! Set 'spring.devtools.add-properties' to 'false' to disable
2026-04-01 13:41:07 [restartedMain] INFO  o.s.b.d.e.DevToolsPropertyDefaultsPostProcessor - For additional web related logging consider setting the 'logging.level.web' property to 'DEBUG'
2026-04-01 13:41:08 [restartedMain] INFO  o.s.boot.tomcat.TomcatWebServer - Tomcat initialized with port 3000 (http)
2026-04-01 13:41:08 [restartedMain] INFO  o.a.coyote.http11.Http11NioProtocol - Initializing ProtocolHandler ["http-nio-3000"]
2026-04-01 13:41:08 [restartedMain] INFO  o.a.catalina.core.StandardService - Starting service [Tomcat]
2026-04-01 13:41:08 [restartedMain] INFO  o.a.catalina.core.StandardEngine - Starting Servlet engine: [Apache Tomcat/11.0.20]
2026-04-01 13:41:08 [restartedMain] INFO  o.s.b.w.c.s.WebApplicationContextInitializer - Root WebApplicationContext: initialization completed in 1024 ms
2026-04-01 13:41:09 [restartedMain] INFO  o.a.coyote.http11.Http11NioProtocol - Starting ProtocolHandler ["http-nio-3000"]
2026-04-01 13:41:09 [restartedMain] INFO  o.s.boot.tomcat.TomcatWebServer - Tomcat started on port 3000 (http) with context path '/'
2026-04-01 13:41:09 [restartedMain] INFO  c.back.puntoventa.app.AppApplication - Started AppApplication in 2.166 seconds (process running for 2.65)
2026-04-01 13:43:30 [http-nio-3000-exec-1] INFO  o.a.c.c.C.[Tomcat].[localhost].[/] - Initializing Spring DispatcherServlet 'dispatcherServlet'
2026-04-01 13:43:30 [http-nio-3000-exec-1] INFO  o.s.web.servlet.DispatcherServlet - Initializing Servlet 'dispatcherServlet'
2026-04-01 13:43:30 [http-nio-3000-exec-1] INFO  o.s.web.servlet.DispatcherServlet - Completed initialization in 0 ms
2026-04-01 13:43:30 [http-nio-3000-exec-3] INFO  c.b.p.a.a.a.c.AuthRestAdapter - POST /auth/signin - Intento de autenticación para email: mateovargas220705@gmail.com
2026-04-01 13:43:30 [http-nio-3000-exec-3] DEBUG c.b.p.a.d.a.s.AutorizacionAuthService - Autenticando usuario con email: mateovargas220705@gmail.com
2026-04-01 13:43:32 [http-nio-3000-exec-3] DEBUG c.b.p.a.d.a.s.AutorizacionAuthService - Autenticación completada para email: mateovargas220705@gmail.com
2026-04-01 13:43:32 [http-nio-3000-exec-3] INFO  c.b.p.a.a.a.c.AuthRestAdapter - Autenticación exitosa para email: mateovargas220705@gmail.com
2026-04-01 13:43:32 [http-nio-3000-exec-4] INFO  c.b.p.a.a.p.c.ProductosRestAdapter - GET /productos - Obtener todos los productos
2026-04-01 13:43:32 [http-nio-3000-exec-4] DEBUG c.b.p.a.d.p.s.GestionProductosService - Obteniendo todos los productos
2026-04-01 13:43:32 [http-nio-3000-exec-7] INFO  c.b.p.a.a.v.c.VendedoresRestAdapter - GET /vendedores - Obtener todos los vendedores
2026-04-01 13:43:32 [http-nio-3000-exec-7] DEBUG c.b.p.a.d.v.s.GestionVendedoresService - Obteniendo todos los vendedores
2026-04-01 13:43:32 [http-nio-3000-exec-8] INFO  c.b.p.a.a.p.c.ProductosRestAdapter - GET /productos/stock-bajo - Consultando alertas con umbral: 100
2026-04-01 13:43:32 [http-nio-3000-exec-8] DEBUG c.b.p.a.d.p.s.GestionProductosService - Obteniendo productos con stock bajo. Umbral: 100
2026-04-01 13:43:32 [http-nio-3000-exec-4] DEBUG c.b.p.a.d.p.s.GestionProductosService - Se obtuvieron 23 productos
2026-04-01 13:43:32 [http-nio-3000-exec-4] DEBUG c.b.p.a.a.p.c.ProductosRestAdapter - Se obtuvieron 23 productos
2026-04-01 13:43:32 [http-nio-3000-exec-8] DEBUG c.b.p.a.d.p.s.GestionProductosService - Se encontraron 22 productos con stock bajo
2026-04-01 13:43:32 [http-nio-3000-exec-7] DEBUG c.b.p.a.d.v.s.GestionVendedoresService - Se obtuvieron 5 vendedores
2026-04-01 13:43:32 [http-nio-3000-exec-7] DEBUG c.b.p.a.a.v.c.VendedoresRestAdapter - Se obtuvieron 5 vendedores
2026-04-01 13:43:37 [http-nio-3000-exec-9] INFO  c.b.p.a.a.p.c.ProductosRestAdapter - GET /productos - Obtener todos los productos
2026-04-01 13:43:37 [http-nio-3000-exec-9] DEBUG c.b.p.a.d.p.s.GestionProductosService - Obteniendo todos los productos
2026-04-01 13:43:37 [http-nio-3000-exec-10] INFO  c.b.p.a.a.v.c.VendedoresRestAdapter - GET /vendedores - Obtener todos los vendedores
2026-04-01 13:43:37 [http-nio-3000-exec-10] DEBUG c.b.p.a.d.v.s.GestionVendedoresService - Obteniendo todos los vendedores
2026-04-01 13:43:37 [http-nio-3000-exec-9] DEBUG c.b.p.a.d.p.s.GestionProductosService - Se obtuvieron 23 productos
2026-04-01 13:43:37 [http-nio-3000-exec-9] DEBUG c.b.p.a.a.p.c.ProductosRestAdapter - Se obtuvieron 23 productos
2026-04-01 13:43:37 [http-nio-3000-exec-10] DEBUG c.b.p.a.d.v.s.GestionVendedoresService - Se obtuvieron 5 vendedores
2026-04-01 13:43:37 [http-nio-3000-exec-10] DEBUG c.b.p.a.a.v.c.VendedoresRestAdapter - Se obtuvieron 5 vendedores
2026-04-01 13:43:37 [http-nio-3000-exec-8] DEBUG c.b.p.a.d.a.s.AutorizacionAuthService - Obteniendo perfil por token
2026-04-01 13:43:37 [http-nio-3000-exec-7] DEBUG c.b.p.a.d.a.s.AutorizacionAuthService - Obteniendo perfil por token
2026-04-01 13:43:37 [http-nio-3000-exec-4] DEBUG c.b.p.a.d.a.s.AutorizacionAuthService - Obteniendo perfil por token
2026-04-01 13:43:37 [http-nio-3000-exec-9] DEBUG c.b.p.a.d.a.s.AutorizacionAuthService - Obteniendo perfil por token
2026-04-01 13:43:37 [http-nio-3000-exec-10] DEBUG c.b.p.a.d.a.s.AutorizacionAuthService - Obteniendo perfil por token
2026-04-01 13:43:38 [http-nio-3000-exec-9] DEBUG c.b.p.a.d.a.s.AutorizacionAuthService - Perfil obtenido exitosamente para usuario ID: f2dc5b92-7ded-4c42-9e5a-d8a22aaf4a3a
2026-04-01 13:43:38 [http-nio-3000-exec-9] INFO  c.b.p.a.a.i.c.InventarioRestAdapter - GET /inventario/vendedor/997e2337-32a6-4ba5-84fb-873ef1b6036f - consulta por mateovargas220705@gmail.com
2026-04-01 13:43:38 [http-nio-3000-exec-9] INFO  c.b.p.a.d.i.s.GestionInventarioService - Consultando cargas por vendedor: 997e2337-32a6-4ba5-84fb-873ef1b6036f
2026-04-01 13:43:38 [http-nio-3000-exec-9] DEBUG c.b.p.a.i.p.s.a.SupabaseAsignacionRepositoryAdapter - Consultando asignaciones por vendedor: 997e2337-32a6-4ba5-84fb-873ef1b6036f
2026-04-01 13:43:38 [http-nio-3000-exec-7] DEBUG c.b.p.a.d.a.s.AutorizacionAuthService - Perfil obtenido exitosamente para usuario ID: f2dc5b92-7ded-4c42-9e5a-d8a22aaf4a3a
2026-04-01 13:43:38 [http-nio-3000-exec-7] INFO  c.b.p.a.a.i.c.InventarioRestAdapter - GET /inventario/vendedor/2ab0631c-da17-4bd8-b9b9-237de54711c6 - consulta por mateovargas220705@gmail.com
2026-04-01 13:43:38 [http-nio-3000-exec-7] INFO  c.b.p.a.d.i.s.GestionInventarioService - Consultando cargas por vendedor: 2ab0631c-da17-4bd8-b9b9-237de54711c6
2026-04-01 13:43:38 [http-nio-3000-exec-7] DEBUG c.b.p.a.i.p.s.a.SupabaseAsignacionRepositoryAdapter - Consultando asignaciones por vendedor: 2ab0631c-da17-4bd8-b9b9-237de54711c6
2026-04-01 13:43:38 [http-nio-3000-exec-4] DEBUG c.b.p.a.d.a.s.AutorizacionAuthService - Perfil obtenido exitosamente para usuario ID: f2dc5b92-7ded-4c42-9e5a-d8a22aaf4a3a
2026-04-01 13:43:38 [http-nio-3000-exec-4] INFO  c.b.p.a.a.i.c.InventarioRestAdapter - GET /inventario/vendedor/73ed0c2b-851c-44c8-a08b-ded6f61924f9 - consulta por mateovargas220705@gmail.com
2026-04-01 13:43:38 [http-nio-3000-exec-4] INFO  c.b.p.a.d.i.s.GestionInventarioService - Consultando cargas por vendedor: 73ed0c2b-851c-44c8-a08b-ded6f61924f9
2026-04-01 13:43:38 [http-nio-3000-exec-4] DEBUG c.b.p.a.i.p.s.a.SupabaseAsignacionRepositoryAdapter - Consultando asignaciones por vendedor: 73ed0c2b-851c-44c8-a08b-ded6f61924f9
2026-04-01 13:43:38 [http-nio-3000-exec-10] DEBUG c.b.p.a.d.a.s.AutorizacionAuthService - Perfil obtenido exitosamente para usuario ID: f2dc5b92-7ded-4c42-9e5a-d8a22aaf4a3a
2026-04-01 13:43:38 [http-nio-3000-exec-10] INFO  c.b.p.a.a.i.c.InventarioRestAdapter - GET /inventario/vendedor/7dec6fc9-8ddc-48c6-86a3-a1dbfc46f80e - consulta por mateovargas220705@gmail.com
2026-04-01 13:43:38 [http-nio-3000-exec-10] INFO  c.b.p.a.d.i.s.GestionInventarioService - Consultando cargas por vendedor: 7dec6fc9-8ddc-48c6-86a3-a1dbfc46f80e
2026-04-01 13:43:38 [http-nio-3000-exec-10] DEBUG c.b.p.a.i.p.s.a.SupabaseAsignacionRepositoryAdapter - Consultando asignaciones por vendedor: 7dec6fc9-8ddc-48c6-86a3-a1dbfc46f80e
2026-04-01 13:43:38 [http-nio-3000-exec-9] DEBUG c.b.p.a.i.p.s.a.SupabaseAsignacionRepositoryAdapter - Asignaciones encontradas para vendedor 997e2337-32a6-4ba5-84fb-873ef1b6036f: 0
2026-04-01 13:43:38 [http-nio-3000-exec-7] DEBUG c.b.p.a.i.p.s.a.SupabaseAsignacionRepositoryAdapter - Asignaciones encontradas para vendedor 2ab0631c-da17-4bd8-b9b9-237de54711c6: 7
2026-04-01 13:43:38 [http-nio-3000-exec-8] DEBUG c.b.p.a.d.a.s.AutorizacionAuthService - Perfil obtenido exitosamente para usuario ID: f2dc5b92-7ded-4c42-9e5a-d8a22aaf4a3a
2026-04-01 13:43:38 [http-nio-3000-exec-8] INFO  c.b.p.a.a.i.c.InventarioRestAdapter - GET /inventario/vendedor/6b0a5026-52f3-475a-a20f-5aacf94764f0 - consulta por mateovargas220705@gmail.com
2026-04-01 13:43:38 [http-nio-3000-exec-8] INFO  c.b.p.a.d.i.s.GestionInventarioService - Consultando cargas por vendedor: 6b0a5026-52f3-475a-a20f-5aacf94764f0
2026-04-01 13:43:38 [http-nio-3000-exec-8] DEBUG c.b.p.a.i.p.s.a.SupabaseAsignacionRepositoryAdapter - Consultando asignaciones por vendedor: 6b0a5026-52f3-475a-a20f-5aacf94764f0
2026-04-01 13:43:38 [http-nio-3000-exec-4] DEBUG c.b.p.a.i.p.s.a.SupabaseAsignacionRepositoryAdapter - Asignaciones encontradas para vendedor 73ed0c2b-851c-44c8-a08b-ded6f61924f9: 4
2026-04-01 13:43:38 [http-nio-3000-exec-10] DEBUG c.b.p.a.i.p.s.a.SupabaseAsignacionRepositoryAdapter - Asignaciones encontradas para vendedor 7dec6fc9-8ddc-48c6-86a3-a1dbfc46f80e: 0
2026-04-01 13:43:38 [http-nio-3000-exec-8] DEBUG c.b.p.a.i.p.s.a.SupabaseAsignacionRepositoryAdapter - Asignaciones encontradas para vendedor 6b0a5026-52f3-475a-a20f-5aacf94764f0: 4
2026-04-01 13:43:46 [http-nio-3000-exec-1] INFO  c.b.p.a.a.v.c.VendedoresRestAdapter - GET /vendedores - Obtener todos los vendedores
2026-04-01 13:43:46 [http-nio-3000-exec-1] DEBUG c.b.p.a.d.v.s.GestionVendedoresService - Obteniendo todos los vendedores
2026-04-01 13:43:46 [http-nio-3000-exec-1] DEBUG c.b.p.a.d.v.s.GestionVendedoresService - Se obtuvieron 5 vendedores
2026-04-01 13:43:46 [http-nio-3000-exec-1] DEBUG c.b.p.a.a.v.c.VendedoresRestAdapter - Se obtuvieron 5 vendedores
2026-04-01 13:43:47 [http-nio-3000-exec-3] INFO  c.b.p.a.a.v.c.VendedoresRestAdapter - GET /vendedores - Obtener todos los vendedores
2026-04-01 13:43:47 [http-nio-3000-exec-2] INFO  c.b.p.a.a.p.c.ProductosRestAdapter - GET /productos - Obtener todos los productos
2026-04-01 13:43:47 [http-nio-3000-exec-5] INFO  c.b.p.a.a.p.c.ProductosRestAdapter - GET /productos/stock-bajo - Consultando alertas con umbral: 100
2026-04-01 13:43:47 [http-nio-3000-exec-3] DEBUG c.b.p.a.d.v.s.GestionVendedoresService - Obteniendo todos los vendedores
2026-04-01 13:43:47 [http-nio-3000-exec-2] DEBUG c.b.p.a.d.p.s.GestionProductosService - Obteniendo todos los productos
2026-04-01 13:43:47 [http-nio-3000-exec-5] DEBUG c.b.p.a.d.p.s.GestionProductosService - Obteniendo productos con stock bajo. Umbral: 100
2026-04-01 13:43:47 [http-nio-3000-exec-3] DEBUG c.b.p.a.d.v.s.GestionVendedoresService - Se obtuvieron 5 vendedores
2026-04-01 13:43:47 [http-nio-3000-exec-3] DEBUG c.b.p.a.a.v.c.VendedoresRestAdapter - Se obtuvieron 5 vendedores
2026-04-01 13:43:47 [http-nio-3000-exec-5] DEBUG c.b.p.a.d.p.s.GestionProductosService - Se encontraron 22 productos con stock bajo
2026-04-01 13:43:47 [http-nio-3000-exec-2] DEBUG c.b.p.a.d.p.s.GestionProductosService - Se obtuvieron 23 productos
2026-04-01 13:43:47 [http-nio-3000-exec-2] DEBUG c.b.p.a.a.p.c.ProductosRestAdapter - Se obtuvieron 23 productos
2026-04-01 13:43:48 [http-nio-3000-exec-6] INFO  c.b.p.a.a.p.c.ProductosRestAdapter - GET /productos - Obtener todos los productos
2026-04-01 13:43:48 [http-nio-3000-exec-6] DEBUG c.b.p.a.d.p.s.GestionProductosService - Obteniendo todos los productos
2026-04-01 13:43:48 [http-nio-3000-exec-6] DEBUG c.b.p.a.d.p.s.GestionProductosService - Se obtuvieron 23 productos
2026-04-01 13:43:48 [http-nio-3000-exec-6] DEBUG c.b.p.a.a.p.c.ProductosRestAdapter - Se obtuvieron 23 productos
2026-04-01 13:43:49 [http-nio-3000-exec-9] INFO  c.b.p.a.a.v.c.VendedoresRestAdapter - GET /vendedores - Obtener todos los vendedores
2026-04-01 13:43:49 [http-nio-3000-exec-9] DEBUG c.b.p.a.d.v.s.GestionVendedoresService - Obteniendo todos los vendedores
2026-04-01 13:43:49 [http-nio-3000-exec-9] DEBUG c.b.p.a.d.v.s.GestionVendedoresService - Se obtuvieron 5 vendedores
2026-04-01 13:43:49 [http-nio-3000-exec-9] DEBUG c.b.p.a.a.v.c.VendedoresRestAdapter - Se obtuvieron 5 vendedores
2026-04-01 13:43:51 [http-nio-3000-exec-4] INFO  c.b.p.a.a.v.c.VendedoresRestAdapter - GET /vendedores - Obtener todos los vendedores
2026-04-01 13:43:51 [http-nio-3000-exec-7] INFO  c.b.p.a.a.p.c.ProductosRestAdapter - GET /productos - Obtener todos los productos
2026-04-01 13:43:51 [http-nio-3000-exec-4] DEBUG c.b.p.a.d.v.s.GestionVendedoresService - Obteniendo todos los vendedores
2026-04-01 13:43:51 [http-nio-3000-exec-10] INFO  c.b.p.a.a.p.c.ProductosRestAdapter - GET /productos/stock-bajo - Consultando alertas con umbral: 100
2026-04-01 13:43:51 [http-nio-3000-exec-7] DEBUG c.b.p.a.d.p.s.GestionProductosService - Obteniendo todos los productos
2026-04-01 13:43:51 [http-nio-3000-exec-10] DEBUG c.b.p.a.d.p.s.GestionProductosService - Obteniendo productos con stock bajo. Umbral: 100
2026-04-01 13:43:51 [http-nio-3000-exec-10] DEBUG c.b.p.a.d.p.s.GestionProductosService - Se encontraron 22 productos con stock bajo
2026-04-01 13:43:51 [http-nio-3000-exec-7] DEBUG c.b.p.a.d.p.s.GestionProductosService - Se obtuvieron 23 productos
2026-04-01 13:43:51 [http-nio-3000-exec-7] DEBUG c.b.p.a.a.p.c.ProductosRestAdapter - Se obtuvieron 23 productos
2026-04-01 13:43:51 [http-nio-3000-exec-4] DEBUG c.b.p.a.d.v.s.GestionVendedoresService - Se obtuvieron 5 vendedores
2026-04-01 13:43:51 [http-nio-3000-exec-4] DEBUG c.b.p.a.a.v.c.VendedoresRestAdapter - Se obtuvieron 5 vendedores
2026-04-01 13:50:11 [SpringApplicationShutdownHook] INFO  o.s.boot.tomcat.GracefulShutdown - Commencing graceful shutdown. Waiting for active requests to complete
2026-04-01 13:50:11 [tomcat-shutdown] INFO  o.s.boot.tomcat.GracefulShutdown - Graceful shutdown complete
2026-04-12 17:06:59 [background-preinit] INFO  o.h.validator.internal.util.Version - HV000001: Hibernate Validator 9.0.1.Final
2026-04-12 17:06:59 [restartedMain] INFO  c.back.puntoventa.app.AppApplication - Starting AppApplication using Java 26 with PID 45908 (C:\Users\Mateo\Documents\Mateo Tareas\Taller\Back-PuntoVenta\target\classes started by Mateo in C:\Users\Mateo\Documents\Mateo Tareas\Taller\Back-PuntoVenta)
2026-04-12 17:06:59 [restartedMain] DEBUG c.back.puntoventa.app.AppApplication - Running with Spring Boot v4.0.5, Spring v7.0.6
2026-04-12 17:06:59 [restartedMain] INFO  c.back.puntoventa.app.AppApplication - No active profile set, falling back to 1 default profile: "default"
2026-04-12 17:06:59 [restartedMain] INFO  o.s.b.d.e.DevToolsPropertyDefaultsPostProcessor - Devtools property defaults active! Set 'spring.devtools.add-properties' to 'false' to disable
2026-04-12 17:06:59 [restartedMain] INFO  o.s.b.d.e.DevToolsPropertyDefaultsPostProcessor - For additional web related logging consider setting the 'logging.level.web' property to 'DEBUG'
2026-04-12 17:07:00 [restartedMain] INFO  o.s.boot.tomcat.TomcatWebServer - Tomcat initialized with port 3000 (http)
2026-04-12 17:07:00 [restartedMain] INFO  o.a.coyote.http11.Http11NioProtocol - Initializing ProtocolHandler ["http-nio-3000"]
2026-04-12 17:07:00 [restartedMain] INFO  o.a.catalina.core.StandardService - Starting service [Tomcat]
2026-04-12 17:07:00 [restartedMain] INFO  o.a.catalina.core.StandardEngine - Starting Servlet engine: [Apache Tomcat/11.0.20]
2026-04-12 17:07:00 [restartedMain] INFO  o.s.b.w.c.s.WebApplicationContextInitializer - Root WebApplicationContext: initialization completed in 788 ms
2026-04-12 17:07:00 [restartedMain] INFO  o.a.coyote.http11.Http11NioProtocol - Starting ProtocolHandler ["http-nio-3000"]
2026-04-12 17:07:00 [restartedMain] INFO  o.s.boot.tomcat.TomcatWebServer - Tomcat started on port 3000 (http) with context path '/'
2026-04-12 17:07:00 [restartedMain] INFO  c.back.puntoventa.app.AppApplication - Started AppApplication in 1.646 seconds (process running for 1.968)
2026-04-12 17:07:03 [http-nio-3000-exec-1] INFO  o.a.c.c.C.[Tomcat].[localhost].[/] - Initializing Spring DispatcherServlet 'dispatcherServlet'
2026-04-12 17:07:03 [http-nio-3000-exec-1] INFO  o.s.web.servlet.DispatcherServlet - Initializing Servlet 'dispatcherServlet'
2026-04-12 17:07:03 [http-nio-3000-exec-1] INFO  o.s.web.servlet.DispatcherServlet - Completed initialization in 2 ms
2026-04-12 17:07:03 [http-nio-3000-exec-1] INFO  c.b.p.a.a.a.c.AuthRestAdapter - POST /auth/signin - Intento de autenticación para email: mateovargas220705@gmail.com
2026-04-12 17:07:03 [http-nio-3000-exec-1] DEBUG c.b.p.a.d.a.s.AutorizacionAuthService - Autenticando usuario con email: mateovargas220705@gmail.com
2026-04-12 17:07:05 [http-nio-3000-exec-1] DEBUG c.b.p.a.d.a.s.AutorizacionAuthService - Autenticación completada para email: mateovargas220705@gmail.com
2026-04-12 17:07:05 [http-nio-3000-exec-1] INFO  c.b.p.a.a.a.c.AuthRestAdapter - Autenticación exitosa para email: mateovargas220705@gmail.com
2026-04-12 17:07:05 [http-nio-3000-exec-3] INFO  c.b.p.a.a.p.c.ProductosRestAdapter - GET /productos - Obtener todos los productos
2026-04-12 17:07:05 [http-nio-3000-exec-3] DEBUG c.b.p.a.d.p.s.GestionProductosService - Obteniendo todos los productos
2026-04-12 17:07:05 [http-nio-3000-exec-7] INFO  c.b.p.a.a.v.c.VendedoresRestAdapter - GET /vendedores - Obtener todos los vendedores
2026-04-12 17:07:05 [http-nio-3000-exec-7] DEBUG c.b.p.a.d.v.s.GestionVendedoresService - Obteniendo todos los vendedores
2026-04-12 17:07:05 [http-nio-3000-exec-6] INFO  c.b.p.a.a.p.c.ProductosRestAdapter - GET /productos/stock-bajo - Consultando alertas con umbral: 100
2026-04-12 17:07:05 [http-nio-3000-exec-6] DEBUG c.b.p.a.d.p.s.GestionProductosService - Obteniendo productos con stock bajo. Umbral: 100
2026-04-12 17:07:06 [http-nio-3000-exec-7] DEBUG c.b.p.a.d.v.s.GestionVendedoresService - Se obtuvieron 5 vendedores
2026-04-12 17:07:06 [http-nio-3000-exec-7] DEBUG c.b.p.a.a.v.c.VendedoresRestAdapter - Se obtuvieron 5 vendedores
2026-04-12 17:07:06 [http-nio-3000-exec-6] DEBUG c.b.p.a.d.p.s.GestionProductosService - Se encontraron 22 productos con stock bajo
2026-04-12 17:07:06 [http-nio-3000-exec-3] DEBUG c.b.p.a.d.p.s.GestionProductosService - Se obtuvieron 23 productos
2026-04-12 17:07:06 [http-nio-3000-exec-3] DEBUG c.b.p.a.a.p.c.ProductosRestAdapter - Se obtuvieron 23 productos
2026-04-12 17:07:10 [http-nio-3000-exec-8] INFO  c.b.p.a.a.v.c.VendedoresRestAdapter - GET /vendedores - Obtener todos los vendedores
2026-04-12 17:07:10 [http-nio-3000-exec-8] DEBUG c.b.p.a.d.v.s.GestionVendedoresService - Obteniendo todos los vendedores
2026-04-12 17:07:10 [http-nio-3000-exec-8] DEBUG c.b.p.a.d.v.s.GestionVendedoresService - Se obtuvieron 5 vendedores
2026-04-12 17:07:10 [http-nio-3000-exec-8] DEBUG c.b.p.a.a.v.c.VendedoresRestAdapter - Se obtuvieron 5 vendedores
2026-04-12 17:07:14 [http-nio-3000-exec-9] INFO  c.b.p.a.a.p.c.ProductosRestAdapter - GET /productos - Obtener todos los productos
2026-04-12 17:07:14 [http-nio-3000-exec-9] DEBUG c.b.p.a.d.p.s.GestionProductosService - Obteniendo todos los productos
2026-04-12 17:07:14 [http-nio-3000-exec-9] DEBUG c.b.p.a.d.p.s.GestionProductosService - Se obtuvieron 23 productos
2026-04-12 17:07:14 [http-nio-3000-exec-9] DEBUG c.b.p.a.a.p.c.ProductosRestAdapter - Se obtuvieron 23 productos
2026-04-12 17:11:37 [http-nio-3000-exec-5] INFO  c.b.p.a.a.p.c.ProductosRestAdapter - GET /productos - Obtener todos los productos
2026-04-12 17:11:37 [http-nio-3000-exec-5] DEBUG c.b.p.a.d.p.s.GestionProductosService - Obteniendo todos los productos
2026-04-12 17:11:42 [http-nio-3000-exec-5] DEBUG c.b.p.a.d.p.s.GestionProductosService - Se obtuvieron 23 productos
2026-04-12 17:11:42 [http-nio-3000-exec-5] DEBUG c.b.p.a.a.p.c.ProductosRestAdapter - Se obtuvieron 23 productos
2026-04-12 17:23:13 [http-nio-3000-exec-7] INFO  c.b.p.a.a.a.c.AuthRestAdapter - POST /auth/signin - Intento de autenticación para email: mateovargas220705@gmail.com
2026-04-12 17:23:13 [http-nio-3000-exec-7] DEBUG c.b.p.a.d.a.s.AutorizacionAuthService - Autenticando usuario con email: mateovargas220705@gmail.com
2026-04-12 17:23:14 [http-nio-3000-exec-7] DEBUG c.b.p.a.d.a.s.AutorizacionAuthService - Autenticación completada para email: mateovargas220705@gmail.com
2026-04-12 17:23:14 [http-nio-3000-exec-7] INFO  c.b.p.a.a.a.c.AuthRestAdapter - Autenticación exitosa para email: mateovargas220705@gmail.com
2026-04-12 17:23:14 [http-nio-3000-exec-6] INFO  c.b.p.a.a.p.c.ProductosRestAdapter - GET /productos - Obtener todos los productos
2026-04-12 17:23:14 [http-nio-3000-exec-6] DEBUG c.b.p.a.d.p.s.GestionProductosService - Obteniendo todos los productos
2026-04-12 17:23:14 [http-nio-3000-exec-8] INFO  c.b.p.a.a.v.c.VendedoresRestAdapter - GET /vendedores - Obtener todos los vendedores
2026-04-12 17:23:14 [http-nio-3000-exec-8] DEBUG c.b.p.a.d.v.s.GestionVendedoresService - Obteniendo todos los vendedores
2026-04-12 17:23:14 [http-nio-3000-exec-3] INFO  c.b.p.a.a.p.c.ProductosRestAdapter - GET /productos/stock-bajo - Consultando alertas con umbral: 100
2026-04-12 17:23:14 [http-nio-3000-exec-3] DEBUG c.b.p.a.d.p.s.GestionProductosService - Obteniendo productos con stock bajo. Umbral: 100
2026-04-12 17:23:14 [http-nio-3000-exec-8] DEBUG c.b.p.a.d.v.s.GestionVendedoresService - Se obtuvieron 5 vendedores
2026-04-12 17:23:14 [http-nio-3000-exec-8] DEBUG c.b.p.a.a.v.c.VendedoresRestAdapter - Se obtuvieron 5 vendedores
2026-04-12 17:23:15 [http-nio-3000-exec-3] DEBUG c.b.p.a.d.p.s.GestionProductosService - Se encontraron 22 productos con stock bajo
2026-04-12 17:23:15 [http-nio-3000-exec-6] DEBUG c.b.p.a.d.p.s.GestionProductosService - Se obtuvieron 23 productos
2026-04-12 17:23:15 [http-nio-3000-exec-6] DEBUG c.b.p.a.a.p.c.ProductosRestAdapter - Se obtuvieron 23 productos
2026-04-12 17:23:15 [http-nio-3000-exec-1] INFO  c.b.p.a.a.p.c.ProductosRestAdapter - GET /productos - Obtener todos los productos
2026-04-12 17:23:15 [http-nio-3000-exec-9] INFO  c.b.p.a.a.v.c.VendedoresRestAdapter - GET /vendedores - Obtener todos los vendedores
2026-04-12 17:23:15 [http-nio-3000-exec-9] DEBUG c.b.p.a.d.v.s.GestionVendedoresService - Obteniendo todos los vendedores
2026-04-12 17:23:15 [http-nio-3000-exec-1] DEBUG c.b.p.a.d.p.s.GestionProductosService - Obteniendo todos los productos
2026-04-12 17:23:16 [http-nio-3000-exec-1] DEBUG c.b.p.a.d.p.s.GestionProductosService - Se obtuvieron 23 productos
2026-04-12 17:23:16 [http-nio-3000-exec-1] DEBUG c.b.p.a.a.p.c.ProductosRestAdapter - Se obtuvieron 23 productos
2026-04-12 17:23:16 [http-nio-3000-exec-9] DEBUG c.b.p.a.d.v.s.GestionVendedoresService - Se obtuvieron 5 vendedores
2026-04-12 17:23:16 [http-nio-3000-exec-9] DEBUG c.b.p.a.a.v.c.VendedoresRestAdapter - Se obtuvieron 5 vendedores
2026-04-12 17:23:16 [http-nio-3000-exec-4] DEBUG c.b.p.a.d.a.s.AutorizacionAuthService - Obteniendo perfil por token
2026-04-12 17:23:16 [http-nio-3000-exec-6] DEBUG c.b.p.a.d.a.s.AutorizacionAuthService - Obteniendo perfil por token
2026-04-12 17:23:16 [http-nio-3000-exec-9] DEBUG c.b.p.a.d.a.s.AutorizacionAuthService - Obteniendo perfil por token
2026-04-12 17:23:16 [http-nio-3000-exec-8] DEBUG c.b.p.a.d.a.s.AutorizacionAuthService - Obteniendo perfil por token
2026-04-12 17:23:16 [http-nio-3000-exec-3] DEBUG c.b.p.a.d.a.s.AutorizacionAuthService - Obteniendo perfil por token
2026-04-12 17:23:17 [http-nio-3000-exec-10] INFO  c.b.p.a.a.p.c.ProductosRestAdapter - GET /productos - Obtener todos los productos
2026-04-12 17:23:17 [http-nio-3000-exec-10] DEBUG c.b.p.a.d.p.s.GestionProductosService - Obteniendo todos los productos
2026-04-12 17:23:17 [http-nio-3000-exec-10] DEBUG c.b.p.a.d.p.s.GestionProductosService - Se obtuvieron 23 productos
2026-04-12 17:23:17 [http-nio-3000-exec-10] DEBUG c.b.p.a.a.p.c.ProductosRestAdapter - Se obtuvieron 23 productos
2026-04-12 17:23:17 [http-nio-3000-exec-4] DEBUG c.b.p.a.d.a.s.AutorizacionAuthService - Perfil obtenido exitosamente para usuario ID: f2dc5b92-7ded-4c42-9e5a-d8a22aaf4a3a
2026-04-12 17:23:17 [http-nio-3000-exec-4] INFO  c.b.p.a.a.i.c.InventarioRestAdapter - GET /inventario/vendedor/73ed0c2b-851c-44c8-a08b-ded6f61924f9 - consulta por mateovargas220705@gmail.com
2026-04-12 17:23:17 [http-nio-3000-exec-4] INFO  c.b.p.a.d.i.s.GestionInventarioService - Consultando cargas por vendedor: 73ed0c2b-851c-44c8-a08b-ded6f61924f9
2026-04-12 17:23:17 [http-nio-3000-exec-4] DEBUG c.b.p.a.i.p.s.a.SupabaseAsignacionRepositoryAdapter - Consultando asignaciones por vendedor: 73ed0c2b-851c-44c8-a08b-ded6f61924f9
2026-04-12 17:23:17 [http-nio-3000-exec-8] DEBUG c.b.p.a.d.a.s.AutorizacionAuthService - Perfil obtenido exitosamente para usuario ID: f2dc5b92-7ded-4c42-9e5a-d8a22aaf4a3a
2026-04-12 17:23:17 [http-nio-3000-exec-8] INFO  c.b.p.a.a.i.c.InventarioRestAdapter - GET /inventario/vendedor/2ab0631c-da17-4bd8-b9b9-237de54711c6 - consulta por mateovargas220705@gmail.com
2026-04-12 17:23:17 [http-nio-3000-exec-8] INFO  c.b.p.a.d.i.s.GestionInventarioService - Consultando cargas por vendedor: 2ab0631c-da17-4bd8-b9b9-237de54711c6
2026-04-12 17:23:17 [http-nio-3000-exec-8] DEBUG c.b.p.a.i.p.s.a.SupabaseAsignacionRepositoryAdapter - Consultando asignaciones por vendedor: 2ab0631c-da17-4bd8-b9b9-237de54711c6
2026-04-12 17:23:17 [http-nio-3000-exec-3] DEBUG c.b.p.a.d.a.s.AutorizacionAuthService - Perfil obtenido exitosamente para usuario ID: f2dc5b92-7ded-4c42-9e5a-d8a22aaf4a3a
2026-04-12 17:23:17 [http-nio-3000-exec-3] INFO  c.b.p.a.a.i.c.InventarioRestAdapter - GET /inventario/vendedor/6b0a5026-52f3-475a-a20f-5aacf94764f0 - consulta por mateovargas220705@gmail.com
2026-04-12 17:23:17 [http-nio-3000-exec-3] INFO  c.b.p.a.d.i.s.GestionInventarioService - Consultando cargas por vendedor: 6b0a5026-52f3-475a-a20f-5aacf94764f0
2026-04-12 17:23:17 [http-nio-3000-exec-3] DEBUG c.b.p.a.i.p.s.a.SupabaseAsignacionRepositoryAdapter - Consultando asignaciones por vendedor: 6b0a5026-52f3-475a-a20f-5aacf94764f0
2026-04-12 17:23:18 [http-nio-3000-exec-9] DEBUG c.b.p.a.d.a.s.AutorizacionAuthService - Perfil obtenido exitosamente para usuario ID: f2dc5b92-7ded-4c42-9e5a-d8a22aaf4a3a
2026-04-12 17:23:18 [http-nio-3000-exec-9] INFO  c.b.p.a.a.i.c.InventarioRestAdapter - GET /inventario/vendedor/7dec6fc9-8ddc-48c6-86a3-a1dbfc46f80e - consulta por mateovargas220705@gmail.com
2026-04-12 17:23:18 [http-nio-3000-exec-9] INFO  c.b.p.a.d.i.s.GestionInventarioService - Consultando cargas por vendedor: 7dec6fc9-8ddc-48c6-86a3-a1dbfc46f80e
2026-04-12 17:23:18 [http-nio-3000-exec-9] DEBUG c.b.p.a.i.p.s.a.SupabaseAsignacionRepositoryAdapter - Consultando asignaciones por vendedor: 7dec6fc9-8ddc-48c6-86a3-a1dbfc46f80e
2026-04-12 17:23:18 [http-nio-3000-exec-6] DEBUG c.b.p.a.d.a.s.AutorizacionAuthService - Perfil obtenido exitosamente para usuario ID: f2dc5b92-7ded-4c42-9e5a-d8a22aaf4a3a
2026-04-12 17:23:18 [http-nio-3000-exec-6] INFO  c.b.p.a.a.i.c.InventarioRestAdapter - GET /inventario/vendedor/997e2337-32a6-4ba5-84fb-873ef1b6036f - consulta por mateovargas220705@gmail.com
2026-04-12 17:23:18 [http-nio-3000-exec-6] INFO  c.b.p.a.d.i.s.GestionInventarioService - Consultando cargas por vendedor: 997e2337-32a6-4ba5-84fb-873ef1b6036f
2026-04-12 17:23:18 [http-nio-3000-exec-6] DEBUG c.b.p.a.i.p.s.a.SupabaseAsignacionRepositoryAdapter - Consultando asignaciones por vendedor: 997e2337-32a6-4ba5-84fb-873ef1b6036f
2026-04-12 17:23:18 [http-nio-3000-exec-3] DEBUG c.b.p.a.i.p.s.a.SupabaseAsignacionRepositoryAdapter - Asignaciones encontradas para vendedor 6b0a5026-52f3-475a-a20f-5aacf94764f0: 4
2026-04-12 17:23:18 [http-nio-3000-exec-8] DEBUG c.b.p.a.i.p.s.a.SupabaseAsignacionRepositoryAdapter - Asignaciones encontradas para vendedor 2ab0631c-da17-4bd8-b9b9-237de54711c6: 7
2026-04-12 17:23:18 [http-nio-3000-exec-4] DEBUG c.b.p.a.i.p.s.a.SupabaseAsignacionRepositoryAdapter - Asignaciones encontradas para vendedor 73ed0c2b-851c-44c8-a08b-ded6f61924f9: 4
2026-04-12 17:23:18 [http-nio-3000-exec-9] DEBUG c.b.p.a.i.p.s.a.SupabaseAsignacionRepositoryAdapter - Asignaciones encontradas para vendedor 7dec6fc9-8ddc-48c6-86a3-a1dbfc46f80e: 0
2026-04-12 17:23:18 [http-nio-3000-exec-6] DEBUG c.b.p.a.i.p.s.a.SupabaseAsignacionRepositoryAdapter - Asignaciones encontradas para vendedor 997e2337-32a6-4ba5-84fb-873ef1b6036f: 0
2026-04-12 17:25:10 [http-nio-3000-exec-8] INFO  c.b.p.a.a.p.c.ProductosRestAdapter - GET /productos - Obtener todos los productos
2026-04-12 17:25:10 [http-nio-3000-exec-8] DEBUG c.b.p.a.d.p.s.GestionProductosService - Obteniendo todos los productos
2026-04-12 17:25:11 [http-nio-3000-exec-8] DEBUG c.b.p.a.d.p.s.GestionProductosService - Se obtuvieron 23 productos
2026-04-12 17:25:11 [http-nio-3000-exec-8] DEBUG c.b.p.a.a.p.c.ProductosRestAdapter - Se obtuvieron 23 productos
2026-04-12 17:25:17 [http-nio-3000-exec-4] INFO  c.b.p.a.a.p.c.ProductosRestAdapter - GET /productos - Obtener todos los productos
2026-04-12 17:25:17 [http-nio-3000-exec-4] DEBUG c.b.p.a.d.p.s.GestionProductosService - Obteniendo todos los productos
2026-04-12 17:25:17 [http-nio-3000-exec-4] DEBUG c.b.p.a.d.p.s.GestionProductosService - Se obtuvieron 23 productos
2026-04-12 17:25:17 [http-nio-3000-exec-4] DEBUG c.b.p.a.a.p.c.ProductosRestAdapter - Se obtuvieron 23 productos
2026-04-12 17:25:32 [http-nio-3000-exec-9] INFO  c.b.p.a.a.p.c.ProductosRestAdapter - GET /productos - Obtener todos los productos
2026-04-12 17:25:32 [http-nio-3000-exec-9] DEBUG c.b.p.a.d.p.s.GestionProductosService - Obteniendo todos los productos
2026-04-12 17:25:32 [http-nio-3000-exec-9] DEBUG c.b.p.a.d.p.s.GestionProductosService - Se obtuvieron 23 productos
2026-04-12 17:25:32 [http-nio-3000-exec-9] DEBUG c.b.p.a.a.p.c.ProductosRestAdapter - Se obtuvieron 23 productos
2026-04-12 17:25:40 [http-nio-3000-exec-6] INFO  c.b.p.a.a.p.c.ProductosRestAdapter - GET /productos - Obtener todos los productos
2026-04-12 17:25:40 [http-nio-3000-exec-6] DEBUG c.b.p.a.d.p.s.GestionProductosService - Obteniendo todos los productos
2026-04-12 17:25:40 [http-nio-3000-exec-6] DEBUG c.b.p.a.d.p.s.GestionProductosService - Se obtuvieron 23 productos
2026-04-12 17:25:40 [http-nio-3000-exec-6] DEBUG c.b.p.a.a.p.c.ProductosRestAdapter - Se obtuvieron 23 productos
2026-04-12 17:26:06 [http-nio-3000-exec-5] INFO  c.b.p.a.a.p.c.ProductosRestAdapter - GET /productos - Obtener todos los productos
2026-04-12 17:26:06 [http-nio-3000-exec-5] DEBUG c.b.p.a.d.p.s.GestionProductosService - Obteniendo todos los productos
2026-04-12 17:26:06 [http-nio-3000-exec-5] DEBUG c.b.p.a.d.p.s.GestionProductosService - Se obtuvieron 23 productos
2026-04-12 17:26:06 [http-nio-3000-exec-5] DEBUG c.b.p.a.a.p.c.ProductosRestAdapter - Se obtuvieron 23 productos
2026-04-12 17:33:20 [http-nio-3000-exec-7] INFO  c.b.p.a.a.v.c.VendedoresRestAdapter - GET /vendedores - Obtener todos los vendedores
2026-04-12 17:33:20 [http-nio-3000-exec-7] DEBUG c.b.p.a.d.v.s.GestionVendedoresService - Obteniendo todos los vendedores
2026-04-12 17:33:20 [http-nio-3000-exec-7] DEBUG c.b.p.a.d.v.s.GestionVendedoresService - Se obtuvieron 5 vendedores
2026-04-12 17:33:20 [http-nio-3000-exec-7] DEBUG c.b.p.a.a.v.c.VendedoresRestAdapter - Se obtuvieron 5 vendedores
2026-04-12 17:33:23 [http-nio-3000-exec-2] INFO  c.b.p.a.a.p.c.ProductosRestAdapter - GET /productos - Obtener todos los productos
2026-04-12 17:33:23 [http-nio-3000-exec-2] DEBUG c.b.p.a.d.p.s.GestionProductosService - Obteniendo todos los productos
2026-04-12 17:33:23 [http-nio-3000-exec-10] INFO  c.b.p.a.a.v.c.VendedoresRestAdapter - GET /vendedores - Obtener todos los vendedores
2026-04-12 17:33:23 [http-nio-3000-exec-3] INFO  c.b.p.a.a.p.c.ProductosRestAdapter - GET /productos/stock-bajo - Consultando alertas con umbral: 100
2026-04-12 17:33:23 [http-nio-3000-exec-10] DEBUG c.b.p.a.d.v.s.GestionVendedoresService - Obteniendo todos los vendedores
2026-04-12 17:33:23 [http-nio-3000-exec-3] DEBUG c.b.p.a.d.p.s.GestionProductosService - Obteniendo productos con stock bajo. Umbral: 100
2026-04-12 17:33:23 [http-nio-3000-exec-2] DEBUG c.b.p.a.d.p.s.GestionProductosService - Se obtuvieron 23 productos
2026-04-12 17:33:23 [http-nio-3000-exec-2] DEBUG c.b.p.a.a.p.c.ProductosRestAdapter - Se obtuvieron 23 productos
2026-04-12 17:33:23 [http-nio-3000-exec-10] DEBUG c.b.p.a.d.v.s.GestionVendedoresService - Se obtuvieron 5 vendedores
2026-04-12 17:33:23 [http-nio-3000-exec-10] DEBUG c.b.p.a.a.v.c.VendedoresRestAdapter - Se obtuvieron 5 vendedores
2026-04-12 17:33:23 [http-nio-3000-exec-3] DEBUG c.b.p.a.d.p.s.GestionProductosService - Se encontraron 22 productos con stock bajo
2026-04-12 17:33:33 [http-nio-3000-exec-8] INFO  c.b.p.a.a.v.c.VendedoresRestAdapter - GET /vendedores - Obtener todos los vendedores
2026-04-12 17:33:33 [http-nio-3000-exec-4] INFO  c.b.p.a.a.p.c.ProductosRestAdapter - GET /productos - Obtener todos los productos
2026-04-12 17:33:33 [http-nio-3000-exec-8] DEBUG c.b.p.a.d.v.s.GestionVendedoresService - Obteniendo todos los vendedores
2026-04-12 17:33:33 [http-nio-3000-exec-4] DEBUG c.b.p.a.d.p.s.GestionProductosService - Obteniendo todos los productos
2026-04-12 17:33:33 [http-nio-3000-exec-4] DEBUG c.b.p.a.d.p.s.GestionProductosService - Se obtuvieron 23 productos
2026-04-12 17:33:33 [http-nio-3000-exec-4] DEBUG c.b.p.a.a.p.c.ProductosRestAdapter - Se obtuvieron 23 productos
2026-04-12 17:33:33 [http-nio-3000-exec-8] DEBUG c.b.p.a.d.v.s.GestionVendedoresService - Se obtuvieron 5 vendedores
2026-04-12 17:33:33 [http-nio-3000-exec-8] DEBUG c.b.p.a.a.v.c.VendedoresRestAdapter - Se obtuvieron 5 vendedores
2026-04-12 17:33:33 [http-nio-3000-exec-9] DEBUG c.b.p.a.d.a.s.AutorizacionAuthService - Obteniendo perfil por token
2026-04-12 17:33:33 [http-nio-3000-exec-5] DEBUG c.b.p.a.d.a.s.AutorizacionAuthService - Obteniendo perfil por token
2026-04-12 17:33:33 [http-nio-3000-exec-6] DEBUG c.b.p.a.d.a.s.AutorizacionAuthService - Obteniendo perfil por token
2026-04-12 17:33:33 [http-nio-3000-exec-7] DEBUG c.b.p.a.d.a.s.AutorizacionAuthService - Obteniendo perfil por token
2026-04-12 17:33:33 [http-nio-3000-exec-1] DEBUG c.b.p.a.d.a.s.AutorizacionAuthService - Obteniendo perfil por token
2026-04-12 17:33:34 [http-nio-3000-exec-9] DEBUG c.b.p.a.d.a.s.AutorizacionAuthService - Perfil obtenido exitosamente para usuario ID: f2dc5b92-7ded-4c42-9e5a-d8a22aaf4a3a
2026-04-12 17:33:34 [http-nio-3000-exec-9] INFO  c.b.p.a.a.i.c.InventarioRestAdapter - GET /inventario/vendedor/2ab0631c-da17-4bd8-b9b9-237de54711c6 - consulta por mateovargas220705@gmail.com
2026-04-12 17:33:34 [http-nio-3000-exec-9] INFO  c.b.p.a.d.i.s.GestionInventarioService - Consultando cargas por vendedor: 2ab0631c-da17-4bd8-b9b9-237de54711c6
2026-04-12 17:33:34 [http-nio-3000-exec-9] DEBUG c.b.p.a.i.p.s.a.SupabaseAsignacionRepositoryAdapter - Consultando asignaciones por vendedor: 2ab0631c-da17-4bd8-b9b9-237de54711c6
2026-04-12 17:33:34 [http-nio-3000-exec-1] DEBUG c.b.p.a.d.a.s.AutorizacionAuthService - Perfil obtenido exitosamente para usuario ID: f2dc5b92-7ded-4c42-9e5a-d8a22aaf4a3a
2026-04-12 17:33:34 [http-nio-3000-exec-1] INFO  c.b.p.a.a.i.c.InventarioRestAdapter - GET /inventario/vendedor/997e2337-32a6-4ba5-84fb-873ef1b6036f - consulta por mateovargas220705@gmail.com
2026-04-12 17:33:34 [http-nio-3000-exec-1] INFO  c.b.p.a.d.i.s.GestionInventarioService - Consultando cargas por vendedor: 997e2337-32a6-4ba5-84fb-873ef1b6036f
2026-04-12 17:33:34 [http-nio-3000-exec-1] DEBUG c.b.p.a.i.p.s.a.SupabaseAsignacionRepositoryAdapter - Consultando asignaciones por vendedor: 997e2337-32a6-4ba5-84fb-873ef1b6036f
2026-04-12 17:33:34 [http-nio-3000-exec-5] DEBUG c.b.p.a.d.a.s.AutorizacionAuthService - Perfil obtenido exitosamente para usuario ID: f2dc5b92-7ded-4c42-9e5a-d8a22aaf4a3a
2026-04-12 17:33:34 [http-nio-3000-exec-5] INFO  c.b.p.a.a.i.c.InventarioRestAdapter - GET /inventario/vendedor/73ed0c2b-851c-44c8-a08b-ded6f61924f9 - consulta por mateovargas220705@gmail.com
2026-04-12 17:33:34 [http-nio-3000-exec-5] INFO  c.b.p.a.d.i.s.GestionInventarioService - Consultando cargas por vendedor: 73ed0c2b-851c-44c8-a08b-ded6f61924f9
2026-04-12 17:33:34 [http-nio-3000-exec-5] DEBUG c.b.p.a.i.p.s.a.SupabaseAsignacionRepositoryAdapter - Consultando asignaciones por vendedor: 73ed0c2b-851c-44c8-a08b-ded6f61924f9
2026-04-12 17:33:34 [http-nio-3000-exec-7] DEBUG c.b.p.a.d.a.s.AutorizacionAuthService - Perfil obtenido exitosamente para usuario ID: f2dc5b92-7ded-4c42-9e5a-d8a22aaf4a3a
2026-04-12 17:33:34 [http-nio-3000-exec-7] INFO  c.b.p.a.a.i.c.InventarioRestAdapter - GET /inventario/vendedor/7dec6fc9-8ddc-48c6-86a3-a1dbfc46f80e - consulta por mateovargas220705@gmail.com
2026-04-12 17:33:34 [http-nio-3000-exec-7] INFO  c.b.p.a.d.i.s.GestionInventarioService - Consultando cargas por vendedor: 7dec6fc9-8ddc-48c6-86a3-a1dbfc46f80e
2026-04-12 17:33:34 [http-nio-3000-exec-7] DEBUG c.b.p.a.i.p.s.a.SupabaseAsignacionRepositoryAdapter - Consultando asignaciones por vendedor: 7dec6fc9-8ddc-48c6-86a3-a1dbfc46f80e
2026-04-12 17:33:34 [http-nio-3000-exec-9] DEBUG c.b.p.a.i.p.s.a.SupabaseAsignacionRepositoryAdapter - Asignaciones encontradas para vendedor 2ab0631c-da17-4bd8-b9b9-237de54711c6: 7
2026-04-12 17:33:34 [http-nio-3000-exec-6] DEBUG c.b.p.a.d.a.s.AutorizacionAuthService - Perfil obtenido exitosamente para usuario ID: f2dc5b92-7ded-4c42-9e5a-d8a22aaf4a3a
2026-04-12 17:33:34 [http-nio-3000-exec-6] INFO  c.b.p.a.a.i.c.InventarioRestAdapter - GET /inventario/vendedor/6b0a5026-52f3-475a-a20f-5aacf94764f0 - consulta por mateovargas220705@gmail.com
2026-04-12 17:33:34 [http-nio-3000-exec-6] INFO  c.b.p.a.d.i.s.GestionInventarioService - Consultando cargas por vendedor: 6b0a5026-52f3-475a-a20f-5aacf94764f0
2026-04-12 17:33:34 [http-nio-3000-exec-6] DEBUG c.b.p.a.i.p.s.a.SupabaseAsignacionRepositoryAdapter - Consultando asignaciones por vendedor: 6b0a5026-52f3-475a-a20f-5aacf94764f0
2026-04-12 17:33:34 [http-nio-3000-exec-7] DEBUG c.b.p.a.i.p.s.a.SupabaseAsignacionRepositoryAdapter - Asignaciones encontradas para vendedor 7dec6fc9-8ddc-48c6-86a3-a1dbfc46f80e: 0
2026-04-12 17:33:34 [http-nio-3000-exec-5] DEBUG c.b.p.a.i.p.s.a.SupabaseAsignacionRepositoryAdapter - Asignaciones encontradas para vendedor 73ed0c2b-851c-44c8-a08b-ded6f61924f9: 4
2026-04-12 17:33:34 [http-nio-3000-exec-1] DEBUG c.b.p.a.i.p.s.a.SupabaseAsignacionRepositoryAdapter - Asignaciones encontradas para vendedor 997e2337-32a6-4ba5-84fb-873ef1b6036f: 0
2026-04-12 17:33:34 [http-nio-3000-exec-6] DEBUG c.b.p.a.i.p.s.a.SupabaseAsignacionRepositoryAdapter - Asignaciones encontradas para vendedor 6b0a5026-52f3-475a-a20f-5aacf94764f0: 4
2026-04-12 17:35:56 [http-nio-3000-exec-9] INFO  c.b.p.a.a.a.c.AuthRestAdapter - POST /auth/signin - Intento de autenticación para email: mateovargas220705@gmail.com
2026-04-12 17:35:56 [http-nio-3000-exec-9] DEBUG c.b.p.a.d.a.s.AutorizacionAuthService - Autenticando usuario con email: mateovargas220705@gmail.com
2026-04-12 17:35:56 [http-nio-3000-exec-9] DEBUG c.b.p.a.d.a.s.AutorizacionAuthService - Autenticación completada para email: mateovargas220705@gmail.com
2026-04-12 17:35:56 [http-nio-3000-exec-9] INFO  c.b.p.a.a.a.c.AuthRestAdapter - Autenticación exitosa para email: mateovargas220705@gmail.com
2026-04-12 17:35:57 [http-nio-3000-exec-7] INFO  c.b.p.a.a.p.c.ProductosRestAdapter - GET /productos - Obtener todos los productos
2026-04-12 17:35:57 [http-nio-3000-exec-7] DEBUG c.b.p.a.d.p.s.GestionProductosService - Obteniendo todos los productos
2026-04-12 17:35:57 [http-nio-3000-exec-5] INFO  c.b.p.a.a.v.c.VendedoresRestAdapter - GET /vendedores - Obtener todos los vendedores
2026-04-12 17:35:57 [http-nio-3000-exec-1] INFO  c.b.p.a.a.p.c.ProductosRestAdapter - GET /productos/stock-bajo - Consultando alertas con umbral: 100
2026-04-12 17:35:57 [http-nio-3000-exec-5] DEBUG c.b.p.a.d.v.s.GestionVendedoresService - Obteniendo todos los vendedores
2026-04-12 17:35:57 [http-nio-3000-exec-1] DEBUG c.b.p.a.d.p.s.GestionProductosService - Obteniendo productos con stock bajo. Umbral: 100
2026-04-12 17:35:57 [http-nio-3000-exec-7] DEBUG c.b.p.a.d.p.s.GestionProductosService - Se obtuvieron 23 productos
2026-04-12 17:35:57 [http-nio-3000-exec-7] DEBUG c.b.p.a.a.p.c.ProductosRestAdapter - Se obtuvieron 23 productos
2026-04-12 17:35:57 [http-nio-3000-exec-5] DEBUG c.b.p.a.d.v.s.GestionVendedoresService - Se obtuvieron 5 vendedores
2026-04-12 17:35:57 [http-nio-3000-exec-5] DEBUG c.b.p.a.a.v.c.VendedoresRestAdapter - Se obtuvieron 5 vendedores
2026-04-12 17:35:57 [http-nio-3000-exec-1] DEBUG c.b.p.a.d.p.s.GestionProductosService - Se encontraron 22 productos con stock bajo
2026-04-12 17:35:58 [http-nio-3000-exec-6] INFO  c.b.p.a.a.v.c.VendedoresRestAdapter - GET /vendedores - Obtener todos los vendedores
2026-04-12 17:35:58 [http-nio-3000-exec-6] DEBUG c.b.p.a.d.v.s.GestionVendedoresService - Obteniendo todos los vendedores
2026-04-12 17:35:58 [http-nio-3000-exec-10] INFO  c.b.p.a.a.p.c.ProductosRestAdapter - GET /productos - Obtener todos los productos
2026-04-12 17:35:58 [http-nio-3000-exec-10] DEBUG c.b.p.a.d.p.s.GestionProductosService - Obteniendo todos los productos
2026-04-12 17:35:58 [http-nio-3000-exec-6] DEBUG c.b.p.a.d.v.s.GestionVendedoresService - Se obtuvieron 5 vendedores
2026-04-12 17:35:58 [http-nio-3000-exec-6] DEBUG c.b.p.a.a.v.c.VendedoresRestAdapter - Se obtuvieron 5 vendedores
2026-04-12 17:35:58 [http-nio-3000-exec-10] DEBUG c.b.p.a.d.p.s.GestionProductosService - Se obtuvieron 23 productos
2026-04-12 17:35:58 [http-nio-3000-exec-10] DEBUG c.b.p.a.a.p.c.ProductosRestAdapter - Se obtuvieron 23 productos
2026-04-12 17:35:58 [http-nio-3000-exec-2] DEBUG c.b.p.a.d.a.s.AutorizacionAuthService - Obteniendo perfil por token
2026-04-12 17:35:58 [http-nio-3000-exec-9] DEBUG c.b.p.a.d.a.s.AutorizacionAuthService - Obteniendo perfil por token
2026-04-12 17:35:58 [http-nio-3000-exec-8] DEBUG c.b.p.a.d.a.s.AutorizacionAuthService - Obteniendo perfil por token
2026-04-12 17:35:58 [http-nio-3000-exec-3] DEBUG c.b.p.a.d.a.s.AutorizacionAuthService - Obteniendo perfil por token
2026-04-12 17:35:58 [http-nio-3000-exec-4] DEBUG c.b.p.a.d.a.s.AutorizacionAuthService - Obteniendo perfil por token
2026-04-12 17:35:58 [http-nio-3000-exec-3] DEBUG c.b.p.a.d.a.s.AutorizacionAuthService - Perfil obtenido exitosamente para usuario ID: f2dc5b92-7ded-4c42-9e5a-d8a22aaf4a3a
2026-04-12 17:35:58 [http-nio-3000-exec-3] INFO  c.b.p.a.a.i.c.InventarioRestAdapter - GET /inventario/vendedor/7dec6fc9-8ddc-48c6-86a3-a1dbfc46f80e - consulta por mateovargas220705@gmail.com
2026-04-12 17:35:58 [http-nio-3000-exec-3] INFO  c.b.p.a.d.i.s.GestionInventarioService - Consultando cargas por vendedor: 7dec6fc9-8ddc-48c6-86a3-a1dbfc46f80e
2026-04-12 17:35:58 [http-nio-3000-exec-3] DEBUG c.b.p.a.i.p.s.a.SupabaseAsignacionRepositoryAdapter - Consultando asignaciones por vendedor: 7dec6fc9-8ddc-48c6-86a3-a1dbfc46f80e
2026-04-12 17:35:58 [http-nio-3000-exec-2] DEBUG c.b.p.a.d.a.s.AutorizacionAuthService - Perfil obtenido exitosamente para usuario ID: f2dc5b92-7ded-4c42-9e5a-d8a22aaf4a3a
2026-04-12 17:35:58 [http-nio-3000-exec-2] INFO  c.b.p.a.a.i.c.InventarioRestAdapter - GET /inventario/vendedor/6b0a5026-52f3-475a-a20f-5aacf94764f0 - consulta por mateovargas220705@gmail.com
2026-04-12 17:35:58 [http-nio-3000-exec-2] INFO  c.b.p.a.d.i.s.GestionInventarioService - Consultando cargas por vendedor: 6b0a5026-52f3-475a-a20f-5aacf94764f0
2026-04-12 17:35:58 [http-nio-3000-exec-2] DEBUG c.b.p.a.i.p.s.a.SupabaseAsignacionRepositoryAdapter - Consultando asignaciones por vendedor: 6b0a5026-52f3-475a-a20f-5aacf94764f0
2026-04-12 17:35:58 [http-nio-3000-exec-4] DEBUG c.b.p.a.d.a.s.AutorizacionAuthService - Perfil obtenido exitosamente para usuario ID: f2dc5b92-7ded-4c42-9e5a-d8a22aaf4a3a
2026-04-12 17:35:58 [http-nio-3000-exec-4] INFO  c.b.p.a.a.i.c.InventarioRestAdapter - GET /inventario/vendedor/73ed0c2b-851c-44c8-a08b-ded6f61924f9 - consulta por mateovargas220705@gmail.com
2026-04-12 17:35:58 [http-nio-3000-exec-4] INFO  c.b.p.a.d.i.s.GestionInventarioService - Consultando cargas por vendedor: 73ed0c2b-851c-44c8-a08b-ded6f61924f9
2026-04-12 17:35:58 [http-nio-3000-exec-4] DEBUG c.b.p.a.i.p.s.a.SupabaseAsignacionRepositoryAdapter - Consultando asignaciones por vendedor: 73ed0c2b-851c-44c8-a08b-ded6f61924f9
2026-04-12 17:35:58 [http-nio-3000-exec-8] DEBUG c.b.p.a.d.a.s.AutorizacionAuthService - Perfil obtenido exitosamente para usuario ID: f2dc5b92-7ded-4c42-9e5a-d8a22aaf4a3a
2026-04-12 17:35:58 [http-nio-3000-exec-8] INFO  c.b.p.a.a.i.c.InventarioRestAdapter - GET /inventario/vendedor/2ab0631c-da17-4bd8-b9b9-237de54711c6 - consulta por mateovargas220705@gmail.com
2026-04-12 17:35:58 [http-nio-3000-exec-8] INFO  c.b.p.a.d.i.s.GestionInventarioService - Consultando cargas por vendedor: 2ab0631c-da17-4bd8-b9b9-237de54711c6
2026-04-12 17:35:58 [http-nio-3000-exec-8] DEBUG c.b.p.a.i.p.s.a.SupabaseAsignacionRepositoryAdapter - Consultando asignaciones por vendedor: 2ab0631c-da17-4bd8-b9b9-237de54711c6
2026-04-12 17:35:58 [http-nio-3000-exec-9] DEBUG c.b.p.a.d.a.s.AutorizacionAuthService - Perfil obtenido exitosamente para usuario ID: f2dc5b92-7ded-4c42-9e5a-d8a22aaf4a3a
2026-04-12 17:35:58 [http-nio-3000-exec-9] INFO  c.b.p.a.a.i.c.InventarioRestAdapter - GET /inventario/vendedor/997e2337-32a6-4ba5-84fb-873ef1b6036f - consulta por mateovargas220705@gmail.com
2026-04-12 17:35:58 [http-nio-3000-exec-9] INFO  c.b.p.a.d.i.s.GestionInventarioService - Consultando cargas por vendedor: 997e2337-32a6-4ba5-84fb-873ef1b6036f
2026-04-12 17:35:58 [http-nio-3000-exec-9] DEBUG c.b.p.a.i.p.s.a.SupabaseAsignacionRepositoryAdapter - Consultando asignaciones por vendedor: 997e2337-32a6-4ba5-84fb-873ef1b6036f
2026-04-12 17:35:59 [http-nio-3000-exec-3] DEBUG c.b.p.a.i.p.s.a.SupabaseAsignacionRepositoryAdapter - Asignaciones encontradas para vendedor 7dec6fc9-8ddc-48c6-86a3-a1dbfc46f80e: 0
2026-04-12 17:35:59 [http-nio-3000-exec-4] DEBUG c.b.p.a.i.p.s.a.SupabaseAsignacionRepositoryAdapter - Asignaciones encontradas para vendedor 73ed0c2b-851c-44c8-a08b-ded6f61924f9: 4
2026-04-12 17:35:59 [http-nio-3000-exec-8] DEBUG c.b.p.a.i.p.s.a.SupabaseAsignacionRepositoryAdapter - Asignaciones encontradas para vendedor 2ab0631c-da17-4bd8-b9b9-237de54711c6: 7
2026-04-12 17:35:59 [http-nio-3000-exec-2] DEBUG c.b.p.a.i.p.s.a.SupabaseAsignacionRepositoryAdapter - Asignaciones encontradas para vendedor 6b0a5026-52f3-475a-a20f-5aacf94764f0: 4
2026-04-12 17:35:59 [http-nio-3000-exec-9] DEBUG c.b.p.a.i.p.s.a.SupabaseAsignacionRepositoryAdapter - Asignaciones encontradas para vendedor 997e2337-32a6-4ba5-84fb-873ef1b6036f: 0
2026-04-12 17:36:33 [http-nio-3000-exec-7] INFO  c.b.p.a.a.v.c.VendedoresRestAdapter - GET /vendedores - Obtener todos los vendedores
2026-04-12 17:36:33 [http-nio-3000-exec-7] DEBUG c.b.p.a.d.v.s.GestionVendedoresService - Obteniendo todos los vendedores
2026-04-12 17:36:33 [http-nio-3000-exec-5] INFO  c.b.p.a.a.p.c.ProductosRestAdapter - GET /productos - Obtener todos los productos
2026-04-12 17:36:33 [http-nio-3000-exec-5] DEBUG c.b.p.a.d.p.s.GestionProductosService - Obteniendo todos los productos
2026-04-12 17:36:33 [http-nio-3000-exec-7] DEBUG c.b.p.a.d.v.s.GestionVendedoresService - Se obtuvieron 5 vendedores
2026-04-12 17:36:33 [http-nio-3000-exec-7] DEBUG c.b.p.a.a.v.c.VendedoresRestAdapter - Se obtuvieron 5 vendedores
2026-04-12 17:36:33 [http-nio-3000-exec-5] DEBUG c.b.p.a.d.p.s.GestionProductosService - Se obtuvieron 23 productos
2026-04-12 17:36:33 [http-nio-3000-exec-5] DEBUG c.b.p.a.a.p.c.ProductosRestAdapter - Se obtuvieron 23 productos
2026-04-12 17:36:33 [http-nio-3000-exec-1] DEBUG c.b.p.a.d.a.s.AutorizacionAuthService - Obteniendo perfil por token
2026-04-12 17:36:33 [http-nio-3000-exec-6] DEBUG c.b.p.a.d.a.s.AutorizacionAuthService - Obteniendo perfil por token
2026-04-12 17:36:33 [http-nio-3000-exec-10] DEBUG c.b.p.a.d.a.s.AutorizacionAuthService - Obteniendo perfil por token
2026-04-12 17:36:33 [http-nio-3000-exec-3] DEBUG c.b.p.a.d.a.s.AutorizacionAuthService - Obteniendo perfil por token
2026-04-12 17:36:33 [http-nio-3000-exec-4] DEBUG c.b.p.a.d.a.s.AutorizacionAuthService - Obteniendo perfil por token
2026-04-12 17:36:34 [http-nio-3000-exec-10] DEBUG c.b.p.a.d.a.s.AutorizacionAuthService - Perfil obtenido exitosamente para usuario ID: f2dc5b92-7ded-4c42-9e5a-d8a22aaf4a3a
2026-04-12 17:36:34 [http-nio-3000-exec-1] DEBUG c.b.p.a.d.a.s.AutorizacionAuthService - Perfil obtenido exitosamente para usuario ID: f2dc5b92-7ded-4c42-9e5a-d8a22aaf4a3a
2026-04-12 17:36:34 [http-nio-3000-exec-1] INFO  c.b.p.a.a.i.c.InventarioRestAdapter - GET /inventario/vendedor/2ab0631c-da17-4bd8-b9b9-237de54711c6 - consulta por mateovargas220705@gmail.com
2026-04-12 17:36:34 [http-nio-3000-exec-10] INFO  c.b.p.a.a.i.c.InventarioRestAdapter - GET /inventario/vendedor/73ed0c2b-851c-44c8-a08b-ded6f61924f9 - consulta por mateovargas220705@gmail.com
2026-04-12 17:36:34 [http-nio-3000-exec-6] DEBUG c.b.p.a.d.a.s.AutorizacionAuthService - Perfil obtenido exitosamente para usuario ID: f2dc5b92-7ded-4c42-9e5a-d8a22aaf4a3a
2026-04-12 17:36:34 [http-nio-3000-exec-6] INFO  c.b.p.a.a.i.c.InventarioRestAdapter - GET /inventario/vendedor/6b0a5026-52f3-475a-a20f-5aacf94764f0 - consulta por mateovargas220705@gmail.com
2026-04-12 17:36:34 [http-nio-3000-exec-6] INFO  c.b.p.a.d.i.s.GestionInventarioService - Consultando cargas por vendedor: 6b0a5026-52f3-475a-a20f-5aacf94764f0
2026-04-12 17:36:34 [http-nio-3000-exec-1] INFO  c.b.p.a.d.i.s.GestionInventarioService - Consultando cargas por vendedor: 2ab0631c-da17-4bd8-b9b9-237de54711c6
2026-04-12 17:36:34 [http-nio-3000-exec-1] DEBUG c.b.p.a.i.p.s.a.SupabaseAsignacionRepositoryAdapter - Consultando asignaciones por vendedor: 2ab0631c-da17-4bd8-b9b9-237de54711c6
2026-04-12 17:36:34 [http-nio-3000-exec-10] INFO  c.b.p.a.d.i.s.GestionInventarioService - Consultando cargas por vendedor: 73ed0c2b-851c-44c8-a08b-ded6f61924f9
2026-04-12 17:36:34 [http-nio-3000-exec-10] DEBUG c.b.p.a.i.p.s.a.SupabaseAsignacionRepositoryAdapter - Consultando asignaciones por vendedor: 73ed0c2b-851c-44c8-a08b-ded6f61924f9
2026-04-12 17:36:34 [http-nio-3000-exec-6] DEBUG c.b.p.a.i.p.s.a.SupabaseAsignacionRepositoryAdapter - Consultando asignaciones por vendedor: 6b0a5026-52f3-475a-a20f-5aacf94764f0
2026-04-12 17:36:34 [http-nio-3000-exec-4] DEBUG c.b.p.a.d.a.s.AutorizacionAuthService - Perfil obtenido exitosamente para usuario ID: f2dc5b92-7ded-4c42-9e5a-d8a22aaf4a3a
2026-04-12 17:36:34 [http-nio-3000-exec-4] INFO  c.b.p.a.a.i.c.InventarioRestAdapter - GET /inventario/vendedor/997e2337-32a6-4ba5-84fb-873ef1b6036f - consulta por mateovargas220705@gmail.com
2026-04-12 17:36:34 [http-nio-3000-exec-4] INFO  c.b.p.a.d.i.s.GestionInventarioService - Consultando cargas por vendedor: 997e2337-32a6-4ba5-84fb-873ef1b6036f
2026-04-12 17:36:34 [http-nio-3000-exec-4] DEBUG c.b.p.a.i.p.s.a.SupabaseAsignacionRepositoryAdapter - Consultando asignaciones por vendedor: 997e2337-32a6-4ba5-84fb-873ef1b6036f
2026-04-12 17:36:34 [http-nio-3000-exec-3] DEBUG c.b.p.a.d.a.s.AutorizacionAuthService - Perfil obtenido exitosamente para usuario ID: f2dc5b92-7ded-4c42-9e5a-d8a22aaf4a3a
2026-04-12 17:36:34 [http-nio-3000-exec-3] INFO  c.b.p.a.a.i.c.InventarioRestAdapter - GET /inventario/vendedor/7dec6fc9-8ddc-48c6-86a3-a1dbfc46f80e - consulta por mateovargas220705@gmail.com
2026-04-12 17:36:34 [http-nio-3000-exec-3] INFO  c.b.p.a.d.i.s.GestionInventarioService - Consultando cargas por vendedor: 7dec6fc9-8ddc-48c6-86a3-a1dbfc46f80e
2026-04-12 17:36:34 [http-nio-3000-exec-3] DEBUG c.b.p.a.i.p.s.a.SupabaseAsignacionRepositoryAdapter - Consultando asignaciones por vendedor: 7dec6fc9-8ddc-48c6-86a3-a1dbfc46f80e
2026-04-12 17:36:34 [http-nio-3000-exec-6] DEBUG c.b.p.a.i.p.s.a.SupabaseAsignacionRepositoryAdapter - Asignaciones encontradas para vendedor 6b0a5026-52f3-475a-a20f-5aacf94764f0: 4
2026-04-12 17:36:34 [http-nio-3000-exec-1] DEBUG c.b.p.a.i.p.s.a.SupabaseAsignacionRepositoryAdapter - Asignaciones encontradas para vendedor 2ab0631c-da17-4bd8-b9b9-237de54711c6: 7
2026-04-12 17:36:34 [http-nio-3000-exec-10] DEBUG c.b.p.a.i.p.s.a.SupabaseAsignacionRepositoryAdapter - Asignaciones encontradas para vendedor 73ed0c2b-851c-44c8-a08b-ded6f61924f9: 4
2026-04-12 17:36:34 [http-nio-3000-exec-3] DEBUG c.b.p.a.i.p.s.a.SupabaseAsignacionRepositoryAdapter - Asignaciones encontradas para vendedor 7dec6fc9-8ddc-48c6-86a3-a1dbfc46f80e: 0
2026-04-12 17:36:34 [http-nio-3000-exec-4] DEBUG c.b.p.a.i.p.s.a.SupabaseAsignacionRepositoryAdapter - Asignaciones encontradas para vendedor 997e2337-32a6-4ba5-84fb-873ef1b6036f: 0
2026-04-12 17:37:24 [http-nio-3000-exec-2] INFO  c.b.p.a.a.p.c.ProductosRestAdapter - GET /productos - Obtener todos los productos
2026-04-12 17:37:24 [http-nio-3000-exec-2] DEBUG c.b.p.a.d.p.s.GestionProductosService - Obteniendo todos los productos
2026-04-12 17:37:24 [http-nio-3000-exec-2] DEBUG c.b.p.a.d.p.s.GestionProductosService - Se obtuvieron 23 productos
2026-04-12 17:37:24 [http-nio-3000-exec-2] DEBUG c.b.p.a.a.p.c.ProductosRestAdapter - Se obtuvieron 23 productos
2026-04-12 17:37:25 [http-nio-3000-exec-7] INFO  c.b.p.a.a.p.c.ProductosRestAdapter - GET /productos - Obtener todos los productos
2026-04-12 17:37:25 [http-nio-3000-exec-7] DEBUG c.b.p.a.d.p.s.GestionProductosService - Obteniendo todos los productos
2026-04-12 17:37:25 [http-nio-3000-exec-5] INFO  c.b.p.a.a.v.c.VendedoresRestAdapter - GET /vendedores - Obtener todos los vendedores
2026-04-12 17:37:25 [http-nio-3000-exec-5] DEBUG c.b.p.a.d.v.s.GestionVendedoresService - Obteniendo todos los vendedores
2026-04-12 17:37:26 [http-nio-3000-exec-7] DEBUG c.b.p.a.d.p.s.GestionProductosService - Se obtuvieron 23 productos
2026-04-12 17:37:26 [http-nio-3000-exec-7] DEBUG c.b.p.a.a.p.c.ProductosRestAdapter - Se obtuvieron 23 productos
2026-04-12 17:37:26 [http-nio-3000-exec-5] DEBUG c.b.p.a.d.v.s.GestionVendedoresService - Se obtuvieron 5 vendedores
2026-04-12 17:37:26 [http-nio-3000-exec-5] DEBUG c.b.p.a.a.v.c.VendedoresRestAdapter - Se obtuvieron 5 vendedores
2026-04-12 17:37:26 [http-nio-3000-exec-6] DEBUG c.b.p.a.d.a.s.AutorizacionAuthService - Obteniendo perfil por token
2026-04-12 17:37:26 [http-nio-3000-exec-3] DEBUG c.b.p.a.d.a.s.AutorizacionAuthService - Obteniendo perfil por token
2026-04-12 17:37:26 [http-nio-3000-exec-4] DEBUG c.b.p.a.d.a.s.AutorizacionAuthService - Obteniendo perfil por token
2026-04-12 17:37:26 [http-nio-3000-exec-10] DEBUG c.b.p.a.d.a.s.AutorizacionAuthService - Obteniendo perfil por token
2026-04-12 17:37:26 [http-nio-3000-exec-1] DEBUG c.b.p.a.d.a.s.AutorizacionAuthService - Obteniendo perfil por token
2026-04-12 17:37:26 [http-nio-3000-exec-6] DEBUG c.b.p.a.d.a.s.AutorizacionAuthService - Perfil obtenido exitosamente para usuario ID: f2dc5b92-7ded-4c42-9e5a-d8a22aaf4a3a
2026-04-12 17:37:26 [http-nio-3000-exec-6] INFO  c.b.p.a.a.i.c.InventarioRestAdapter - GET /inventario/vendedor/2ab0631c-da17-4bd8-b9b9-237de54711c6 - consulta por mateovargas220705@gmail.com
2026-04-12 17:37:26 [http-nio-3000-exec-6] INFO  c.b.p.a.d.i.s.GestionInventarioService - Consultando cargas por vendedor: 2ab0631c-da17-4bd8-b9b9-237de54711c6
2026-04-12 17:37:26 [http-nio-3000-exec-6] DEBUG c.b.p.a.i.p.s.a.SupabaseAsignacionRepositoryAdapter - Consultando asignaciones por vendedor: 2ab0631c-da17-4bd8-b9b9-237de54711c6
2026-04-12 17:37:26 [http-nio-3000-exec-10] DEBUG c.b.p.a.d.a.s.AutorizacionAuthService - Perfil obtenido exitosamente para usuario ID: f2dc5b92-7ded-4c42-9e5a-d8a22aaf4a3a
2026-04-12 17:37:26 [http-nio-3000-exec-10] INFO  c.b.p.a.a.i.c.InventarioRestAdapter - GET /inventario/vendedor/73ed0c2b-851c-44c8-a08b-ded6f61924f9 - consulta por mateovargas220705@gmail.com
2026-04-12 17:37:26 [http-nio-3000-exec-10] INFO  c.b.p.a.d.i.s.GestionInventarioService - Consultando cargas por vendedor: 73ed0c2b-851c-44c8-a08b-ded6f61924f9
2026-04-12 17:37:26 [http-nio-3000-exec-10] DEBUG c.b.p.a.i.p.s.a.SupabaseAsignacionRepositoryAdapter - Consultando asignaciones por vendedor: 73ed0c2b-851c-44c8-a08b-ded6f61924f9
2026-04-12 17:37:26 [http-nio-3000-exec-4] DEBUG c.b.p.a.d.a.s.AutorizacionAuthService - Perfil obtenido exitosamente para usuario ID: f2dc5b92-7ded-4c42-9e5a-d8a22aaf4a3a
2026-04-12 17:37:26 [http-nio-3000-exec-4] INFO  c.b.p.a.a.i.c.InventarioRestAdapter - GET /inventario/vendedor/997e2337-32a6-4ba5-84fb-873ef1b6036f - consulta por mateovargas220705@gmail.com
2026-04-12 17:37:26 [http-nio-3000-exec-4] INFO  c.b.p.a.d.i.s.GestionInventarioService - Consultando cargas por vendedor: 997e2337-32a6-4ba5-84fb-873ef1b6036f
2026-04-12 17:37:26 [http-nio-3000-exec-4] DEBUG c.b.p.a.i.p.s.a.SupabaseAsignacionRepositoryAdapter - Consultando asignaciones por vendedor: 997e2337-32a6-4ba5-84fb-873ef1b6036f
2026-04-12 17:37:26 [http-nio-3000-exec-3] DEBUG c.b.p.a.d.a.s.AutorizacionAuthService - Perfil obtenido exitosamente para usuario ID: f2dc5b92-7ded-4c42-9e5a-d8a22aaf4a3a
2026-04-12 17:37:26 [http-nio-3000-exec-3] INFO  c.b.p.a.a.i.c.InventarioRestAdapter - GET /inventario/vendedor/7dec6fc9-8ddc-48c6-86a3-a1dbfc46f80e - consulta por mateovargas220705@gmail.com
2026-04-12 17:37:26 [http-nio-3000-exec-1] DEBUG c.b.p.a.d.a.s.AutorizacionAuthService - Perfil obtenido exitosamente para usuario ID: f2dc5b92-7ded-4c42-9e5a-d8a22aaf4a3a
2026-04-12 17:37:26 [http-nio-3000-exec-3] INFO  c.b.p.a.d.i.s.GestionInventarioService - Consultando cargas por vendedor: 7dec6fc9-8ddc-48c6-86a3-a1dbfc46f80e
2026-04-12 17:37:26 [http-nio-3000-exec-1] INFO  c.b.p.a.a.i.c.InventarioRestAdapter - GET /inventario/vendedor/6b0a5026-52f3-475a-a20f-5aacf94764f0 - consulta por mateovargas220705@gmail.com
2026-04-12 17:37:26 [http-nio-3000-exec-1] INFO  c.b.p.a.d.i.s.GestionInventarioService - Consultando cargas por vendedor: 6b0a5026-52f3-475a-a20f-5aacf94764f0
2026-04-12 17:37:26 [http-nio-3000-exec-1] DEBUG c.b.p.a.i.p.s.a.SupabaseAsignacionRepositoryAdapter - Consultando asignaciones por vendedor: 6b0a5026-52f3-475a-a20f-5aacf94764f0
2026-04-12 17:37:26 [http-nio-3000-exec-3] DEBUG c.b.p.a.i.p.s.a.SupabaseAsignacionRepositoryAdapter - Consultando asignaciones por vendedor: 7dec6fc9-8ddc-48c6-86a3-a1dbfc46f80e
2026-04-12 17:37:26 [http-nio-3000-exec-10] DEBUG c.b.p.a.i.p.s.a.SupabaseAsignacionRepositoryAdapter - Asignaciones encontradas para vendedor 73ed0c2b-851c-44c8-a08b-ded6f61924f9: 4
2026-04-12 17:37:26 [http-nio-3000-exec-6] DEBUG c.b.p.a.i.p.s.a.SupabaseAsignacionRepositoryAdapter - Asignaciones encontradas para vendedor 2ab0631c-da17-4bd8-b9b9-237de54711c6: 7
2026-04-12 17:37:26 [http-nio-3000-exec-4] DEBUG c.b.p.a.i.p.s.a.SupabaseAsignacionRepositoryAdapter - Asignaciones encontradas para vendedor 997e2337-32a6-4ba5-84fb-873ef1b6036f: 0
2026-04-12 17:37:26 [http-nio-3000-exec-3] DEBUG c.b.p.a.i.p.s.a.SupabaseAsignacionRepositoryAdapter - Asignaciones encontradas para vendedor 7dec6fc9-8ddc-48c6-86a3-a1dbfc46f80e: 0
2026-04-12 17:37:26 [http-nio-3000-exec-1] DEBUG c.b.p.a.i.p.s.a.SupabaseAsignacionRepositoryAdapter - Asignaciones encontradas para vendedor 6b0a5026-52f3-475a-a20f-5aacf94764f0: 4
2026-04-12 17:39:41 [http-nio-3000-exec-10] INFO  c.b.p.a.a.v.c.VendedoresRestAdapter - GET /vendedores - Obtener todos los vendedores
2026-04-12 17:39:41 [http-nio-3000-exec-10] DEBUG c.b.p.a.d.v.s.GestionVendedoresService - Obteniendo todos los vendedores
2026-04-12 17:39:41 [http-nio-3000-exec-6] INFO  c.b.p.a.a.p.c.ProductosRestAdapter - GET /productos - Obtener todos los productos
2026-04-12 17:39:41 [http-nio-3000-exec-6] DEBUG c.b.p.a.d.p.s.GestionProductosService - Obteniendo todos los productos
2026-04-12 17:39:42 [http-nio-3000-exec-10] DEBUG c.b.p.a.d.v.s.GestionVendedoresService - Se obtuvieron 5 vendedores
2026-04-12 17:39:42 [http-nio-3000-exec-10] DEBUG c.b.p.a.a.v.c.VendedoresRestAdapter - Se obtuvieron 5 vendedores
2026-04-12 17:39:42 [http-nio-3000-exec-6] DEBUG c.b.p.a.d.p.s.GestionProductosService - Se obtuvieron 23 productos
2026-04-12 17:39:42 [http-nio-3000-exec-6] DEBUG c.b.p.a.a.p.c.ProductosRestAdapter - Se obtuvieron 23 productos
2026-04-12 17:39:42 [http-nio-3000-exec-3] DEBUG c.b.p.a.d.a.s.AutorizacionAuthService - Obteniendo perfil por token
2026-04-12 17:39:42 [http-nio-3000-exec-4] DEBUG c.b.p.a.d.a.s.AutorizacionAuthService - Obteniendo perfil por token
2026-04-12 17:39:42 [http-nio-3000-exec-2] DEBUG c.b.p.a.d.a.s.AutorizacionAuthService - Obteniendo perfil por token
2026-04-12 17:39:42 [http-nio-3000-exec-1] DEBUG c.b.p.a.d.a.s.AutorizacionAuthService - Obteniendo perfil por token
2026-04-12 17:39:42 [http-nio-3000-exec-7] DEBUG c.b.p.a.d.a.s.AutorizacionAuthService - Obteniendo perfil por token
2026-04-12 17:39:43 [http-nio-3000-exec-4] DEBUG c.b.p.a.d.a.s.AutorizacionAuthService - Perfil obtenido exitosamente para usuario ID: f2dc5b92-7ded-4c42-9e5a-d8a22aaf4a3a
2026-04-12 17:39:43 [http-nio-3000-exec-4] INFO  c.b.p.a.a.i.c.InventarioRestAdapter - GET /inventario/vendedor/2ab0631c-da17-4bd8-b9b9-237de54711c6 - consulta por mateovargas220705@gmail.com
2026-04-12 17:39:43 [http-nio-3000-exec-4] INFO  c.b.p.a.d.i.s.GestionInventarioService - Consultando cargas por vendedor: 2ab0631c-da17-4bd8-b9b9-237de54711c6
2026-04-12 17:39:43 [http-nio-3000-exec-4] DEBUG c.b.p.a.i.p.s.a.SupabaseAsignacionRepositoryAdapter - Consultando asignaciones por vendedor: 2ab0631c-da17-4bd8-b9b9-237de54711c6
2026-04-12 17:39:43 [http-nio-3000-exec-7] DEBUG c.b.p.a.d.a.s.AutorizacionAuthService - Perfil obtenido exitosamente para usuario ID: f2dc5b92-7ded-4c42-9e5a-d8a22aaf4a3a
2026-04-12 17:39:43 [http-nio-3000-exec-7] INFO  c.b.p.a.a.i.c.InventarioRestAdapter - GET /inventario/vendedor/997e2337-32a6-4ba5-84fb-873ef1b6036f - consulta por mateovargas220705@gmail.com
2026-04-12 17:39:43 [http-nio-3000-exec-7] INFO  c.b.p.a.d.i.s.GestionInventarioService - Consultando cargas por vendedor: 997e2337-32a6-4ba5-84fb-873ef1b6036f
2026-04-12 17:39:43 [http-nio-3000-exec-7] DEBUG c.b.p.a.i.p.s.a.SupabaseAsignacionRepositoryAdapter - Consultando asignaciones por vendedor: 997e2337-32a6-4ba5-84fb-873ef1b6036f
2026-04-12 17:39:43 [http-nio-3000-exec-2] DEBUG c.b.p.a.d.a.s.AutorizacionAuthService - Perfil obtenido exitosamente para usuario ID: f2dc5b92-7ded-4c42-9e5a-d8a22aaf4a3a
2026-04-12 17:39:43 [http-nio-3000-exec-2] INFO  c.b.p.a.a.i.c.InventarioRestAdapter - GET /inventario/vendedor/7dec6fc9-8ddc-48c6-86a3-a1dbfc46f80e - consulta por mateovargas220705@gmail.com
2026-04-12 17:39:43 [http-nio-3000-exec-2] INFO  c.b.p.a.d.i.s.GestionInventarioService - Consultando cargas por vendedor: 7dec6fc9-8ddc-48c6-86a3-a1dbfc46f80e
2026-04-12 17:39:43 [http-nio-3000-exec-1] DEBUG c.b.p.a.d.a.s.AutorizacionAuthService - Perfil obtenido exitosamente para usuario ID: f2dc5b92-7ded-4c42-9e5a-d8a22aaf4a3a
2026-04-12 17:39:43 [http-nio-3000-exec-1] INFO  c.b.p.a.a.i.c.InventarioRestAdapter - GET /inventario/vendedor/73ed0c2b-851c-44c8-a08b-ded6f61924f9 - consulta por mateovargas220705@gmail.com
2026-04-12 17:39:43 [http-nio-3000-exec-1] INFO  c.b.p.a.d.i.s.GestionInventarioService - Consultando cargas por vendedor: 73ed0c2b-851c-44c8-a08b-ded6f61924f9
2026-04-12 17:39:43 [http-nio-3000-exec-1] DEBUG c.b.p.a.i.p.s.a.SupabaseAsignacionRepositoryAdapter - Consultando asignaciones por vendedor: 73ed0c2b-851c-44c8-a08b-ded6f61924f9
2026-04-12 17:39:43 [http-nio-3000-exec-2] DEBUG c.b.p.a.i.p.s.a.SupabaseAsignacionRepositoryAdapter - Consultando asignaciones por vendedor: 7dec6fc9-8ddc-48c6-86a3-a1dbfc46f80e
2026-04-12 17:39:43 [http-nio-3000-exec-3] DEBUG c.b.p.a.d.a.s.AutorizacionAuthService - Perfil obtenido exitosamente para usuario ID: f2dc5b92-7ded-4c42-9e5a-d8a22aaf4a3a
2026-04-12 17:39:43 [http-nio-3000-exec-3] INFO  c.b.p.a.a.i.c.InventarioRestAdapter - GET /inventario/vendedor/6b0a5026-52f3-475a-a20f-5aacf94764f0 - consulta por mateovargas220705@gmail.com
2026-04-12 17:39:43 [http-nio-3000-exec-3] INFO  c.b.p.a.d.i.s.GestionInventarioService - Consultando cargas por vendedor: 6b0a5026-52f3-475a-a20f-5aacf94764f0
2026-04-12 17:39:43 [http-nio-3000-exec-3] DEBUG c.b.p.a.i.p.s.a.SupabaseAsignacionRepositoryAdapter - Consultando asignaciones por vendedor: 6b0a5026-52f3-475a-a20f-5aacf94764f0
2026-04-12 17:39:43 [http-nio-3000-exec-4] DEBUG c.b.p.a.i.p.s.a.SupabaseAsignacionRepositoryAdapter - Asignaciones encontradas para vendedor 2ab0631c-da17-4bd8-b9b9-237de54711c6: 7
2026-04-12 17:39:43 [http-nio-3000-exec-7] DEBUG c.b.p.a.i.p.s.a.SupabaseAsignacionRepositoryAdapter - Asignaciones encontradas para vendedor 997e2337-32a6-4ba5-84fb-873ef1b6036f: 0
2026-04-12 17:39:43 [http-nio-3000-exec-1] DEBUG c.b.p.a.i.p.s.a.SupabaseAsignacionRepositoryAdapter - Asignaciones encontradas para vendedor 73ed0c2b-851c-44c8-a08b-ded6f61924f9: 4
2026-04-12 17:39:43 [http-nio-3000-exec-2] DEBUG c.b.p.a.i.p.s.a.SupabaseAsignacionRepositoryAdapter - Asignaciones encontradas para vendedor 7dec6fc9-8ddc-48c6-86a3-a1dbfc46f80e: 0
2026-04-12 17:39:43 [http-nio-3000-exec-3] DEBUG c.b.p.a.i.p.s.a.SupabaseAsignacionRepositoryAdapter - Asignaciones encontradas para vendedor 6b0a5026-52f3-475a-a20f-5aacf94764f0: 4
2026-04-12 17:39:58 [http-nio-3000-exec-5] INFO  c.b.p.a.a.p.c.ProductosRestAdapter - GET /productos - Obtener todos los productos
2026-04-12 17:39:58 [http-nio-3000-exec-5] DEBUG c.b.p.a.d.p.s.GestionProductosService - Obteniendo todos los productos
2026-04-12 17:39:58 [http-nio-3000-exec-9] INFO  c.b.p.a.a.v.c.VendedoresRestAdapter - GET /vendedores - Obtener todos los vendedores
2026-04-12 17:39:58 [http-nio-3000-exec-9] DEBUG c.b.p.a.d.v.s.GestionVendedoresService - Obteniendo todos los vendedores
2026-04-12 17:39:58 [http-nio-3000-exec-5] DEBUG c.b.p.a.d.p.s.GestionProductosService - Se obtuvieron 23 productos
2026-04-12 17:39:58 [http-nio-3000-exec-5] DEBUG c.b.p.a.a.p.c.ProductosRestAdapter - Se obtuvieron 23 productos
2026-04-12 17:39:58 [http-nio-3000-exec-9] DEBUG c.b.p.a.d.v.s.GestionVendedoresService - Se obtuvieron 5 vendedores
2026-04-12 17:39:58 [http-nio-3000-exec-9] DEBUG c.b.p.a.a.v.c.VendedoresRestAdapter - Se obtuvieron 5 vendedores
2026-04-12 17:39:58 [http-nio-3000-exec-4] DEBUG c.b.p.a.d.a.s.AutorizacionAuthService - Obteniendo perfil por token
2026-04-12 17:39:58 [http-nio-3000-exec-6] DEBUG c.b.p.a.d.a.s.AutorizacionAuthService - Obteniendo perfil por token
2026-04-12 17:39:58 [http-nio-3000-exec-8] DEBUG c.b.p.a.d.a.s.AutorizacionAuthService - Obteniendo perfil por token
2026-04-12 17:39:58 [http-nio-3000-exec-10] DEBUG c.b.p.a.d.a.s.AutorizacionAuthService - Obteniendo perfil por token
2026-04-12 17:39:58 [http-nio-3000-exec-7] DEBUG c.b.p.a.d.a.s.AutorizacionAuthService - Obteniendo perfil por token
2026-04-12 17:39:58 [http-nio-3000-exec-6] DEBUG c.b.p.a.d.a.s.AutorizacionAuthService - Perfil obtenido exitosamente para usuario ID: f2dc5b92-7ded-4c42-9e5a-d8a22aaf4a3a
2026-04-12 17:39:58 [http-nio-3000-exec-6] INFO  c.b.p.a.a.i.c.InventarioRestAdapter - GET /inventario/vendedor/73ed0c2b-851c-44c8-a08b-ded6f61924f9 - consulta por mateovargas220705@gmail.com
2026-04-12 17:39:58 [http-nio-3000-exec-6] INFO  c.b.p.a.d.i.s.GestionInventarioService - Consultando cargas por vendedor: 73ed0c2b-851c-44c8-a08b-ded6f61924f9
2026-04-12 17:39:58 [http-nio-3000-exec-6] DEBUG c.b.p.a.i.p.s.a.SupabaseAsignacionRepositoryAdapter - Consultando asignaciones por vendedor: 73ed0c2b-851c-44c8-a08b-ded6f61924f9
2026-04-12 17:39:58 [http-nio-3000-exec-7] DEBUG c.b.p.a.d.a.s.AutorizacionAuthService - Perfil obtenido exitosamente para usuario ID: f2dc5b92-7ded-4c42-9e5a-d8a22aaf4a3a
2026-04-12 17:39:58 [http-nio-3000-exec-7] INFO  c.b.p.a.a.i.c.InventarioRestAdapter - GET /inventario/vendedor/7dec6fc9-8ddc-48c6-86a3-a1dbfc46f80e - consulta por mateovargas220705@gmail.com
2026-04-12 17:39:58 [http-nio-3000-exec-7] INFO  c.b.p.a.d.i.s.GestionInventarioService - Consultando cargas por vendedor: 7dec6fc9-8ddc-48c6-86a3-a1dbfc46f80e
2026-04-12 17:39:58 [http-nio-3000-exec-7] DEBUG c.b.p.a.i.p.s.a.SupabaseAsignacionRepositoryAdapter - Consultando asignaciones por vendedor: 7dec6fc9-8ddc-48c6-86a3-a1dbfc46f80e
2026-04-12 17:39:58 [http-nio-3000-exec-4] DEBUG c.b.p.a.d.a.s.AutorizacionAuthService - Perfil obtenido exitosamente para usuario ID: f2dc5b92-7ded-4c42-9e5a-d8a22aaf4a3a
2026-04-12 17:39:58 [http-nio-3000-exec-4] INFO  c.b.p.a.a.i.c.InventarioRestAdapter - GET /inventario/vendedor/997e2337-32a6-4ba5-84fb-873ef1b6036f - consulta por mateovargas220705@gmail.com
2026-04-12 17:39:58 [http-nio-3000-exec-4] INFO  c.b.p.a.d.i.s.GestionInventarioService - Consultando cargas por vendedor: 997e2337-32a6-4ba5-84fb-873ef1b6036f
2026-04-12 17:39:58 [http-nio-3000-exec-4] DEBUG c.b.p.a.i.p.s.a.SupabaseAsignacionRepositoryAdapter - Consultando asignaciones por vendedor: 997e2337-32a6-4ba5-84fb-873ef1b6036f
2026-04-12 17:39:58 [http-nio-3000-exec-8] DEBUG c.b.p.a.d.a.s.AutorizacionAuthService - Perfil obtenido exitosamente para usuario ID: f2dc5b92-7ded-4c42-9e5a-d8a22aaf4a3a
2026-04-12 17:39:58 [http-nio-3000-exec-8] INFO  c.b.p.a.a.i.c.InventarioRestAdapter - GET /inventario/vendedor/2ab0631c-da17-4bd8-b9b9-237de54711c6 - consulta por mateovargas220705@gmail.com
2026-04-12 17:39:58 [http-nio-3000-exec-8] INFO  c.b.p.a.d.i.s.GestionInventarioService - Consultando cargas por vendedor: 2ab0631c-da17-4bd8-b9b9-237de54711c6
2026-04-12 17:39:58 [http-nio-3000-exec-8] DEBUG c.b.p.a.i.p.s.a.SupabaseAsignacionRepositoryAdapter - Consultando asignaciones por vendedor: 2ab0631c-da17-4bd8-b9b9-237de54711c6
2026-04-12 17:39:58 [http-nio-3000-exec-10] DEBUG c.b.p.a.d.a.s.AutorizacionAuthService - Perfil obtenido exitosamente para usuario ID: f2dc5b92-7ded-4c42-9e5a-d8a22aaf4a3a
2026-04-12 17:39:58 [http-nio-3000-exec-10] INFO  c.b.p.a.a.i.c.InventarioRestAdapter - GET /inventario/vendedor/6b0a5026-52f3-475a-a20f-5aacf94764f0 - consulta por mateovargas220705@gmail.com
2026-04-12 17:39:58 [http-nio-3000-exec-10] INFO  c.b.p.a.d.i.s.GestionInventarioService - Consultando cargas por vendedor: 6b0a5026-52f3-475a-a20f-5aacf94764f0
2026-04-12 17:39:58 [http-nio-3000-exec-10] DEBUG c.b.p.a.i.p.s.a.SupabaseAsignacionRepositoryAdapter - Consultando asignaciones por vendedor: 6b0a5026-52f3-475a-a20f-5aacf94764f0
2026-04-12 17:39:59 [http-nio-3000-exec-6] DEBUG c.b.p.a.i.p.s.a.SupabaseAsignacionRepositoryAdapter - Asignaciones encontradas para vendedor 73ed0c2b-851c-44c8-a08b-ded6f61924f9: 4
2026-04-12 17:39:59 [http-nio-3000-exec-4] DEBUG c.b.p.a.i.p.s.a.SupabaseAsignacionRepositoryAdapter - Asignaciones encontradas para vendedor 997e2337-32a6-4ba5-84fb-873ef1b6036f: 0
2026-04-12 17:39:59 [http-nio-3000-exec-8] DEBUG c.b.p.a.i.p.s.a.SupabaseAsignacionRepositoryAdapter - Asignaciones encontradas para vendedor 2ab0631c-da17-4bd8-b9b9-237de54711c6: 7
2026-04-12 17:39:59 [http-nio-3000-exec-7] DEBUG c.b.p.a.i.p.s.a.SupabaseAsignacionRepositoryAdapter - Asignaciones encontradas para vendedor 7dec6fc9-8ddc-48c6-86a3-a1dbfc46f80e: 0
2026-04-12 17:39:59 [http-nio-3000-exec-10] DEBUG c.b.p.a.i.p.s.a.SupabaseAsignacionRepositoryAdapter - Asignaciones encontradas para vendedor 6b0a5026-52f3-475a-a20f-5aacf94764f0: 4
2026-04-12 17:40:03 [http-nio-3000-exec-1] INFO  c.b.p.a.a.p.c.ProductosRestAdapter - GET /productos - Obtener todos los productos
2026-04-12 17:40:03 [http-nio-3000-exec-1] DEBUG c.b.p.a.d.p.s.GestionProductosService - Obteniendo todos los productos
2026-04-12 17:40:03 [http-nio-3000-exec-2] INFO  c.b.p.a.a.v.c.VendedoresRestAdapter - GET /vendedores - Obtener todos los vendedores
2026-04-12 17:40:03 [http-nio-3000-exec-2] DEBUG c.b.p.a.d.v.s.GestionVendedoresService - Obteniendo todos los vendedores
2026-04-12 17:40:03 [http-nio-3000-exec-5] INFO  c.b.p.a.a.p.c.ProductosRestAdapter - GET /productos/stock-bajo - Consultando alertas con umbral: 100
2026-04-12 17:40:03 [http-nio-3000-exec-5] DEBUG c.b.p.a.d.p.s.GestionProductosService - Obteniendo productos con stock bajo. Umbral: 100
2026-04-12 17:40:03 [http-nio-3000-exec-2] DEBUG c.b.p.a.d.v.s.GestionVendedoresService - Se obtuvieron 5 vendedores
2026-04-12 17:40:03 [http-nio-3000-exec-2] DEBUG c.b.p.a.a.v.c.VendedoresRestAdapter - Se obtuvieron 5 vendedores
2026-04-12 17:40:03 [http-nio-3000-exec-5] DEBUG c.b.p.a.d.p.s.GestionProductosService - Se encontraron 22 productos con stock bajo
2026-04-12 17:40:03 [http-nio-3000-exec-1] DEBUG c.b.p.a.d.p.s.GestionProductosService - Se obtuvieron 23 productos
2026-04-12 17:40:03 [http-nio-3000-exec-1] DEBUG c.b.p.a.a.p.c.ProductosRestAdapter - Se obtuvieron 23 productos
2026-04-12 17:40:05 [http-nio-3000-exec-6] WARN  o.s.w.s.m.m.a.ExceptionHandlerExceptionResolver - Resolved [org.springframework.web.bind.MissingServletRequestParameterException: Required request parameter 'userId' for method parameter type String is not present]
2026-04-12 17:40:08 [http-nio-3000-exec-8] INFO  c.b.p.a.a.a.c.AuthRestAdapter - POST /auth/signin - Intento de autenticación para email: andres@gmail.com
2026-04-12 17:40:08 [http-nio-3000-exec-8] DEBUG c.b.p.a.d.a.s.AutorizacionAuthService - Autenticando usuario con email: andres@gmail.com
2026-04-12 17:40:08 [http-nio-3000-exec-8] DEBUG c.b.p.a.d.a.s.AutorizacionAuthService - Autenticación completada para email: andres@gmail.com
2026-04-12 17:40:08 [http-nio-3000-exec-8] INFO  c.b.p.a.a.a.c.AuthRestAdapter - Autenticación exitosa para email: andres@gmail.com
2026-04-12 17:40:08 [http-nio-3000-exec-10] INFO  c.b.p.a.a.a.c.AuthRestAdapter - GET /auth/me - Obtener perfil del usuario actual
2026-04-12 17:40:08 [http-nio-3000-exec-10] DEBUG c.b.p.a.d.a.s.AutorizacionAuthService - Obteniendo perfil por token
2026-04-12 17:40:09 [http-nio-3000-exec-10] DEBUG c.b.p.a.d.a.s.AutorizacionAuthService - Perfil obtenido exitosamente para usuario ID: 6b0a5026-52f3-475a-a20f-5aacf94764f0
2026-04-12 17:40:09 [http-nio-3000-exec-10] DEBUG c.b.p.a.a.a.c.AuthRestAdapter - Perfil obtenido para usuario: andres@gmail.com
2026-04-12 17:40:09 [http-nio-3000-exec-3] INFO  c.b.p.a.a.p.c.ProductosRestAdapter - GET /productos - Obtener todos los productos
2026-04-12 17:40:09 [http-nio-3000-exec-3] DEBUG c.b.p.a.d.p.s.GestionProductosService - Obteniendo todos los productos
2026-04-12 17:40:09 [http-nio-3000-exec-2] DEBUG c.b.p.a.d.a.s.AutorizacionAuthService - Obteniendo perfil por token
2026-04-12 17:40:09 [http-nio-3000-exec-3] DEBUG c.b.p.a.d.p.s.GestionProductosService - Se obtuvieron 23 productos
2026-04-12 17:40:09 [http-nio-3000-exec-3] DEBUG c.b.p.a.a.p.c.ProductosRestAdapter - Se obtuvieron 23 productos
2026-04-12 17:40:09 [http-nio-3000-exec-2] DEBUG c.b.p.a.d.a.s.AutorizacionAuthService - Perfil obtenido exitosamente para usuario ID: 6b0a5026-52f3-475a-a20f-5aacf94764f0
2026-04-12 17:40:09 [http-nio-3000-exec-2] INFO  c.b.p.a.a.i.c.InventarioRestAdapter - GET /inventario/vendedor/6b0a5026-52f3-475a-a20f-5aacf94764f0 - consulta por andres@gmail.com
2026-04-12 17:40:09 [http-nio-3000-exec-2] INFO  c.b.p.a.d.i.s.GestionInventarioService - Consultando cargas por vendedor: 6b0a5026-52f3-475a-a20f-5aacf94764f0
2026-04-12 17:40:09 [http-nio-3000-exec-2] DEBUG c.b.p.a.i.p.s.a.SupabaseAsignacionRepositoryAdapter - Consultando asignaciones por vendedor: 6b0a5026-52f3-475a-a20f-5aacf94764f0
2026-04-12 17:40:09 [http-nio-3000-exec-2] DEBUG c.b.p.a.i.p.s.a.SupabaseAsignacionRepositoryAdapter - Asignaciones encontradas para vendedor 6b0a5026-52f3-475a-a20f-5aacf94764f0: 4
2026-04-12 17:40:46 [http-nio-3000-exec-5] INFO  c.b.p.a.a.a.c.AuthRestAdapter - GET /auth/me - Obtener perfil del usuario actual
2026-04-12 17:40:46 [http-nio-3000-exec-5] DEBUG c.b.p.a.d.a.s.AutorizacionAuthService - Obteniendo perfil por token
2026-04-12 17:40:47 [http-nio-3000-exec-5] DEBUG c.b.p.a.d.a.s.AutorizacionAuthService - Perfil obtenido exitosamente para usuario ID: 6b0a5026-52f3-475a-a20f-5aacf94764f0
2026-04-12 17:40:47 [http-nio-3000-exec-5] DEBUG c.b.p.a.a.a.c.AuthRestAdapter - Perfil obtenido para usuario: andres@gmail.com
2026-04-12 17:40:47 [http-nio-3000-exec-1] INFO  c.b.p.a.a.p.c.ProductosRestAdapter - GET /productos - Obtener todos los productos
2026-04-12 17:40:47 [http-nio-3000-exec-1] DEBUG c.b.p.a.d.p.s.GestionProductosService - Obteniendo todos los productos
2026-04-12 17:40:47 [http-nio-3000-exec-9] DEBUG c.b.p.a.d.a.s.AutorizacionAuthService - Obteniendo perfil por token
2026-04-12 17:40:47 [http-nio-3000-exec-1] DEBUG c.b.p.a.d.p.s.GestionProductosService - Se obtuvieron 23 productos
2026-04-12 17:40:47 [http-nio-3000-exec-1] DEBUG c.b.p.a.a.p.c.ProductosRestAdapter - Se obtuvieron 23 productos
2026-04-12 17:40:47 [http-nio-3000-exec-6] INFO  c.b.p.a.a.a.c.AuthRestAdapter - GET /auth/me - Obtener perfil del usuario actual
2026-04-12 17:40:47 [http-nio-3000-exec-6] DEBUG c.b.p.a.d.a.s.AutorizacionAuthService - Obteniendo perfil por token
2026-04-12 17:40:47 [http-nio-3000-exec-9] DEBUG c.b.p.a.d.a.s.AutorizacionAuthService - Perfil obtenido exitosamente para usuario ID: 6b0a5026-52f3-475a-a20f-5aacf94764f0
2026-04-12 17:40:47 [http-nio-3000-exec-9] INFO  c.b.p.a.a.i.c.InventarioRestAdapter - GET /inventario/vendedor/6b0a5026-52f3-475a-a20f-5aacf94764f0 - consulta por andres@gmail.com
2026-04-12 17:40:47 [http-nio-3000-exec-9] INFO  c.b.p.a.d.i.s.GestionInventarioService - Consultando cargas por vendedor: 6b0a5026-52f3-475a-a20f-5aacf94764f0
2026-04-12 17:40:47 [http-nio-3000-exec-9] DEBUG c.b.p.a.i.p.s.a.SupabaseAsignacionRepositoryAdapter - Consultando asignaciones por vendedor: 6b0a5026-52f3-475a-a20f-5aacf94764f0
2026-04-12 17:40:47 [http-nio-3000-exec-9] DEBUG c.b.p.a.i.p.s.a.SupabaseAsignacionRepositoryAdapter - Asignaciones encontradas para vendedor 6b0a5026-52f3-475a-a20f-5aacf94764f0: 4
2026-04-12 17:40:47 [http-nio-3000-exec-6] DEBUG c.b.p.a.d.a.s.AutorizacionAuthService - Perfil obtenido exitosamente para usuario ID: 6b0a5026-52f3-475a-a20f-5aacf94764f0
2026-04-12 17:40:47 [http-nio-3000-exec-6] DEBUG c.b.p.a.a.a.c.AuthRestAdapter - Perfil obtenido para usuario: andres@gmail.com
2026-04-12 17:40:47 [http-nio-3000-exec-4] INFO  c.b.p.a.a.p.c.ProductosRestAdapter - GET /productos - Obtener todos los productos
2026-04-12 17:40:47 [http-nio-3000-exec-4] DEBUG c.b.p.a.d.p.s.GestionProductosService - Obteniendo todos los productos
2026-04-12 17:40:47 [http-nio-3000-exec-8] DEBUG c.b.p.a.d.a.s.AutorizacionAuthService - Obteniendo perfil por token
2026-04-12 17:40:48 [http-nio-3000-exec-4] DEBUG c.b.p.a.d.p.s.GestionProductosService - Se obtuvieron 23 productos
2026-04-12 17:40:48 [http-nio-3000-exec-4] DEBUG c.b.p.a.a.p.c.ProductosRestAdapter - Se obtuvieron 23 productos
2026-04-12 17:40:48 [http-nio-3000-exec-8] DEBUG c.b.p.a.d.a.s.AutorizacionAuthService - Perfil obtenido exitosamente para usuario ID: 6b0a5026-52f3-475a-a20f-5aacf94764f0
2026-04-12 17:40:48 [http-nio-3000-exec-8] INFO  c.b.p.a.a.i.c.InventarioRestAdapter - GET /inventario/vendedor/6b0a5026-52f3-475a-a20f-5aacf94764f0 - consulta por andres@gmail.com
2026-04-12 17:40:48 [http-nio-3000-exec-8] INFO  c.b.p.a.d.i.s.GestionInventarioService - Consultando cargas por vendedor: 6b0a5026-52f3-475a-a20f-5aacf94764f0
2026-04-12 17:40:48 [http-nio-3000-exec-8] DEBUG c.b.p.a.i.p.s.a.SupabaseAsignacionRepositoryAdapter - Consultando asignaciones por vendedor: 6b0a5026-52f3-475a-a20f-5aacf94764f0
2026-04-12 17:40:48 [http-nio-3000-exec-8] DEBUG c.b.p.a.i.p.s.a.SupabaseAsignacionRepositoryAdapter - Asignaciones encontradas para vendedor 6b0a5026-52f3-475a-a20f-5aacf94764f0: 4
2026-04-12 17:40:53 [http-nio-3000-exec-10] INFO  c.b.p.a.a.a.c.AuthRestAdapter - POST /auth/signin - Intento de autenticación para email: andres@gmail.com
2026-04-12 17:40:53 [http-nio-3000-exec-10] DEBUG c.b.p.a.d.a.s.AutorizacionAuthService - Autenticando usuario con email: andres@gmail.com
2026-04-12 17:40:53 [http-nio-3000-exec-10] DEBUG c.b.p.a.d.a.s.AutorizacionAuthService - Autenticación completada para email: andres@gmail.com
2026-04-12 17:40:53 [http-nio-3000-exec-10] INFO  c.b.p.a.a.a.c.AuthRestAdapter - Autenticación exitosa para email: andres@gmail.com
2026-04-12 17:40:53 [http-nio-3000-exec-3] INFO  c.b.p.a.a.a.c.AuthRestAdapter - GET /auth/me - Obtener perfil del usuario actual
2026-04-12 17:40:53 [http-nio-3000-exec-3] DEBUG c.b.p.a.d.a.s.AutorizacionAuthService - Obteniendo perfil por token
2026-04-12 17:40:54 [http-nio-3000-exec-3] DEBUG c.b.p.a.d.a.s.AutorizacionAuthService - Perfil obtenido exitosamente para usuario ID: 6b0a5026-52f3-475a-a20f-5aacf94764f0
2026-04-12 17:40:54 [http-nio-3000-exec-3] DEBUG c.b.p.a.a.a.c.AuthRestAdapter - Perfil obtenido para usuario: andres@gmail.com
2026-04-12 17:40:54 [http-nio-3000-exec-2] INFO  c.b.p.a.a.p.c.ProductosRestAdapter - GET /productos - Obtener todos los productos
2026-04-12 17:40:54 [http-nio-3000-exec-2] DEBUG c.b.p.a.d.p.s.GestionProductosService - Obteniendo todos los productos
2026-04-12 17:40:54 [http-nio-3000-exec-5] DEBUG c.b.p.a.d.a.s.AutorizacionAuthService - Obteniendo perfil por token
2026-04-12 17:40:54 [http-nio-3000-exec-2] DEBUG c.b.p.a.d.p.s.GestionProductosService - Se obtuvieron 23 productos
2026-04-12 17:40:54 [http-nio-3000-exec-2] DEBUG c.b.p.a.a.p.c.ProductosRestAdapter - Se obtuvieron 23 productos
2026-04-12 17:40:54 [http-nio-3000-exec-5] DEBUG c.b.p.a.d.a.s.AutorizacionAuthService - Perfil obtenido exitosamente para usuario ID: 6b0a5026-52f3-475a-a20f-5aacf94764f0
2026-04-12 17:40:54 [http-nio-3000-exec-5] INFO  c.b.p.a.a.i.c.InventarioRestAdapter - GET /inventario/vendedor/6b0a5026-52f3-475a-a20f-5aacf94764f0 - consulta por andres@gmail.com
2026-04-12 17:40:54 [http-nio-3000-exec-5] INFO  c.b.p.a.d.i.s.GestionInventarioService - Consultando cargas por vendedor: 6b0a5026-52f3-475a-a20f-5aacf94764f0
2026-04-12 17:40:54 [http-nio-3000-exec-5] DEBUG c.b.p.a.i.p.s.a.SupabaseAsignacionRepositoryAdapter - Consultando asignaciones por vendedor: 6b0a5026-52f3-475a-a20f-5aacf94764f0
2026-04-12 17:40:54 [http-nio-3000-exec-5] DEBUG c.b.p.a.i.p.s.a.SupabaseAsignacionRepositoryAdapter - Asignaciones encontradas para vendedor 6b0a5026-52f3-475a-a20f-5aacf94764f0: 4
2026-04-12 17:40:59 [http-nio-3000-exec-1] INFO  c.b.p.a.a.a.c.AuthRestAdapter - POST /auth/signin - Intento de autenticación para email: mateovargas220705@gmail.com
2026-04-12 17:40:59 [http-nio-3000-exec-1] DEBUG c.b.p.a.d.a.s.AutorizacionAuthService - Autenticando usuario con email: mateovargas220705@gmail.com
2026-04-12 17:40:59 [http-nio-3000-exec-1] DEBUG c.b.p.a.d.a.s.AutorizacionAuthService - Autenticación completada para email: mateovargas220705@gmail.com
2026-04-12 17:40:59 [http-nio-3000-exec-1] INFO  c.b.p.a.a.a.c.AuthRestAdapter - Autenticación exitosa para email: mateovargas220705@gmail.com
2026-04-12 17:40:59 [http-nio-3000-exec-9] INFO  c.b.p.a.a.p.c.ProductosRestAdapter - GET /productos - Obtener todos los productos
2026-04-12 17:40:59 [http-nio-3000-exec-9] DEBUG c.b.p.a.d.p.s.GestionProductosService - Obteniendo todos los productos
2026-04-12 17:40:59 [http-nio-3000-exec-6] INFO  c.b.p.a.a.v.c.VendedoresRestAdapter - GET /vendedores - Obtener todos los vendedores
2026-04-12 17:40:59 [http-nio-3000-exec-4] INFO  c.b.p.a.a.p.c.ProductosRestAdapter - GET /productos/stock-bajo - Consultando alertas con umbral: 100
2026-04-12 17:40:59 [http-nio-3000-exec-6] DEBUG c.b.p.a.d.v.s.GestionVendedoresService - Obteniendo todos los vendedores
2026-04-12 17:40:59 [http-nio-3000-exec-4] DEBUG c.b.p.a.d.p.s.GestionProductosService - Obteniendo productos con stock bajo. Umbral: 100
2026-04-12 17:40:59 [http-nio-3000-exec-9] DEBUG c.b.p.a.d.p.s.GestionProductosService - Se obtuvieron 23 productos
2026-04-12 17:40:59 [http-nio-3000-exec-9] DEBUG c.b.p.a.a.p.c.ProductosRestAdapter - Se obtuvieron 23 productos
2026-04-12 17:40:59 [http-nio-3000-exec-4] DEBUG c.b.p.a.d.p.s.GestionProductosService - Se encontraron 22 productos con stock bajo
2026-04-12 17:40:59 [http-nio-3000-exec-6] DEBUG c.b.p.a.d.v.s.GestionVendedoresService - Se obtuvieron 5 vendedores
2026-04-12 17:40:59 [http-nio-3000-exec-6] DEBUG c.b.p.a.a.v.c.VendedoresRestAdapter - Se obtuvieron 5 vendedores
2026-04-12 17:41:00 [http-nio-3000-exec-8] INFO  c.b.p.a.a.p.c.ProductosRestAdapter - GET /productos - Obtener todos los productos
2026-04-12 17:41:00 [http-nio-3000-exec-8] DEBUG c.b.p.a.d.p.s.GestionProductosService - Obteniendo todos los productos
2026-04-12 17:41:01 [http-nio-3000-exec-8] DEBUG c.b.p.a.d.p.s.GestionProductosService - Se obtuvieron 23 productos
2026-04-12 17:41:01 [http-nio-3000-exec-8] DEBUG c.b.p.a.a.p.c.ProductosRestAdapter - Se obtuvieron 23 productos
2026-04-12 17:41:02 [http-nio-3000-exec-7] INFO  c.b.p.a.a.v.c.VendedoresRestAdapter - GET /vendedores - Obtener todos los vendedores
2026-04-12 17:41:02 [http-nio-3000-exec-7] DEBUG c.b.p.a.d.v.s.GestionVendedoresService - Obteniendo todos los vendedores
2026-04-12 17:41:02 [http-nio-3000-exec-7] DEBUG c.b.p.a.d.v.s.GestionVendedoresService - Se obtuvieron 5 vendedores
2026-04-12 17:41:02 [http-nio-3000-exec-7] DEBUG c.b.p.a.a.v.c.VendedoresRestAdapter - Se obtuvieron 5 vendedores
2026-04-12 17:41:05 [http-nio-3000-exec-10] INFO  c.b.p.a.a.p.c.ProductosRestAdapter - GET /productos - Obtener todos los productos
2026-04-12 17:41:05 [http-nio-3000-exec-3] INFO  c.b.p.a.a.v.c.VendedoresRestAdapter - GET /vendedores - Obtener todos los vendedores
2026-04-12 17:41:05 [http-nio-3000-exec-3] DEBUG c.b.p.a.d.v.s.GestionVendedoresService - Obteniendo todos los vendedores
2026-04-12 17:41:05 [http-nio-3000-exec-10] DEBUG c.b.p.a.d.p.s.GestionProductosService - Obteniendo todos los productos
2026-04-12 17:41:05 [http-nio-3000-exec-2] INFO  c.b.p.a.a.p.c.ProductosRestAdapter - GET /productos/stock-bajo - Consultando alertas con umbral: 100
2026-04-12 17:41:05 [http-nio-3000-exec-2] DEBUG c.b.p.a.d.p.s.GestionProductosService - Obteniendo productos con stock bajo. Umbral: 100
2026-04-12 17:41:05 [http-nio-3000-exec-10] DEBUG c.b.p.a.d.p.s.GestionProductosService - Se obtuvieron 23 productos
2026-04-12 17:41:05 [http-nio-3000-exec-10] DEBUG c.b.p.a.a.p.c.ProductosRestAdapter - Se obtuvieron 23 productos
2026-04-12 17:41:05 [http-nio-3000-exec-2] DEBUG c.b.p.a.d.p.s.GestionProductosService - Se encontraron 22 productos con stock bajo
2026-04-12 17:41:05 [http-nio-3000-exec-3] DEBUG c.b.p.a.d.v.s.GestionVendedoresService - Se obtuvieron 5 vendedores
2026-04-12 17:41:05 [http-nio-3000-exec-3] DEBUG c.b.p.a.a.v.c.VendedoresRestAdapter - Se obtuvieron 5 vendedores
2026-04-12 17:41:33 [http-nio-3000-exec-5] INFO  c.b.p.a.a.v.c.VendedoresRestAdapter - GET /vendedores - Obtener todos los vendedores
2026-04-12 17:41:33 [http-nio-3000-exec-5] DEBUG c.b.p.a.d.v.s.GestionVendedoresService - Obteniendo todos los vendedores
2026-04-12 17:41:33 [http-nio-3000-exec-5] DEBUG c.b.p.a.d.v.s.GestionVendedoresService - Se obtuvieron 5 vendedores
2026-04-12 17:41:33 [http-nio-3000-exec-5] DEBUG c.b.p.a.a.v.c.VendedoresRestAdapter - Se obtuvieron 5 vendedores
2026-04-12 17:41:34 [http-nio-3000-exec-1] INFO  c.b.p.a.a.p.c.ProductosRestAdapter - GET /productos - Obtener todos los productos
2026-04-12 17:41:34 [http-nio-3000-exec-9] INFO  c.b.p.a.a.v.c.VendedoresRestAdapter - GET /vendedores - Obtener todos los vendedores
2026-04-12 17:41:34 [http-nio-3000-exec-9] DEBUG c.b.p.a.d.v.s.GestionVendedoresService - Obteniendo todos los vendedores
2026-04-12 17:41:34 [http-nio-3000-exec-1] DEBUG c.b.p.a.d.p.s.GestionProductosService - Obteniendo todos los productos
2026-04-12 17:41:34 [http-nio-3000-exec-4] INFO  c.b.p.a.a.p.c.ProductosRestAdapter - GET /productos/stock-bajo - Consultando alertas con umbral: 100
2026-04-12 17:41:34 [http-nio-3000-exec-4] DEBUG c.b.p.a.d.p.s.GestionProductosService - Obteniendo productos con stock bajo. Umbral: 100
2026-04-12 17:41:34 [http-nio-3000-exec-1] DEBUG c.b.p.a.d.p.s.GestionProductosService - Se obtuvieron 23 productos
2026-04-12 17:41:34 [http-nio-3000-exec-1] DEBUG c.b.p.a.a.p.c.ProductosRestAdapter - Se obtuvieron 23 productos
2026-04-12 17:41:34 [http-nio-3000-exec-4] DEBUG c.b.p.a.d.p.s.GestionProductosService - Se encontraron 22 productos con stock bajo
2026-04-12 17:41:34 [http-nio-3000-exec-9] DEBUG c.b.p.a.d.v.s.GestionVendedoresService - Se obtuvieron 5 vendedores
2026-04-12 17:41:34 [http-nio-3000-exec-9] DEBUG c.b.p.a.a.v.c.VendedoresRestAdapter - Se obtuvieron 5 vendedores
2026-04-12 17:42:43 [http-nio-3000-exec-10] INFO  c.b.p.a.a.v.c.VendedoresRestAdapter - GET /vendedores - Obtener todos los vendedores
2026-04-12 17:42:43 [http-nio-3000-exec-10] DEBUG c.b.p.a.d.v.s.GestionVendedoresService - Obteniendo todos los vendedores
2026-04-12 17:42:44 [http-nio-3000-exec-10] DEBUG c.b.p.a.d.v.s.GestionVendedoresService - Se obtuvieron 5 vendedores
2026-04-12 17:42:44 [http-nio-3000-exec-10] DEBUG c.b.p.a.a.v.c.VendedoresRestAdapter - Se obtuvieron 5 vendedores
2026-04-12 17:42:44 [http-nio-3000-exec-2] INFO  c.b.p.a.a.v.c.VendedoresRestAdapter - GET /vendedores - Obtener todos los vendedores
2026-04-12 17:42:44 [http-nio-3000-exec-2] DEBUG c.b.p.a.d.v.s.GestionVendedoresService - Obteniendo todos los vendedores
2026-04-12 17:42:44 [http-nio-3000-exec-3] INFO  c.b.p.a.a.p.c.ProductosRestAdapter - GET /productos - Obtener todos los productos
2026-04-12 17:42:44 [http-nio-3000-exec-3] DEBUG c.b.p.a.d.p.s.GestionProductosService - Obteniendo todos los productos
2026-04-12 17:42:44 [http-nio-3000-exec-3] DEBUG c.b.p.a.d.p.s.GestionProductosService - Se obtuvieron 23 productos
2026-04-12 17:42:44 [http-nio-3000-exec-3] DEBUG c.b.p.a.a.p.c.ProductosRestAdapter - Se obtuvieron 23 productos
2026-04-12 17:42:44 [http-nio-3000-exec-2] DEBUG c.b.p.a.d.v.s.GestionVendedoresService - Se obtuvieron 5 vendedores
2026-04-12 17:42:44 [http-nio-3000-exec-2] DEBUG c.b.p.a.a.v.c.VendedoresRestAdapter - Se obtuvieron 5 vendedores
2026-04-12 17:42:44 [http-nio-3000-exec-1] DEBUG c.b.p.a.d.a.s.AutorizacionAuthService - Obteniendo perfil por token
2026-04-12 17:42:44 [http-nio-3000-exec-5] DEBUG c.b.p.a.d.a.s.AutorizacionAuthService - Obteniendo perfil por token
2026-04-12 17:42:44 [http-nio-3000-exec-4] DEBUG c.b.p.a.d.a.s.AutorizacionAuthService - Obteniendo perfil por token
2026-04-12 17:42:44 [http-nio-3000-exec-9] DEBUG c.b.p.a.d.a.s.AutorizacionAuthService - Obteniendo perfil por token
2026-04-12 17:42:44 [http-nio-3000-exec-7] DEBUG c.b.p.a.d.a.s.AutorizacionAuthService - Obteniendo perfil por token
2026-04-12 17:42:45 [http-nio-3000-exec-9] DEBUG c.b.p.a.d.a.s.AutorizacionAuthService - Perfil obtenido exitosamente para usuario ID: f2dc5b92-7ded-4c42-9e5a-d8a22aaf4a3a
2026-04-12 17:42:45 [http-nio-3000-exec-9] INFO  c.b.p.a.a.i.c.InventarioRestAdapter - GET /inventario/vendedor/7dec6fc9-8ddc-48c6-86a3-a1dbfc46f80e - consulta por mateovargas220705@gmail.com
2026-04-12 17:42:45 [http-nio-3000-exec-9] INFO  c.b.p.a.d.i.s.GestionInventarioService - Consultando cargas por vendedor: 7dec6fc9-8ddc-48c6-86a3-a1dbfc46f80e
2026-04-12 17:42:45 [http-nio-3000-exec-9] DEBUG c.b.p.a.i.p.s.a.SupabaseAsignacionRepositoryAdapter - Consultando asignaciones por vendedor: 7dec6fc9-8ddc-48c6-86a3-a1dbfc46f80e
2026-04-12 17:42:45 [http-nio-3000-exec-1] DEBUG c.b.p.a.d.a.s.AutorizacionAuthService - Perfil obtenido exitosamente para usuario ID: f2dc5b92-7ded-4c42-9e5a-d8a22aaf4a3a
2026-04-12 17:42:45 [http-nio-3000-exec-1] INFO  c.b.p.a.a.i.c.InventarioRestAdapter - GET /inventario/vendedor/6b0a5026-52f3-475a-a20f-5aacf94764f0 - consulta por mateovargas220705@gmail.com
2026-04-12 17:42:45 [http-nio-3000-exec-4] DEBUG c.b.p.a.d.a.s.AutorizacionAuthService - Perfil obtenido exitosamente para usuario ID: f2dc5b92-7ded-4c42-9e5a-d8a22aaf4a3a
2026-04-12 17:42:45 [http-nio-3000-exec-4] INFO  c.b.p.a.a.i.c.InventarioRestAdapter - GET /inventario/vendedor/73ed0c2b-851c-44c8-a08b-ded6f61924f9 - consulta por mateovargas220705@gmail.com
2026-04-12 17:42:45 [http-nio-3000-exec-5] DEBUG c.b.p.a.d.a.s.AutorizacionAuthService - Perfil obtenido exitosamente para usuario ID: f2dc5b92-7ded-4c42-9e5a-d8a22aaf4a3a
2026-04-12 17:42:45 [http-nio-3000-exec-1] INFO  c.b.p.a.d.i.s.GestionInventarioService - Consultando cargas por vendedor: 6b0a5026-52f3-475a-a20f-5aacf94764f0
2026-04-12 17:42:45 [http-nio-3000-exec-4] INFO  c.b.p.a.d.i.s.GestionInventarioService - Consultando cargas por vendedor: 73ed0c2b-851c-44c8-a08b-ded6f61924f9
2026-04-12 17:42:45 [http-nio-3000-exec-4] DEBUG c.b.p.a.i.p.s.a.SupabaseAsignacionRepositoryAdapter - Consultando asignaciones por vendedor: 73ed0c2b-851c-44c8-a08b-ded6f61924f9
2026-04-12 17:42:45 [http-nio-3000-exec-7] DEBUG c.b.p.a.d.a.s.AutorizacionAuthService - Perfil obtenido exitosamente para usuario ID: f2dc5b92-7ded-4c42-9e5a-d8a22aaf4a3a
2026-04-12 17:42:45 [http-nio-3000-exec-5] INFO  c.b.p.a.a.i.c.InventarioRestAdapter - GET /inventario/vendedor/2ab0631c-da17-4bd8-b9b9-237de54711c6 - consulta por mateovargas220705@gmail.com
2026-04-12 17:42:45 [http-nio-3000-exec-5] INFO  c.b.p.a.d.i.s.GestionInventarioService - Consultando cargas por vendedor: 2ab0631c-da17-4bd8-b9b9-237de54711c6
2026-04-12 17:42:45 [http-nio-3000-exec-5] DEBUG c.b.p.a.i.p.s.a.SupabaseAsignacionRepositoryAdapter - Consultando asignaciones por vendedor: 2ab0631c-da17-4bd8-b9b9-237de54711c6
2026-04-12 17:42:45 [http-nio-3000-exec-1] DEBUG c.b.p.a.i.p.s.a.SupabaseAsignacionRepositoryAdapter - Consultando asignaciones por vendedor: 6b0a5026-52f3-475a-a20f-5aacf94764f0
2026-04-12 17:42:45 [http-nio-3000-exec-7] INFO  c.b.p.a.a.i.c.InventarioRestAdapter - GET /inventario/vendedor/997e2337-32a6-4ba5-84fb-873ef1b6036f - consulta por mateovargas220705@gmail.com
2026-04-12 17:42:45 [http-nio-3000-exec-7] INFO  c.b.p.a.d.i.s.GestionInventarioService - Consultando cargas por vendedor: 997e2337-32a6-4ba5-84fb-873ef1b6036f
2026-04-12 17:42:45 [http-nio-3000-exec-7] DEBUG c.b.p.a.i.p.s.a.SupabaseAsignacionRepositoryAdapter - Consultando asignaciones por vendedor: 997e2337-32a6-4ba5-84fb-873ef1b6036f
2026-04-12 17:42:45 [http-nio-3000-exec-9] DEBUG c.b.p.a.i.p.s.a.SupabaseAsignacionRepositoryAdapter - Asignaciones encontradas para vendedor 7dec6fc9-8ddc-48c6-86a3-a1dbfc46f80e: 0
2026-04-12 17:42:45 [http-nio-3000-exec-1] DEBUG c.b.p.a.i.p.s.a.SupabaseAsignacionRepositoryAdapter - Asignaciones encontradas para vendedor 6b0a5026-52f3-475a-a20f-5aacf94764f0: 4
2026-04-12 17:42:45 [http-nio-3000-exec-4] DEBUG c.b.p.a.i.p.s.a.SupabaseAsignacionRepositoryAdapter - Asignaciones encontradas para vendedor 73ed0c2b-851c-44c8-a08b-ded6f61924f9: 4
2026-04-12 17:42:45 [http-nio-3000-exec-5] DEBUG c.b.p.a.i.p.s.a.SupabaseAsignacionRepositoryAdapter - Asignaciones encontradas para vendedor 2ab0631c-da17-4bd8-b9b9-237de54711c6: 7
2026-04-12 17:42:45 [http-nio-3000-exec-7] DEBUG c.b.p.a.i.p.s.a.SupabaseAsignacionRepositoryAdapter - Asignaciones encontradas para vendedor 997e2337-32a6-4ba5-84fb-873ef1b6036f: 0
2026-04-12 17:44:12 [http-nio-3000-exec-9] INFO  c.b.p.a.a.v.c.VendedoresRestAdapter - GET /vendedores - Obtener todos los vendedores
2026-04-12 17:44:12 [http-nio-3000-exec-9] DEBUG c.b.p.a.d.v.s.GestionVendedoresService - Obteniendo todos los vendedores
2026-04-12 17:44:13 [http-nio-3000-exec-9] DEBUG c.b.p.a.d.v.s.GestionVendedoresService - Se obtuvieron 5 vendedores
2026-04-12 17:44:13 [http-nio-3000-exec-9] DEBUG c.b.p.a.a.v.c.VendedoresRestAdapter - Se obtuvieron 5 vendedores
2026-04-12 17:44:45 [http-nio-3000-exec-4] INFO  c.b.p.a.a.v.c.VendedoresRestAdapter - GET /vendedores - Obtener todos los vendedores
2026-04-12 17:44:45 [http-nio-3000-exec-1] INFO  c.b.p.a.a.p.c.ProductosRestAdapter - GET /productos - Obtener todos los productos
2026-04-12 17:44:45 [http-nio-3000-exec-1] DEBUG c.b.p.a.d.p.s.GestionProductosService - Obteniendo todos los productos
2026-04-12 17:44:45 [http-nio-3000-exec-5] INFO  c.b.p.a.a.p.c.ProductosRestAdapter - GET /productos/stock-bajo - Consultando alertas con umbral: 100
2026-04-12 17:44:45 [http-nio-3000-exec-5] DEBUG c.b.p.a.d.p.s.GestionProductosService - Obteniendo productos con stock bajo. Umbral: 100
2026-04-12 17:44:45 [http-nio-3000-exec-4] DEBUG c.b.p.a.d.v.s.GestionVendedoresService - Obteniendo todos los vendedores
2026-04-12 17:44:45 [http-nio-3000-exec-1] DEBUG c.b.p.a.d.p.s.GestionProductosService - Se obtuvieron 23 productos
2026-04-12 17:44:45 [http-nio-3000-exec-1] DEBUG c.b.p.a.a.p.c.ProductosRestAdapter - Se obtuvieron 23 productos
2026-04-12 17:44:45 [http-nio-3000-exec-5] DEBUG c.b.p.a.d.p.s.GestionProductosService - Se encontraron 22 productos con stock bajo
2026-04-12 17:44:45 [http-nio-3000-exec-4] DEBUG c.b.p.a.d.v.s.GestionVendedoresService - Se obtuvieron 5 vendedores
2026-04-12 17:44:45 [http-nio-3000-exec-4] DEBUG c.b.p.a.a.v.c.VendedoresRestAdapter - Se obtuvieron 5 vendedores
2026-04-12 17:46:35 [http-nio-3000-exec-3] INFO  c.b.p.a.a.v.c.VendedoresRestAdapter - GET /vendedores - Obtener todos los vendedores
2026-04-12 17:46:35 [http-nio-3000-exec-2] INFO  c.b.p.a.a.p.c.ProductosRestAdapter - GET /productos - Obtener todos los productos
2026-04-12 17:46:35 [http-nio-3000-exec-2] DEBUG c.b.p.a.d.p.s.GestionProductosService - Obteniendo todos los productos
2026-04-12 17:46:35 [http-nio-3000-exec-10] INFO  c.b.p.a.a.p.c.ProductosRestAdapter - GET /productos/stock-bajo - Consultando alertas con umbral: 100
2026-04-12 17:46:35 [http-nio-3000-exec-10] DEBUG c.b.p.a.d.p.s.GestionProductosService - Obteniendo productos con stock bajo. Umbral: 100
2026-04-12 17:46:35 [http-nio-3000-exec-3] DEBUG c.b.p.a.d.v.s.GestionVendedoresService - Obteniendo todos los vendedores
2026-04-12 17:46:36 [http-nio-3000-exec-3] DEBUG c.b.p.a.d.v.s.GestionVendedoresService - Se obtuvieron 5 vendedores
2026-04-12 17:46:36 [http-nio-3000-exec-3] DEBUG c.b.p.a.a.v.c.VendedoresRestAdapter - Se obtuvieron 5 vendedores
2026-04-12 17:46:36 [http-nio-3000-exec-10] DEBUG c.b.p.a.d.p.s.GestionProductosService - Se encontraron 22 productos con stock bajo
2026-04-12 17:46:36 [http-nio-3000-exec-2] DEBUG c.b.p.a.d.p.s.GestionProductosService - Se obtuvieron 23 productos
2026-04-12 17:46:36 [http-nio-3000-exec-2] DEBUG c.b.p.a.a.p.c.ProductosRestAdapter - Se obtuvieron 23 productos
2026-04-12 17:47:07 [http-nio-3000-exec-9] INFO  c.b.p.a.a.p.c.ProductosRestAdapter - GET /productos - Obtener todos los productos
2026-04-12 17:47:07 [http-nio-3000-exec-9] DEBUG c.b.p.a.d.p.s.GestionProductosService - Obteniendo todos los productos
2026-04-12 17:47:07 [http-nio-3000-exec-1] INFO  c.b.p.a.a.v.c.VendedoresRestAdapter - GET /vendedores - Obtener todos los vendedores
2026-04-12 17:47:07 [http-nio-3000-exec-1] DEBUG c.b.p.a.d.v.s.GestionVendedoresService - Obteniendo todos los vendedores
2026-04-12 17:47:07 [http-nio-3000-exec-5] INFO  c.b.p.a.a.p.c.ProductosRestAdapter - GET /productos/stock-bajo - Consultando alertas con umbral: 100
2026-04-12 17:47:07 [http-nio-3000-exec-5] DEBUG c.b.p.a.d.p.s.GestionProductosService - Obteniendo productos con stock bajo. Umbral: 100
2026-04-12 17:47:07 [http-nio-3000-exec-9] DEBUG c.b.p.a.d.p.s.GestionProductosService - Se obtuvieron 23 productos
2026-04-12 17:47:07 [http-nio-3000-exec-9] DEBUG c.b.p.a.a.p.c.ProductosRestAdapter - Se obtuvieron 23 productos
2026-04-12 17:47:07 [http-nio-3000-exec-5] DEBUG c.b.p.a.d.p.s.GestionProductosService - Se encontraron 22 productos con stock bajo
2026-04-12 17:47:07 [http-nio-3000-exec-1] DEBUG c.b.p.a.d.v.s.GestionVendedoresService - Se obtuvieron 5 vendedores
2026-04-12 17:47:07 [http-nio-3000-exec-1] DEBUG c.b.p.a.a.v.c.VendedoresRestAdapter - Se obtuvieron 5 vendedores
2026-04-12 17:47:36 [http-nio-3000-exec-4] INFO  c.b.p.a.a.p.c.ProductosRestAdapter - GET /productos - Obtener todos los productos
2026-04-12 17:47:36 [http-nio-3000-exec-4] DEBUG c.b.p.a.d.p.s.GestionProductosService - Obteniendo todos los productos
2026-04-12 17:47:36 [http-nio-3000-exec-4] DEBUG c.b.p.a.d.p.s.GestionProductosService - Se obtuvieron 23 productos
2026-04-12 17:47:36 [http-nio-3000-exec-4] DEBUG c.b.p.a.a.p.c.ProductosRestAdapter - Se obtuvieron 23 productos
2026-04-12 17:47:36 [http-nio-3000-exec-8] INFO  c.b.p.a.a.p.c.ProductosRestAdapter - GET /productos - Obtener todos los productos
2026-04-12 17:47:36 [http-nio-3000-exec-8] DEBUG c.b.p.a.d.p.s.GestionProductosService - Obteniendo todos los productos
2026-04-12 17:47:36 [http-nio-3000-exec-6] INFO  c.b.p.a.a.v.c.VendedoresRestAdapter - GET /vendedores - Obtener todos los vendedores
2026-04-12 17:47:36 [http-nio-3000-exec-7] INFO  c.b.p.a.a.p.c.ProductosRestAdapter - GET /productos/stock-bajo - Consultando alertas con umbral: 100
2026-04-12 17:47:36 [http-nio-3000-exec-6] DEBUG c.b.p.a.d.v.s.GestionVendedoresService - Obteniendo todos los vendedores
2026-04-12 17:47:36 [http-nio-3000-exec-7] DEBUG c.b.p.a.d.p.s.GestionProductosService - Obteniendo productos con stock bajo. Umbral: 100
2026-04-12 17:47:36 [http-nio-3000-exec-6] DEBUG c.b.p.a.d.v.s.GestionVendedoresService - Se obtuvieron 5 vendedores
2026-04-12 17:47:36 [http-nio-3000-exec-6] DEBUG c.b.p.a.a.v.c.VendedoresRestAdapter - Se obtuvieron 5 vendedores
2026-04-12 17:47:36 [http-nio-3000-exec-8] DEBUG c.b.p.a.d.p.s.GestionProductosService - Se obtuvieron 23 productos
2026-04-12 17:47:36 [http-nio-3000-exec-8] DEBUG c.b.p.a.a.p.c.ProductosRestAdapter - Se obtuvieron 23 productos
2026-04-12 17:47:36 [http-nio-3000-exec-7] DEBUG c.b.p.a.d.p.s.GestionProductosService - Se encontraron 22 productos con stock bajo
2026-04-12 17:47:37 [http-nio-3000-exec-10] INFO  c.b.p.a.a.v.c.VendedoresRestAdapter - GET /vendedores - Obtener todos los vendedores
2026-04-12 17:47:37 [http-nio-3000-exec-10] DEBUG c.b.p.a.d.v.s.GestionVendedoresService - Obteniendo todos los vendedores
2026-04-12 17:47:38 [http-nio-3000-exec-10] DEBUG c.b.p.a.d.v.s.GestionVendedoresService - Se obtuvieron 5 vendedores
2026-04-12 17:47:38 [http-nio-3000-exec-10] DEBUG c.b.p.a.a.v.c.VendedoresRestAdapter - Se obtuvieron 5 vendedores
2026-04-12 17:47:56 [http-nio-3000-exec-3] INFO  c.b.p.a.a.v.c.VendedoresRestAdapter - GET /vendedores - Obtener todos los vendedores
2026-04-12 17:47:56 [http-nio-3000-exec-3] DEBUG c.b.p.a.d.v.s.GestionVendedoresService - Obteniendo todos los vendedores
2026-04-12 17:47:57 [http-nio-3000-exec-3] DEBUG c.b.p.a.d.v.s.GestionVendedoresService - Se obtuvieron 5 vendedores
2026-04-12 17:47:57 [http-nio-3000-exec-3] DEBUG c.b.p.a.a.v.c.VendedoresRestAdapter - Se obtuvieron 5 vendedores
2026-04-12 17:47:59 [http-nio-3000-exec-2] INFO  c.b.p.a.a.p.c.ProductosRestAdapter - GET /productos - Obtener todos los productos
2026-04-12 17:47:59 [http-nio-3000-exec-2] DEBUG c.b.p.a.d.p.s.GestionProductosService - Obteniendo todos los productos
2026-04-12 17:47:59 [http-nio-3000-exec-2] DEBUG c.b.p.a.d.p.s.GestionProductosService - Se obtuvieron 23 productos
2026-04-12 17:47:59 [http-nio-3000-exec-2] DEBUG c.b.p.a.a.p.c.ProductosRestAdapter - Se obtuvieron 23 productos
2026-04-12 17:47:59 [http-nio-3000-exec-9] INFO  c.b.p.a.a.p.c.ProductosRestAdapter - GET /productos - Obtener todos los productos
2026-04-12 17:47:59 [http-nio-3000-exec-9] DEBUG c.b.p.a.d.p.s.GestionProductosService - Obteniendo todos los productos
2026-04-12 17:47:59 [http-nio-3000-exec-1] INFO  c.b.p.a.a.p.c.ProductosRestAdapter - GET /productos/stock-bajo - Consultando alertas con umbral: 100
2026-04-12 17:47:59 [http-nio-3000-exec-1] DEBUG c.b.p.a.d.p.s.GestionProductosService - Obteniendo productos con stock bajo. Umbral: 100
2026-04-12 17:47:59 [http-nio-3000-exec-5] INFO  c.b.p.a.a.v.c.VendedoresRestAdapter - GET /vendedores - Obtener todos los vendedores
2026-04-12 17:47:59 [http-nio-3000-exec-5] DEBUG c.b.p.a.d.v.s.GestionVendedoresService - Obteniendo todos los vendedores
2026-04-12 17:48:00 [http-nio-3000-exec-9] DEBUG c.b.p.a.d.p.s.GestionProductosService - Se obtuvieron 23 productos
2026-04-12 17:48:00 [http-nio-3000-exec-9] DEBUG c.b.p.a.a.p.c.ProductosRestAdapter - Se obtuvieron 23 productos
2026-04-12 17:48:00 [http-nio-3000-exec-1] DEBUG c.b.p.a.d.p.s.GestionProductosService - Se encontraron 22 productos con stock bajo
2026-04-12 17:48:00 [http-nio-3000-exec-5] DEBUG c.b.p.a.d.v.s.GestionVendedoresService - Se obtuvieron 5 vendedores
2026-04-12 17:48:00 [http-nio-3000-exec-5] DEBUG c.b.p.a.a.v.c.VendedoresRestAdapter - Se obtuvieron 5 vendedores
2026-04-12 17:48:01 [http-nio-3000-exec-6] INFO  c.b.p.a.a.p.c.ProductosRestAdapter - GET /productos - Obtener todos los productos
2026-04-12 17:48:01 [http-nio-3000-exec-4] INFO  c.b.p.a.a.v.c.VendedoresRestAdapter - GET /vendedores - Obtener todos los vendedores
2026-04-12 17:48:01 [http-nio-3000-exec-6] DEBUG c.b.p.a.d.p.s.GestionProductosService - Obteniendo todos los productos
2026-04-12 17:48:01 [http-nio-3000-exec-4] DEBUG c.b.p.a.d.v.s.GestionVendedoresService - Obteniendo todos los vendedores
2026-04-12 17:48:01 [http-nio-3000-exec-4] DEBUG c.b.p.a.d.v.s.GestionVendedoresService - Se obtuvieron 5 vendedores
2026-04-12 17:48:02 [http-nio-3000-exec-4] DEBUG c.b.p.a.a.v.c.VendedoresRestAdapter - Se obtuvieron 5 vendedores
2026-04-12 17:48:02 [http-nio-3000-exec-6] DEBUG c.b.p.a.d.p.s.GestionProductosService - Se obtuvieron 23 productos
2026-04-12 17:48:02 [http-nio-3000-exec-6] DEBUG c.b.p.a.a.p.c.ProductosRestAdapter - Se obtuvieron 23 productos
2026-04-12 17:48:02 [http-nio-3000-exec-7] DEBUG c.b.p.a.d.a.s.AutorizacionAuthService - Obteniendo perfil por token
2026-04-12 17:48:02 [http-nio-3000-exec-10] DEBUG c.b.p.a.d.a.s.AutorizacionAuthService - Obteniendo perfil por token
2026-04-12 17:48:02 [http-nio-3000-exec-3] DEBUG c.b.p.a.d.a.s.AutorizacionAuthService - Obteniendo perfil por token
2026-04-12 17:48:02 [http-nio-3000-exec-8] DEBUG c.b.p.a.d.a.s.AutorizacionAuthService - Obteniendo perfil por token
2026-04-12 17:48:02 [http-nio-3000-exec-2] DEBUG c.b.p.a.d.a.s.AutorizacionAuthService - Obteniendo perfil por token
2026-04-12 17:48:02 [http-nio-3000-exec-3] DEBUG c.b.p.a.d.a.s.AutorizacionAuthService - Perfil obtenido exitosamente para usuario ID: f2dc5b92-7ded-4c42-9e5a-d8a22aaf4a3a
2026-04-12 17:48:02 [http-nio-3000-exec-3] INFO  c.b.p.a.a.i.c.InventarioRestAdapter - GET /inventario/vendedor/7dec6fc9-8ddc-48c6-86a3-a1dbfc46f80e - consulta por mateovargas220705@gmail.com
2026-04-12 17:48:02 [http-nio-3000-exec-3] INFO  c.b.p.a.d.i.s.GestionInventarioService - Consultando cargas por vendedor: 7dec6fc9-8ddc-48c6-86a3-a1dbfc46f80e
2026-04-12 17:48:02 [http-nio-3000-exec-3] DEBUG c.b.p.a.i.p.s.a.SupabaseAsignacionRepositoryAdapter - Consultando asignaciones por vendedor: 7dec6fc9-8ddc-48c6-86a3-a1dbfc46f80e
2026-04-12 17:48:02 [http-nio-3000-exec-10] DEBUG c.b.p.a.d.a.s.AutorizacionAuthService - Perfil obtenido exitosamente para usuario ID: f2dc5b92-7ded-4c42-9e5a-d8a22aaf4a3a
2026-04-12 17:48:02 [http-nio-3000-exec-10] INFO  c.b.p.a.a.i.c.InventarioRestAdapter - GET /inventario/vendedor/73ed0c2b-851c-44c8-a08b-ded6f61924f9 - consulta por mateovargas220705@gmail.com
2026-04-12 17:48:02 [http-nio-3000-exec-10] INFO  c.b.p.a.d.i.s.GestionInventarioService - Consultando cargas por vendedor: 73ed0c2b-851c-44c8-a08b-ded6f61924f9
2026-04-12 17:48:02 [http-nio-3000-exec-10] DEBUG c.b.p.a.i.p.s.a.SupabaseAsignacionRepositoryAdapter - Consultando asignaciones por vendedor: 73ed0c2b-851c-44c8-a08b-ded6f61924f9
2026-04-12 17:48:02 [http-nio-3000-exec-2] DEBUG c.b.p.a.d.a.s.AutorizacionAuthService - Perfil obtenido exitosamente para usuario ID: f2dc5b92-7ded-4c42-9e5a-d8a22aaf4a3a
2026-04-12 17:48:02 [http-nio-3000-exec-2] INFO  c.b.p.a.a.i.c.InventarioRestAdapter - GET /inventario/vendedor/997e2337-32a6-4ba5-84fb-873ef1b6036f - consulta por mateovargas220705@gmail.com
2026-04-12 17:48:02 [http-nio-3000-exec-8] DEBUG c.b.p.a.d.a.s.AutorizacionAuthService - Perfil obtenido exitosamente para usuario ID: f2dc5b92-7ded-4c42-9e5a-d8a22aaf4a3a
2026-04-12 17:48:02 [http-nio-3000-exec-8] INFO  c.b.p.a.a.i.c.InventarioRestAdapter - GET /inventario/vendedor/6b0a5026-52f3-475a-a20f-5aacf94764f0 - consulta por mateovargas220705@gmail.com
2026-04-12 17:48:02 [http-nio-3000-exec-8] INFO  c.b.p.a.d.i.s.GestionInventarioService - Consultando cargas por vendedor: 6b0a5026-52f3-475a-a20f-5aacf94764f0
2026-04-12 17:48:02 [http-nio-3000-exec-8] DEBUG c.b.p.a.i.p.s.a.SupabaseAsignacionRepositoryAdapter - Consultando asignaciones por vendedor: 6b0a5026-52f3-475a-a20f-5aacf94764f0
2026-04-12 17:48:02 [http-nio-3000-exec-2] INFO  c.b.p.a.d.i.s.GestionInventarioService - Consultando cargas por vendedor: 997e2337-32a6-4ba5-84fb-873ef1b6036f
2026-04-12 17:48:02 [http-nio-3000-exec-2] DEBUG c.b.p.a.i.p.s.a.SupabaseAsignacionRepositoryAdapter - Consultando asignaciones por vendedor: 997e2337-32a6-4ba5-84fb-873ef1b6036f
2026-04-12 17:48:02 [http-nio-3000-exec-7] DEBUG c.b.p.a.d.a.s.AutorizacionAuthService - Perfil obtenido exitosamente para usuario ID: f2dc5b92-7ded-4c42-9e5a-d8a22aaf4a3a
2026-04-12 17:48:02 [http-nio-3000-exec-7] INFO  c.b.p.a.a.i.c.InventarioRestAdapter - GET /inventario/vendedor/2ab0631c-da17-4bd8-b9b9-237de54711c6 - consulta por mateovargas220705@gmail.com
2026-04-12 17:48:02 [http-nio-3000-exec-7] INFO  c.b.p.a.d.i.s.GestionInventarioService - Consultando cargas por vendedor: 2ab0631c-da17-4bd8-b9b9-237de54711c6
2026-04-12 17:48:02 [http-nio-3000-exec-7] DEBUG c.b.p.a.i.p.s.a.SupabaseAsignacionRepositoryAdapter - Consultando asignaciones por vendedor: 2ab0631c-da17-4bd8-b9b9-237de54711c6
2026-04-12 17:48:02 [http-nio-3000-exec-3] DEBUG c.b.p.a.i.p.s.a.SupabaseAsignacionRepositoryAdapter - Asignaciones encontradas para vendedor 7dec6fc9-8ddc-48c6-86a3-a1dbfc46f80e: 0
2026-04-12 17:48:02 [http-nio-3000-exec-2] DEBUG c.b.p.a.i.p.s.a.SupabaseAsignacionRepositoryAdapter - Asignaciones encontradas para vendedor 997e2337-32a6-4ba5-84fb-873ef1b6036f: 0
2026-04-12 17:48:02 [http-nio-3000-exec-10] DEBUG c.b.p.a.i.p.s.a.SupabaseAsignacionRepositoryAdapter - Asignaciones encontradas para vendedor 73ed0c2b-851c-44c8-a08b-ded6f61924f9: 4
2026-04-12 17:48:02 [http-nio-3000-exec-8] DEBUG c.b.p.a.i.p.s.a.SupabaseAsignacionRepositoryAdapter - Asignaciones encontradas para vendedor 6b0a5026-52f3-475a-a20f-5aacf94764f0: 4
2026-04-12 17:48:02 [http-nio-3000-exec-7] DEBUG c.b.p.a.i.p.s.a.SupabaseAsignacionRepositoryAdapter - Asignaciones encontradas para vendedor 2ab0631c-da17-4bd8-b9b9-237de54711c6: 7
2026-04-12 17:48:03 [http-nio-3000-exec-9] INFO  c.b.p.a.a.p.c.ProductosRestAdapter - GET /productos - Obtener todos los productos
2026-04-12 17:48:03 [http-nio-3000-exec-9] DEBUG c.b.p.a.d.p.s.GestionProductosService - Obteniendo todos los productos
2026-04-12 17:48:03 [http-nio-3000-exec-9] DEBUG c.b.p.a.d.p.s.GestionProductosService - Se obtuvieron 23 productos
2026-04-12 17:48:03 [http-nio-3000-exec-9] DEBUG c.b.p.a.a.p.c.ProductosRestAdapter - Se obtuvieron 23 productos
2026-04-12 17:48:03 [http-nio-3000-exec-1] INFO  c.b.p.a.a.v.c.VendedoresRestAdapter - GET /vendedores - Obtener todos los vendedores
2026-04-12 17:48:03 [http-nio-3000-exec-1] DEBUG c.b.p.a.d.v.s.GestionVendedoresService - Obteniendo todos los vendedores
2026-04-12 17:48:03 [http-nio-3000-exec-1] DEBUG c.b.p.a.d.v.s.GestionVendedoresService - Se obtuvieron 5 vendedores
2026-04-12 17:48:03 [http-nio-3000-exec-1] DEBUG c.b.p.a.a.v.c.VendedoresRestAdapter - Se obtuvieron 5 vendedores
2026-04-12 17:48:04 [http-nio-3000-exec-5] INFO  c.b.p.a.a.p.c.ProductosRestAdapter - GET /productos - Obtener todos los productos
2026-04-12 17:48:04 [http-nio-3000-exec-5] DEBUG c.b.p.a.d.p.s.GestionProductosService - Obteniendo todos los productos
2026-04-12 17:48:04 [http-nio-3000-exec-4] INFO  c.b.p.a.a.v.c.VendedoresRestAdapter - GET /vendedores - Obtener todos los vendedores
2026-04-12 17:48:04 [http-nio-3000-exec-4] DEBUG c.b.p.a.d.v.s.GestionVendedoresService - Obteniendo todos los vendedores
2026-04-12 17:48:04 [http-nio-3000-exec-6] INFO  c.b.p.a.a.p.c.ProductosRestAdapter - GET /productos/stock-bajo - Consultando alertas con umbral: 100
2026-04-12 17:48:04 [http-nio-3000-exec-6] DEBUG c.b.p.a.d.p.s.GestionProductosService - Obteniendo productos con stock bajo. Umbral: 100
2026-04-12 17:48:05 [http-nio-3000-exec-6] DEBUG c.b.p.a.d.p.s.GestionProductosService - Se encontraron 22 productos con stock bajo
2026-04-12 17:48:05 [http-nio-3000-exec-4] DEBUG c.b.p.a.d.v.s.GestionVendedoresService - Se obtuvieron 5 vendedores
2026-04-12 17:48:05 [http-nio-3000-exec-4] DEBUG c.b.p.a.a.v.c.VendedoresRestAdapter - Se obtuvieron 5 vendedores
2026-04-12 17:48:05 [http-nio-3000-exec-5] DEBUG c.b.p.a.d.p.s.GestionProductosService - Se obtuvieron 23 productos
2026-04-12 17:48:05 [http-nio-3000-exec-5] DEBUG c.b.p.a.a.p.c.ProductosRestAdapter - Se obtuvieron 23 productos
2026-04-12 17:49:07 [http-nio-3000-exec-9] INFO  c.b.p.a.a.v.c.VendedoresRestAdapter - GET /vendedores - Obtener todos los vendedores
2026-04-12 17:49:07 [http-nio-3000-exec-9] DEBUG c.b.p.a.d.v.s.GestionVendedoresService - Obteniendo todos los vendedores
2026-04-12 17:49:08 [http-nio-3000-exec-9] DEBUG c.b.p.a.d.v.s.GestionVendedoresService - Se obtuvieron 5 vendedores
2026-04-12 17:49:08 [http-nio-3000-exec-9] DEBUG c.b.p.a.a.v.c.VendedoresRestAdapter - Se obtuvieron 5 vendedores
2026-04-12 17:49:08 [http-nio-3000-exec-1] INFO  c.b.p.a.a.p.c.ProductosRestAdapter - GET /productos - Obtener todos los productos
2026-04-12 17:49:08 [http-nio-3000-exec-1] DEBUG c.b.p.a.d.p.s.GestionProductosService - Obteniendo todos los productos
2026-04-12 17:49:08 [http-nio-3000-exec-1] DEBUG c.b.p.a.d.p.s.GestionProductosService - Se obtuvieron 23 productos
2026-04-12 17:49:08 [http-nio-3000-exec-1] DEBUG c.b.p.a.a.p.c.ProductosRestAdapter - Se obtuvieron 23 productos
2026-04-12 17:49:08 [http-nio-3000-exec-6] INFO  c.b.p.a.a.v.c.VendedoresRestAdapter - GET /vendedores - Obtener todos los vendedores
2026-04-12 17:49:08 [http-nio-3000-exec-6] DEBUG c.b.p.a.d.v.s.GestionVendedoresService - Obteniendo todos los vendedores
2026-04-12 17:49:08 [http-nio-3000-exec-4] INFO  c.b.p.a.a.p.c.ProductosRestAdapter - GET /productos - Obtener todos los productos
2026-04-12 17:49:08 [http-nio-3000-exec-4] DEBUG c.b.p.a.d.p.s.GestionProductosService - Obteniendo todos los productos
2026-04-12 17:49:08 [http-nio-3000-exec-6] DEBUG c.b.p.a.d.v.s.GestionVendedoresService - Se obtuvieron 5 vendedores
2026-04-12 17:49:08 [http-nio-3000-exec-6] DEBUG c.b.p.a.a.v.c.VendedoresRestAdapter - Se obtuvieron 5 vendedores
2026-04-12 17:49:08 [http-nio-3000-exec-4] DEBUG c.b.p.a.d.p.s.GestionProductosService - Se obtuvieron 23 productos
2026-04-12 17:49:08 [http-nio-3000-exec-4] DEBUG c.b.p.a.a.p.c.ProductosRestAdapter - Se obtuvieron 23 productos
2026-04-12 17:49:08 [http-nio-3000-exec-2] DEBUG c.b.p.a.d.a.s.AutorizacionAuthService - Obteniendo perfil por token
2026-04-12 17:49:08 [http-nio-3000-exec-3] DEBUG c.b.p.a.d.a.s.AutorizacionAuthService - Obteniendo perfil por token
2026-04-12 17:49:08 [http-nio-3000-exec-10] DEBUG c.b.p.a.d.a.s.AutorizacionAuthService - Obteniendo perfil por token
2026-04-12 17:49:08 [http-nio-3000-exec-8] DEBUG c.b.p.a.d.a.s.AutorizacionAuthService - Obteniendo perfil por token
2026-04-12 17:49:08 [http-nio-3000-exec-5] DEBUG c.b.p.a.d.a.s.AutorizacionAuthService - Obteniendo perfil por token
2026-04-12 17:49:09 [http-nio-3000-exec-3] DEBUG c.b.p.a.d.a.s.AutorizacionAuthService - Perfil obtenido exitosamente para usuario ID: f2dc5b92-7ded-4c42-9e5a-d8a22aaf4a3a
2026-04-12 17:49:09 [http-nio-3000-exec-8] DEBUG c.b.p.a.d.a.s.AutorizacionAuthService - Perfil obtenido exitosamente para usuario ID: f2dc5b92-7ded-4c42-9e5a-d8a22aaf4a3a
2026-04-12 17:49:09 [http-nio-3000-exec-8] INFO  c.b.p.a.a.i.c.InventarioRestAdapter - GET /inventario/vendedor/997e2337-32a6-4ba5-84fb-873ef1b6036f - consulta por mateovargas220705@gmail.com
2026-04-12 17:49:09 [http-nio-3000-exec-8] INFO  c.b.p.a.d.i.s.GestionInventarioService - Consultando cargas por vendedor: 997e2337-32a6-4ba5-84fb-873ef1b6036f
2026-04-12 17:49:09 [http-nio-3000-exec-8] DEBUG c.b.p.a.i.p.s.a.SupabaseAsignacionRepositoryAdapter - Consultando asignaciones por vendedor: 997e2337-32a6-4ba5-84fb-873ef1b6036f
2026-04-12 17:49:09 [http-nio-3000-exec-3] INFO  c.b.p.a.a.i.c.InventarioRestAdapter - GET /inventario/vendedor/6b0a5026-52f3-475a-a20f-5aacf94764f0 - consulta por mateovargas220705@gmail.com
2026-04-12 17:49:09 [http-nio-3000-exec-3] INFO  c.b.p.a.d.i.s.GestionInventarioService - Consultando cargas por vendedor: 6b0a5026-52f3-475a-a20f-5aacf94764f0
2026-04-12 17:49:09 [http-nio-3000-exec-3] DEBUG c.b.p.a.i.p.s.a.SupabaseAsignacionRepositoryAdapter - Consultando asignaciones por vendedor: 6b0a5026-52f3-475a-a20f-5aacf94764f0
2026-04-12 17:49:09 [http-nio-3000-exec-10] DEBUG c.b.p.a.d.a.s.AutorizacionAuthService - Perfil obtenido exitosamente para usuario ID: f2dc5b92-7ded-4c42-9e5a-d8a22aaf4a3a
2026-04-12 17:49:09 [http-nio-3000-exec-10] INFO  c.b.p.a.a.i.c.InventarioRestAdapter - GET /inventario/vendedor/7dec6fc9-8ddc-48c6-86a3-a1dbfc46f80e - consulta por mateovargas220705@gmail.com
2026-04-12 17:49:09 [http-nio-3000-exec-10] INFO  c.b.p.a.d.i.s.GestionInventarioService - Consultando cargas por vendedor: 7dec6fc9-8ddc-48c6-86a3-a1dbfc46f80e
2026-04-12 17:49:09 [http-nio-3000-exec-10] DEBUG c.b.p.a.i.p.s.a.SupabaseAsignacionRepositoryAdapter - Consultando asignaciones por vendedor: 7dec6fc9-8ddc-48c6-86a3-a1dbfc46f80e
2026-04-12 17:49:09 [http-nio-3000-exec-5] DEBUG c.b.p.a.d.a.s.AutorizacionAuthService - Perfil obtenido exitosamente para usuario ID: f2dc5b92-7ded-4c42-9e5a-d8a22aaf4a3a
2026-04-12 17:49:09 [http-nio-3000-exec-5] INFO  c.b.p.a.a.i.c.InventarioRestAdapter - GET /inventario/vendedor/2ab0631c-da17-4bd8-b9b9-237de54711c6 - consulta por mateovargas220705@gmail.com
2026-04-12 17:49:09 [http-nio-3000-exec-5] INFO  c.b.p.a.d.i.s.GestionInventarioService - Consultando cargas por vendedor: 2ab0631c-da17-4bd8-b9b9-237de54711c6
2026-04-12 17:49:09 [http-nio-3000-exec-5] DEBUG c.b.p.a.i.p.s.a.SupabaseAsignacionRepositoryAdapter - Consultando asignaciones por vendedor: 2ab0631c-da17-4bd8-b9b9-237de54711c6
2026-04-12 17:49:09 [http-nio-3000-exec-2] DEBUG c.b.p.a.d.a.s.AutorizacionAuthService - Perfil obtenido exitosamente para usuario ID: f2dc5b92-7ded-4c42-9e5a-d8a22aaf4a3a
2026-04-12 17:49:09 [http-nio-3000-exec-2] INFO  c.b.p.a.a.i.c.InventarioRestAdapter - GET /inventario/vendedor/73ed0c2b-851c-44c8-a08b-ded6f61924f9 - consulta por mateovargas220705@gmail.com
2026-04-12 17:49:09 [http-nio-3000-exec-2] INFO  c.b.p.a.d.i.s.GestionInventarioService - Consultando cargas por vendedor: 73ed0c2b-851c-44c8-a08b-ded6f61924f9
2026-04-12 17:49:09 [http-nio-3000-exec-2] DEBUG c.b.p.a.i.p.s.a.SupabaseAsignacionRepositoryAdapter - Consultando asignaciones por vendedor: 73ed0c2b-851c-44c8-a08b-ded6f61924f9
2026-04-12 17:49:09 [http-nio-3000-exec-3] DEBUG c.b.p.a.i.p.s.a.SupabaseAsignacionRepositoryAdapter - Asignaciones encontradas para vendedor 6b0a5026-52f3-475a-a20f-5aacf94764f0: 4
2026-04-12 17:49:09 [http-nio-3000-exec-8] DEBUG c.b.p.a.i.p.s.a.SupabaseAsignacionRepositoryAdapter - Asignaciones encontradas para vendedor 997e2337-32a6-4ba5-84fb-873ef1b6036f: 0
2026-04-12 17:49:09 [http-nio-3000-exec-2] DEBUG c.b.p.a.i.p.s.a.SupabaseAsignacionRepositoryAdapter - Asignaciones encontradas para vendedor 73ed0c2b-851c-44c8-a08b-ded6f61924f9: 4
2026-04-12 17:49:09 [http-nio-3000-exec-10] DEBUG c.b.p.a.i.p.s.a.SupabaseAsignacionRepositoryAdapter - Asignaciones encontradas para vendedor 7dec6fc9-8ddc-48c6-86a3-a1dbfc46f80e: 0
2026-04-12 17:49:09 [http-nio-3000-exec-5] DEBUG c.b.p.a.i.p.s.a.SupabaseAsignacionRepositoryAdapter - Asignaciones encontradas para vendedor 2ab0631c-da17-4bd8-b9b9-237de54711c6: 7
2026-04-12 17:49:11 [http-nio-3000-exec-7] INFO  c.b.p.a.a.p.c.ProductosRestAdapter - GET /productos - Obtener todos los productos
2026-04-12 17:49:11 [http-nio-3000-exec-7] DEBUG c.b.p.a.d.p.s.GestionProductosService - Obteniendo todos los productos
2026-04-12 17:49:11 [http-nio-3000-exec-7] DEBUG c.b.p.a.d.p.s.GestionProductosService - Se obtuvieron 23 productos
2026-04-12 17:49:11 [http-nio-3000-exec-7] DEBUG c.b.p.a.a.p.c.ProductosRestAdapter - Se obtuvieron 23 productos
2026-04-12 17:49:12 [http-nio-3000-exec-9] INFO  c.b.p.a.a.v.c.VendedoresRestAdapter - GET /vendedores - Obtener todos los vendedores
2026-04-12 17:49:12 [http-nio-3000-exec-9] DEBUG c.b.p.a.d.v.s.GestionVendedoresService - Obteniendo todos los vendedores
2026-04-12 17:49:12 [http-nio-3000-exec-9] DEBUG c.b.p.a.d.v.s.GestionVendedoresService - Se obtuvieron 5 vendedores
2026-04-12 17:49:12 [http-nio-3000-exec-9] DEBUG c.b.p.a.a.v.c.VendedoresRestAdapter - Se obtuvieron 5 vendedores
2026-04-12 17:49:12 [http-nio-3000-exec-1] INFO  c.b.p.a.a.p.c.ProductosRestAdapter - GET /productos - Obtener todos los productos
2026-04-12 17:49:12 [http-nio-3000-exec-1] DEBUG c.b.p.a.d.p.s.GestionProductosService - Obteniendo todos los productos
2026-04-12 17:49:12 [http-nio-3000-exec-6] INFO  c.b.p.a.a.v.c.VendedoresRestAdapter - GET /vendedores - Obtener todos los vendedores
2026-04-12 17:49:12 [http-nio-3000-exec-6] DEBUG c.b.p.a.d.v.s.GestionVendedoresService - Obteniendo todos los vendedores
2026-04-12 17:49:12 [http-nio-3000-exec-4] INFO  c.b.p.a.a.p.c.ProductosRestAdapter - GET /productos/stock-bajo - Consultando alertas con umbral: 100
2026-04-12 17:49:12 [http-nio-3000-exec-4] DEBUG c.b.p.a.d.p.s.GestionProductosService - Obteniendo productos con stock bajo. Umbral: 100
2026-04-12 17:49:12 [http-nio-3000-exec-1] DEBUG c.b.p.a.d.p.s.GestionProductosService - Se obtuvieron 23 productos
2026-04-12 17:49:12 [http-nio-3000-exec-1] DEBUG c.b.p.a.a.p.c.ProductosRestAdapter - Se obtuvieron 23 productos
2026-04-12 17:49:12 [http-nio-3000-exec-4] DEBUG c.b.p.a.d.p.s.GestionProductosService - Se encontraron 22 productos con stock bajo
2026-04-12 17:49:12 [http-nio-3000-exec-6] DEBUG c.b.p.a.d.v.s.GestionVendedoresService - Se obtuvieron 5 vendedores
2026-04-12 17:49:12 [http-nio-3000-exec-6] DEBUG c.b.p.a.a.v.c.VendedoresRestAdapter - Se obtuvieron 5 vendedores
2026-04-12 17:49:14 [http-nio-3000-exec-3] INFO  c.b.p.a.a.v.c.VendedoresRestAdapter - GET /vendedores - Obtener todos los vendedores
2026-04-12 17:49:14 [http-nio-3000-exec-3] DEBUG c.b.p.a.d.v.s.GestionVendedoresService - Obteniendo todos los vendedores
2026-04-12 17:49:14 [http-nio-3000-exec-3] DEBUG c.b.p.a.d.v.s.GestionVendedoresService - Se obtuvieron 5 vendedores
2026-04-12 17:49:14 [http-nio-3000-exec-3] DEBUG c.b.p.a.a.v.c.VendedoresRestAdapter - Se obtuvieron 5 vendedores
2026-04-12 17:49:47 [http-nio-3000-exec-2] INFO  c.b.p.a.a.p.c.ProductosRestAdapter - GET /productos - Obtener todos los productos
2026-04-12 17:49:47 [http-nio-3000-exec-2] DEBUG c.b.p.a.d.p.s.GestionProductosService - Obteniendo todos los productos
2026-04-12 17:49:47 [http-nio-3000-exec-2] DEBUG c.b.p.a.d.p.s.GestionProductosService - Se obtuvieron 23 productos
2026-04-12 17:49:47 [http-nio-3000-exec-2] DEBUG c.b.p.a.a.p.c.ProductosRestAdapter - Se obtuvieron 23 productos
2026-04-12 17:50:03 [http-nio-3000-exec-8] INFO  c.b.p.a.a.v.c.VendedoresRestAdapter - GET /vendedores - Obtener todos los vendedores
2026-04-12 17:50:03 [http-nio-3000-exec-8] DEBUG c.b.p.a.d.v.s.GestionVendedoresService - Obteniendo todos los vendedores
2026-04-12 17:50:03 [http-nio-3000-exec-8] DEBUG c.b.p.a.d.v.s.GestionVendedoresService - Se obtuvieron 5 vendedores
2026-04-12 17:50:03 [http-nio-3000-exec-8] DEBUG c.b.p.a.a.v.c.VendedoresRestAdapter - Se obtuvieron 5 vendedores
2026-04-12 17:52:00 [http-nio-3000-exec-4] INFO  c.b.p.a.a.v.c.VendedoresRestAdapter - GET /vendedores - Obtener todos los vendedores
2026-04-12 17:52:00 [http-nio-3000-exec-4] DEBUG c.b.p.a.d.v.s.GestionVendedoresService - Obteniendo todos los vendedores
2026-04-12 17:52:01 [http-nio-3000-exec-4] DEBUG c.b.p.a.d.v.s.GestionVendedoresService - Se obtuvieron 5 vendedores
2026-04-12 17:52:01 [http-nio-3000-exec-4] DEBUG c.b.p.a.a.v.c.VendedoresRestAdapter - Se obtuvieron 5 vendedores
2026-04-12 17:52:01 [http-nio-3000-exec-6] INFO  c.b.p.a.a.p.c.ProductosRestAdapter - GET /productos - Obtener todos los productos
2026-04-12 17:52:01 [http-nio-3000-exec-6] DEBUG c.b.p.a.d.p.s.GestionProductosService - Obteniendo todos los productos
2026-04-12 17:52:01 [http-nio-3000-exec-3] INFO  c.b.p.a.a.v.c.VendedoresRestAdapter - GET /vendedores - Obtener todos los vendedores
2026-04-12 17:52:01 [http-nio-3000-exec-3] DEBUG c.b.p.a.d.v.s.GestionVendedoresService - Obteniendo todos los vendedores
2026-04-12 17:52:01 [http-nio-3000-exec-2] INFO  c.b.p.a.a.p.c.ProductosRestAdapter - GET /productos/stock-bajo - Consultando alertas con umbral: 100
2026-04-12 17:52:01 [http-nio-3000-exec-2] DEBUG c.b.p.a.d.p.s.GestionProductosService - Obteniendo productos con stock bajo. Umbral: 100
2026-04-12 17:52:01 [http-nio-3000-exec-2] DEBUG c.b.p.a.d.p.s.GestionProductosService - Se encontraron 22 productos con stock bajo
2026-04-12 17:52:01 [http-nio-3000-exec-3] DEBUG c.b.p.a.d.v.s.GestionVendedoresService - Se obtuvieron 5 vendedores
2026-04-12 17:52:01 [http-nio-3000-exec-3] DEBUG c.b.p.a.a.v.c.VendedoresRestAdapter - Se obtuvieron 5 vendedores
2026-04-12 17:52:02 [http-nio-3000-exec-6] DEBUG c.b.p.a.d.p.s.GestionProductosService - Se obtuvieron 23 productos
2026-04-12 17:52:02 [http-nio-3000-exec-6] DEBUG c.b.p.a.a.p.c.ProductosRestAdapter - Se obtuvieron 23 productos
2026-04-12 17:52:02 [http-nio-3000-exec-8] INFO  c.b.p.a.a.p.c.ProductosRestAdapter - GET /productos - Obtener todos los productos
2026-04-12 17:52:02 [http-nio-3000-exec-8] DEBUG c.b.p.a.d.p.s.GestionProductosService - Obteniendo todos los productos
2026-04-12 17:52:02 [http-nio-3000-exec-8] DEBUG c.b.p.a.d.p.s.GestionProductosService - Se obtuvieron 23 productos
2026-04-12 17:52:02 [http-nio-3000-exec-8] DEBUG c.b.p.a.a.p.c.ProductosRestAdapter - Se obtuvieron 23 productos
2026-04-12 17:52:19 [http-nio-3000-exec-10] INFO  c.b.p.a.a.p.c.ProductosRestAdapter - GET /productos - Obtener todos los productos
2026-04-12 17:52:19 [http-nio-3000-exec-10] DEBUG c.b.p.a.d.p.s.GestionProductosService - Obteniendo todos los productos
2026-04-12 17:52:19 [http-nio-3000-exec-10] DEBUG c.b.p.a.d.p.s.GestionProductosService - Se obtuvieron 23 productos
2026-04-12 17:52:19 [http-nio-3000-exec-10] DEBUG c.b.p.a.a.p.c.ProductosRestAdapter - Se obtuvieron 23 productos
2026-04-12 17:52:51 [http-nio-3000-exec-5] INFO  c.b.p.a.a.p.c.ProductosRestAdapter - GET /productos - Obtener todos los productos
2026-04-12 17:52:51 [http-nio-3000-exec-5] DEBUG c.b.p.a.d.p.s.GestionProductosService - Obteniendo todos los productos
2026-04-12 17:52:52 [http-nio-3000-exec-5] DEBUG c.b.p.a.d.p.s.GestionProductosService - Se obtuvieron 23 productos
2026-04-12 17:52:52 [http-nio-3000-exec-5] DEBUG c.b.p.a.a.p.c.ProductosRestAdapter - Se obtuvieron 23 productos
2026-04-12 17:52:53 [http-nio-3000-exec-9] INFO  c.b.p.a.a.v.c.VendedoresRestAdapter - GET /vendedores - Obtener todos los vendedores
2026-04-12 17:52:53 [http-nio-3000-exec-9] DEBUG c.b.p.a.d.v.s.GestionVendedoresService - Obteniendo todos los vendedores
2026-04-12 17:52:53 [http-nio-3000-exec-9] DEBUG c.b.p.a.d.v.s.GestionVendedoresService - Se obtuvieron 5 vendedores
2026-04-12 17:52:53 [http-nio-3000-exec-9] DEBUG c.b.p.a.a.v.c.VendedoresRestAdapter - Se obtuvieron 5 vendedores
2026-04-12 17:52:56 [http-nio-3000-exec-7] INFO  c.b.p.a.a.p.c.ProductosRestAdapter - GET /productos - Obtener todos los productos
2026-04-12 17:52:56 [http-nio-3000-exec-7] DEBUG c.b.p.a.d.p.s.GestionProductosService - Obteniendo todos los productos
2026-04-12 17:52:56 [http-nio-3000-exec-4] INFO  c.b.p.a.a.v.c.VendedoresRestAdapter - GET /vendedores - Obtener todos los vendedores
2026-04-12 17:52:56 [http-nio-3000-exec-4] DEBUG c.b.p.a.d.v.s.GestionVendedoresService - Obteniendo todos los vendedores
2026-04-12 17:52:56 [http-nio-3000-exec-1] INFO  c.b.p.a.a.p.c.ProductosRestAdapter - GET /productos/stock-bajo - Consultando alertas con umbral: 100
2026-04-12 17:52:56 [http-nio-3000-exec-1] DEBUG c.b.p.a.d.p.s.GestionProductosService - Obteniendo productos con stock bajo. Umbral: 100
2026-04-12 17:52:56 [http-nio-3000-exec-4] DEBUG c.b.p.a.d.v.s.GestionVendedoresService - Se obtuvieron 5 vendedores
2026-04-12 17:52:56 [http-nio-3000-exec-4] DEBUG c.b.p.a.a.v.c.VendedoresRestAdapter - Se obtuvieron 5 vendedores
2026-04-12 17:52:56 [http-nio-3000-exec-7] DEBUG c.b.p.a.d.p.s.GestionProductosService - Se obtuvieron 23 productos
2026-04-12 17:52:56 [http-nio-3000-exec-7] DEBUG c.b.p.a.a.p.c.ProductosRestAdapter - Se obtuvieron 23 productos
2026-04-12 17:52:56 [http-nio-3000-exec-1] DEBUG c.b.p.a.d.p.s.GestionProductosService - Se encontraron 22 productos con stock bajo
2026-04-12 17:54:19 [http-nio-3000-exec-8] INFO  c.b.p.a.a.p.c.ProductosRestAdapter - GET /productos - Obtener todos los productos
2026-04-12 17:54:19 [http-nio-3000-exec-10] INFO  c.b.p.a.a.v.c.VendedoresRestAdapter - GET /vendedores - Obtener todos los vendedores
2026-04-12 17:54:19 [http-nio-3000-exec-8] DEBUG c.b.p.a.d.p.s.GestionProductosService - Obteniendo todos los productos
2026-04-12 17:54:19 [http-nio-3000-exec-5] INFO  c.b.p.a.a.p.c.ProductosRestAdapter - GET /productos/stock-bajo - Consultando alertas con umbral: 100
2026-04-12 17:54:19 [http-nio-3000-exec-10] DEBUG c.b.p.a.d.v.s.GestionVendedoresService - Obteniendo todos los vendedores
2026-04-12 17:54:19 [http-nio-3000-exec-5] DEBUG c.b.p.a.d.p.s.GestionProductosService - Obteniendo productos con stock bajo. Umbral: 100
2026-04-12 17:54:20 [http-nio-3000-exec-8] DEBUG c.b.p.a.d.p.s.GestionProductosService - Se obtuvieron 23 productos
2026-04-12 17:54:20 [http-nio-3000-exec-8] DEBUG c.b.p.a.a.p.c.ProductosRestAdapter - Se obtuvieron 23 productos
2026-04-12 17:54:20 [http-nio-3000-exec-10] DEBUG c.b.p.a.d.v.s.GestionVendedoresService - Se obtuvieron 5 vendedores
2026-04-12 17:54:20 [http-nio-3000-exec-10] DEBUG c.b.p.a.a.v.c.VendedoresRestAdapter - Se obtuvieron 5 vendedores
2026-04-12 17:54:20 [http-nio-3000-exec-5] DEBUG c.b.p.a.d.p.s.GestionProductosService - Se encontraron 22 productos con stock bajo
2026-04-12 17:54:37 [http-nio-3000-exec-9] INFO  c.b.p.a.a.v.c.VendedoresRestAdapter - GET /vendedores - Obtener todos los vendedores
2026-04-12 17:54:37 [http-nio-3000-exec-9] DEBUG c.b.p.a.d.v.s.GestionVendedoresService - Obteniendo todos los vendedores
2026-04-12 17:54:37 [http-nio-3000-exec-9] DEBUG c.b.p.a.d.v.s.GestionVendedoresService - Se obtuvieron 5 vendedores
2026-04-12 17:54:37 [http-nio-3000-exec-9] DEBUG c.b.p.a.a.v.c.VendedoresRestAdapter - Se obtuvieron 5 vendedores
2026-04-12 17:55:06 [http-nio-3000-exec-4] INFO  c.b.p.a.a.p.c.ProductosRestAdapter - GET /productos - Obtener todos los productos
2026-04-12 17:55:06 [http-nio-3000-exec-4] DEBUG c.b.p.a.d.p.s.GestionProductosService - Obteniendo todos los productos
2026-04-12 17:55:06 [http-nio-3000-exec-4] DEBUG c.b.p.a.d.p.s.GestionProductosService - Se obtuvieron 23 productos
2026-04-12 17:55:06 [http-nio-3000-exec-4] DEBUG c.b.p.a.a.p.c.ProductosRestAdapter - Se obtuvieron 23 productos
2026-04-12 17:55:25 [http-nio-3000-exec-6] INFO  c.b.p.a.a.p.c.ProductosRestAdapter - GET /productos - Obtener todos los productos
2026-04-12 17:55:25 [http-nio-3000-exec-6] DEBUG c.b.p.a.d.p.s.GestionProductosService - Obteniendo todos los productos
2026-04-12 17:55:25 [http-nio-3000-exec-3] INFO  c.b.p.a.a.v.c.VendedoresRestAdapter - GET /vendedores - Obtener todos los vendedores
2026-04-12 17:55:25 [http-nio-3000-exec-3] DEBUG c.b.p.a.d.v.s.GestionVendedoresService - Obteniendo todos los vendedores
2026-04-12 17:55:25 [http-nio-3000-exec-2] INFO  c.b.p.a.a.p.c.ProductosRestAdapter - GET /productos/stock-bajo - Consultando alertas con umbral: 100
2026-04-12 17:55:25 [http-nio-3000-exec-2] DEBUG c.b.p.a.d.p.s.GestionProductosService - Obteniendo productos con stock bajo. Umbral: 100
2026-04-12 17:55:25 [http-nio-3000-exec-3] DEBUG c.b.p.a.d.v.s.GestionVendedoresService - Se obtuvieron 5 vendedores
2026-04-12 17:55:25 [http-nio-3000-exec-3] DEBUG c.b.p.a.a.v.c.VendedoresRestAdapter - Se obtuvieron 5 vendedores
2026-04-12 17:55:25 [http-nio-3000-exec-2] DEBUG c.b.p.a.d.p.s.GestionProductosService - Se encontraron 22 productos con stock bajo
2026-04-12 17:55:25 [http-nio-3000-exec-6] DEBUG c.b.p.a.d.p.s.GestionProductosService - Se obtuvieron 23 productos
2026-04-12 17:55:25 [http-nio-3000-exec-6] DEBUG c.b.p.a.a.p.c.ProductosRestAdapter - Se obtuvieron 23 productos
2026-04-12 17:55:52 [http-nio-3000-exec-8] INFO  c.b.p.a.a.v.c.VendedoresRestAdapter - GET /vendedores - Obtener todos los vendedores
2026-04-12 17:55:52 [http-nio-3000-exec-8] DEBUG c.b.p.a.d.v.s.GestionVendedoresService - Obteniendo todos los vendedores
2026-04-12 17:55:53 [http-nio-3000-exec-8] DEBUG c.b.p.a.d.v.s.GestionVendedoresService - Se obtuvieron 5 vendedores
2026-04-12 17:55:53 [http-nio-3000-exec-8] DEBUG c.b.p.a.a.v.c.VendedoresRestAdapter - Se obtuvieron 5 vendedores
2026-04-12 17:56:00 [http-nio-3000-exec-5] INFO  c.b.p.a.a.v.c.VendedoresRestAdapter - PUT /vendedores/2ab0631c-da17-4bd8-b9b9-237de54711c6 - Actualizar vendedor
2026-04-12 17:56:00 [http-nio-3000-exec-5] DEBUG c.b.p.a.d.v.s.GestionVendedoresService - Actualizando vendedor - ID: 2ab0631c-da17-4bd8-b9b9-237de54711c6
2026-04-12 17:56:00 [http-nio-3000-exec-5] DEBUG c.b.p.a.d.v.s.GestionVendedoresService - Obteniendo vendedor por ID: 2ab0631c-da17-4bd8-b9b9-237de54711c6
2026-04-12 17:56:00 [http-nio-3000-exec-5] DEBUG c.b.p.a.d.v.s.GestionVendedoresService - Vendedor encontrado - ID: 2ab0631c-da17-4bd8-b9b9-237de54711c6, Email: valeganvillarroel@gmail.com
2026-04-12 17:56:00 [http-nio-3000-exec-5] DEBUG c.b.p.a.d.v.s.GestionVendedoresService - Nombre actualizado a: valeria
2026-04-12 17:56:00 [http-nio-3000-exec-5] DEBUG c.b.p.a.d.v.s.GestionVendedoresService - Email actualizado a: valeganvillarroel@gmail.com
2026-04-12 17:56:00 [http-nio-3000-exec-5] DEBUG c.b.p.a.d.v.s.GestionVendedoresService - Estado actualizado a: INACTIVO
2026-04-12 17:56:00 [http-nio-3000-exec-5] DEBUG c.b.p.a.d.v.s.GestionVendedoresService - Cambios aplicados al sistema de autenticación para vendedor ID: 2ab0631c-da17-4bd8-b9b9-237de54711c6
2026-04-12 17:56:01 [http-nio-3000-exec-5] INFO  c.b.p.a.d.v.s.GestionVendedoresService - Vendedor actualizado exitosamente - ID: 2ab0631c-da17-4bd8-b9b9-237de54711c6
2026-04-12 17:56:01 [http-nio-3000-exec-5] INFO  c.b.p.a.a.v.c.VendedoresRestAdapter - Vendedor actualizado exitosamente - ID: 2ab0631c-da17-4bd8-b9b9-237de54711c6
2026-04-12 17:56:01 [http-nio-3000-exec-9] INFO  c.b.p.a.a.v.c.VendedoresRestAdapter - GET /vendedores - Obtener todos los vendedores
2026-04-12 17:56:01 [http-nio-3000-exec-9] DEBUG c.b.p.a.d.v.s.GestionVendedoresService - Obteniendo todos los vendedores
2026-04-12 17:56:01 [http-nio-3000-exec-9] DEBUG c.b.p.a.d.v.s.GestionVendedoresService - Se obtuvieron 5 vendedores
2026-04-12 17:56:01 [http-nio-3000-exec-9] DEBUG c.b.p.a.a.v.c.VendedoresRestAdapter - Se obtuvieron 5 vendedores
2026-04-12 17:56:02 [http-nio-3000-exec-4] INFO  c.b.p.a.a.p.c.ProductosRestAdapter - GET /productos - Obtener todos los productos
2026-04-12 17:56:02 [http-nio-3000-exec-4] DEBUG c.b.p.a.d.p.s.GestionProductosService - Obteniendo todos los productos
2026-04-12 17:56:02 [http-nio-3000-exec-7] INFO  c.b.p.a.a.v.c.VendedoresRestAdapter - GET /vendedores - Obtener todos los vendedores
2026-04-12 17:56:02 [http-nio-3000-exec-7] DEBUG c.b.p.a.d.v.s.GestionVendedoresService - Obteniendo todos los vendedores
2026-04-12 17:56:02 [http-nio-3000-exec-1] INFO  c.b.p.a.a.p.c.ProductosRestAdapter - GET /productos/stock-bajo - Consultando alertas con umbral: 100
2026-04-12 17:56:02 [http-nio-3000-exec-1] DEBUG c.b.p.a.d.p.s.GestionProductosService - Obteniendo productos con stock bajo. Umbral: 100
2026-04-12 17:56:02 [http-nio-3000-exec-4] DEBUG c.b.p.a.d.p.s.GestionProductosService - Se obtuvieron 23 productos
2026-04-12 17:56:02 [http-nio-3000-exec-4] DEBUG c.b.p.a.a.p.c.ProductosRestAdapter - Se obtuvieron 23 productos
2026-04-12 17:56:02 [http-nio-3000-exec-1] DEBUG c.b.p.a.d.p.s.GestionProductosService - Se encontraron 22 productos con stock bajo
2026-04-12 17:56:02 [http-nio-3000-exec-7] DEBUG c.b.p.a.d.v.s.GestionVendedoresService - Se obtuvieron 5 vendedores
2026-04-12 17:56:02 [http-nio-3000-exec-7] DEBUG c.b.p.a.a.v.c.VendedoresRestAdapter - Se obtuvieron 5 vendedores
2026-04-12 17:58:45 [http-nio-3000-exec-8] INFO  c.b.p.a.a.p.c.ProductosRestAdapter - GET /productos - Obtener todos los productos
2026-04-12 17:58:45 [http-nio-3000-exec-8] DEBUG c.b.p.a.d.p.s.GestionProductosService - Obteniendo todos los productos
2026-04-12 17:58:45 [http-nio-3000-exec-10] INFO  c.b.p.a.a.v.c.VendedoresRestAdapter - GET /vendedores - Obtener todos los vendedores
2026-04-12 17:58:45 [http-nio-3000-exec-10] DEBUG c.b.p.a.d.v.s.GestionVendedoresService - Obteniendo todos los vendedores
2026-04-12 17:58:45 [http-nio-3000-exec-5] INFO  c.b.p.a.a.p.c.ProductosRestAdapter - GET /productos/stock-bajo - Consultando alertas con umbral: 100
2026-04-12 17:58:45 [http-nio-3000-exec-5] DEBUG c.b.p.a.d.p.s.GestionProductosService - Obteniendo productos con stock bajo. Umbral: 100
2026-04-12 17:58:46 [http-nio-3000-exec-8] DEBUG c.b.p.a.d.p.s.GestionProductosService - Se obtuvieron 23 productos
2026-04-12 17:58:46 [http-nio-3000-exec-8] DEBUG c.b.p.a.a.p.c.ProductosRestAdapter - Se obtuvieron 23 productos
2026-04-12 17:58:46 [http-nio-3000-exec-5] DEBUG c.b.p.a.d.p.s.GestionProductosService - Se encontraron 22 productos con stock bajo
2026-04-12 17:58:46 [http-nio-3000-exec-10] DEBUG c.b.p.a.d.v.s.GestionVendedoresService - Se obtuvieron 5 vendedores
2026-04-12 17:58:46 [http-nio-3000-exec-10] DEBUG c.b.p.a.a.v.c.VendedoresRestAdapter - Se obtuvieron 5 vendedores
2026-04-12 17:58:53 [http-nio-3000-exec-9] WARN  o.s.w.s.m.m.a.ExceptionHandlerExceptionResolver - Resolved [org.springframework.web.bind.MissingServletRequestParameterException: Required request parameter 'userId' for method parameter type String is not present]
2026-04-12 17:58:59 [http-nio-3000-exec-4] INFO  c.b.p.a.a.a.c.AuthRestAdapter - POST /auth/signin - Intento de autenticación para email: valeganvillarroel@gmail.com
2026-04-12 17:58:59 [http-nio-3000-exec-4] DEBUG c.b.p.a.d.a.s.AutorizacionAuthService - Autenticando usuario con email: valeganvillarroel@gmail.com
2026-04-12 17:58:59 [http-nio-3000-exec-4] DEBUG c.b.p.a.d.a.s.AutorizacionAuthService - Autenticación completada para email: valeganvillarroel@gmail.com
2026-04-12 17:58:59 [http-nio-3000-exec-4] INFO  c.b.p.a.a.a.c.AuthRestAdapter - Autenticación exitosa para email: valeganvillarroel@gmail.com
2026-04-12 17:58:59 [http-nio-3000-exec-1] INFO  c.b.p.a.a.a.c.AuthRestAdapter - GET /auth/me - Obtener perfil del usuario actual
2026-04-12 17:58:59 [http-nio-3000-exec-1] DEBUG c.b.p.a.d.a.s.AutorizacionAuthService - Obteniendo perfil por token
2026-04-12 17:58:59 [http-nio-3000-exec-1] DEBUG c.b.p.a.d.a.s.AutorizacionAuthService - Perfil obtenido exitosamente para usuario ID: 2ab0631c-da17-4bd8-b9b9-237de54711c6
2026-04-12 17:58:59 [http-nio-3000-exec-1] DEBUG c.b.p.a.a.a.c.AuthRestAdapter - Perfil obtenido para usuario: valeganvillarroel@gmail.com
2026-04-12 17:58:59 [http-nio-3000-exec-6] INFO  c.b.p.a.a.p.c.ProductosRestAdapter - GET /productos - Obtener todos los productos
2026-04-12 17:58:59 [http-nio-3000-exec-6] DEBUG c.b.p.a.d.p.s.GestionProductosService - Obteniendo todos los productos
2026-04-12 17:58:59 [http-nio-3000-exec-2] DEBUG c.b.p.a.d.a.s.AutorizacionAuthService - Obteniendo perfil por token
2026-04-12 17:59:00 [http-nio-3000-exec-6] DEBUG c.b.p.a.d.p.s.GestionProductosService - Se obtuvieron 23 productos
2026-04-12 17:59:00 [http-nio-3000-exec-6] DEBUG c.b.p.a.a.p.c.ProductosRestAdapter - Se obtuvieron 23 productos
2026-04-12 17:59:00 [http-nio-3000-exec-2] DEBUG c.b.p.a.d.a.s.AutorizacionAuthService - Perfil obtenido exitosamente para usuario ID: 2ab0631c-da17-4bd8-b9b9-237de54711c6
2026-04-12 17:59:00 [http-nio-3000-exec-2] INFO  c.b.p.a.a.i.c.InventarioRestAdapter - GET /inventario/vendedor/2ab0631c-da17-4bd8-b9b9-237de54711c6 - consulta por valeganvillarroel@gmail.com
2026-04-12 17:59:00 [http-nio-3000-exec-2] INFO  c.b.p.a.d.i.s.GestionInventarioService - Consultando cargas por vendedor: 2ab0631c-da17-4bd8-b9b9-237de54711c6
2026-04-12 17:59:00 [http-nio-3000-exec-2] DEBUG c.b.p.a.i.p.s.a.SupabaseAsignacionRepositoryAdapter - Consultando asignaciones por vendedor: 2ab0631c-da17-4bd8-b9b9-237de54711c6
2026-04-12 17:59:00 [http-nio-3000-exec-2] DEBUG c.b.p.a.i.p.s.a.SupabaseAsignacionRepositoryAdapter - Asignaciones encontradas para vendedor 2ab0631c-da17-4bd8-b9b9-237de54711c6: 7
2026-04-12 17:59:59 [http-nio-3000-exec-8] DEBUG c.b.p.a.d.a.s.AutorizacionAuthService - Obteniendo perfil por token
2026-04-12 17:59:59 [http-nio-3000-exec-10] DEBUG c.b.p.a.d.a.s.AutorizacionAuthService - Obteniendo perfil por token
2026-04-12 17:59:59 [http-nio-3000-exec-8] DEBUG c.b.p.a.d.a.s.AutorizacionAuthService - Perfil obtenido exitosamente para usuario ID: 2ab0631c-da17-4bd8-b9b9-237de54711c6
2026-04-12 17:59:59 [http-nio-3000-exec-8] INFO  c.b.p.a.a.i.c.InventarioRestAdapter - PATCH /inventario/confirmar-salida/15 por vendedor valeganvillarroel@gmail.com
2026-04-12 17:59:59 [http-nio-3000-exec-8] INFO  c.b.p.a.d.i.s.GestionInventarioService - Confirmación de salida por vendedor - idCarga: 15, vendedor: 2ab0631c-da17-4bd8-b9b9-237de54711c6
2026-04-12 17:59:59 [http-nio-3000-exec-8] DEBUG c.b.p.a.i.p.s.a.SupabaseAsignacionRepositoryAdapter - Consultando asignación por idCarga: 15
2026-04-12 17:59:59 [http-nio-3000-exec-10] DEBUG c.b.p.a.d.a.s.AutorizacionAuthService - Perfil obtenido exitosamente para usuario ID: 2ab0631c-da17-4bd8-b9b9-237de54711c6
2026-04-12 17:59:59 [http-nio-3000-exec-10] INFO  c.b.p.a.a.i.c.InventarioRestAdapter - PATCH /inventario/confirmar-salida/14 por vendedor valeganvillarroel@gmail.com
2026-04-12 17:59:59 [http-nio-3000-exec-10] INFO  c.b.p.a.d.i.s.GestionInventarioService - Confirmación de salida por vendedor - idCarga: 14, vendedor: 2ab0631c-da17-4bd8-b9b9-237de54711c6
2026-04-12 17:59:59 [http-nio-3000-exec-10] DEBUG c.b.p.a.i.p.s.a.SupabaseAsignacionRepositoryAdapter - Consultando asignación por idCarga: 14
2026-04-12 17:59:59 [http-nio-3000-exec-8] DEBUG c.b.p.a.i.p.s.a.SupabaseAsignacionRepositoryAdapter - Asignación encontrada para idCarga: 15
2026-04-12 17:59:59 [http-nio-3000-exec-8] DEBUG c.b.p.a.i.p.s.a.SupabaseAsignacionRepositoryAdapter - Actualizando estado de asignación - idCarga: 15, nuevoEstado: VALIDADO
2026-04-12 17:59:59 [http-nio-3000-exec-10] DEBUG c.b.p.a.i.p.s.a.SupabaseAsignacionRepositoryAdapter - Asignación encontrada para idCarga: 14
2026-04-12 17:59:59 [http-nio-3000-exec-10] DEBUG c.b.p.a.i.p.s.a.SupabaseAsignacionRepositoryAdapter - Actualizando estado de asignación - idCarga: 14, nuevoEstado: VALIDADO
2026-04-12 17:59:59 [http-nio-3000-exec-8] INFO  c.b.p.a.i.p.s.a.SupabaseAsignacionRepositoryAdapter - Estado actualizado correctamente - idCarga: 15, estado: VALIDADO
2026-04-12 17:59:59 [http-nio-3000-exec-8] INFO  c.b.p.a.d.i.s.GestionInventarioService - Carga validada por vendedor y confirmada en salida - idCarga: 15
2026-04-12 17:59:59 [http-nio-3000-exec-9] INFO  c.b.p.a.a.a.c.AuthRestAdapter - GET /auth/me - Obtener perfil del usuario actual
2026-04-12 17:59:59 [http-nio-3000-exec-9] DEBUG c.b.p.a.d.a.s.AutorizacionAuthService - Obteniendo perfil por token
2026-04-12 18:00:00 [http-nio-3000-exec-10] INFO  c.b.p.a.i.p.s.a.SupabaseAsignacionRepositoryAdapter - Estado actualizado correctamente - idCarga: 14, estado: VALIDADO
2026-04-12 18:00:00 [http-nio-3000-exec-10] INFO  c.b.p.a.d.i.s.GestionInventarioService - Carga validada por vendedor y confirmada en salida - idCarga: 14
2026-04-12 18:00:00 [http-nio-3000-exec-9] DEBUG c.b.p.a.d.a.s.AutorizacionAuthService - Perfil obtenido exitosamente para usuario ID: 2ab0631c-da17-4bd8-b9b9-237de54711c6
2026-04-12 18:00:00 [http-nio-3000-exec-9] DEBUG c.b.p.a.a.a.c.AuthRestAdapter - Perfil obtenido para usuario: valeganvillarroel@gmail.com
2026-04-12 18:00:00 [http-nio-3000-exec-4] INFO  c.b.p.a.a.a.c.AuthRestAdapter - GET /auth/me - Obtener perfil del usuario actual
2026-04-12 18:00:00 [http-nio-3000-exec-4] DEBUG c.b.p.a.d.a.s.AutorizacionAuthService - Obteniendo perfil por token
2026-04-12 18:00:00 [http-nio-3000-exec-1] INFO  c.b.p.a.a.p.c.ProductosRestAdapter - GET /productos - Obtener todos los productos
2026-04-12 18:00:00 [http-nio-3000-exec-1] DEBUG c.b.p.a.d.p.s.GestionProductosService - Obteniendo todos los productos
2026-04-12 18:00:00 [http-nio-3000-exec-7] DEBUG c.b.p.a.d.a.s.AutorizacionAuthService - Obteniendo perfil por token
2026-04-12 18:00:00 [http-nio-3000-exec-1] DEBUG c.b.p.a.d.p.s.GestionProductosService - Se obtuvieron 23 productos
2026-04-12 18:00:00 [http-nio-3000-exec-1] DEBUG c.b.p.a.a.p.c.ProductosRestAdapter - Se obtuvieron 23 productos
2026-04-12 18:00:00 [http-nio-3000-exec-4] DEBUG c.b.p.a.d.a.s.AutorizacionAuthService - Perfil obtenido exitosamente para usuario ID: 2ab0631c-da17-4bd8-b9b9-237de54711c6
2026-04-12 18:00:00 [http-nio-3000-exec-4] DEBUG c.b.p.a.a.a.c.AuthRestAdapter - Perfil obtenido para usuario: valeganvillarroel@gmail.com
2026-04-12 18:00:00 [http-nio-3000-exec-6] INFO  c.b.p.a.a.p.c.ProductosRestAdapter - GET /productos - Obtener todos los productos
2026-04-12 18:00:00 [http-nio-3000-exec-6] DEBUG c.b.p.a.d.p.s.GestionProductosService - Obteniendo todos los productos
2026-04-12 18:00:00 [http-nio-3000-exec-7] DEBUG c.b.p.a.d.a.s.AutorizacionAuthService - Perfil obtenido exitosamente para usuario ID: 2ab0631c-da17-4bd8-b9b9-237de54711c6
2026-04-12 18:00:00 [http-nio-3000-exec-7] INFO  c.b.p.a.a.i.c.InventarioRestAdapter - GET /inventario/vendedor/2ab0631c-da17-4bd8-b9b9-237de54711c6 - consulta por valeganvillarroel@gmail.com
2026-04-12 18:00:00 [http-nio-3000-exec-7] INFO  c.b.p.a.d.i.s.GestionInventarioService - Consultando cargas por vendedor: 2ab0631c-da17-4bd8-b9b9-237de54711c6
2026-04-12 18:00:00 [http-nio-3000-exec-7] DEBUG c.b.p.a.i.p.s.a.SupabaseAsignacionRepositoryAdapter - Consultando asignaciones por vendedor: 2ab0631c-da17-4bd8-b9b9-237de54711c6
2026-04-12 18:00:00 [http-nio-3000-exec-6] DEBUG c.b.p.a.d.p.s.GestionProductosService - Se obtuvieron 23 productos
2026-04-12 18:00:00 [http-nio-3000-exec-6] DEBUG c.b.p.a.a.p.c.ProductosRestAdapter - Se obtuvieron 23 productos
2026-04-12 18:00:00 [http-nio-3000-exec-7] DEBUG c.b.p.a.i.p.s.a.SupabaseAsignacionRepositoryAdapter - Asignaciones encontradas para vendedor 2ab0631c-da17-4bd8-b9b9-237de54711c6: 7
2026-04-12 18:00:00 [http-nio-3000-exec-2] DEBUG c.b.p.a.d.a.s.AutorizacionAuthService - Obteniendo perfil por token
2026-04-12 18:00:01 [http-nio-3000-exec-2] DEBUG c.b.p.a.d.a.s.AutorizacionAuthService - Perfil obtenido exitosamente para usuario ID: 2ab0631c-da17-4bd8-b9b9-237de54711c6
2026-04-12 18:00:01 [http-nio-3000-exec-2] INFO  c.b.p.a.a.i.c.InventarioRestAdapter - GET /inventario/vendedor/2ab0631c-da17-4bd8-b9b9-237de54711c6 - consulta por valeganvillarroel@gmail.com
2026-04-12 18:00:01 [http-nio-3000-exec-2] INFO  c.b.p.a.d.i.s.GestionInventarioService - Consultando cargas por vendedor: 2ab0631c-da17-4bd8-b9b9-237de54711c6
2026-04-12 18:00:01 [http-nio-3000-exec-2] DEBUG c.b.p.a.i.p.s.a.SupabaseAsignacionRepositoryAdapter - Consultando asignaciones por vendedor: 2ab0631c-da17-4bd8-b9b9-237de54711c6
2026-04-12 18:00:01 [http-nio-3000-exec-2] DEBUG c.b.p.a.i.p.s.a.SupabaseAsignacionRepositoryAdapter - Asignaciones encontradas para vendedor 2ab0631c-da17-4bd8-b9b9-237de54711c6: 7
2026-04-12 18:00:12 [http-nio-3000-exec-3] INFO  c.b.p.a.a.a.c.AuthRestAdapter - POST /auth/signin - Intento de autenticación para email: mateovargas220705@gmail.com
2026-04-12 18:00:12 [http-nio-3000-exec-3] DEBUG c.b.p.a.d.a.s.AutorizacionAuthService - Autenticando usuario con email: mateovargas220705@gmail.com
2026-04-12 18:00:12 [http-nio-3000-exec-3] DEBUG c.b.p.a.d.a.s.AutorizacionAuthService - Autenticación completada para email: mateovargas220705@gmail.com
2026-04-12 18:00:12 [http-nio-3000-exec-3] INFO  c.b.p.a.a.a.c.AuthRestAdapter - Autenticación exitosa para email: mateovargas220705@gmail.com
2026-04-12 18:00:12 [http-nio-3000-exec-5] INFO  c.b.p.a.a.p.c.ProductosRestAdapter - GET /productos - Obtener todos los productos
2026-04-12 18:00:12 [http-nio-3000-exec-8] INFO  c.b.p.a.a.v.c.VendedoresRestAdapter - GET /vendedores - Obtener todos los vendedores
2026-04-12 18:00:12 [http-nio-3000-exec-10] INFO  c.b.p.a.a.p.c.ProductosRestAdapter - GET /productos/stock-bajo - Consultando alertas con umbral: 100
2026-04-12 18:00:12 [http-nio-3000-exec-5] DEBUG c.b.p.a.d.p.s.GestionProductosService - Obteniendo todos los productos
2026-04-12 18:00:12 [http-nio-3000-exec-8] DEBUG c.b.p.a.d.v.s.GestionVendedoresService - Obteniendo todos los vendedores
2026-04-12 18:00:12 [http-nio-3000-exec-10] DEBUG c.b.p.a.d.p.s.GestionProductosService - Obteniendo productos con stock bajo. Umbral: 100
2026-04-12 18:00:12 [http-nio-3000-exec-5] DEBUG c.b.p.a.d.p.s.GestionProductosService - Se obtuvieron 23 productos
2026-04-12 18:00:12 [http-nio-3000-exec-5] DEBUG c.b.p.a.a.p.c.ProductosRestAdapter - Se obtuvieron 23 productos
2026-04-12 18:00:12 [http-nio-3000-exec-8] DEBUG c.b.p.a.d.v.s.GestionVendedoresService - Se obtuvieron 5 vendedores
2026-04-12 18:00:12 [http-nio-3000-exec-8] DEBUG c.b.p.a.a.v.c.VendedoresRestAdapter - Se obtuvieron 5 vendedores
2026-04-12 18:00:12 [http-nio-3000-exec-10] DEBUG c.b.p.a.d.p.s.GestionProductosService - Se encontraron 22 productos con stock bajo
2026-04-12 18:00:15 [http-nio-3000-exec-9] INFO  c.b.p.a.a.v.c.VendedoresRestAdapter - GET /vendedores - Obtener todos los vendedores
2026-04-12 18:00:15 [http-nio-3000-exec-9] DEBUG c.b.p.a.d.v.s.GestionVendedoresService - Obteniendo todos los vendedores
2026-04-12 18:00:15 [http-nio-3000-exec-9] DEBUG c.b.p.a.d.v.s.GestionVendedoresService - Se obtuvieron 5 vendedores
2026-04-12 18:00:15 [http-nio-3000-exec-9] DEBUG c.b.p.a.a.v.c.VendedoresRestAdapter - Se obtuvieron 5 vendedores
2026-04-12 18:00:16 [http-nio-3000-exec-1] INFO  c.b.p.a.a.v.c.VendedoresRestAdapter - GET /vendedores - Obtener todos los vendedores
2026-04-12 18:00:16 [http-nio-3000-exec-1] DEBUG c.b.p.a.d.v.s.GestionVendedoresService - Obteniendo todos los vendedores
2026-04-12 18:00:16 [http-nio-3000-exec-4] INFO  c.b.p.a.a.p.c.ProductosRestAdapter - GET /productos - Obtener todos los productos
2026-04-12 18:00:16 [http-nio-3000-exec-4] DEBUG c.b.p.a.d.p.s.GestionProductosService - Obteniendo todos los productos
2026-04-12 18:00:16 [http-nio-3000-exec-1] DEBUG c.b.p.a.d.v.s.GestionVendedoresService - Se obtuvieron 5 vendedores
2026-04-12 18:00:16 [http-nio-3000-exec-1] DEBUG c.b.p.a.a.v.c.VendedoresRestAdapter - Se obtuvieron 5 vendedores
2026-04-12 18:00:16 [http-nio-3000-exec-4] DEBUG c.b.p.a.d.p.s.GestionProductosService - Se obtuvieron 23 productos
2026-04-12 18:00:16 [http-nio-3000-exec-4] DEBUG c.b.p.a.a.p.c.ProductosRestAdapter - Se obtuvieron 23 productos
2026-04-12 18:00:16 [http-nio-3000-exec-6] DEBUG c.b.p.a.d.a.s.AutorizacionAuthService - Obteniendo perfil por token
2026-04-12 18:00:16 [http-nio-3000-exec-8] DEBUG c.b.p.a.d.a.s.AutorizacionAuthService - Obteniendo perfil por token
2026-04-12 18:00:16 [http-nio-3000-exec-10] DEBUG c.b.p.a.d.a.s.AutorizacionAuthService - Obteniendo perfil por token
2026-04-12 18:00:16 [http-nio-3000-exec-1] DEBUG c.b.p.a.d.a.s.AutorizacionAuthService - Obteniendo perfil por token
2026-04-12 18:00:16 [http-nio-3000-exec-9] DEBUG c.b.p.a.d.a.s.AutorizacionAuthService - Obteniendo perfil por token
2026-04-12 18:00:16 [http-nio-3000-exec-1] DEBUG c.b.p.a.d.a.s.AutorizacionAuthService - Perfil obtenido exitosamente para usuario ID: f2dc5b92-7ded-4c42-9e5a-d8a22aaf4a3a
2026-04-12 18:00:16 [http-nio-3000-exec-1] INFO  c.b.p.a.a.i.c.InventarioRestAdapter - GET /inventario/vendedor/7dec6fc9-8ddc-48c6-86a3-a1dbfc46f80e - consulta por mateovargas220705@gmail.com
2026-04-12 18:00:16 [http-nio-3000-exec-1] INFO  c.b.p.a.d.i.s.GestionInventarioService - Consultando cargas por vendedor: 7dec6fc9-8ddc-48c6-86a3-a1dbfc46f80e
2026-04-12 18:00:16 [http-nio-3000-exec-1] DEBUG c.b.p.a.i.p.s.a.SupabaseAsignacionRepositoryAdapter - Consultando asignaciones por vendedor: 7dec6fc9-8ddc-48c6-86a3-a1dbfc46f80e
2026-04-12 18:00:16 [http-nio-3000-exec-9] DEBUG c.b.p.a.d.a.s.AutorizacionAuthService - Perfil obtenido exitosamente para usuario ID: f2dc5b92-7ded-4c42-9e5a-d8a22aaf4a3a
2026-04-12 18:00:16 [http-nio-3000-exec-9] INFO  c.b.p.a.a.i.c.InventarioRestAdapter - GET /inventario/vendedor/997e2337-32a6-4ba5-84fb-873ef1b6036f - consulta por mateovargas220705@gmail.com
2026-04-12 18:00:16 [http-nio-3000-exec-9] INFO  c.b.p.a.d.i.s.GestionInventarioService - Consultando cargas por vendedor: 997e2337-32a6-4ba5-84fb-873ef1b6036f
2026-04-12 18:00:16 [http-nio-3000-exec-9] DEBUG c.b.p.a.i.p.s.a.SupabaseAsignacionRepositoryAdapter - Consultando asignaciones por vendedor: 997e2337-32a6-4ba5-84fb-873ef1b6036f
2026-04-12 18:00:16 [http-nio-3000-exec-6] DEBUG c.b.p.a.d.a.s.AutorizacionAuthService - Perfil obtenido exitosamente para usuario ID: f2dc5b92-7ded-4c42-9e5a-d8a22aaf4a3a
2026-04-12 18:00:16 [http-nio-3000-exec-6] INFO  c.b.p.a.a.i.c.InventarioRestAdapter - GET /inventario/vendedor/2ab0631c-da17-4bd8-b9b9-237de54711c6 - consulta por mateovargas220705@gmail.com
2026-04-12 18:00:16 [http-nio-3000-exec-6] INFO  c.b.p.a.d.i.s.GestionInventarioService - Consultando cargas por vendedor: 2ab0631c-da17-4bd8-b9b9-237de54711c6
2026-04-12 18:00:16 [http-nio-3000-exec-6] DEBUG c.b.p.a.i.p.s.a.SupabaseAsignacionRepositoryAdapter - Consultando asignaciones por vendedor: 2ab0631c-da17-4bd8-b9b9-237de54711c6
2026-04-12 18:00:16 [http-nio-3000-exec-8] DEBUG c.b.p.a.d.a.s.AutorizacionAuthService - Perfil obtenido exitosamente para usuario ID: f2dc5b92-7ded-4c42-9e5a-d8a22aaf4a3a
2026-04-12 18:00:16 [http-nio-3000-exec-8] INFO  c.b.p.a.a.i.c.InventarioRestAdapter - GET /inventario/vendedor/6b0a5026-52f3-475a-a20f-5aacf94764f0 - consulta por mateovargas220705@gmail.com
2026-04-12 18:00:16 [http-nio-3000-exec-8] INFO  c.b.p.a.d.i.s.GestionInventarioService - Consultando cargas por vendedor: 6b0a5026-52f3-475a-a20f-5aacf94764f0
2026-04-12 18:00:16 [http-nio-3000-exec-8] DEBUG c.b.p.a.i.p.s.a.SupabaseAsignacionRepositoryAdapter - Consultando asignaciones por vendedor: 6b0a5026-52f3-475a-a20f-5aacf94764f0
2026-04-12 18:00:16 [http-nio-3000-exec-10] DEBUG c.b.p.a.d.a.s.AutorizacionAuthService - Perfil obtenido exitosamente para usuario ID: f2dc5b92-7ded-4c42-9e5a-d8a22aaf4a3a
2026-04-12 18:00:16 [http-nio-3000-exec-10] INFO  c.b.p.a.a.i.c.InventarioRestAdapter - GET /inventario/vendedor/73ed0c2b-851c-44c8-a08b-ded6f61924f9 - consulta por mateovargas220705@gmail.com
2026-04-12 18:00:16 [http-nio-3000-exec-10] INFO  c.b.p.a.d.i.s.GestionInventarioService - Consultando cargas por vendedor: 73ed0c2b-851c-44c8-a08b-ded6f61924f9
2026-04-12 18:00:16 [http-nio-3000-exec-10] DEBUG c.b.p.a.i.p.s.a.SupabaseAsignacionRepositoryAdapter - Consultando asignaciones por vendedor: 73ed0c2b-851c-44c8-a08b-ded6f61924f9
2026-04-12 18:00:16 [http-nio-3000-exec-1] DEBUG c.b.p.a.i.p.s.a.SupabaseAsignacionRepositoryAdapter - Asignaciones encontradas para vendedor 7dec6fc9-8ddc-48c6-86a3-a1dbfc46f80e: 0
2026-04-12 18:00:16 [http-nio-3000-exec-9] DEBUG c.b.p.a.i.p.s.a.SupabaseAsignacionRepositoryAdapter - Asignaciones encontradas para vendedor 997e2337-32a6-4ba5-84fb-873ef1b6036f: 0
2026-04-12 18:00:16 [http-nio-3000-exec-8] DEBUG c.b.p.a.i.p.s.a.SupabaseAsignacionRepositoryAdapter - Asignaciones encontradas para vendedor 6b0a5026-52f3-475a-a20f-5aacf94764f0: 4
2026-04-12 18:00:16 [http-nio-3000-exec-6] DEBUG c.b.p.a.i.p.s.a.SupabaseAsignacionRepositoryAdapter - Asignaciones encontradas para vendedor 2ab0631c-da17-4bd8-b9b9-237de54711c6: 7
2026-04-12 18:00:16 [http-nio-3000-exec-10] DEBUG c.b.p.a.i.p.s.a.SupabaseAsignacionRepositoryAdapter - Asignaciones encontradas para vendedor 73ed0c2b-851c-44c8-a08b-ded6f61924f9: 4
2026-04-12 18:00:25 [http-nio-3000-exec-4] INFO  c.b.p.a.a.v.c.VendedoresRestAdapter - GET /vendedores - Obtener todos los vendedores
2026-04-12 18:00:25 [http-nio-3000-exec-4] DEBUG c.b.p.a.d.v.s.GestionVendedoresService - Obteniendo todos los vendedores
2026-04-12 18:00:25 [http-nio-3000-exec-4] DEBUG c.b.p.a.d.v.s.GestionVendedoresService - Se obtuvieron 5 vendedores
2026-04-12 18:00:25 [http-nio-3000-exec-4] DEBUG c.b.p.a.a.v.c.VendedoresRestAdapter - Se obtuvieron 5 vendedores
2026-04-12 18:00:31 [http-nio-3000-exec-7] INFO  c.b.p.a.a.v.c.VendedoresRestAdapter - PUT /vendedores/2ab0631c-da17-4bd8-b9b9-237de54711c6 - Actualizar vendedor
2026-04-12 18:00:31 [http-nio-3000-exec-7] DEBUG c.b.p.a.d.v.s.GestionVendedoresService - Actualizando vendedor - ID: 2ab0631c-da17-4bd8-b9b9-237de54711c6
2026-04-12 18:00:31 [http-nio-3000-exec-7] DEBUG c.b.p.a.d.v.s.GestionVendedoresService - Obteniendo vendedor por ID: 2ab0631c-da17-4bd8-b9b9-237de54711c6
2026-04-12 18:00:31 [http-nio-3000-exec-7] DEBUG c.b.p.a.d.v.s.GestionVendedoresService - Vendedor encontrado - ID: 2ab0631c-da17-4bd8-b9b9-237de54711c6, Email: valeganvillarroel@gmail.com
2026-04-12 18:00:31 [http-nio-3000-exec-7] DEBUG c.b.p.a.d.v.s.GestionVendedoresService - Nombre actualizado a: valeria
2026-04-12 18:00:31 [http-nio-3000-exec-7] DEBUG c.b.p.a.d.v.s.GestionVendedoresService - Email actualizado a: valeganvillarroel@gmail.com
2026-04-12 18:00:31 [http-nio-3000-exec-7] DEBUG c.b.p.a.d.v.s.GestionVendedoresService - Estado actualizado a: ACTIVO
2026-04-12 18:00:32 [http-nio-3000-exec-7] DEBUG c.b.p.a.d.v.s.GestionVendedoresService - Cambios aplicados al sistema de autenticación para vendedor ID: 2ab0631c-da17-4bd8-b9b9-237de54711c6
2026-04-12 18:00:32 [http-nio-3000-exec-7] INFO  c.b.p.a.d.v.s.GestionVendedoresService - Vendedor actualizado exitosamente - ID: 2ab0631c-da17-4bd8-b9b9-237de54711c6
2026-04-12 18:00:32 [http-nio-3000-exec-7] INFO  c.b.p.a.a.v.c.VendedoresRestAdapter - Vendedor actualizado exitosamente - ID: 2ab0631c-da17-4bd8-b9b9-237de54711c6
2026-04-12 18:00:32 [http-nio-3000-exec-5] INFO  c.b.p.a.a.v.c.VendedoresRestAdapter - GET /vendedores - Obtener todos los vendedores
2026-04-12 18:00:32 [http-nio-3000-exec-5] DEBUG c.b.p.a.d.v.s.GestionVendedoresService - Obteniendo todos los vendedores
2026-04-12 18:00:32 [http-nio-3000-exec-5] DEBUG c.b.p.a.d.v.s.GestionVendedoresService - Se obtuvieron 5 vendedores
2026-04-12 18:00:32 [http-nio-3000-exec-5] DEBUG c.b.p.a.a.v.c.VendedoresRestAdapter - Se obtuvieron 5 vendedores
2026-04-12 18:00:33 [http-nio-3000-exec-3] INFO  c.b.p.a.a.v.c.VendedoresRestAdapter - GET /vendedores - Obtener todos los vendedores
2026-04-12 18:00:33 [http-nio-3000-exec-1] INFO  c.b.p.a.a.p.c.ProductosRestAdapter - GET /productos/stock-bajo - Consultando alertas con umbral: 100
2026-04-12 18:00:33 [http-nio-3000-exec-2] INFO  c.b.p.a.a.p.c.ProductosRestAdapter - GET /productos - Obtener todos los productos
2026-04-12 18:00:33 [http-nio-3000-exec-2] DEBUG c.b.p.a.d.p.s.GestionProductosService - Obteniendo todos los productos
2026-04-12 18:00:33 [http-nio-3000-exec-3] DEBUG c.b.p.a.d.v.s.GestionVendedoresService - Obteniendo todos los vendedores
2026-04-12 18:00:33 [http-nio-3000-exec-1] DEBUG c.b.p.a.d.p.s.GestionProductosService - Obteniendo productos con stock bajo. Umbral: 100
2026-04-12 18:00:33 [http-nio-3000-exec-3] DEBUG c.b.p.a.d.v.s.GestionVendedoresService - Se obtuvieron 5 vendedores
2026-04-12 18:00:33 [http-nio-3000-exec-3] DEBUG c.b.p.a.a.v.c.VendedoresRestAdapter - Se obtuvieron 5 vendedores
2026-04-12 18:00:33 [http-nio-3000-exec-1] DEBUG c.b.p.a.d.p.s.GestionProductosService - Se encontraron 22 productos con stock bajo
2026-04-12 18:00:33 [http-nio-3000-exec-2] DEBUG c.b.p.a.d.p.s.GestionProductosService - Se obtuvieron 23 productos
2026-04-12 18:00:33 [http-nio-3000-exec-2] DEBUG c.b.p.a.a.p.c.ProductosRestAdapter - Se obtuvieron 23 productos
2026-04-12 18:02:56 [http-nio-3000-exec-7] INFO  c.b.p.a.a.p.c.ProductosRestAdapter - GET /productos - Obtener todos los productos
2026-04-12 18:02:56 [http-nio-3000-exec-7] DEBUG c.b.p.a.d.p.s.GestionProductosService - Obteniendo todos los productos
2026-04-12 18:02:56 [http-nio-3000-exec-3] INFO  c.b.p.a.a.p.c.ProductosRestAdapter - GET /productos/stock-bajo - Consultando alertas con umbral: 100
2026-04-12 18:02:56 [http-nio-3000-exec-5] INFO  c.b.p.a.a.v.c.VendedoresRestAdapter - GET /vendedores - Obtener todos los vendedores
2026-04-12 18:02:56 [http-nio-3000-exec-5] DEBUG c.b.p.a.d.v.s.GestionVendedoresService - Obteniendo todos los vendedores
2026-04-12 18:02:56 [http-nio-3000-exec-3] DEBUG c.b.p.a.d.p.s.GestionProductosService - Obteniendo productos con stock bajo. Umbral: 100
2026-04-12 18:02:57 [http-nio-3000-exec-7] DEBUG c.b.p.a.d.p.s.GestionProductosService - Se obtuvieron 23 productos
2026-04-12 18:02:57 [http-nio-3000-exec-7] DEBUG c.b.p.a.a.p.c.ProductosRestAdapter - Se obtuvieron 23 productos
2026-04-12 18:02:57 [http-nio-3000-exec-3] DEBUG c.b.p.a.d.p.s.GestionProductosService - Se encontraron 22 productos con stock bajo
2026-04-12 18:02:57 [http-nio-3000-exec-5] DEBUG c.b.p.a.d.v.s.GestionVendedoresService - Se obtuvieron 5 vendedores
2026-04-12 18:02:57 [http-nio-3000-exec-5] DEBUG c.b.p.a.a.v.c.VendedoresRestAdapter - Se obtuvieron 5 vendedores
2026-04-12 18:03:01 [http-nio-3000-exec-1] INFO  c.b.p.a.a.v.c.VendedoresRestAdapter - GET /vendedores - Obtener todos los vendedores
2026-04-12 18:03:01 [http-nio-3000-exec-1] DEBUG c.b.p.a.d.v.s.GestionVendedoresService - Obteniendo todos los vendedores
2026-04-12 18:03:01 [http-nio-3000-exec-1] DEBUG c.b.p.a.d.v.s.GestionVendedoresService - Se obtuvieron 5 vendedores
2026-04-12 18:03:01 [http-nio-3000-exec-1] DEBUG c.b.p.a.a.v.c.VendedoresRestAdapter - Se obtuvieron 5 vendedores
2026-04-12 18:03:05 [http-nio-3000-exec-2] INFO  c.b.p.a.a.v.c.VendedoresRestAdapter - PUT /vendedores/2ab0631c-da17-4bd8-b9b9-237de54711c6 - Actualizar vendedor
2026-04-12 18:03:05 [http-nio-3000-exec-2] DEBUG c.b.p.a.d.v.s.GestionVendedoresService - Actualizando vendedor - ID: 2ab0631c-da17-4bd8-b9b9-237de54711c6
2026-04-12 18:03:05 [http-nio-3000-exec-2] DEBUG c.b.p.a.d.v.s.GestionVendedoresService - Obteniendo vendedor por ID: 2ab0631c-da17-4bd8-b9b9-237de54711c6
2026-04-12 18:03:05 [http-nio-3000-exec-2] DEBUG c.b.p.a.d.v.s.GestionVendedoresService - Vendedor encontrado - ID: 2ab0631c-da17-4bd8-b9b9-237de54711c6, Email: valeganvillarroel@gmail.com
2026-04-12 18:03:05 [http-nio-3000-exec-2] DEBUG c.b.p.a.d.v.s.GestionVendedoresService - Nombre actualizado a: valeria
2026-04-12 18:03:05 [http-nio-3000-exec-2] DEBUG c.b.p.a.d.v.s.GestionVendedoresService - Email actualizado a: valeganvillarroel@gmail.com
2026-04-12 18:03:05 [http-nio-3000-exec-2] DEBUG c.b.p.a.d.v.s.GestionVendedoresService - Estado actualizado a: INACTIVO
2026-04-12 18:03:05 [http-nio-3000-exec-2] DEBUG c.b.p.a.d.v.s.GestionVendedoresService - Cambios aplicados al sistema de autenticación para vendedor ID: 2ab0631c-da17-4bd8-b9b9-237de54711c6
2026-04-12 18:03:06 [http-nio-3000-exec-2] INFO  c.b.p.a.d.v.s.GestionVendedoresService - Vendedor actualizado exitosamente - ID: 2ab0631c-da17-4bd8-b9b9-237de54711c6
2026-04-12 18:03:06 [http-nio-3000-exec-2] INFO  c.b.p.a.a.v.c.VendedoresRestAdapter - Vendedor actualizado exitosamente - ID: 2ab0631c-da17-4bd8-b9b9-237de54711c6
2026-04-12 18:03:06 [http-nio-3000-exec-9] INFO  c.b.p.a.a.v.c.VendedoresRestAdapter - GET /vendedores - Obtener todos los vendedores
2026-04-12 18:03:06 [http-nio-3000-exec-9] DEBUG c.b.p.a.d.v.s.GestionVendedoresService - Obteniendo todos los vendedores
2026-04-12 18:03:06 [http-nio-3000-exec-9] DEBUG c.b.p.a.d.v.s.GestionVendedoresService - Se obtuvieron 5 vendedores
2026-04-12 18:03:06 [http-nio-3000-exec-9] DEBUG c.b.p.a.a.v.c.VendedoresRestAdapter - Se obtuvieron 5 vendedores
2026-04-12 18:03:07 [http-nio-3000-exec-8] INFO  c.b.p.a.a.p.c.ProductosRestAdapter - GET /productos - Obtener todos los productos
2026-04-12 18:03:07 [http-nio-3000-exec-8] DEBUG c.b.p.a.d.p.s.GestionProductosService - Obteniendo todos los productos
2026-04-12 18:03:07 [http-nio-3000-exec-6] INFO  c.b.p.a.a.v.c.VendedoresRestAdapter - GET /vendedores - Obtener todos los vendedores
2026-04-12 18:03:07 [http-nio-3000-exec-6] DEBUG c.b.p.a.d.v.s.GestionVendedoresService - Obteniendo todos los vendedores
2026-04-12 18:03:07 [http-nio-3000-exec-4] INFO  c.b.p.a.a.p.c.ProductosRestAdapter - GET /productos/stock-bajo - Consultando alertas con umbral: 100
2026-04-12 18:03:07 [http-nio-3000-exec-4] DEBUG c.b.p.a.d.p.s.GestionProductosService - Obteniendo productos con stock bajo. Umbral: 100
2026-04-12 18:03:07 [http-nio-3000-exec-4] DEBUG c.b.p.a.d.p.s.GestionProductosService - Se encontraron 22 productos con stock bajo
2026-04-12 18:03:07 [http-nio-3000-exec-6] DEBUG c.b.p.a.d.v.s.GestionVendedoresService - Se obtuvieron 5 vendedores
2026-04-12 18:03:07 [http-nio-3000-exec-6] DEBUG c.b.p.a.a.v.c.VendedoresRestAdapter - Se obtuvieron 5 vendedores
2026-04-12 18:03:07 [http-nio-3000-exec-8] DEBUG c.b.p.a.d.p.s.GestionProductosService - Se obtuvieron 23 productos
2026-04-12 18:03:07 [http-nio-3000-exec-8] DEBUG c.b.p.a.a.p.c.ProductosRestAdapter - Se obtuvieron 23 productos
2026-04-12 18:04:31 [http-nio-3000-exec-5] INFO  c.b.p.a.a.p.c.ProductosRestAdapter - GET /productos - Obtener todos los productos
2026-04-12 18:04:31 [http-nio-3000-exec-5] DEBUG c.b.p.a.d.p.s.GestionProductosService - Obteniendo todos los productos
2026-04-12 18:04:31 [http-nio-3000-exec-1] INFO  c.b.p.a.a.v.c.VendedoresRestAdapter - GET /vendedores - Obtener todos los vendedores
2026-04-12 18:04:31 [http-nio-3000-exec-2] INFO  c.b.p.a.a.p.c.ProductosRestAdapter - GET /productos/stock-bajo - Consultando alertas con umbral: 100
2026-04-12 18:04:31 [http-nio-3000-exec-1] DEBUG c.b.p.a.d.v.s.GestionVendedoresService - Obteniendo todos los vendedores
2026-04-12 18:04:31 [http-nio-3000-exec-2] DEBUG c.b.p.a.d.p.s.GestionProductosService - Obteniendo productos con stock bajo. Umbral: 100
2026-04-12 18:04:31 [http-nio-3000-exec-2] DEBUG c.b.p.a.d.p.s.GestionProductosService - Se encontraron 22 productos con stock bajo
2026-04-12 18:04:31 [http-nio-3000-exec-5] DEBUG c.b.p.a.d.p.s.GestionProductosService - Se obtuvieron 23 productos
2026-04-12 18:04:31 [http-nio-3000-exec-5] DEBUG c.b.p.a.a.p.c.ProductosRestAdapter - Se obtuvieron 23 productos
2026-04-12 18:04:31 [http-nio-3000-exec-1] DEBUG c.b.p.a.d.v.s.GestionVendedoresService - Se obtuvieron 5 vendedores
2026-04-12 18:04:31 [http-nio-3000-exec-1] DEBUG c.b.p.a.a.v.c.VendedoresRestAdapter - Se obtuvieron 5 vendedores
2026-04-12 18:05:46 [http-nio-3000-exec-8] INFO  c.b.p.a.a.p.c.ProductosRestAdapter - GET /productos - Obtener todos los productos
2026-04-12 18:05:46 [http-nio-3000-exec-7] INFO  c.b.p.a.a.v.c.VendedoresRestAdapter - GET /vendedores - Obtener todos los vendedores
2026-04-12 18:05:46 [http-nio-3000-exec-8] DEBUG c.b.p.a.d.p.s.GestionProductosService - Obteniendo todos los productos
2026-04-12 18:05:46 [http-nio-3000-exec-7] DEBUG c.b.p.a.d.v.s.GestionVendedoresService - Obteniendo todos los vendedores
2026-04-12 18:05:46 [http-nio-3000-exec-3] INFO  c.b.p.a.a.p.c.ProductosRestAdapter - GET /productos/stock-bajo - Consultando alertas con umbral: 100
2026-04-12 18:05:46 [http-nio-3000-exec-3] DEBUG c.b.p.a.d.p.s.GestionProductosService - Obteniendo productos con stock bajo. Umbral: 100
2026-04-12 18:05:47 [http-nio-3000-exec-7] DEBUG c.b.p.a.d.v.s.GestionVendedoresService - Se obtuvieron 5 vendedores
2026-04-12 18:05:47 [http-nio-3000-exec-7] DEBUG c.b.p.a.a.v.c.VendedoresRestAdapter - Se obtuvieron 5 vendedores
2026-04-12 18:05:47 [http-nio-3000-exec-3] DEBUG c.b.p.a.d.p.s.GestionProductosService - Se encontraron 22 productos con stock bajo
2026-04-12 18:05:47 [http-nio-3000-exec-8] DEBUG c.b.p.a.d.p.s.GestionProductosService - Se obtuvieron 23 productos
2026-04-12 18:05:47 [http-nio-3000-exec-8] DEBUG c.b.p.a.a.p.c.ProductosRestAdapter - Se obtuvieron 23 productos
2026-04-12 18:06:00 [http-nio-3000-exec-10] INFO  c.b.p.a.a.p.c.ProductosRestAdapter - GET /productos - Obtener todos los productos
2026-04-12 18:06:00 [http-nio-3000-exec-5] INFO  c.b.p.a.a.v.c.VendedoresRestAdapter - GET /vendedores - Obtener todos los vendedores
2026-04-12 18:06:00 [http-nio-3000-exec-2] INFO  c.b.p.a.a.p.c.ProductosRestAdapter - GET /productos/stock-bajo - Consultando alertas con umbral: 100
2026-04-12 18:06:00 [http-nio-3000-exec-2] DEBUG c.b.p.a.d.p.s.GestionProductosService - Obteniendo productos con stock bajo. Umbral: 100
2026-04-12 18:06:00 [http-nio-3000-exec-10] DEBUG c.b.p.a.d.p.s.GestionProductosService - Obteniendo todos los productos
2026-04-12 18:06:00 [http-nio-3000-exec-5] DEBUG c.b.p.a.d.v.s.GestionVendedoresService - Obteniendo todos los vendedores
2026-04-12 18:06:00 [http-nio-3000-exec-10] DEBUG c.b.p.a.d.p.s.GestionProductosService - Se obtuvieron 23 productos
2026-04-12 18:06:00 [http-nio-3000-exec-10] DEBUG c.b.p.a.a.p.c.ProductosRestAdapter - Se obtuvieron 23 productos
2026-04-12 18:06:00 [http-nio-3000-exec-2] DEBUG c.b.p.a.d.p.s.GestionProductosService - Se encontraron 22 productos con stock bajo
2026-04-12 18:06:00 [http-nio-3000-exec-5] DEBUG c.b.p.a.d.v.s.GestionVendedoresService - Se obtuvieron 5 vendedores
2026-04-12 18:06:00 [http-nio-3000-exec-5] DEBUG c.b.p.a.a.v.c.VendedoresRestAdapter - Se obtuvieron 5 vendedores
2026-04-12 18:06:04 [http-nio-3000-exec-1] INFO  c.b.p.a.a.p.c.ProductosRestAdapter - GET /productos - Obtener todos los productos
2026-04-12 18:06:04 [http-nio-3000-exec-1] DEBUG c.b.p.a.d.p.s.GestionProductosService - Obteniendo todos los productos
2026-04-12 18:06:04 [http-nio-3000-exec-1] DEBUG c.b.p.a.d.p.s.GestionProductosService - Se obtuvieron 23 productos
2026-04-12 18:06:04 [http-nio-3000-exec-1] DEBUG c.b.p.a.a.p.c.ProductosRestAdapter - Se obtuvieron 23 productos
2026-04-12 18:06:05 [http-nio-3000-exec-9] INFO  c.b.p.a.a.v.c.VendedoresRestAdapter - GET /vendedores - Obtener todos los vendedores
2026-04-12 18:06:05 [http-nio-3000-exec-9] DEBUG c.b.p.a.d.v.s.GestionVendedoresService - Obteniendo todos los vendedores
2026-04-12 18:06:05 [http-nio-3000-exec-4] INFO  c.b.p.a.a.p.c.ProductosRestAdapter - GET /productos - Obtener todos los productos
2026-04-12 18:06:05 [http-nio-3000-exec-4] DEBUG c.b.p.a.d.p.s.GestionProductosService - Obteniendo todos los productos
2026-04-12 18:06:05 [http-nio-3000-exec-9] DEBUG c.b.p.a.d.v.s.GestionVendedoresService - Se obtuvieron 5 vendedores
2026-04-12 18:06:05 [http-nio-3000-exec-9] DEBUG c.b.p.a.a.v.c.VendedoresRestAdapter - Se obtuvieron 5 vendedores
2026-04-12 18:06:05 [http-nio-3000-exec-4] DEBUG c.b.p.a.d.p.s.GestionProductosService - Se obtuvieron 23 productos
2026-04-12 18:06:05 [http-nio-3000-exec-4] DEBUG c.b.p.a.a.p.c.ProductosRestAdapter - Se obtuvieron 23 productos
2026-04-12 18:06:05 [http-nio-3000-exec-7] DEBUG c.b.p.a.d.a.s.AutorizacionAuthService - Obteniendo perfil por token
2026-04-12 18:06:05 [http-nio-3000-exec-6] DEBUG c.b.p.a.d.a.s.AutorizacionAuthService - Obteniendo perfil por token
2026-04-12 18:06:05 [http-nio-3000-exec-8] DEBUG c.b.p.a.d.a.s.AutorizacionAuthService - Obteniendo perfil por token
2026-04-12 18:06:05 [http-nio-3000-exec-10] DEBUG c.b.p.a.d.a.s.AutorizacionAuthService - Obteniendo perfil por token
2026-04-12 18:06:05 [http-nio-3000-exec-3] DEBUG c.b.p.a.d.a.s.AutorizacionAuthService - Obteniendo perfil por token
2026-04-12 18:06:06 [http-nio-3000-exec-7] DEBUG c.b.p.a.d.a.s.AutorizacionAuthService - Perfil obtenido exitosamente para usuario ID: f2dc5b92-7ded-4c42-9e5a-d8a22aaf4a3a
2026-04-12 18:06:06 [http-nio-3000-exec-7] INFO  c.b.p.a.a.i.c.InventarioRestAdapter - GET /inventario/vendedor/6b0a5026-52f3-475a-a20f-5aacf94764f0 - consulta por mateovargas220705@gmail.com
2026-04-12 18:06:06 [http-nio-3000-exec-7] INFO  c.b.p.a.d.i.s.GestionInventarioService - Consultando cargas por vendedor: 6b0a5026-52f3-475a-a20f-5aacf94764f0
2026-04-12 18:06:06 [http-nio-3000-exec-10] DEBUG c.b.p.a.d.a.s.AutorizacionAuthService - Perfil obtenido exitosamente para usuario ID: f2dc5b92-7ded-4c42-9e5a-d8a22aaf4a3a
2026-04-12 18:06:06 [http-nio-3000-exec-10] INFO  c.b.p.a.a.i.c.InventarioRestAdapter - GET /inventario/vendedor/7dec6fc9-8ddc-48c6-86a3-a1dbfc46f80e - consulta por mateovargas220705@gmail.com
2026-04-12 18:06:06 [http-nio-3000-exec-10] INFO  c.b.p.a.d.i.s.GestionInventarioService - Consultando cargas por vendedor: 7dec6fc9-8ddc-48c6-86a3-a1dbfc46f80e
2026-04-12 18:06:06 [http-nio-3000-exec-10] DEBUG c.b.p.a.i.p.s.a.SupabaseAsignacionRepositoryAdapter - Consultando asignaciones por vendedor: 7dec6fc9-8ddc-48c6-86a3-a1dbfc46f80e
2026-04-12 18:06:06 [http-nio-3000-exec-7] DEBUG c.b.p.a.i.p.s.a.SupabaseAsignacionRepositoryAdapter - Consultando asignaciones por vendedor: 6b0a5026-52f3-475a-a20f-5aacf94764f0
2026-04-12 18:06:06 [http-nio-3000-exec-6] DEBUG c.b.p.a.d.a.s.AutorizacionAuthService - Perfil obtenido exitosamente para usuario ID: f2dc5b92-7ded-4c42-9e5a-d8a22aaf4a3a
2026-04-12 18:06:06 [http-nio-3000-exec-6] INFO  c.b.p.a.a.i.c.InventarioRestAdapter - GET /inventario/vendedor/2ab0631c-da17-4bd8-b9b9-237de54711c6 - consulta por mateovargas220705@gmail.com
2026-04-12 18:06:06 [http-nio-3000-exec-6] INFO  c.b.p.a.d.i.s.GestionInventarioService - Consultando cargas por vendedor: 2ab0631c-da17-4bd8-b9b9-237de54711c6
2026-04-12 18:06:06 [http-nio-3000-exec-6] DEBUG c.b.p.a.i.p.s.a.SupabaseAsignacionRepositoryAdapter - Consultando asignaciones por vendedor: 2ab0631c-da17-4bd8-b9b9-237de54711c6
2026-04-12 18:06:06 [http-nio-3000-exec-8] DEBUG c.b.p.a.d.a.s.AutorizacionAuthService - Perfil obtenido exitosamente para usuario ID: f2dc5b92-7ded-4c42-9e5a-d8a22aaf4a3a
2026-04-12 18:06:06 [http-nio-3000-exec-8] INFO  c.b.p.a.a.i.c.InventarioRestAdapter - GET /inventario/vendedor/997e2337-32a6-4ba5-84fb-873ef1b6036f - consulta por mateovargas220705@gmail.com
2026-04-12 18:06:06 [http-nio-3000-exec-8] INFO  c.b.p.a.d.i.s.GestionInventarioService - Consultando cargas por vendedor: 997e2337-32a6-4ba5-84fb-873ef1b6036f
2026-04-12 18:06:06 [http-nio-3000-exec-8] DEBUG c.b.p.a.i.p.s.a.SupabaseAsignacionRepositoryAdapter - Consultando asignaciones por vendedor: 997e2337-32a6-4ba5-84fb-873ef1b6036f
2026-04-12 18:06:06 [http-nio-3000-exec-3] DEBUG c.b.p.a.d.a.s.AutorizacionAuthService - Perfil obtenido exitosamente para usuario ID: f2dc5b92-7ded-4c42-9e5a-d8a22aaf4a3a
2026-04-12 18:06:06 [http-nio-3000-exec-3] INFO  c.b.p.a.a.i.c.InventarioRestAdapter - GET /inventario/vendedor/73ed0c2b-851c-44c8-a08b-ded6f61924f9 - consulta por mateovargas220705@gmail.com
2026-04-12 18:06:06 [http-nio-3000-exec-3] INFO  c.b.p.a.d.i.s.GestionInventarioService - Consultando cargas por vendedor: 73ed0c2b-851c-44c8-a08b-ded6f61924f9
2026-04-12 18:06:06 [http-nio-3000-exec-3] DEBUG c.b.p.a.i.p.s.a.SupabaseAsignacionRepositoryAdapter - Consultando asignaciones por vendedor: 73ed0c2b-851c-44c8-a08b-ded6f61924f9
2026-04-12 18:06:06 [http-nio-3000-exec-7] DEBUG c.b.p.a.i.p.s.a.SupabaseAsignacionRepositoryAdapter - Asignaciones encontradas para vendedor 6b0a5026-52f3-475a-a20f-5aacf94764f0: 4
2026-04-12 18:06:06 [http-nio-3000-exec-10] DEBUG c.b.p.a.i.p.s.a.SupabaseAsignacionRepositoryAdapter - Asignaciones encontradas para vendedor 7dec6fc9-8ddc-48c6-86a3-a1dbfc46f80e: 0
2026-04-12 18:06:06 [http-nio-3000-exec-6] DEBUG c.b.p.a.i.p.s.a.SupabaseAsignacionRepositoryAdapter - Asignaciones encontradas para vendedor 2ab0631c-da17-4bd8-b9b9-237de54711c6: 7
2026-04-12 18:06:06 [http-nio-3000-exec-8] DEBUG c.b.p.a.i.p.s.a.SupabaseAsignacionRepositoryAdapter - Asignaciones encontradas para vendedor 997e2337-32a6-4ba5-84fb-873ef1b6036f: 0
2026-04-12 18:06:06 [http-nio-3000-exec-3] DEBUG c.b.p.a.i.p.s.a.SupabaseAsignacionRepositoryAdapter - Asignaciones encontradas para vendedor 73ed0c2b-851c-44c8-a08b-ded6f61924f9: 4
2026-04-12 18:06:07 [http-nio-3000-exec-2] INFO  c.b.p.a.a.v.c.VendedoresRestAdapter - GET /vendedores - Obtener todos los vendedores
2026-04-12 18:06:07 [http-nio-3000-exec-2] DEBUG c.b.p.a.d.v.s.GestionVendedoresService - Obteniendo todos los vendedores
2026-04-12 18:06:07 [http-nio-3000-exec-2] DEBUG c.b.p.a.d.v.s.GestionVendedoresService - Se obtuvieron 5 vendedores
2026-04-12 18:06:07 [http-nio-3000-exec-2] DEBUG c.b.p.a.a.v.c.VendedoresRestAdapter - Se obtuvieron 5 vendedores
2026-04-12 18:06:11 [http-nio-3000-exec-5] INFO  c.b.p.a.a.v.c.VendedoresRestAdapter - PUT /vendedores/2ab0631c-da17-4bd8-b9b9-237de54711c6 - Actualizar vendedor
2026-04-12 18:06:11 [http-nio-3000-exec-5] DEBUG c.b.p.a.d.v.s.GestionVendedoresService - Actualizando vendedor - ID: 2ab0631c-da17-4bd8-b9b9-237de54711c6
2026-04-12 18:06:11 [http-nio-3000-exec-5] DEBUG c.b.p.a.d.v.s.GestionVendedoresService - Obteniendo vendedor por ID: 2ab0631c-da17-4bd8-b9b9-237de54711c6
2026-04-12 18:06:11 [http-nio-3000-exec-5] DEBUG c.b.p.a.d.v.s.GestionVendedoresService - Vendedor encontrado - ID: 2ab0631c-da17-4bd8-b9b9-237de54711c6, Email: valeganvillarroel@gmail.com
2026-04-12 18:06:11 [http-nio-3000-exec-5] DEBUG c.b.p.a.d.v.s.GestionVendedoresService - Nombre actualizado a: valeria
2026-04-12 18:06:11 [http-nio-3000-exec-5] DEBUG c.b.p.a.d.v.s.GestionVendedoresService - Email actualizado a: valeganvillarroel@gmail.com
2026-04-12 18:06:11 [http-nio-3000-exec-5] DEBUG c.b.p.a.d.v.s.GestionVendedoresService - Estado actualizado a: ACTIVO
2026-04-12 18:06:12 [http-nio-3000-exec-5] DEBUG c.b.p.a.d.v.s.GestionVendedoresService - Cambios aplicados al sistema de autenticación para vendedor ID: 2ab0631c-da17-4bd8-b9b9-237de54711c6
2026-04-12 18:06:12 [http-nio-3000-exec-5] INFO  c.b.p.a.d.v.s.GestionVendedoresService - Vendedor actualizado exitosamente - ID: 2ab0631c-da17-4bd8-b9b9-237de54711c6
2026-04-12 18:06:12 [http-nio-3000-exec-5] INFO  c.b.p.a.a.v.c.VendedoresRestAdapter - Vendedor actualizado exitosamente - ID: 2ab0631c-da17-4bd8-b9b9-237de54711c6
2026-04-12 18:06:12 [http-nio-3000-exec-1] INFO  c.b.p.a.a.v.c.VendedoresRestAdapter - GET /vendedores - Obtener todos los vendedores
2026-04-12 18:06:12 [http-nio-3000-exec-1] DEBUG c.b.p.a.d.v.s.GestionVendedoresService - Obteniendo todos los vendedores
2026-04-12 18:06:12 [http-nio-3000-exec-1] DEBUG c.b.p.a.d.v.s.GestionVendedoresService - Se obtuvieron 5 vendedores
2026-04-12 18:06:12 [http-nio-3000-exec-1] DEBUG c.b.p.a.a.v.c.VendedoresRestAdapter - Se obtuvieron 5 vendedores
2026-04-12 18:06:13 [http-nio-3000-exec-9] INFO  c.b.p.a.a.p.c.ProductosRestAdapter - GET /productos - Obtener todos los productos
2026-04-12 18:06:13 [http-nio-3000-exec-9] DEBUG c.b.p.a.d.p.s.GestionProductosService - Obteniendo todos los productos
2026-04-12 18:06:13 [http-nio-3000-exec-7] INFO  c.b.p.a.a.v.c.VendedoresRestAdapter - GET /vendedores - Obtener todos los vendedores
2026-04-12 18:06:13 [http-nio-3000-exec-4] INFO  c.b.p.a.a.p.c.ProductosRestAdapter - GET /productos/stock-bajo - Consultando alertas con umbral: 100
2026-04-12 18:06:13 [http-nio-3000-exec-7] DEBUG c.b.p.a.d.v.s.GestionVendedoresService - Obteniendo todos los vendedores
2026-04-12 18:06:13 [http-nio-3000-exec-4] DEBUG c.b.p.a.d.p.s.GestionProductosService - Obteniendo productos con stock bajo. Umbral: 100
2026-04-12 18:06:13 [http-nio-3000-exec-4] DEBUG c.b.p.a.d.p.s.GestionProductosService - Se encontraron 22 productos con stock bajo
2026-04-12 18:06:13 [http-nio-3000-exec-9] DEBUG c.b.p.a.d.p.s.GestionProductosService - Se obtuvieron 23 productos
2026-04-12 18:06:13 [http-nio-3000-exec-9] DEBUG c.b.p.a.a.p.c.ProductosRestAdapter - Se obtuvieron 23 productos
2026-04-12 18:06:13 [http-nio-3000-exec-7] DEBUG c.b.p.a.d.v.s.GestionVendedoresService - Se obtuvieron 5 vendedores
2026-04-12 18:06:13 [http-nio-3000-exec-7] DEBUG c.b.p.a.a.v.c.VendedoresRestAdapter - Se obtuvieron 5 vendedores
2026-04-12 18:09:18 [http-nio-3000-exec-1] INFO  c.b.p.a.a.v.c.VendedoresRestAdapter - GET /vendedores - Obtener todos los vendedores
2026-04-12 18:09:18 [http-nio-3000-exec-1] DEBUG c.b.p.a.d.v.s.GestionVendedoresService - Obteniendo todos los vendedores
2026-04-12 18:09:19 [http-nio-3000-exec-1] DEBUG c.b.p.a.d.v.s.GestionVendedoresService - Se obtuvieron 5 vendedores
2026-04-12 18:09:19 [http-nio-3000-exec-1] DEBUG c.b.p.a.a.v.c.VendedoresRestAdapter - Se obtuvieron 5 vendedores
2026-04-12 18:13:07 [http-nio-3000-exec-6] INFO  c.b.p.a.a.v.c.VendedoresRestAdapter - GET /vendedores - Obtener todos los vendedores
2026-04-12 18:13:07 [http-nio-3000-exec-6] DEBUG c.b.p.a.d.v.s.GestionVendedoresService - Obteniendo todos los vendedores
2026-04-12 18:13:07 [http-nio-3000-exec-10] INFO  c.b.p.a.a.p.c.ProductosRestAdapter - GET /productos - Obtener todos los productos
2026-04-12 18:13:07 [http-nio-3000-exec-10] DEBUG c.b.p.a.d.p.s.GestionProductosService - Obteniendo todos los productos
2026-04-12 18:13:07 [http-nio-3000-exec-8] INFO  c.b.p.a.a.p.c.ProductosRestAdapter - GET /productos/stock-bajo - Consultando alertas con umbral: 100
2026-04-12 18:13:07 [http-nio-3000-exec-8] DEBUG c.b.p.a.d.p.s.GestionProductosService - Obteniendo productos con stock bajo. Umbral: 100
2026-04-12 18:13:08 [http-nio-3000-exec-10] DEBUG c.b.p.a.d.p.s.GestionProductosService - Se obtuvieron 23 productos
2026-04-12 18:13:08 [http-nio-3000-exec-10] DEBUG c.b.p.a.a.p.c.ProductosRestAdapter - Se obtuvieron 23 productos
2026-04-12 18:13:08 [http-nio-3000-exec-6] DEBUG c.b.p.a.d.v.s.GestionVendedoresService - Se obtuvieron 5 vendedores
2026-04-12 18:13:08 [http-nio-3000-exec-6] DEBUG c.b.p.a.a.v.c.VendedoresRestAdapter - Se obtuvieron 5 vendedores
2026-04-12 18:13:08 [http-nio-3000-exec-8] DEBUG c.b.p.a.d.p.s.GestionProductosService - Se encontraron 22 productos con stock bajo
2026-04-12 18:14:15 [http-nio-3000-exec-1] INFO  c.b.p.a.a.p.c.ProductosRestAdapter - GET /productos - Obtener todos los productos
2026-04-12 18:14:15 [http-nio-3000-exec-1] DEBUG c.b.p.a.d.p.s.GestionProductosService - Obteniendo todos los productos
2026-04-12 18:14:15 [http-nio-3000-exec-4] INFO  c.b.p.a.a.v.c.VendedoresRestAdapter - GET /vendedores - Obtener todos los vendedores
2026-04-12 18:14:15 [http-nio-3000-exec-4] DEBUG c.b.p.a.d.v.s.GestionVendedoresService - Obteniendo todos los vendedores
2026-04-12 18:14:15 [http-nio-3000-exec-9] INFO  c.b.p.a.a.p.c.ProductosRestAdapter - GET /productos/stock-bajo - Consultando alertas con umbral: 100
2026-04-12 18:14:15 [http-nio-3000-exec-9] DEBUG c.b.p.a.d.p.s.GestionProductosService - Obteniendo productos con stock bajo. Umbral: 100
2026-04-12 18:14:16 [http-nio-3000-exec-4] DEBUG c.b.p.a.d.v.s.GestionVendedoresService - Se obtuvieron 5 vendedores
2026-04-12 18:14:16 [http-nio-3000-exec-4] DEBUG c.b.p.a.a.v.c.VendedoresRestAdapter - Se obtuvieron 5 vendedores
2026-04-12 18:14:16 [http-nio-3000-exec-1] DEBUG c.b.p.a.d.p.s.GestionProductosService - Se obtuvieron 23 productos
2026-04-12 18:14:16 [http-nio-3000-exec-1] DEBUG c.b.p.a.a.p.c.ProductosRestAdapter - Se obtuvieron 23 productos
2026-04-12 18:14:16 [http-nio-3000-exec-9] DEBUG c.b.p.a.d.p.s.GestionProductosService - Se encontraron 22 productos con stock bajo
2026-04-12 18:14:20 [http-nio-3000-exec-7] INFO  c.b.p.a.a.v.c.VendedoresRestAdapter - GET /vendedores - Obtener todos los vendedores
2026-04-12 18:14:20 [http-nio-3000-exec-7] DEBUG c.b.p.a.d.v.s.GestionVendedoresService - Obteniendo todos los vendedores
2026-04-12 18:14:21 [http-nio-3000-exec-7] DEBUG c.b.p.a.d.v.s.GestionVendedoresService - Se obtuvieron 5 vendedores
2026-04-12 18:14:21 [http-nio-3000-exec-7] DEBUG c.b.p.a.a.v.c.VendedoresRestAdapter - Se obtuvieron 5 vendedores
2026-04-12 18:14:21 [http-nio-3000-exec-6] INFO  c.b.p.a.a.p.c.ProductosRestAdapter - GET /productos - Obtener todos los productos
2026-04-12 18:14:21 [http-nio-3000-exec-6] DEBUG c.b.p.a.d.p.s.GestionProductosService - Obteniendo todos los productos
2026-04-12 18:14:21 [http-nio-3000-exec-6] DEBUG c.b.p.a.d.p.s.GestionProductosService - Se obtuvieron 23 productos
2026-04-12 18:14:21 [http-nio-3000-exec-6] DEBUG c.b.p.a.a.p.c.ProductosRestAdapter - Se obtuvieron 23 productos
2026-04-12 18:14:22 [http-nio-3000-exec-10] INFO  c.b.p.a.a.v.c.VendedoresRestAdapter - GET /vendedores - Obtener todos los vendedores
2026-04-12 18:14:22 [http-nio-3000-exec-10] DEBUG c.b.p.a.d.v.s.GestionVendedoresService - Obteniendo todos los vendedores
2026-04-12 18:14:22 [http-nio-3000-exec-8] INFO  c.b.p.a.a.p.c.ProductosRestAdapter - GET /productos - Obtener todos los productos
2026-04-12 18:14:22 [http-nio-3000-exec-8] DEBUG c.b.p.a.d.p.s.GestionProductosService - Obteniendo todos los productos
2026-04-12 18:14:22 [http-nio-3000-exec-10] DEBUG c.b.p.a.d.v.s.GestionVendedoresService - Se obtuvieron 5 vendedores
2026-04-12 18:14:22 [http-nio-3000-exec-10] DEBUG c.b.p.a.a.v.c.VendedoresRestAdapter - Se obtuvieron 5 vendedores
2026-04-12 18:14:22 [http-nio-3000-exec-8] DEBUG c.b.p.a.d.p.s.GestionProductosService - Se obtuvieron 23 productos
2026-04-12 18:14:22 [http-nio-3000-exec-8] DEBUG c.b.p.a.a.p.c.ProductosRestAdapter - Se obtuvieron 23 productos
2026-04-12 18:14:22 [http-nio-3000-exec-3] DEBUG c.b.p.a.d.a.s.AutorizacionAuthService - Obteniendo perfil por token
2026-04-12 18:14:22 [http-nio-3000-exec-2] DEBUG c.b.p.a.d.a.s.AutorizacionAuthService - Obteniendo perfil por token
2026-04-12 18:14:22 [http-nio-3000-exec-1] DEBUG c.b.p.a.d.a.s.AutorizacionAuthService - Obteniendo perfil por token
2026-04-12 18:14:22 [http-nio-3000-exec-5] DEBUG c.b.p.a.d.a.s.AutorizacionAuthService - Obteniendo perfil por token
2026-04-12 18:14:22 [http-nio-3000-exec-4] DEBUG c.b.p.a.d.a.s.AutorizacionAuthService - Obteniendo perfil por token
2026-04-12 18:14:23 [http-nio-3000-exec-2] DEBUG c.b.p.a.d.a.s.AutorizacionAuthService - Perfil obtenido exitosamente para usuario ID: f2dc5b92-7ded-4c42-9e5a-d8a22aaf4a3a
2026-04-12 18:14:23 [http-nio-3000-exec-2] INFO  c.b.p.a.a.i.c.InventarioRestAdapter - GET /inventario/vendedor/73ed0c2b-851c-44c8-a08b-ded6f61924f9 - consulta por mateovargas220705@gmail.com
2026-04-12 18:14:23 [http-nio-3000-exec-2] INFO  c.b.p.a.d.i.s.GestionInventarioService - Consultando cargas por vendedor: 73ed0c2b-851c-44c8-a08b-ded6f61924f9
2026-04-12 18:14:23 [http-nio-3000-exec-2] DEBUG c.b.p.a.i.p.s.a.SupabaseAsignacionRepositoryAdapter - Consultando asignaciones por vendedor: 73ed0c2b-851c-44c8-a08b-ded6f61924f9
2026-04-12 18:14:23 [http-nio-3000-exec-1] DEBUG c.b.p.a.d.a.s.AutorizacionAuthService - Perfil obtenido exitosamente para usuario ID: f2dc5b92-7ded-4c42-9e5a-d8a22aaf4a3a
2026-04-12 18:14:23 [http-nio-3000-exec-1] INFO  c.b.p.a.a.i.c.InventarioRestAdapter - GET /inventario/vendedor/997e2337-32a6-4ba5-84fb-873ef1b6036f - consulta por mateovargas220705@gmail.com
2026-04-12 18:14:23 [http-nio-3000-exec-1] INFO  c.b.p.a.d.i.s.GestionInventarioService - Consultando cargas por vendedor: 997e2337-32a6-4ba5-84fb-873ef1b6036f
2026-04-12 18:14:23 [http-nio-3000-exec-1] DEBUG c.b.p.a.i.p.s.a.SupabaseAsignacionRepositoryAdapter - Consultando asignaciones por vendedor: 997e2337-32a6-4ba5-84fb-873ef1b6036f
2026-04-12 18:14:23 [http-nio-3000-exec-3] DEBUG c.b.p.a.d.a.s.AutorizacionAuthService - Perfil obtenido exitosamente para usuario ID: f2dc5b92-7ded-4c42-9e5a-d8a22aaf4a3a
2026-04-12 18:14:23 [http-nio-3000-exec-3] INFO  c.b.p.a.a.i.c.InventarioRestAdapter - GET /inventario/vendedor/2ab0631c-da17-4bd8-b9b9-237de54711c6 - consulta por mateovargas220705@gmail.com
2026-04-12 18:14:23 [http-nio-3000-exec-3] INFO  c.b.p.a.d.i.s.GestionInventarioService - Consultando cargas por vendedor: 2ab0631c-da17-4bd8-b9b9-237de54711c6
2026-04-12 18:14:23 [http-nio-3000-exec-3] DEBUG c.b.p.a.i.p.s.a.SupabaseAsignacionRepositoryAdapter - Consultando asignaciones por vendedor: 2ab0631c-da17-4bd8-b9b9-237de54711c6
2026-04-12 18:14:23 [http-nio-3000-exec-4] DEBUG c.b.p.a.d.a.s.AutorizacionAuthService - Perfil obtenido exitosamente para usuario ID: f2dc5b92-7ded-4c42-9e5a-d8a22aaf4a3a
2026-04-12 18:14:23 [http-nio-3000-exec-4] INFO  c.b.p.a.a.i.c.InventarioRestAdapter - GET /inventario/vendedor/7dec6fc9-8ddc-48c6-86a3-a1dbfc46f80e - consulta por mateovargas220705@gmail.com
2026-04-12 18:14:23 [http-nio-3000-exec-4] INFO  c.b.p.a.d.i.s.GestionInventarioService - Consultando cargas por vendedor: 7dec6fc9-8ddc-48c6-86a3-a1dbfc46f80e
2026-04-12 18:14:23 [http-nio-3000-exec-4] DEBUG c.b.p.a.i.p.s.a.SupabaseAsignacionRepositoryAdapter - Consultando asignaciones por vendedor: 7dec6fc9-8ddc-48c6-86a3-a1dbfc46f80e
2026-04-12 18:14:23 [http-nio-3000-exec-5] DEBUG c.b.p.a.d.a.s.AutorizacionAuthService - Perfil obtenido exitosamente para usuario ID: f2dc5b92-7ded-4c42-9e5a-d8a22aaf4a3a
2026-04-12 18:14:23 [http-nio-3000-exec-5] INFO  c.b.p.a.a.i.c.InventarioRestAdapter - GET /inventario/vendedor/6b0a5026-52f3-475a-a20f-5aacf94764f0 - consulta por mateovargas220705@gmail.com
2026-04-12 18:14:23 [http-nio-3000-exec-5] INFO  c.b.p.a.d.i.s.GestionInventarioService - Consultando cargas por vendedor: 6b0a5026-52f3-475a-a20f-5aacf94764f0
2026-04-12 18:14:23 [http-nio-3000-exec-5] DEBUG c.b.p.a.i.p.s.a.SupabaseAsignacionRepositoryAdapter - Consultando asignaciones por vendedor: 6b0a5026-52f3-475a-a20f-5aacf94764f0
2026-04-12 18:14:23 [http-nio-3000-exec-1] DEBUG c.b.p.a.i.p.s.a.SupabaseAsignacionRepositoryAdapter - Asignaciones encontradas para vendedor 997e2337-32a6-4ba5-84fb-873ef1b6036f: 0
2026-04-12 18:14:23 [http-nio-3000-exec-2] DEBUG c.b.p.a.i.p.s.a.SupabaseAsignacionRepositoryAdapter - Asignaciones encontradas para vendedor 73ed0c2b-851c-44c8-a08b-ded6f61924f9: 4
2026-04-12 18:14:23 [http-nio-3000-exec-3] DEBUG c.b.p.a.i.p.s.a.SupabaseAsignacionRepositoryAdapter - Asignaciones encontradas para vendedor 2ab0631c-da17-4bd8-b9b9-237de54711c6: 7
2026-04-12 18:14:23 [http-nio-3000-exec-4] DEBUG c.b.p.a.i.p.s.a.SupabaseAsignacionRepositoryAdapter - Asignaciones encontradas para vendedor 7dec6fc9-8ddc-48c6-86a3-a1dbfc46f80e: 0
2026-04-12 18:14:23 [http-nio-3000-exec-5] DEBUG c.b.p.a.i.p.s.a.SupabaseAsignacionRepositoryAdapter - Asignaciones encontradas para vendedor 6b0a5026-52f3-475a-a20f-5aacf94764f0: 4
2026-04-12 18:14:24 [http-nio-3000-exec-9] INFO  c.b.p.a.a.p.c.ProductosRestAdapter - GET /productos - Obtener todos los productos
2026-04-12 18:14:24 [http-nio-3000-exec-9] DEBUG c.b.p.a.d.p.s.GestionProductosService - Obteniendo todos los productos
2026-04-12 18:14:24 [http-nio-3000-exec-9] DEBUG c.b.p.a.d.p.s.GestionProductosService - Se obtuvieron 23 productos
2026-04-12 18:14:24 [http-nio-3000-exec-9] DEBUG c.b.p.a.a.p.c.ProductosRestAdapter - Se obtuvieron 23 productos
2026-04-12 18:14:24 [http-nio-3000-exec-7] INFO  c.b.p.a.a.v.c.VendedoresRestAdapter - GET /vendedores - Obtener todos los vendedores
2026-04-12 18:14:24 [http-nio-3000-exec-7] DEBUG c.b.p.a.d.v.s.GestionVendedoresService - Obteniendo todos los vendedores
2026-04-12 18:14:25 [http-nio-3000-exec-7] DEBUG c.b.p.a.d.v.s.GestionVendedoresService - Se obtuvieron 5 vendedores
2026-04-12 18:14:25 [http-nio-3000-exec-7] DEBUG c.b.p.a.a.v.c.VendedoresRestAdapter - Se obtuvieron 5 vendedores
2026-04-12 18:14:26 [http-nio-3000-exec-6] INFO  c.b.p.a.a.p.c.ProductosRestAdapter - GET /productos - Obtener todos los productos
2026-04-12 18:14:26 [http-nio-3000-exec-10] INFO  c.b.p.a.a.v.c.VendedoresRestAdapter - GET /vendedores - Obtener todos los vendedores
2026-04-12 18:14:26 [http-nio-3000-exec-10] DEBUG c.b.p.a.d.v.s.GestionVendedoresService - Obteniendo todos los vendedores
2026-04-12 18:14:26 [http-nio-3000-exec-6] DEBUG c.b.p.a.d.p.s.GestionProductosService - Obteniendo todos los productos
2026-04-12 18:14:26 [http-nio-3000-exec-8] INFO  c.b.p.a.a.p.c.ProductosRestAdapter - GET /productos/stock-bajo - Consultando alertas con umbral: 100
2026-04-12 18:14:26 [http-nio-3000-exec-8] DEBUG c.b.p.a.d.p.s.GestionProductosService - Obteniendo productos con stock bajo. Umbral: 100
2026-04-12 18:14:26 [http-nio-3000-exec-10] DEBUG c.b.p.a.d.v.s.GestionVendedoresService - Se obtuvieron 5 vendedores
2026-04-12 18:14:26 [http-nio-3000-exec-10] DEBUG c.b.p.a.a.v.c.VendedoresRestAdapter - Se obtuvieron 5 vendedores
2026-04-12 18:14:26 [http-nio-3000-exec-8] DEBUG c.b.p.a.d.p.s.GestionProductosService - Se encontraron 22 productos con stock bajo
2026-04-12 18:14:26 [http-nio-3000-exec-6] DEBUG c.b.p.a.d.p.s.GestionProductosService - Se obtuvieron 23 productos
2026-04-12 18:14:26 [http-nio-3000-exec-6] DEBUG c.b.p.a.a.p.c.ProductosRestAdapter - Se obtuvieron 23 productos
2026-04-12 18:14:30 [http-nio-3000-exec-1] INFO  c.b.p.a.a.v.c.VendedoresRestAdapter - GET /vendedores - Obtener todos los vendedores
2026-04-12 18:14:30 [http-nio-3000-exec-1] DEBUG c.b.p.a.d.v.s.GestionVendedoresService - Obteniendo todos los vendedores
2026-04-12 18:14:30 [http-nio-3000-exec-1] DEBUG c.b.p.a.d.v.s.GestionVendedoresService - Se obtuvieron 5 vendedores
2026-04-12 18:14:30 [http-nio-3000-exec-1] DEBUG c.b.p.a.a.v.c.VendedoresRestAdapter - Se obtuvieron 5 vendedores
2026-04-12 18:14:31 [http-nio-3000-exec-2] INFO  c.b.p.a.a.p.c.ProductosRestAdapter - GET /productos - Obtener todos los productos
2026-04-12 18:14:31 [http-nio-3000-exec-2] DEBUG c.b.p.a.d.p.s.GestionProductosService - Obteniendo todos los productos
2026-04-12 18:14:31 [http-nio-3000-exec-2] DEBUG c.b.p.a.d.p.s.GestionProductosService - Se obtuvieron 23 productos
2026-04-12 18:14:31 [http-nio-3000-exec-2] DEBUG c.b.p.a.a.p.c.ProductosRestAdapter - Se obtuvieron 23 productos
2026-04-12 18:14:32 [http-nio-3000-exec-3] INFO  c.b.p.a.a.v.c.VendedoresRestAdapter - GET /vendedores - Obtener todos los vendedores
2026-04-12 18:14:32 [http-nio-3000-exec-3] DEBUG c.b.p.a.d.v.s.GestionVendedoresService - Obteniendo todos los vendedores
2026-04-12 18:14:32 [http-nio-3000-exec-4] INFO  c.b.p.a.a.p.c.ProductosRestAdapter - GET /productos - Obtener todos los productos
2026-04-12 18:14:32 [http-nio-3000-exec-4] DEBUG c.b.p.a.d.p.s.GestionProductosService - Obteniendo todos los productos
2026-04-12 18:14:32 [http-nio-3000-exec-3] DEBUG c.b.p.a.d.v.s.GestionVendedoresService - Se obtuvieron 5 vendedores
2026-04-12 18:14:32 [http-nio-3000-exec-3] DEBUG c.b.p.a.a.v.c.VendedoresRestAdapter - Se obtuvieron 5 vendedores
2026-04-12 18:14:32 [http-nio-3000-exec-4] DEBUG c.b.p.a.d.p.s.GestionProductosService - Se obtuvieron 23 productos
2026-04-12 18:14:32 [http-nio-3000-exec-4] DEBUG c.b.p.a.a.p.c.ProductosRestAdapter - Se obtuvieron 23 productos
2026-04-12 18:14:32 [http-nio-3000-exec-5] DEBUG c.b.p.a.d.a.s.AutorizacionAuthService - Obteniendo perfil por token
2026-04-12 18:14:32 [http-nio-3000-exec-9] DEBUG c.b.p.a.d.a.s.AutorizacionAuthService - Obteniendo perfil por token
2026-04-12 18:14:32 [http-nio-3000-exec-10] DEBUG c.b.p.a.d.a.s.AutorizacionAuthService - Obteniendo perfil por token
2026-04-12 18:14:32 [http-nio-3000-exec-7] DEBUG c.b.p.a.d.a.s.AutorizacionAuthService - Obteniendo perfil por token
2026-04-12 18:14:32 [http-nio-3000-exec-8] DEBUG c.b.p.a.d.a.s.AutorizacionAuthService - Obteniendo perfil por token
2026-04-12 18:14:32 [http-nio-3000-exec-5] DEBUG c.b.p.a.d.a.s.AutorizacionAuthService - Perfil obtenido exitosamente para usuario ID: f2dc5b92-7ded-4c42-9e5a-d8a22aaf4a3a
2026-04-12 18:14:32 [http-nio-3000-exec-5] INFO  c.b.p.a.a.i.c.InventarioRestAdapter - GET /inventario/vendedor/2ab0631c-da17-4bd8-b9b9-237de54711c6 - consulta por mateovargas220705@gmail.com
2026-04-12 18:14:32 [http-nio-3000-exec-5] INFO  c.b.p.a.d.i.s.GestionInventarioService - Consultando cargas por vendedor: 2ab0631c-da17-4bd8-b9b9-237de54711c6
2026-04-12 18:14:32 [http-nio-3000-exec-5] DEBUG c.b.p.a.i.p.s.a.SupabaseAsignacionRepositoryAdapter - Consultando asignaciones por vendedor: 2ab0631c-da17-4bd8-b9b9-237de54711c6
2026-04-12 18:14:32 [http-nio-3000-exec-9] DEBUG c.b.p.a.d.a.s.AutorizacionAuthService - Perfil obtenido exitosamente para usuario ID: f2dc5b92-7ded-4c42-9e5a-d8a22aaf4a3a
2026-04-12 18:14:32 [http-nio-3000-exec-9] INFO  c.b.p.a.a.i.c.InventarioRestAdapter - GET /inventario/vendedor/6b0a5026-52f3-475a-a20f-5aacf94764f0 - consulta por mateovargas220705@gmail.com
2026-04-12 18:14:32 [http-nio-3000-exec-9] INFO  c.b.p.a.d.i.s.GestionInventarioService - Consultando cargas por vendedor: 6b0a5026-52f3-475a-a20f-5aacf94764f0
2026-04-12 18:14:32 [http-nio-3000-exec-9] DEBUG c.b.p.a.i.p.s.a.SupabaseAsignacionRepositoryAdapter - Consultando asignaciones por vendedor: 6b0a5026-52f3-475a-a20f-5aacf94764f0
2026-04-12 18:14:32 [http-nio-3000-exec-8] DEBUG c.b.p.a.d.a.s.AutorizacionAuthService - Perfil obtenido exitosamente para usuario ID: f2dc5b92-7ded-4c42-9e5a-d8a22aaf4a3a
2026-04-12 18:14:32 [http-nio-3000-exec-8] INFO  c.b.p.a.a.i.c.InventarioRestAdapter - GET /inventario/vendedor/997e2337-32a6-4ba5-84fb-873ef1b6036f - consulta por mateovargas220705@gmail.com
2026-04-12 18:14:32 [http-nio-3000-exec-8] INFO  c.b.p.a.d.i.s.GestionInventarioService - Consultando cargas por vendedor: 997e2337-32a6-4ba5-84fb-873ef1b6036f
2026-04-12 18:14:32 [http-nio-3000-exec-7] DEBUG c.b.p.a.d.a.s.AutorizacionAuthService - Perfil obtenido exitosamente para usuario ID: f2dc5b92-7ded-4c42-9e5a-d8a22aaf4a3a
2026-04-12 18:14:32 [http-nio-3000-exec-8] DEBUG c.b.p.a.i.p.s.a.SupabaseAsignacionRepositoryAdapter - Consultando asignaciones por vendedor: 997e2337-32a6-4ba5-84fb-873ef1b6036f
2026-04-12 18:14:32 [http-nio-3000-exec-7] INFO  c.b.p.a.a.i.c.InventarioRestAdapter - GET /inventario/vendedor/73ed0c2b-851c-44c8-a08b-ded6f61924f9 - consulta por mateovargas220705@gmail.com
2026-04-12 18:14:32 [http-nio-3000-exec-7] INFO  c.b.p.a.d.i.s.GestionInventarioService - Consultando cargas por vendedor: 73ed0c2b-851c-44c8-a08b-ded6f61924f9
2026-04-12 18:14:32 [http-nio-3000-exec-7] DEBUG c.b.p.a.i.p.s.a.SupabaseAsignacionRepositoryAdapter - Consultando asignaciones por vendedor: 73ed0c2b-851c-44c8-a08b-ded6f61924f9
2026-04-12 18:14:32 [http-nio-3000-exec-10] DEBUG c.b.p.a.d.a.s.AutorizacionAuthService - Perfil obtenido exitosamente para usuario ID: f2dc5b92-7ded-4c42-9e5a-d8a22aaf4a3a
2026-04-12 18:14:32 [http-nio-3000-exec-10] INFO  c.b.p.a.a.i.c.InventarioRestAdapter - GET /inventario/vendedor/7dec6fc9-8ddc-48c6-86a3-a1dbfc46f80e - consulta por mateovargas220705@gmail.com
2026-04-12 18:14:32 [http-nio-3000-exec-10] INFO  c.b.p.a.d.i.s.GestionInventarioService - Consultando cargas por vendedor: 7dec6fc9-8ddc-48c6-86a3-a1dbfc46f80e
2026-04-12 18:14:32 [http-nio-3000-exec-10] DEBUG c.b.p.a.i.p.s.a.SupabaseAsignacionRepositoryAdapter - Consultando asignaciones por vendedor: 7dec6fc9-8ddc-48c6-86a3-a1dbfc46f80e
2026-04-12 18:14:33 [http-nio-3000-exec-5] DEBUG c.b.p.a.i.p.s.a.SupabaseAsignacionRepositoryAdapter - Asignaciones encontradas para vendedor 2ab0631c-da17-4bd8-b9b9-237de54711c6: 7
2026-04-12 18:14:33 [http-nio-3000-exec-7] DEBUG c.b.p.a.i.p.s.a.SupabaseAsignacionRepositoryAdapter - Asignaciones encontradas para vendedor 73ed0c2b-851c-44c8-a08b-ded6f61924f9: 4
2026-04-12 18:14:33 [http-nio-3000-exec-8] DEBUG c.b.p.a.i.p.s.a.SupabaseAsignacionRepositoryAdapter - Asignaciones encontradas para vendedor 997e2337-32a6-4ba5-84fb-873ef1b6036f: 0
2026-04-12 18:14:33 [http-nio-3000-exec-9] DEBUG c.b.p.a.i.p.s.a.SupabaseAsignacionRepositoryAdapter - Asignaciones encontradas para vendedor 6b0a5026-52f3-475a-a20f-5aacf94764f0: 4
2026-04-12 18:14:33 [http-nio-3000-exec-10] DEBUG c.b.p.a.i.p.s.a.SupabaseAsignacionRepositoryAdapter - Asignaciones encontradas para vendedor 7dec6fc9-8ddc-48c6-86a3-a1dbfc46f80e: 0
2026-04-12 18:14:52 [http-nio-3000-exec-1] INFO  c.b.p.a.a.p.c.ProductosRestAdapter - GET /productos - Obtener todos los productos
2026-04-12 18:14:52 [http-nio-3000-exec-6] INFO  c.b.p.a.a.v.c.VendedoresRestAdapter - GET /vendedores - Obtener todos los vendedores
2026-04-12 18:14:52 [http-nio-3000-exec-1] DEBUG c.b.p.a.d.p.s.GestionProductosService - Obteniendo todos los productos
2026-04-12 18:14:52 [http-nio-3000-exec-6] DEBUG c.b.p.a.d.v.s.GestionVendedoresService - Obteniendo todos los vendedores
2026-04-12 18:14:53 [http-nio-3000-exec-1] DEBUG c.b.p.a.d.p.s.GestionProductosService - Se obtuvieron 23 productos
2026-04-12 18:14:53 [http-nio-3000-exec-1] DEBUG c.b.p.a.a.p.c.ProductosRestAdapter - Se obtuvieron 23 productos
2026-04-12 18:14:53 [http-nio-3000-exec-6] DEBUG c.b.p.a.d.v.s.GestionVendedoresService - Se obtuvieron 5 vendedores
2026-04-12 18:14:53 [http-nio-3000-exec-6] DEBUG c.b.p.a.a.v.c.VendedoresRestAdapter - Se obtuvieron 5 vendedores
2026-04-12 18:14:53 [http-nio-3000-exec-5] DEBUG c.b.p.a.d.a.s.AutorizacionAuthService - Obteniendo perfil por token
2026-04-12 18:14:53 [http-nio-3000-exec-3] DEBUG c.b.p.a.d.a.s.AutorizacionAuthService - Obteniendo perfil por token
2026-04-12 18:14:53 [http-nio-3000-exec-4] DEBUG c.b.p.a.d.a.s.AutorizacionAuthService - Obteniendo perfil por token
2026-04-12 18:14:53 [http-nio-3000-exec-2] DEBUG c.b.p.a.d.a.s.AutorizacionAuthService - Obteniendo perfil por token
2026-04-12 18:14:53 [http-nio-3000-exec-7] DEBUG c.b.p.a.d.a.s.AutorizacionAuthService - Obteniendo perfil por token
2026-04-12 18:14:53 [http-nio-3000-exec-4] DEBUG c.b.p.a.d.a.s.AutorizacionAuthService - Perfil obtenido exitosamente para usuario ID: f2dc5b92-7ded-4c42-9e5a-d8a22aaf4a3a
2026-04-12 18:14:53 [http-nio-3000-exec-4] INFO  c.b.p.a.a.i.c.InventarioRestAdapter - GET /inventario/vendedor/73ed0c2b-851c-44c8-a08b-ded6f61924f9 - consulta por mateovargas220705@gmail.com
2026-04-12 18:14:53 [http-nio-3000-exec-4] INFO  c.b.p.a.d.i.s.GestionInventarioService - Consultando cargas por vendedor: 73ed0c2b-851c-44c8-a08b-ded6f61924f9
2026-04-12 18:14:53 [http-nio-3000-exec-4] DEBUG c.b.p.a.i.p.s.a.SupabaseAsignacionRepositoryAdapter - Consultando asignaciones por vendedor: 73ed0c2b-851c-44c8-a08b-ded6f61924f9
2026-04-12 18:14:53 [http-nio-3000-exec-2] DEBUG c.b.p.a.d.a.s.AutorizacionAuthService - Perfil obtenido exitosamente para usuario ID: f2dc5b92-7ded-4c42-9e5a-d8a22aaf4a3a
2026-04-12 18:14:53 [http-nio-3000-exec-2] INFO  c.b.p.a.a.i.c.InventarioRestAdapter - GET /inventario/vendedor/2ab0631c-da17-4bd8-b9b9-237de54711c6 - consulta por mateovargas220705@gmail.com
2026-04-12 18:14:53 [http-nio-3000-exec-2] INFO  c.b.p.a.d.i.s.GestionInventarioService - Consultando cargas por vendedor: 2ab0631c-da17-4bd8-b9b9-237de54711c6
2026-04-12 18:14:53 [http-nio-3000-exec-2] DEBUG c.b.p.a.i.p.s.a.SupabaseAsignacionRepositoryAdapter - Consultando asignaciones por vendedor: 2ab0631c-da17-4bd8-b9b9-237de54711c6
2026-04-12 18:14:53 [http-nio-3000-exec-5] DEBUG c.b.p.a.d.a.s.AutorizacionAuthService - Perfil obtenido exitosamente para usuario ID: f2dc5b92-7ded-4c42-9e5a-d8a22aaf4a3a
2026-04-12 18:14:53 [http-nio-3000-exec-5] INFO  c.b.p.a.a.i.c.InventarioRestAdapter - GET /inventario/vendedor/7dec6fc9-8ddc-48c6-86a3-a1dbfc46f80e - consulta por mateovargas220705@gmail.com
2026-04-12 18:14:53 [http-nio-3000-exec-5] INFO  c.b.p.a.d.i.s.GestionInventarioService - Consultando cargas por vendedor: 7dec6fc9-8ddc-48c6-86a3-a1dbfc46f80e
2026-04-12 18:14:53 [http-nio-3000-exec-5] DEBUG c.b.p.a.i.p.s.a.SupabaseAsignacionRepositoryAdapter - Consultando asignaciones por vendedor: 7dec6fc9-8ddc-48c6-86a3-a1dbfc46f80e
2026-04-12 18:14:53 [http-nio-3000-exec-7] DEBUG c.b.p.a.d.a.s.AutorizacionAuthService - Perfil obtenido exitosamente para usuario ID: f2dc5b92-7ded-4c42-9e5a-d8a22aaf4a3a
2026-04-12 18:14:53 [http-nio-3000-exec-7] INFO  c.b.p.a.a.i.c.InventarioRestAdapter - GET /inventario/vendedor/997e2337-32a6-4ba5-84fb-873ef1b6036f - consulta por mateovargas220705@gmail.com
2026-04-12 18:14:53 [http-nio-3000-exec-7] INFO  c.b.p.a.d.i.s.GestionInventarioService - Consultando cargas por vendedor: 997e2337-32a6-4ba5-84fb-873ef1b6036f
2026-04-12 18:14:53 [http-nio-3000-exec-7] DEBUG c.b.p.a.i.p.s.a.SupabaseAsignacionRepositoryAdapter - Consultando asignaciones por vendedor: 997e2337-32a6-4ba5-84fb-873ef1b6036f
2026-04-12 18:14:53 [http-nio-3000-exec-3] DEBUG c.b.p.a.d.a.s.AutorizacionAuthService - Perfil obtenido exitosamente para usuario ID: f2dc5b92-7ded-4c42-9e5a-d8a22aaf4a3a
2026-04-12 18:14:53 [http-nio-3000-exec-3] INFO  c.b.p.a.a.i.c.InventarioRestAdapter - GET /inventario/vendedor/6b0a5026-52f3-475a-a20f-5aacf94764f0 - consulta por mateovargas220705@gmail.com
2026-04-12 18:14:53 [http-nio-3000-exec-3] INFO  c.b.p.a.d.i.s.GestionInventarioService - Consultando cargas por vendedor: 6b0a5026-52f3-475a-a20f-5aacf94764f0
2026-04-12 18:14:53 [http-nio-3000-exec-3] DEBUG c.b.p.a.i.p.s.a.SupabaseAsignacionRepositoryAdapter - Consultando asignaciones por vendedor: 6b0a5026-52f3-475a-a20f-5aacf94764f0
2026-04-12 18:14:53 [http-nio-3000-exec-2] DEBUG c.b.p.a.i.p.s.a.SupabaseAsignacionRepositoryAdapter - Asignaciones encontradas para vendedor 2ab0631c-da17-4bd8-b9b9-237de54711c6: 7
2026-04-12 18:14:53 [http-nio-3000-exec-4] DEBUG c.b.p.a.i.p.s.a.SupabaseAsignacionRepositoryAdapter - Asignaciones encontradas para vendedor 73ed0c2b-851c-44c8-a08b-ded6f61924f9: 4
2026-04-12 18:14:53 [http-nio-3000-exec-5] DEBUG c.b.p.a.i.p.s.a.SupabaseAsignacionRepositoryAdapter - Asignaciones encontradas para vendedor 7dec6fc9-8ddc-48c6-86a3-a1dbfc46f80e: 0
2026-04-12 18:14:53 [http-nio-3000-exec-3] DEBUG c.b.p.a.i.p.s.a.SupabaseAsignacionRepositoryAdapter - Asignaciones encontradas para vendedor 6b0a5026-52f3-475a-a20f-5aacf94764f0: 4
2026-04-12 18:14:53 [http-nio-3000-exec-7] DEBUG c.b.p.a.i.p.s.a.SupabaseAsignacionRepositoryAdapter - Asignaciones encontradas para vendedor 997e2337-32a6-4ba5-84fb-873ef1b6036f: 0
2026-04-12 18:15:01 [http-nio-3000-exec-8] INFO  c.b.p.a.a.v.c.VendedoresRestAdapter - GET /vendedores - Obtener todos los vendedores
2026-04-12 18:15:01 [http-nio-3000-exec-8] DEBUG c.b.p.a.d.v.s.GestionVendedoresService - Obteniendo todos los vendedores
2026-04-12 18:15:01 [http-nio-3000-exec-8] DEBUG c.b.p.a.d.v.s.GestionVendedoresService - Se obtuvieron 5 vendedores
2026-04-12 18:15:01 [http-nio-3000-exec-8] DEBUG c.b.p.a.a.v.c.VendedoresRestAdapter - Se obtuvieron 5 vendedores
2026-04-12 18:15:02 [http-nio-3000-exec-9] INFO  c.b.p.a.a.p.c.ProductosRestAdapter - GET /productos - Obtener todos los productos
2026-04-12 18:15:02 [http-nio-3000-exec-9] DEBUG c.b.p.a.d.p.s.GestionProductosService - Obteniendo todos los productos
2026-04-12 18:15:03 [http-nio-3000-exec-9] DEBUG c.b.p.a.d.p.s.GestionProductosService - Se obtuvieron 23 productos
2026-04-12 18:15:03 [http-nio-3000-exec-9] DEBUG c.b.p.a.a.p.c.ProductosRestAdapter - Se obtuvieron 23 productos
2026-04-12 18:15:03 [http-nio-3000-exec-10] INFO  c.b.p.a.a.p.c.ProductosRestAdapter - GET /productos - Obtener todos los productos
2026-04-12 18:15:03 [http-nio-3000-exec-10] DEBUG c.b.p.a.d.p.s.GestionProductosService - Obteniendo todos los productos
2026-04-12 18:15:03 [http-nio-3000-exec-1] INFO  c.b.p.a.a.v.c.VendedoresRestAdapter - GET /vendedores - Obtener todos los vendedores
2026-04-12 18:15:03 [http-nio-3000-exec-1] DEBUG c.b.p.a.d.v.s.GestionVendedoresService - Obteniendo todos los vendedores
2026-04-12 18:15:03 [http-nio-3000-exec-6] INFO  c.b.p.a.a.p.c.ProductosRestAdapter - GET /productos/stock-bajo - Consultando alertas con umbral: 100
2026-04-12 18:15:03 [http-nio-3000-exec-6] DEBUG c.b.p.a.d.p.s.GestionProductosService - Obteniendo productos con stock bajo. Umbral: 100
2026-04-12 18:15:03 [http-nio-3000-exec-10] DEBUG c.b.p.a.d.p.s.GestionProductosService - Se obtuvieron 23 productos
2026-04-12 18:15:03 [http-nio-3000-exec-10] DEBUG c.b.p.a.a.p.c.ProductosRestAdapter - Se obtuvieron 23 productos
2026-04-12 18:15:03 [http-nio-3000-exec-6] DEBUG c.b.p.a.d.p.s.GestionProductosService - Se encontraron 22 productos con stock bajo
2026-04-12 18:15:03 [http-nio-3000-exec-1] DEBUG c.b.p.a.d.v.s.GestionVendedoresService - Se obtuvieron 5 vendedores
2026-04-12 18:15:03 [http-nio-3000-exec-1] DEBUG c.b.p.a.a.v.c.VendedoresRestAdapter - Se obtuvieron 5 vendedores
2026-04-12 18:16:49 [http-nio-3000-exec-8] INFO  c.b.p.a.a.p.c.ProductosRestAdapter - GET /productos - Obtener todos los productos
2026-04-12 18:16:49 [http-nio-3000-exec-8] DEBUG c.b.p.a.d.p.s.GestionProductosService - Obteniendo todos los productos
2026-04-12 18:16:49 [http-nio-3000-exec-9] INFO  c.b.p.a.a.v.c.VendedoresRestAdapter - GET /vendedores - Obtener todos los vendedores
2026-04-12 18:16:49 [http-nio-3000-exec-9] DEBUG c.b.p.a.d.v.s.GestionVendedoresService - Obteniendo todos los vendedores
2026-04-12 18:16:49 [http-nio-3000-exec-10] INFO  c.b.p.a.a.p.c.ProductosRestAdapter - GET /productos/stock-bajo - Consultando alertas con umbral: 100
2026-04-12 18:16:49 [http-nio-3000-exec-10] DEBUG c.b.p.a.d.p.s.GestionProductosService - Obteniendo productos con stock bajo. Umbral: 100
2026-04-12 18:16:49 [http-nio-3000-exec-9] DEBUG c.b.p.a.d.v.s.GestionVendedoresService - Se obtuvieron 5 vendedores
2026-04-12 18:16:49 [http-nio-3000-exec-9] DEBUG c.b.p.a.a.v.c.VendedoresRestAdapter - Se obtuvieron 5 vendedores
2026-04-12 18:16:49 [http-nio-3000-exec-10] DEBUG c.b.p.a.d.p.s.GestionProductosService - Se encontraron 22 productos con stock bajo
2026-04-12 18:16:49 [http-nio-3000-exec-8] DEBUG c.b.p.a.d.p.s.GestionProductosService - Se obtuvieron 23 productos
2026-04-12 18:16:49 [http-nio-3000-exec-8] DEBUG c.b.p.a.a.p.c.ProductosRestAdapter - Se obtuvieron 23 productos
2026-04-12 18:16:58 [http-nio-3000-exec-6] INFO  c.b.p.a.a.v.c.VendedoresRestAdapter - GET /vendedores - Obtener todos los vendedores
2026-04-12 18:16:58 [http-nio-3000-exec-6] DEBUG c.b.p.a.d.v.s.GestionVendedoresService - Obteniendo todos los vendedores
2026-04-12 18:16:59 [http-nio-3000-exec-6] DEBUG c.b.p.a.d.v.s.GestionVendedoresService - Se obtuvieron 5 vendedores
2026-04-12 18:16:59 [http-nio-3000-exec-6] DEBUG c.b.p.a.a.v.c.VendedoresRestAdapter - Se obtuvieron 5 vendedores
2026-04-12 18:17:00 [http-nio-3000-exec-1] INFO  c.b.p.a.a.p.c.ProductosRestAdapter - GET /productos - Obtener todos los productos
2026-04-12 18:17:00 [http-nio-3000-exec-1] DEBUG c.b.p.a.d.p.s.GestionProductosService - Obteniendo todos los productos
2026-04-12 18:17:00 [http-nio-3000-exec-1] DEBUG c.b.p.a.d.p.s.GestionProductosService - Se obtuvieron 23 productos
2026-04-12 18:17:00 [http-nio-3000-exec-1] DEBUG c.b.p.a.a.p.c.ProductosRestAdapter - Se obtuvieron 23 productos
2026-04-12 18:17:00 [http-nio-3000-exec-4] INFO  c.b.p.a.a.v.c.VendedoresRestAdapter - GET /vendedores - Obtener todos los vendedores
2026-04-12 18:17:00 [http-nio-3000-exec-4] DEBUG c.b.p.a.d.v.s.GestionVendedoresService - Obteniendo todos los vendedores
2026-04-12 18:17:00 [http-nio-3000-exec-4] DEBUG c.b.p.a.d.v.s.GestionVendedoresService - Se obtuvieron 5 vendedores
2026-04-12 18:17:00 [http-nio-3000-exec-4] DEBUG c.b.p.a.a.v.c.VendedoresRestAdapter - Se obtuvieron 5 vendedores
2026-04-12 18:17:01 [http-nio-3000-exec-2] INFO  c.b.p.a.a.p.c.ProductosRestAdapter - GET /productos - Obtener todos los productos
2026-04-12 18:17:01 [http-nio-3000-exec-2] DEBUG c.b.p.a.d.p.s.GestionProductosService - Obteniendo todos los productos
2026-04-12 18:17:01 [http-nio-3000-exec-7] INFO  c.b.p.a.a.v.c.VendedoresRestAdapter - GET /vendedores - Obtener todos los vendedores
2026-04-12 18:17:01 [http-nio-3000-exec-7] DEBUG c.b.p.a.d.v.s.GestionVendedoresService - Obteniendo todos los vendedores
2026-04-12 18:17:01 [http-nio-3000-exec-5] INFO  c.b.p.a.a.p.c.ProductosRestAdapter - GET /productos/stock-bajo - Consultando alertas con umbral: 100
2026-04-12 18:17:01 [http-nio-3000-exec-5] DEBUG c.b.p.a.d.p.s.GestionProductosService - Obteniendo productos con stock bajo. Umbral: 100
2026-04-12 18:17:01 [http-nio-3000-exec-2] DEBUG c.b.p.a.d.p.s.GestionProductosService - Se obtuvieron 23 productos
2026-04-12 18:17:01 [http-nio-3000-exec-2] DEBUG c.b.p.a.a.p.c.ProductosRestAdapter - Se obtuvieron 23 productos
2026-04-12 18:17:01 [http-nio-3000-exec-7] DEBUG c.b.p.a.d.v.s.GestionVendedoresService - Se obtuvieron 5 vendedores
2026-04-12 18:17:01 [http-nio-3000-exec-7] DEBUG c.b.p.a.a.v.c.VendedoresRestAdapter - Se obtuvieron 5 vendedores
2026-04-12 18:17:01 [http-nio-3000-exec-5] DEBUG c.b.p.a.d.p.s.GestionProductosService - Se encontraron 22 productos con stock bajo
2026-04-12 18:18:00 [http-nio-3000-exec-3] INFO  c.b.p.a.a.p.c.ProductosRestAdapter - GET /productos - Obtener todos los productos
2026-04-12 18:18:00 [http-nio-3000-exec-9] INFO  c.b.p.a.a.v.c.VendedoresRestAdapter - GET /vendedores - Obtener todos los vendedores
2026-04-12 18:18:00 [http-nio-3000-exec-3] DEBUG c.b.p.a.d.p.s.GestionProductosService - Obteniendo todos los productos
2026-04-12 18:18:00 [http-nio-3000-exec-9] DEBUG c.b.p.a.d.v.s.GestionVendedoresService - Obteniendo todos los vendedores
2026-04-12 18:18:00 [http-nio-3000-exec-10] INFO  c.b.p.a.a.p.c.ProductosRestAdapter - GET /productos/stock-bajo - Consultando alertas con umbral: 100
2026-04-12 18:18:00 [http-nio-3000-exec-10] DEBUG c.b.p.a.d.p.s.GestionProductosService - Obteniendo productos con stock bajo. Umbral: 100
2026-04-12 18:18:00 [http-nio-3000-exec-10] DEBUG c.b.p.a.d.p.s.GestionProductosService - Se encontraron 22 productos con stock bajo
2026-04-12 18:18:00 [http-nio-3000-exec-9] DEBUG c.b.p.a.d.v.s.GestionVendedoresService - Se obtuvieron 5 vendedores
2026-04-12 18:18:00 [http-nio-3000-exec-9] DEBUG c.b.p.a.a.v.c.VendedoresRestAdapter - Se obtuvieron 5 vendedores
2026-04-12 18:18:00 [http-nio-3000-exec-3] DEBUG c.b.p.a.d.p.s.GestionProductosService - Se obtuvieron 23 productos
2026-04-12 18:18:00 [http-nio-3000-exec-3] DEBUG c.b.p.a.a.p.c.ProductosRestAdapter - Se obtuvieron 23 productos
2026-04-12 18:55:32 [http-nio-3000-exec-5] INFO  c.b.p.a.a.v.c.VendedoresRestAdapter - GET /vendedores - Obtener todos los vendedores
2026-04-12 18:55:32 [http-nio-3000-exec-9] INFO  c.b.p.a.a.p.c.ProductosRestAdapter - GET /productos - Obtener todos los productos
2026-04-12 18:55:32 [http-nio-3000-exec-5] DEBUG c.b.p.a.d.v.s.GestionVendedoresService - Obteniendo todos los vendedores
2026-04-12 18:55:32 [http-nio-3000-exec-9] DEBUG c.b.p.a.d.p.s.GestionProductosService - Obteniendo todos los productos
2026-04-12 18:55:32 [http-nio-3000-exec-10] INFO  c.b.p.a.a.p.c.ProductosRestAdapter - GET /productos/stock-bajo - Consultando alertas con umbral: 100
2026-04-12 18:55:32 [http-nio-3000-exec-10] DEBUG c.b.p.a.d.p.s.GestionProductosService - Obteniendo productos con stock bajo. Umbral: 100
2026-04-12 18:55:33 [http-nio-3000-exec-5] DEBUG c.b.p.a.d.v.s.GestionVendedoresService - Se obtuvieron 5 vendedores
2026-04-12 18:55:33 [http-nio-3000-exec-5] DEBUG c.b.p.a.a.v.c.VendedoresRestAdapter - Se obtuvieron 5 vendedores
2026-04-12 18:55:33 [http-nio-3000-exec-9] DEBUG c.b.p.a.d.p.s.GestionProductosService - Se obtuvieron 23 productos
2026-04-12 18:55:33 [http-nio-3000-exec-9] DEBUG c.b.p.a.a.p.c.ProductosRestAdapter - Se obtuvieron 23 productos
2026-04-12 18:55:33 [http-nio-3000-exec-10] DEBUG c.b.p.a.d.p.s.GestionProductosService - Se encontraron 22 productos con stock bajo
2026-04-12 18:56:42 [http-nio-3000-exec-2] WARN  o.s.w.s.m.m.a.ExceptionHandlerExceptionResolver - Resolved [org.springframework.web.bind.MissingServletRequestParameterException: Required request parameter 'userId' for method parameter type String is not present]
2026-04-12 18:56:44 [http-nio-3000-exec-4] INFO  c.b.p.a.a.a.c.AuthRestAdapter - POST /auth/signin - Intento de autenticación para email: valeganvillarroel@gmail.com
2026-04-12 18:56:44 [http-nio-3000-exec-4] DEBUG c.b.p.a.d.a.s.AutorizacionAuthService - Autenticando usuario con email: valeganvillarroel@gmail.com
2026-04-12 18:56:44 [http-nio-3000-exec-4] DEBUG c.b.p.a.d.a.s.AutorizacionAuthService - Autenticación completada para email: valeganvillarroel@gmail.com
2026-04-12 18:56:44 [http-nio-3000-exec-4] INFO  c.b.p.a.a.a.c.AuthRestAdapter - Autenticación exitosa para email: valeganvillarroel@gmail.com
2026-04-12 18:56:44 [http-nio-3000-exec-9] INFO  c.b.p.a.a.a.c.AuthRestAdapter - GET /auth/me - Obtener perfil del usuario actual
2026-04-12 18:56:44 [http-nio-3000-exec-9] DEBUG c.b.p.a.d.a.s.AutorizacionAuthService - Obteniendo perfil por token
2026-04-12 18:56:45 [http-nio-3000-exec-9] DEBUG c.b.p.a.d.a.s.AutorizacionAuthService - Perfil obtenido exitosamente para usuario ID: 2ab0631c-da17-4bd8-b9b9-237de54711c6
2026-04-12 18:56:45 [http-nio-3000-exec-9] DEBUG c.b.p.a.a.a.c.AuthRestAdapter - Perfil obtenido para usuario: valeganvillarroel@gmail.com
2026-04-12 18:56:45 [http-nio-3000-exec-1] INFO  c.b.p.a.a.p.c.ProductosRestAdapter - GET /productos - Obtener todos los productos
2026-04-12 18:56:45 [http-nio-3000-exec-1] DEBUG c.b.p.a.d.p.s.GestionProductosService - Obteniendo todos los productos
2026-04-12 18:56:45 [http-nio-3000-exec-8] DEBUG c.b.p.a.d.a.s.AutorizacionAuthService - Obteniendo perfil por token
2026-04-12 18:56:45 [http-nio-3000-exec-1] DEBUG c.b.p.a.d.p.s.GestionProductosService - Se obtuvieron 23 productos
2026-04-12 18:56:45 [http-nio-3000-exec-1] DEBUG c.b.p.a.a.p.c.ProductosRestAdapter - Se obtuvieron 23 productos
2026-04-12 18:56:45 [http-nio-3000-exec-8] DEBUG c.b.p.a.d.a.s.AutorizacionAuthService - Perfil obtenido exitosamente para usuario ID: 2ab0631c-da17-4bd8-b9b9-237de54711c6
2026-04-12 18:56:45 [http-nio-3000-exec-8] INFO  c.b.p.a.a.i.c.InventarioRestAdapter - GET /inventario/vendedor/2ab0631c-da17-4bd8-b9b9-237de54711c6 - consulta por valeganvillarroel@gmail.com
2026-04-12 18:56:45 [http-nio-3000-exec-8] INFO  c.b.p.a.d.i.s.GestionInventarioService - Consultando cargas por vendedor: 2ab0631c-da17-4bd8-b9b9-237de54711c6
2026-04-12 18:56:45 [http-nio-3000-exec-8] DEBUG c.b.p.a.i.p.s.a.SupabaseAsignacionRepositoryAdapter - Consultando asignaciones por vendedor: 2ab0631c-da17-4bd8-b9b9-237de54711c6
2026-04-12 18:56:45 [http-nio-3000-exec-8] DEBUG c.b.p.a.i.p.s.a.SupabaseAsignacionRepositoryAdapter - Asignaciones encontradas para vendedor 2ab0631c-da17-4bd8-b9b9-237de54711c6: 7
2026-04-12 18:59:47 [http-nio-3000-exec-2] INFO  c.b.p.a.a.a.c.AuthRestAdapter - GET /auth/me - Obtener perfil del usuario actual
2026-04-12 18:59:47 [http-nio-3000-exec-2] DEBUG c.b.p.a.d.a.s.AutorizacionAuthService - Obteniendo perfil por token
2026-04-12 18:59:48 [http-nio-3000-exec-2] DEBUG c.b.p.a.d.a.s.AutorizacionAuthService - Perfil obtenido exitosamente para usuario ID: 2ab0631c-da17-4bd8-b9b9-237de54711c6
2026-04-12 18:59:48 [http-nio-3000-exec-2] DEBUG c.b.p.a.a.a.c.AuthRestAdapter - Perfil obtenido para usuario: valeganvillarroel@gmail.com
2026-04-12 18:59:48 [http-nio-3000-exec-7] INFO  c.b.p.a.a.p.c.ProductosRestAdapter - GET /productos - Obtener todos los productos
2026-04-12 18:59:48 [http-nio-3000-exec-4] DEBUG c.b.p.a.d.a.s.AutorizacionAuthService - Obteniendo perfil por token
2026-04-12 18:59:48 [http-nio-3000-exec-7] DEBUG c.b.p.a.d.p.s.GestionProductosService - Obteniendo todos los productos
2026-04-12 18:59:48 [http-nio-3000-exec-7] DEBUG c.b.p.a.d.p.s.GestionProductosService - Se obtuvieron 23 productos
2026-04-12 18:59:48 [http-nio-3000-exec-7] DEBUG c.b.p.a.a.p.c.ProductosRestAdapter - Se obtuvieron 23 productos
2026-04-12 18:59:48 [http-nio-3000-exec-4] DEBUG c.b.p.a.d.a.s.AutorizacionAuthService - Perfil obtenido exitosamente para usuario ID: 2ab0631c-da17-4bd8-b9b9-237de54711c6
2026-04-12 18:59:48 [http-nio-3000-exec-4] INFO  c.b.p.a.a.i.c.InventarioRestAdapter - GET /inventario/vendedor/2ab0631c-da17-4bd8-b9b9-237de54711c6 - consulta por valeganvillarroel@gmail.com
2026-04-12 18:59:48 [http-nio-3000-exec-4] INFO  c.b.p.a.d.i.s.GestionInventarioService - Consultando cargas por vendedor: 2ab0631c-da17-4bd8-b9b9-237de54711c6
2026-04-12 18:59:48 [http-nio-3000-exec-4] DEBUG c.b.p.a.i.p.s.a.SupabaseAsignacionRepositoryAdapter - Consultando asignaciones por vendedor: 2ab0631c-da17-4bd8-b9b9-237de54711c6
2026-04-12 18:59:49 [http-nio-3000-exec-4] DEBUG c.b.p.a.i.p.s.a.SupabaseAsignacionRepositoryAdapter - Asignaciones encontradas para vendedor 2ab0631c-da17-4bd8-b9b9-237de54711c6: 7
2026-04-12 19:03:20 [http-nio-3000-exec-10] INFO  c.b.p.a.a.a.c.AuthRestAdapter - GET /auth/me - Obtener perfil del usuario actual
2026-04-12 19:03:20 [http-nio-3000-exec-10] DEBUG c.b.p.a.d.a.s.AutorizacionAuthService - Obteniendo perfil por token
2026-04-12 19:03:20 [http-nio-3000-exec-10] DEBUG c.b.p.a.d.a.s.AutorizacionAuthService - Perfil obtenido exitosamente para usuario ID: 2ab0631c-da17-4bd8-b9b9-237de54711c6
2026-04-12 19:03:20 [http-nio-3000-exec-10] DEBUG c.b.p.a.a.a.c.AuthRestAdapter - Perfil obtenido para usuario: valeganvillarroel@gmail.com
2026-04-12 19:03:20 [http-nio-3000-exec-1] INFO  c.b.p.a.a.p.c.ProductosRestAdapter - GET /productos - Obtener todos los productos
2026-04-12 19:03:20 [http-nio-3000-exec-1] DEBUG c.b.p.a.d.p.s.GestionProductosService - Obteniendo todos los productos
2026-04-12 19:03:20 [http-nio-3000-exec-8] DEBUG c.b.p.a.d.a.s.AutorizacionAuthService - Obteniendo perfil por token
2026-04-12 19:03:21 [http-nio-3000-exec-1] DEBUG c.b.p.a.d.p.s.GestionProductosService - Se obtuvieron 23 productos
2026-04-12 19:03:21 [http-nio-3000-exec-1] DEBUG c.b.p.a.a.p.c.ProductosRestAdapter - Se obtuvieron 23 productos
2026-04-12 19:03:21 [http-nio-3000-exec-8] DEBUG c.b.p.a.d.a.s.AutorizacionAuthService - Perfil obtenido exitosamente para usuario ID: 2ab0631c-da17-4bd8-b9b9-237de54711c6
2026-04-12 19:03:21 [http-nio-3000-exec-8] INFO  c.b.p.a.a.i.c.InventarioRestAdapter - GET /inventario/vendedor/2ab0631c-da17-4bd8-b9b9-237de54711c6 - consulta por valeganvillarroel@gmail.com
2026-04-12 19:03:21 [http-nio-3000-exec-8] INFO  c.b.p.a.d.i.s.GestionInventarioService - Consultando cargas por vendedor: 2ab0631c-da17-4bd8-b9b9-237de54711c6
2026-04-12 19:03:21 [http-nio-3000-exec-8] DEBUG c.b.p.a.i.p.s.a.SupabaseAsignacionRepositoryAdapter - Consultando asignaciones por vendedor: 2ab0631c-da17-4bd8-b9b9-237de54711c6
2026-04-12 19:03:21 [http-nio-3000-exec-8] DEBUG c.b.p.a.i.p.s.a.SupabaseAsignacionRepositoryAdapter - Asignaciones encontradas para vendedor 2ab0631c-da17-4bd8-b9b9-237de54711c6: 7
2026-04-12 19:13:28 [http-nio-3000-exec-2] INFO  c.b.p.a.a.a.c.AuthRestAdapter - GET /auth/me - Obtener perfil del usuario actual
2026-04-12 19:13:28 [http-nio-3000-exec-2] DEBUG c.b.p.a.d.a.s.AutorizacionAuthService - Obteniendo perfil por token
2026-04-12 19:13:29 [http-nio-3000-exec-2] DEBUG c.b.p.a.d.a.s.AutorizacionAuthService - Perfil obtenido exitosamente para usuario ID: 2ab0631c-da17-4bd8-b9b9-237de54711c6
2026-04-12 19:13:29 [http-nio-3000-exec-2] DEBUG c.b.p.a.a.a.c.AuthRestAdapter - Perfil obtenido para usuario: valeganvillarroel@gmail.com
2026-04-12 19:13:29 [http-nio-3000-exec-7] INFO  c.b.p.a.a.p.c.ProductosRestAdapter - GET /productos - Obtener todos los productos
2026-04-12 19:13:29 [http-nio-3000-exec-4] DEBUG c.b.p.a.d.a.s.AutorizacionAuthService - Obteniendo perfil por token
2026-04-12 19:13:29 [http-nio-3000-exec-7] DEBUG c.b.p.a.d.p.s.GestionProductosService - Obteniendo todos los productos
2026-04-12 19:13:29 [http-nio-3000-exec-7] DEBUG c.b.p.a.d.p.s.GestionProductosService - Se obtuvieron 23 productos
2026-04-12 19:13:29 [http-nio-3000-exec-7] DEBUG c.b.p.a.a.p.c.ProductosRestAdapter - Se obtuvieron 23 productos
2026-04-12 19:13:29 [http-nio-3000-exec-4] DEBUG c.b.p.a.d.a.s.AutorizacionAuthService - Perfil obtenido exitosamente para usuario ID: 2ab0631c-da17-4bd8-b9b9-237de54711c6
2026-04-12 19:13:29 [http-nio-3000-exec-4] INFO  c.b.p.a.a.i.c.InventarioRestAdapter - GET /inventario/vendedor/2ab0631c-da17-4bd8-b9b9-237de54711c6 - consulta por valeganvillarroel@gmail.com
2026-04-12 19:13:29 [http-nio-3000-exec-4] INFO  c.b.p.a.d.i.s.GestionInventarioService - Consultando cargas por vendedor: 2ab0631c-da17-4bd8-b9b9-237de54711c6
2026-04-12 19:13:29 [http-nio-3000-exec-4] DEBUG c.b.p.a.i.p.s.a.SupabaseAsignacionRepositoryAdapter - Consultando asignaciones por vendedor: 2ab0631c-da17-4bd8-b9b9-237de54711c6
2026-04-12 19:13:29 [http-nio-3000-exec-4] DEBUG c.b.p.a.i.p.s.a.SupabaseAsignacionRepositoryAdapter - Asignaciones encontradas para vendedor 2ab0631c-da17-4bd8-b9b9-237de54711c6: 7
2026-04-12 19:14:02 [http-nio-3000-exec-5] INFO  c.b.p.a.a.a.c.AuthRestAdapter - GET /auth/me - Obtener perfil del usuario actual
2026-04-12 19:14:02 [http-nio-3000-exec-5] DEBUG c.b.p.a.d.a.s.AutorizacionAuthService - Obteniendo perfil por token
2026-04-12 19:14:02 [http-nio-3000-exec-5] DEBUG c.b.p.a.d.a.s.AutorizacionAuthService - Perfil obtenido exitosamente para usuario ID: 2ab0631c-da17-4bd8-b9b9-237de54711c6
2026-04-12 19:14:02 [http-nio-3000-exec-5] DEBUG c.b.p.a.a.a.c.AuthRestAdapter - Perfil obtenido para usuario: valeganvillarroel@gmail.com
2026-04-12 19:14:02 [http-nio-3000-exec-9] INFO  c.b.p.a.a.p.c.ProductosRestAdapter - GET /productos - Obtener todos los productos
2026-04-12 19:14:02 [http-nio-3000-exec-9] DEBUG c.b.p.a.d.p.s.GestionProductosService - Obteniendo todos los productos
2026-04-12 19:14:02 [http-nio-3000-exec-10] DEBUG c.b.p.a.d.a.s.AutorizacionAuthService - Obteniendo perfil por token
2026-04-12 19:14:02 [http-nio-3000-exec-9] DEBUG c.b.p.a.d.p.s.GestionProductosService - Se obtuvieron 23 productos
2026-04-12 19:14:02 [http-nio-3000-exec-9] DEBUG c.b.p.a.a.p.c.ProductosRestAdapter - Se obtuvieron 23 productos
2026-04-12 19:14:02 [http-nio-3000-exec-10] DEBUG c.b.p.a.d.a.s.AutorizacionAuthService - Perfil obtenido exitosamente para usuario ID: 2ab0631c-da17-4bd8-b9b9-237de54711c6
2026-04-12 19:14:02 [http-nio-3000-exec-10] INFO  c.b.p.a.a.i.c.InventarioRestAdapter - GET /inventario/vendedor/2ab0631c-da17-4bd8-b9b9-237de54711c6 - consulta por valeganvillarroel@gmail.com
2026-04-12 19:14:02 [http-nio-3000-exec-10] INFO  c.b.p.a.d.i.s.GestionInventarioService - Consultando cargas por vendedor: 2ab0631c-da17-4bd8-b9b9-237de54711c6
2026-04-12 19:14:02 [http-nio-3000-exec-10] DEBUG c.b.p.a.i.p.s.a.SupabaseAsignacionRepositoryAdapter - Consultando asignaciones por vendedor: 2ab0631c-da17-4bd8-b9b9-237de54711c6
2026-04-12 19:14:03 [http-nio-3000-exec-10] DEBUG c.b.p.a.i.p.s.a.SupabaseAsignacionRepositoryAdapter - Asignaciones encontradas para vendedor 2ab0631c-da17-4bd8-b9b9-237de54711c6: 7
2026-04-12 19:14:35 [http-nio-3000-exec-1] INFO  c.b.p.a.a.a.c.AuthRestAdapter - GET /auth/me - Obtener perfil del usuario actual
2026-04-12 19:14:35 [http-nio-3000-exec-1] DEBUG c.b.p.a.d.a.s.AutorizacionAuthService - Obteniendo perfil por token
2026-04-12 19:14:38 [http-nio-3000-exec-1] DEBUG c.b.p.a.d.a.s.AutorizacionAuthService - Perfil obtenido exitosamente para usuario ID: 2ab0631c-da17-4bd8-b9b9-237de54711c6
2026-04-12 19:14:38 [http-nio-3000-exec-1] DEBUG c.b.p.a.a.a.c.AuthRestAdapter - Perfil obtenido para usuario: valeganvillarroel@gmail.com
2026-04-12 19:14:38 [http-nio-3000-exec-8] INFO  c.b.p.a.a.p.c.ProductosRestAdapter - GET /productos - Obtener todos los productos
2026-04-12 19:14:38 [http-nio-3000-exec-8] DEBUG c.b.p.a.d.p.s.GestionProductosService - Obteniendo todos los productos
2026-04-12 19:14:38 [http-nio-3000-exec-3] DEBUG c.b.p.a.d.a.s.AutorizacionAuthService - Obteniendo perfil por token
2026-04-12 19:14:38 [http-nio-3000-exec-8] DEBUG c.b.p.a.d.p.s.GestionProductosService - Se obtuvieron 23 productos
2026-04-12 19:14:38 [http-nio-3000-exec-8] DEBUG c.b.p.a.a.p.c.ProductosRestAdapter - Se obtuvieron 23 productos
2026-04-12 19:14:39 [http-nio-3000-exec-3] DEBUG c.b.p.a.d.a.s.AutorizacionAuthService - Perfil obtenido exitosamente para usuario ID: 2ab0631c-da17-4bd8-b9b9-237de54711c6
2026-04-12 19:14:39 [http-nio-3000-exec-3] INFO  c.b.p.a.a.i.c.InventarioRestAdapter - GET /inventario/vendedor/2ab0631c-da17-4bd8-b9b9-237de54711c6 - consulta por valeganvillarroel@gmail.com
2026-04-12 19:14:39 [http-nio-3000-exec-3] INFO  c.b.p.a.d.i.s.GestionInventarioService - Consultando cargas por vendedor: 2ab0631c-da17-4bd8-b9b9-237de54711c6
2026-04-12 19:14:39 [http-nio-3000-exec-3] DEBUG c.b.p.a.i.p.s.a.SupabaseAsignacionRepositoryAdapter - Consultando asignaciones por vendedor: 2ab0631c-da17-4bd8-b9b9-237de54711c6
2026-04-12 19:14:39 [http-nio-3000-exec-3] DEBUG c.b.p.a.i.p.s.a.SupabaseAsignacionRepositoryAdapter - Asignaciones encontradas para vendedor 2ab0631c-da17-4bd8-b9b9-237de54711c6: 7
2026-04-12 19:16:17 [http-nio-3000-exec-7] INFO  c.b.p.a.a.a.c.AuthRestAdapter - GET /auth/me - Obtener perfil del usuario actual
2026-04-12 19:16:17 [http-nio-3000-exec-7] DEBUG c.b.p.a.d.a.s.AutorizacionAuthService - Obteniendo perfil por token
2026-04-12 19:16:19 [http-nio-3000-exec-7] DEBUG c.b.p.a.d.a.s.AutorizacionAuthService - Perfil obtenido exitosamente para usuario ID: 2ab0631c-da17-4bd8-b9b9-237de54711c6
2026-04-12 19:16:19 [http-nio-3000-exec-7] DEBUG c.b.p.a.a.a.c.AuthRestAdapter - Perfil obtenido para usuario: valeganvillarroel@gmail.com
2026-04-12 19:16:19 [http-nio-3000-exec-4] INFO  c.b.p.a.a.p.c.ProductosRestAdapter - GET /productos - Obtener todos los productos
2026-04-12 19:16:19 [http-nio-3000-exec-4] DEBUG c.b.p.a.d.p.s.GestionProductosService - Obteniendo todos los productos
2026-04-12 19:16:19 [http-nio-3000-exec-5] DEBUG c.b.p.a.d.a.s.AutorizacionAuthService - Obteniendo perfil por token
2026-04-12 19:16:19 [http-nio-3000-exec-4] DEBUG c.b.p.a.d.p.s.GestionProductosService - Se obtuvieron 23 productos
2026-04-12 19:16:19 [http-nio-3000-exec-4] DEBUG c.b.p.a.a.p.c.ProductosRestAdapter - Se obtuvieron 23 productos
2026-04-12 19:16:19 [http-nio-3000-exec-5] DEBUG c.b.p.a.d.a.s.AutorizacionAuthService - Perfil obtenido exitosamente para usuario ID: 2ab0631c-da17-4bd8-b9b9-237de54711c6
2026-04-12 19:16:19 [http-nio-3000-exec-5] INFO  c.b.p.a.a.i.c.InventarioRestAdapter - GET /inventario/vendedor/2ab0631c-da17-4bd8-b9b9-237de54711c6 - consulta por valeganvillarroel@gmail.com
2026-04-12 19:16:19 [http-nio-3000-exec-5] INFO  c.b.p.a.d.i.s.GestionInventarioService - Consultando cargas por vendedor: 2ab0631c-da17-4bd8-b9b9-237de54711c6
2026-04-12 19:16:19 [http-nio-3000-exec-5] DEBUG c.b.p.a.i.p.s.a.SupabaseAsignacionRepositoryAdapter - Consultando asignaciones por vendedor: 2ab0631c-da17-4bd8-b9b9-237de54711c6
2026-04-12 19:16:19 [http-nio-3000-exec-5] DEBUG c.b.p.a.i.p.s.a.SupabaseAsignacionRepositoryAdapter - Asignaciones encontradas para vendedor 2ab0631c-da17-4bd8-b9b9-237de54711c6: 7
2026-04-12 19:16:23 [http-nio-3000-exec-9] INFO  c.b.p.a.a.a.c.AuthRestAdapter - GET /auth/me - Obtener perfil del usuario actual
2026-04-12 19:16:23 [http-nio-3000-exec-9] DEBUG c.b.p.a.d.a.s.AutorizacionAuthService - Obteniendo perfil por token
2026-04-12 19:16:24 [http-nio-3000-exec-9] DEBUG c.b.p.a.d.a.s.AutorizacionAuthService - Perfil obtenido exitosamente para usuario ID: 2ab0631c-da17-4bd8-b9b9-237de54711c6
2026-04-12 19:16:24 [http-nio-3000-exec-9] DEBUG c.b.p.a.a.a.c.AuthRestAdapter - Perfil obtenido para usuario: valeganvillarroel@gmail.com
2026-04-12 19:16:24 [http-nio-3000-exec-10] INFO  c.b.p.a.a.p.c.ProductosRestAdapter - GET /productos - Obtener todos los productos
2026-04-12 19:16:24 [http-nio-3000-exec-1] DEBUG c.b.p.a.d.a.s.AutorizacionAuthService - Obteniendo perfil por token
2026-04-12 19:16:24 [http-nio-3000-exec-10] DEBUG c.b.p.a.d.p.s.GestionProductosService - Obteniendo todos los productos
2026-04-12 19:16:24 [http-nio-3000-exec-8] INFO  c.b.p.a.a.a.c.AuthRestAdapter - GET /auth/me - Obtener perfil del usuario actual
2026-04-12 19:16:24 [http-nio-3000-exec-8] DEBUG c.b.p.a.d.a.s.AutorizacionAuthService - Obteniendo perfil por token
2026-04-12 19:16:24 [http-nio-3000-exec-10] DEBUG c.b.p.a.d.p.s.GestionProductosService - Se obtuvieron 23 productos
2026-04-12 19:16:24 [http-nio-3000-exec-10] DEBUG c.b.p.a.a.p.c.ProductosRestAdapter - Se obtuvieron 23 productos
2026-04-12 19:16:24 [http-nio-3000-exec-1] DEBUG c.b.p.a.d.a.s.AutorizacionAuthService - Perfil obtenido exitosamente para usuario ID: 2ab0631c-da17-4bd8-b9b9-237de54711c6
2026-04-12 19:16:24 [http-nio-3000-exec-1] INFO  c.b.p.a.a.i.c.InventarioRestAdapter - GET /inventario/vendedor/2ab0631c-da17-4bd8-b9b9-237de54711c6 - consulta por valeganvillarroel@gmail.com
2026-04-12 19:16:24 [http-nio-3000-exec-1] INFO  c.b.p.a.d.i.s.GestionInventarioService - Consultando cargas por vendedor: 2ab0631c-da17-4bd8-b9b9-237de54711c6
2026-04-12 19:16:24 [http-nio-3000-exec-1] DEBUG c.b.p.a.i.p.s.a.SupabaseAsignacionRepositoryAdapter - Consultando asignaciones por vendedor: 2ab0631c-da17-4bd8-b9b9-237de54711c6
2026-04-12 19:16:24 [http-nio-3000-exec-8] DEBUG c.b.p.a.d.a.s.AutorizacionAuthService - Perfil obtenido exitosamente para usuario ID: 2ab0631c-da17-4bd8-b9b9-237de54711c6
2026-04-12 19:16:24 [http-nio-3000-exec-8] DEBUG c.b.p.a.a.a.c.AuthRestAdapter - Perfil obtenido para usuario: valeganvillarroel@gmail.com
2026-04-12 19:16:24 [http-nio-3000-exec-3] INFO  c.b.p.a.a.p.c.ProductosRestAdapter - GET /productos - Obtener todos los productos
2026-04-12 19:16:24 [http-nio-3000-exec-3] DEBUG c.b.p.a.d.p.s.GestionProductosService - Obteniendo todos los productos
2026-04-12 19:16:24 [http-nio-3000-exec-1] DEBUG c.b.p.a.i.p.s.a.SupabaseAsignacionRepositoryAdapter - Asignaciones encontradas para vendedor 2ab0631c-da17-4bd8-b9b9-237de54711c6: 7
2026-04-12 19:16:24 [http-nio-3000-exec-2] DEBUG c.b.p.a.d.a.s.AutorizacionAuthService - Obteniendo perfil por token
2026-04-12 19:16:24 [http-nio-3000-exec-3] DEBUG c.b.p.a.d.p.s.GestionProductosService - Se obtuvieron 23 productos
2026-04-12 19:16:24 [http-nio-3000-exec-3] DEBUG c.b.p.a.a.p.c.ProductosRestAdapter - Se obtuvieron 23 productos
2026-04-12 19:16:25 [http-nio-3000-exec-2] DEBUG c.b.p.a.d.a.s.AutorizacionAuthService - Perfil obtenido exitosamente para usuario ID: 2ab0631c-da17-4bd8-b9b9-237de54711c6
2026-04-12 19:16:25 [http-nio-3000-exec-2] INFO  c.b.p.a.a.i.c.InventarioRestAdapter - GET /inventario/vendedor/2ab0631c-da17-4bd8-b9b9-237de54711c6 - consulta por valeganvillarroel@gmail.com
2026-04-12 19:16:25 [http-nio-3000-exec-2] INFO  c.b.p.a.d.i.s.GestionInventarioService - Consultando cargas por vendedor: 2ab0631c-da17-4bd8-b9b9-237de54711c6
2026-04-12 19:16:25 [http-nio-3000-exec-2] DEBUG c.b.p.a.i.p.s.a.SupabaseAsignacionRepositoryAdapter - Consultando asignaciones por vendedor: 2ab0631c-da17-4bd8-b9b9-237de54711c6
2026-04-12 19:16:25 [http-nio-3000-exec-2] DEBUG c.b.p.a.i.p.s.a.SupabaseAsignacionRepositoryAdapter - Asignaciones encontradas para vendedor 2ab0631c-da17-4bd8-b9b9-237de54711c6: 7
2026-04-12 19:16:25 [http-nio-3000-exec-6] INFO  c.b.p.a.a.a.c.AuthRestAdapter - GET /auth/me - Obtener perfil del usuario actual
2026-04-12 19:16:25 [http-nio-3000-exec-6] DEBUG c.b.p.a.d.a.s.AutorizacionAuthService - Obteniendo perfil por token
2026-04-12 19:16:25 [http-nio-3000-exec-6] DEBUG c.b.p.a.d.a.s.AutorizacionAuthService - Perfil obtenido exitosamente para usuario ID: 2ab0631c-da17-4bd8-b9b9-237de54711c6
2026-04-12 19:16:25 [http-nio-3000-exec-6] DEBUG c.b.p.a.a.a.c.AuthRestAdapter - Perfil obtenido para usuario: valeganvillarroel@gmail.com
2026-04-12 19:16:25 [http-nio-3000-exec-7] INFO  c.b.p.a.a.p.c.ProductosRestAdapter - GET /productos - Obtener todos los productos
2026-04-12 19:16:25 [http-nio-3000-exec-4] DEBUG c.b.p.a.d.a.s.AutorizacionAuthService - Obteniendo perfil por token
2026-04-12 19:16:25 [http-nio-3000-exec-7] DEBUG c.b.p.a.d.p.s.GestionProductosService - Obteniendo todos los productos
2026-04-12 19:16:25 [http-nio-3000-exec-7] DEBUG c.b.p.a.d.p.s.GestionProductosService - Se obtuvieron 23 productos
2026-04-12 19:16:25 [http-nio-3000-exec-7] DEBUG c.b.p.a.a.p.c.ProductosRestAdapter - Se obtuvieron 23 productos
2026-04-12 19:16:26 [http-nio-3000-exec-4] DEBUG c.b.p.a.d.a.s.AutorizacionAuthService - Perfil obtenido exitosamente para usuario ID: 2ab0631c-da17-4bd8-b9b9-237de54711c6
2026-04-12 19:16:26 [http-nio-3000-exec-4] INFO  c.b.p.a.a.i.c.InventarioRestAdapter - GET /inventario/vendedor/2ab0631c-da17-4bd8-b9b9-237de54711c6 - consulta por valeganvillarroel@gmail.com
2026-04-12 19:16:26 [http-nio-3000-exec-4] INFO  c.b.p.a.d.i.s.GestionInventarioService - Consultando cargas por vendedor: 2ab0631c-da17-4bd8-b9b9-237de54711c6
2026-04-12 19:16:26 [http-nio-3000-exec-4] DEBUG c.b.p.a.i.p.s.a.SupabaseAsignacionRepositoryAdapter - Consultando asignaciones por vendedor: 2ab0631c-da17-4bd8-b9b9-237de54711c6
2026-04-12 19:16:26 [http-nio-3000-exec-4] DEBUG c.b.p.a.i.p.s.a.SupabaseAsignacionRepositoryAdapter - Asignaciones encontradas para vendedor 2ab0631c-da17-4bd8-b9b9-237de54711c6: 7
2026-04-12 19:16:33 [http-nio-3000-exec-9] INFO  c.b.p.a.a.a.c.AuthRestAdapter - POST /auth/signin - Intento de autenticación para email: mateovargas220705@gmail.com
2026-04-12 19:16:33 [http-nio-3000-exec-9] DEBUG c.b.p.a.d.a.s.AutorizacionAuthService - Autenticando usuario con email: mateovargas220705@gmail.com
2026-04-12 19:16:33 [http-nio-3000-exec-9] DEBUG c.b.p.a.d.a.s.AutorizacionAuthService - Autenticación completada para email: mateovargas220705@gmail.com
2026-04-12 19:16:33 [http-nio-3000-exec-9] INFO  c.b.p.a.a.a.c.AuthRestAdapter - Autenticación exitosa para email: mateovargas220705@gmail.com
2026-04-12 19:16:33 [http-nio-3000-exec-10] INFO  c.b.p.a.a.p.c.ProductosRestAdapter - GET /productos - Obtener todos los productos
2026-04-12 19:16:33 [http-nio-3000-exec-8] INFO  c.b.p.a.a.v.c.VendedoresRestAdapter - GET /vendedores - Obtener todos los vendedores
2026-04-12 19:16:33 [http-nio-3000-exec-8] DEBUG c.b.p.a.d.v.s.GestionVendedoresService - Obteniendo todos los vendedores
2026-04-12 19:16:33 [http-nio-3000-exec-10] DEBUG c.b.p.a.d.p.s.GestionProductosService - Obteniendo todos los productos
2026-04-12 19:16:33 [http-nio-3000-exec-1] INFO  c.b.p.a.a.p.c.ProductosRestAdapter - GET /productos/stock-bajo - Consultando alertas con umbral: 100
2026-04-12 19:16:33 [http-nio-3000-exec-1] DEBUG c.b.p.a.d.p.s.GestionProductosService - Obteniendo productos con stock bajo. Umbral: 100
2026-04-12 19:16:33 [http-nio-3000-exec-10] DEBUG c.b.p.a.d.p.s.GestionProductosService - Se obtuvieron 23 productos
2026-04-12 19:16:33 [http-nio-3000-exec-10] DEBUG c.b.p.a.a.p.c.ProductosRestAdapter - Se obtuvieron 23 productos
2026-04-12 19:16:33 [http-nio-3000-exec-1] DEBUG c.b.p.a.d.p.s.GestionProductosService - Se encontraron 22 productos con stock bajo
2026-04-12 19:16:33 [http-nio-3000-exec-8] DEBUG c.b.p.a.d.v.s.GestionVendedoresService - Se obtuvieron 5 vendedores
2026-04-12 19:16:33 [http-nio-3000-exec-8] DEBUG c.b.p.a.a.v.c.VendedoresRestAdapter - Se obtuvieron 5 vendedores
2026-04-12 19:16:36 [http-nio-3000-exec-3] INFO  c.b.p.a.a.v.c.VendedoresRestAdapter - GET /vendedores - Obtener todos los vendedores
2026-04-12 19:16:36 [http-nio-3000-exec-3] DEBUG c.b.p.a.d.v.s.GestionVendedoresService - Obteniendo todos los vendedores
2026-04-12 19:16:36 [http-nio-3000-exec-2] INFO  c.b.p.a.a.p.c.ProductosRestAdapter - GET /productos - Obtener todos los productos
2026-04-12 19:16:36 [http-nio-3000-exec-2] DEBUG c.b.p.a.d.p.s.GestionProductosService - Obteniendo todos los productos
2026-04-12 19:16:36 [http-nio-3000-exec-2] DEBUG c.b.p.a.d.p.s.GestionProductosService - Se obtuvieron 23 productos
2026-04-12 19:16:36 [http-nio-3000-exec-2] DEBUG c.b.p.a.a.p.c.ProductosRestAdapter - Se obtuvieron 23 productos
2026-04-12 19:16:36 [http-nio-3000-exec-3] DEBUG c.b.p.a.d.v.s.GestionVendedoresService - Se obtuvieron 5 vendedores
2026-04-12 19:16:36 [http-nio-3000-exec-3] DEBUG c.b.p.a.a.v.c.VendedoresRestAdapter - Se obtuvieron 5 vendedores
2026-04-12 19:16:36 [http-nio-3000-exec-6] DEBUG c.b.p.a.d.a.s.AutorizacionAuthService - Obteniendo perfil por token
2026-04-12 19:16:36 [http-nio-3000-exec-2] DEBUG c.b.p.a.d.a.s.AutorizacionAuthService - Obteniendo perfil por token
2026-04-12 19:16:36 [http-nio-3000-exec-1] DEBUG c.b.p.a.d.a.s.AutorizacionAuthService - Obteniendo perfil por token
2026-04-12 19:16:36 [http-nio-3000-exec-8] DEBUG c.b.p.a.d.a.s.AutorizacionAuthService - Obteniendo perfil por token
2026-04-12 19:16:36 [http-nio-3000-exec-10] DEBUG c.b.p.a.d.a.s.AutorizacionAuthService - Obteniendo perfil por token
2026-04-12 19:16:36 [http-nio-3000-exec-6] DEBUG c.b.p.a.d.a.s.AutorizacionAuthService - Perfil obtenido exitosamente para usuario ID: f2dc5b92-7ded-4c42-9e5a-d8a22aaf4a3a
2026-04-12 19:16:36 [http-nio-3000-exec-6] INFO  c.b.p.a.a.i.c.InventarioRestAdapter - GET /inventario/vendedor/2ab0631c-da17-4bd8-b9b9-237de54711c6 - consulta por mateovargas220705@gmail.com
2026-04-12 19:16:36 [http-nio-3000-exec-6] INFO  c.b.p.a.d.i.s.GestionInventarioService - Consultando cargas por vendedor: 2ab0631c-da17-4bd8-b9b9-237de54711c6
2026-04-12 19:16:36 [http-nio-3000-exec-6] DEBUG c.b.p.a.i.p.s.a.SupabaseAsignacionRepositoryAdapter - Consultando asignaciones por vendedor: 2ab0631c-da17-4bd8-b9b9-237de54711c6
2026-04-12 19:16:36 [http-nio-3000-exec-2] DEBUG c.b.p.a.d.a.s.AutorizacionAuthService - Perfil obtenido exitosamente para usuario ID: f2dc5b92-7ded-4c42-9e5a-d8a22aaf4a3a
2026-04-12 19:16:36 [http-nio-3000-exec-2] INFO  c.b.p.a.a.i.c.InventarioRestAdapter - GET /inventario/vendedor/997e2337-32a6-4ba5-84fb-873ef1b6036f - consulta por mateovargas220705@gmail.com
2026-04-12 19:16:36 [http-nio-3000-exec-2] INFO  c.b.p.a.d.i.s.GestionInventarioService - Consultando cargas por vendedor: 997e2337-32a6-4ba5-84fb-873ef1b6036f
2026-04-12 19:16:36 [http-nio-3000-exec-2] DEBUG c.b.p.a.i.p.s.a.SupabaseAsignacionRepositoryAdapter - Consultando asignaciones por vendedor: 997e2337-32a6-4ba5-84fb-873ef1b6036f
2026-04-12 19:16:36 [http-nio-3000-exec-1] DEBUG c.b.p.a.d.a.s.AutorizacionAuthService - Perfil obtenido exitosamente para usuario ID: f2dc5b92-7ded-4c42-9e5a-d8a22aaf4a3a
2026-04-12 19:16:36 [http-nio-3000-exec-1] INFO  c.b.p.a.a.i.c.InventarioRestAdapter - GET /inventario/vendedor/73ed0c2b-851c-44c8-a08b-ded6f61924f9 - consulta por mateovargas220705@gmail.com
2026-04-12 19:16:36 [http-nio-3000-exec-1] INFO  c.b.p.a.d.i.s.GestionInventarioService - Consultando cargas por vendedor: 73ed0c2b-851c-44c8-a08b-ded6f61924f9
2026-04-12 19:16:36 [http-nio-3000-exec-1] DEBUG c.b.p.a.i.p.s.a.SupabaseAsignacionRepositoryAdapter - Consultando asignaciones por vendedor: 73ed0c2b-851c-44c8-a08b-ded6f61924f9
2026-04-12 19:16:36 [http-nio-3000-exec-6] DEBUG c.b.p.a.i.p.s.a.SupabaseAsignacionRepositoryAdapter - Asignaciones encontradas para vendedor 2ab0631c-da17-4bd8-b9b9-237de54711c6: 7
2026-04-12 19:16:36 [http-nio-3000-exec-1] DEBUG c.b.p.a.i.p.s.a.SupabaseAsignacionRepositoryAdapter - Asignaciones encontradas para vendedor 73ed0c2b-851c-44c8-a08b-ded6f61924f9: 4
2026-04-12 19:16:36 [http-nio-3000-exec-2] DEBUG c.b.p.a.i.p.s.a.SupabaseAsignacionRepositoryAdapter - Asignaciones encontradas para vendedor 997e2337-32a6-4ba5-84fb-873ef1b6036f: 0
2026-04-12 19:16:36 [http-nio-3000-exec-8] DEBUG c.b.p.a.d.a.s.AutorizacionAuthService - Perfil obtenido exitosamente para usuario ID: f2dc5b92-7ded-4c42-9e5a-d8a22aaf4a3a
2026-04-12 19:16:36 [http-nio-3000-exec-8] INFO  c.b.p.a.a.i.c.InventarioRestAdapter - GET /inventario/vendedor/7dec6fc9-8ddc-48c6-86a3-a1dbfc46f80e - consulta por mateovargas220705@gmail.com
2026-04-12 19:16:36 [http-nio-3000-exec-8] INFO  c.b.p.a.d.i.s.GestionInventarioService - Consultando cargas por vendedor: 7dec6fc9-8ddc-48c6-86a3-a1dbfc46f80e
2026-04-12 19:16:36 [http-nio-3000-exec-8] DEBUG c.b.p.a.i.p.s.a.SupabaseAsignacionRepositoryAdapter - Consultando asignaciones por vendedor: 7dec6fc9-8ddc-48c6-86a3-a1dbfc46f80e
2026-04-12 19:16:36 [http-nio-3000-exec-10] DEBUG c.b.p.a.d.a.s.AutorizacionAuthService - Perfil obtenido exitosamente para usuario ID: f2dc5b92-7ded-4c42-9e5a-d8a22aaf4a3a
2026-04-12 19:16:36 [http-nio-3000-exec-10] INFO  c.b.p.a.a.i.c.InventarioRestAdapter - GET /inventario/vendedor/6b0a5026-52f3-475a-a20f-5aacf94764f0 - consulta por mateovargas220705@gmail.com
2026-04-12 19:16:36 [http-nio-3000-exec-10] INFO  c.b.p.a.d.i.s.GestionInventarioService - Consultando cargas por vendedor: 6b0a5026-52f3-475a-a20f-5aacf94764f0
2026-04-12 19:16:36 [http-nio-3000-exec-10] DEBUG c.b.p.a.i.p.s.a.SupabaseAsignacionRepositoryAdapter - Consultando asignaciones por vendedor: 6b0a5026-52f3-475a-a20f-5aacf94764f0
2026-04-12 19:16:37 [http-nio-3000-exec-8] DEBUG c.b.p.a.i.p.s.a.SupabaseAsignacionRepositoryAdapter - Asignaciones encontradas para vendedor 7dec6fc9-8ddc-48c6-86a3-a1dbfc46f80e: 0
2026-04-12 19:16:37 [http-nio-3000-exec-10] DEBUG c.b.p.a.i.p.s.a.SupabaseAsignacionRepositoryAdapter - Asignaciones encontradas para vendedor 6b0a5026-52f3-475a-a20f-5aacf94764f0: 4
2026-04-12 19:16:38 [http-nio-3000-exec-3] INFO  c.b.p.a.a.p.c.ProductosRestAdapter - GET /productos - Obtener todos los productos
2026-04-12 19:16:38 [http-nio-3000-exec-3] DEBUG c.b.p.a.d.p.s.GestionProductosService - Obteniendo todos los productos
2026-04-12 19:16:38 [http-nio-3000-exec-9] INFO  c.b.p.a.a.v.c.VendedoresRestAdapter - GET /vendedores - Obtener todos los vendedores
2026-04-12 19:16:38 [http-nio-3000-exec-9] DEBUG c.b.p.a.d.v.s.GestionVendedoresService - Obteniendo todos los vendedores
2026-04-12 19:16:38 [http-nio-3000-exec-5] INFO  c.b.p.a.a.p.c.ProductosRestAdapter - GET /productos/stock-bajo - Consultando alertas con umbral: 100
2026-04-12 19:16:38 [http-nio-3000-exec-5] DEBUG c.b.p.a.d.p.s.GestionProductosService - Obteniendo productos con stock bajo. Umbral: 100
2026-04-12 19:16:38 [http-nio-3000-exec-3] DEBUG c.b.p.a.d.p.s.GestionProductosService - Se obtuvieron 23 productos
2026-04-12 19:16:38 [http-nio-3000-exec-3] DEBUG c.b.p.a.a.p.c.ProductosRestAdapter - Se obtuvieron 23 productos
2026-04-12 19:16:38 [http-nio-3000-exec-5] DEBUG c.b.p.a.d.p.s.GestionProductosService - Se encontraron 22 productos con stock bajo
2026-04-12 19:16:38 [http-nio-3000-exec-9] DEBUG c.b.p.a.d.v.s.GestionVendedoresService - Se obtuvieron 5 vendedores
2026-04-12 19:16:38 [http-nio-3000-exec-9] DEBUG c.b.p.a.a.v.c.VendedoresRestAdapter - Se obtuvieron 5 vendedores
2026-04-12 19:16:47 [http-nio-3000-exec-4] WARN  o.s.w.s.m.m.a.ExceptionHandlerExceptionResolver - Resolved [org.springframework.web.bind.MissingServletRequestParameterException: Required request parameter 'userId' for method parameter type String is not present]
2026-04-12 19:16:49 [http-nio-3000-exec-7] INFO  c.b.p.a.a.a.c.AuthRestAdapter - POST /auth/signin - Intento de autenticación para email: valeganvillarroel@gmail.com
2026-04-12 19:16:49 [http-nio-3000-exec-7] DEBUG c.b.p.a.d.a.s.AutorizacionAuthService - Autenticando usuario con email: valeganvillarroel@gmail.com
2026-04-12 19:16:49 [http-nio-3000-exec-7] DEBUG c.b.p.a.d.a.s.AutorizacionAuthService - Autenticación completada para email: valeganvillarroel@gmail.com
2026-04-12 19:16:49 [http-nio-3000-exec-7] INFO  c.b.p.a.a.a.c.AuthRestAdapter - Autenticación exitosa para email: valeganvillarroel@gmail.com
2026-04-12 19:16:49 [http-nio-3000-exec-6] INFO  c.b.p.a.a.a.c.AuthRestAdapter - GET /auth/me - Obtener perfil del usuario actual
2026-04-12 19:16:49 [http-nio-3000-exec-6] DEBUG c.b.p.a.d.a.s.AutorizacionAuthService - Obteniendo perfil por token
2026-04-12 19:16:50 [http-nio-3000-exec-6] DEBUG c.b.p.a.d.a.s.AutorizacionAuthService - Perfil obtenido exitosamente para usuario ID: 2ab0631c-da17-4bd8-b9b9-237de54711c6
2026-04-12 19:16:50 [http-nio-3000-exec-6] DEBUG c.b.p.a.a.a.c.AuthRestAdapter - Perfil obtenido para usuario: valeganvillarroel@gmail.com
2026-04-12 19:16:50 [http-nio-3000-exec-1] INFO  c.b.p.a.a.p.c.ProductosRestAdapter - GET /productos - Obtener todos los productos
2026-04-12 19:16:50 [http-nio-3000-exec-1] DEBUG c.b.p.a.d.p.s.GestionProductosService - Obteniendo todos los productos
2026-04-12 19:16:50 [http-nio-3000-exec-2] DEBUG c.b.p.a.d.a.s.AutorizacionAuthService - Obteniendo perfil por token
2026-04-12 19:16:50 [http-nio-3000-exec-1] DEBUG c.b.p.a.d.p.s.GestionProductosService - Se obtuvieron 23 productos
2026-04-12 19:16:50 [http-nio-3000-exec-1] DEBUG c.b.p.a.a.p.c.ProductosRestAdapter - Se obtuvieron 23 productos
2026-04-12 19:16:50 [http-nio-3000-exec-2] DEBUG c.b.p.a.d.a.s.AutorizacionAuthService - Perfil obtenido exitosamente para usuario ID: 2ab0631c-da17-4bd8-b9b9-237de54711c6
2026-04-12 19:16:50 [http-nio-3000-exec-2] INFO  c.b.p.a.a.i.c.InventarioRestAdapter - GET /inventario/vendedor/2ab0631c-da17-4bd8-b9b9-237de54711c6 - consulta por valeganvillarroel@gmail.com
2026-04-12 19:16:50 [http-nio-3000-exec-2] INFO  c.b.p.a.d.i.s.GestionInventarioService - Consultando cargas por vendedor: 2ab0631c-da17-4bd8-b9b9-237de54711c6
2026-04-12 19:16:50 [http-nio-3000-exec-2] DEBUG c.b.p.a.i.p.s.a.SupabaseAsignacionRepositoryAdapter - Consultando asignaciones por vendedor: 2ab0631c-da17-4bd8-b9b9-237de54711c6
2026-04-12 19:16:50 [http-nio-3000-exec-2] DEBUG c.b.p.a.i.p.s.a.SupabaseAsignacionRepositoryAdapter - Asignaciones encontradas para vendedor 2ab0631c-da17-4bd8-b9b9-237de54711c6: 7
2026-04-12 19:21:07 [http-nio-3000-exec-9] INFO  c.b.p.a.a.a.c.AuthRestAdapter - GET /auth/me - Obtener perfil del usuario actual
2026-04-12 19:21:07 [http-nio-3000-exec-9] DEBUG c.b.p.a.d.a.s.AutorizacionAuthService - Obteniendo perfil por token
2026-04-12 19:21:08 [http-nio-3000-exec-9] DEBUG c.b.p.a.d.a.s.AutorizacionAuthService - Perfil obtenido exitosamente para usuario ID: 2ab0631c-da17-4bd8-b9b9-237de54711c6
2026-04-12 19:21:08 [http-nio-3000-exec-9] DEBUG c.b.p.a.a.a.c.AuthRestAdapter - Perfil obtenido para usuario: valeganvillarroel@gmail.com
2026-04-12 19:21:08 [http-nio-3000-exec-4] INFO  c.b.p.a.a.p.c.ProductosRestAdapter - GET /productos - Obtener todos los productos
2026-04-12 19:21:08 [http-nio-3000-exec-4] DEBUG c.b.p.a.d.p.s.GestionProductosService - Obteniendo todos los productos
2026-04-12 19:21:08 [http-nio-3000-exec-7] DEBUG c.b.p.a.d.a.s.AutorizacionAuthService - Obteniendo perfil por token
2026-04-12 19:21:08 [http-nio-3000-exec-4] DEBUG c.b.p.a.d.p.s.GestionProductosService - Se obtuvieron 23 productos
2026-04-12 19:21:08 [http-nio-3000-exec-4] DEBUG c.b.p.a.a.p.c.ProductosRestAdapter - Se obtuvieron 23 productos
2026-04-12 19:21:08 [http-nio-3000-exec-7] DEBUG c.b.p.a.d.a.s.AutorizacionAuthService - Perfil obtenido exitosamente para usuario ID: 2ab0631c-da17-4bd8-b9b9-237de54711c6
2026-04-12 19:21:08 [http-nio-3000-exec-7] INFO  c.b.p.a.a.i.c.InventarioRestAdapter - GET /inventario/vendedor/2ab0631c-da17-4bd8-b9b9-237de54711c6 - consulta por valeganvillarroel@gmail.com
2026-04-12 19:21:08 [http-nio-3000-exec-7] INFO  c.b.p.a.d.i.s.GestionInventarioService - Consultando cargas por vendedor: 2ab0631c-da17-4bd8-b9b9-237de54711c6
2026-04-12 19:21:08 [http-nio-3000-exec-7] DEBUG c.b.p.a.i.p.s.a.SupabaseAsignacionRepositoryAdapter - Consultando asignaciones por vendedor: 2ab0631c-da17-4bd8-b9b9-237de54711c6
2026-04-12 19:21:08 [http-nio-3000-exec-7] DEBUG c.b.p.a.i.p.s.a.SupabaseAsignacionRepositoryAdapter - Asignaciones encontradas para vendedor 2ab0631c-da17-4bd8-b9b9-237de54711c6: 7
2026-04-12 19:29:40 [File Watcher] INFO  o.s.b.d.a.LocalDevToolsAutoConfiguration$RestartingClassPathChangeChangedEventListener - Restarting due to 40 class path changes (3 additions, 0 deletions, 37 modifications)
2026-04-12 19:29:40 [Thread-1] INFO  o.s.boot.tomcat.GracefulShutdown - Commencing graceful shutdown. Waiting for active requests to complete
2026-04-12 19:29:40 [tomcat-shutdown] INFO  o.a.coyote.http11.Http11NioProtocol - Pausing ProtocolHandler ["http-nio-3000"]
2026-04-12 19:29:40 [tomcat-shutdown] INFO  o.s.boot.tomcat.GracefulShutdown - Graceful shutdown complete
2026-04-12 19:29:40 [Thread-1] INFO  o.a.coyote.http11.Http11NioProtocol - Stopping ProtocolHandler ["http-nio-3000"]
2026-04-12 19:29:40 [restartedMain] INFO  c.back.puntoventa.app.AppApplication - Starting AppApplication using Java 26 with PID 45908 (C:\Users\Mateo\Documents\Mateo Tareas\Taller\Back-PuntoVenta\target\classes started by Mateo in C:\Users\Mateo\Documents\Mateo Tareas\Taller\Back-PuntoVenta)
2026-04-12 19:29:40 [restartedMain] DEBUG c.back.puntoventa.app.AppApplication - Running with Spring Boot v4.0.5, Spring v7.0.6
2026-04-12 19:29:40 [restartedMain] INFO  c.back.puntoventa.app.AppApplication - No active profile set, falling back to 1 default profile: "default"
2026-04-12 19:29:41 [restartedMain] INFO  o.s.boot.tomcat.TomcatWebServer - Tomcat initialized with port 3000 (http)
2026-04-12 19:29:41 [restartedMain] INFO  o.a.coyote.http11.Http11NioProtocol - Initializing ProtocolHandler ["http-nio-3000"]
2026-04-12 19:29:41 [restartedMain] INFO  o.a.catalina.core.StandardService - Starting service [Tomcat]
2026-04-12 19:29:41 [restartedMain] INFO  o.a.catalina.core.StandardEngine - Starting Servlet engine: [Apache Tomcat/11.0.20]
2026-04-12 19:29:41 [restartedMain] INFO  o.s.b.w.c.s.WebApplicationContextInitializer - Root WebApplicationContext: initialization completed in 608 ms
2026-04-12 19:29:41 [restartedMain] INFO  o.a.coyote.http11.Http11NioProtocol - Starting ProtocolHandler ["http-nio-3000"]
2026-04-12 19:29:41 [restartedMain] INFO  o.s.boot.tomcat.TomcatWebServer - Tomcat started on port 3000 (http) with context path '/'
2026-04-12 19:29:41 [restartedMain] INFO  c.back.puntoventa.app.AppApplication - Started AppApplication in 0.916 seconds (process running for 8562.845)
2026-04-12 19:29:41 [restartedMain] INFO  o.s.b.d.a.ConditionEvaluationDeltaLoggingListener - Condition evaluation unchanged
2026-04-12 19:30:09 [File Watcher] INFO  o.s.b.d.a.LocalDevToolsAutoConfiguration$RestartingClassPathChangeChangedEventListener - Restarting due to 1 class path change (1 addition, 0 deletions, 0 modifications)
2026-04-12 19:30:09 [Thread-5] INFO  o.s.boot.tomcat.GracefulShutdown - Commencing graceful shutdown. Waiting for active requests to complete
2026-04-12 19:30:09 [tomcat-shutdown] INFO  o.a.coyote.http11.Http11NioProtocol - Pausing ProtocolHandler ["http-nio-3000"]
2026-04-12 19:30:09 [tomcat-shutdown] INFO  o.s.boot.tomcat.GracefulShutdown - Graceful shutdown complete
2026-04-12 19:30:09 [Thread-5] INFO  o.a.coyote.http11.Http11NioProtocol - Stopping ProtocolHandler ["http-nio-3000"]
2026-04-12 19:30:09 [restartedMain] INFO  c.back.puntoventa.app.AppApplication - Starting AppApplication using Java 26 with PID 45908 (C:\Users\Mateo\Documents\Mateo Tareas\Taller\Back-PuntoVenta\target\classes started by Mateo in C:\Users\Mateo\Documents\Mateo Tareas\Taller\Back-PuntoVenta)
2026-04-12 19:30:09 [restartedMain] DEBUG c.back.puntoventa.app.AppApplication - Running with Spring Boot v4.0.5, Spring v7.0.6
2026-04-12 19:30:09 [restartedMain] INFO  c.back.puntoventa.app.AppApplication - No active profile set, falling back to 1 default profile: "default"
2026-04-12 19:30:09 [restartedMain] INFO  o.s.boot.tomcat.TomcatWebServer - Tomcat initialized with port 3000 (http)
2026-04-12 19:30:09 [restartedMain] INFO  o.a.coyote.http11.Http11NioProtocol - Initializing ProtocolHandler ["http-nio-3000"]
2026-04-12 19:30:09 [restartedMain] INFO  o.a.catalina.core.StandardService - Starting service [Tomcat]
2026-04-12 19:30:09 [restartedMain] INFO  o.a.catalina.core.StandardEngine - Starting Servlet engine: [Apache Tomcat/11.0.20]
2026-04-12 19:30:09 [restartedMain] INFO  o.s.b.w.c.s.WebApplicationContextInitializer - Root WebApplicationContext: initialization completed in 383 ms
2026-04-12 19:30:10 [restartedMain] INFO  o.a.coyote.http11.Http11NioProtocol - Starting ProtocolHandler ["http-nio-3000"]
2026-04-12 19:30:10 [restartedMain] INFO  o.s.boot.tomcat.TomcatWebServer - Tomcat started on port 3000 (http) with context path '/'
2026-04-12 19:30:10 [restartedMain] INFO  c.back.puntoventa.app.AppApplication - Started AppApplication in 0.603 seconds (process running for 8591.379)
2026-04-12 19:30:10 [restartedMain] INFO  o.s.b.d.a.ConditionEvaluationDeltaLoggingListener - Condition evaluation unchanged
2026-04-12 19:30:16 [File Watcher] INFO  o.s.b.d.a.LocalDevToolsAutoConfiguration$RestartingClassPathChangeChangedEventListener - Restarting due to 2 class path changes (1 addition, 0 deletions, 1 modification)
2026-04-12 19:30:16 [Thread-9] INFO  o.s.boot.tomcat.GracefulShutdown - Commencing graceful shutdown. Waiting for active requests to complete
2026-04-12 19:30:16 [tomcat-shutdown] INFO  o.a.coyote.http11.Http11NioProtocol - Pausing ProtocolHandler ["http-nio-3000"]
2026-04-12 19:30:16 [tomcat-shutdown] INFO  o.s.boot.tomcat.GracefulShutdown - Graceful shutdown complete
2026-04-12 19:30:16 [Thread-9] INFO  o.a.coyote.http11.Http11NioProtocol - Stopping ProtocolHandler ["http-nio-3000"]
2026-04-12 19:30:17 [restartedMain] INFO  c.back.puntoventa.app.AppApplication - Starting AppApplication using Java 26 with PID 45908 (C:\Users\Mateo\Documents\Mateo Tareas\Taller\Back-PuntoVenta\target\classes started by Mateo in C:\Users\Mateo\Documents\Mateo Tareas\Taller\Back-PuntoVenta)
2026-04-12 19:30:17 [restartedMain] DEBUG c.back.puntoventa.app.AppApplication - Running with Spring Boot v4.0.5, Spring v7.0.6
2026-04-12 19:30:17 [restartedMain] INFO  c.back.puntoventa.app.AppApplication - No active profile set, falling back to 1 default profile: "default"
2026-04-12 19:30:17 [restartedMain] INFO  o.s.boot.tomcat.TomcatWebServer - Tomcat initialized with port 3000 (http)
2026-04-12 19:30:17 [restartedMain] INFO  o.a.coyote.http11.Http11NioProtocol - Initializing ProtocolHandler ["http-nio-3000"]
2026-04-12 19:30:17 [restartedMain] INFO  o.a.catalina.core.StandardService - Starting service [Tomcat]
2026-04-12 19:30:17 [restartedMain] INFO  o.a.catalina.core.StandardEngine - Starting Servlet engine: [Apache Tomcat/11.0.20]
2026-04-12 19:30:17 [restartedMain] INFO  o.s.b.w.c.s.WebApplicationContextInitializer - Root WebApplicationContext: initialization completed in 374 ms
2026-04-12 19:30:17 [restartedMain] WARN  o.s.b.w.s.s.c.AnnotationConfigServletWebServerApplicationContext - Exception encountered during context initialization - cancelling refresh attempt: org.springframework.beans.factory.UnsatisfiedDependencyException: Error creating bean with name 'clientesRestAdapter' defined in file [C:\Users\Mateo\Documents\Mateo Tareas\Taller\Back-PuntoVenta\target\classes\com\back\puntoventa\app\application\clientes\controller\ClientesRestAdapter.class]: Unsatisfied dependency expressed through constructor parameter 0: No qualifying bean of type 'com.back.puntoventa.app.domain.clientes.service.GestionClientesService' available: expected at least 1 bean which qualifies as autowire candidate. Dependency annotations: {}
2026-04-12 19:30:17 [restartedMain] INFO  o.a.catalina.core.StandardService - Stopping service [Tomcat]
2026-04-12 19:30:17 [restartedMain] INFO  o.s.b.a.l.ConditionEvaluationReportLogger - 

Error starting ApplicationContext. To display the condition evaluation report re-run your application with 'debug' enabled.
2026-04-12 19:30:17 [restartedMain] ERROR o.s.b.d.LoggingFailureAnalysisReporter - 

***************************
APPLICATION FAILED TO START
***************************

Description:

Parameter 0 of constructor in com.back.puntoventa.app.application.clientes.controller.ClientesRestAdapter required a bean of type 'com.back.puntoventa.app.domain.clientes.service.GestionClientesService' that could not be found.


Action:

Consider defining a bean of type 'com.back.puntoventa.app.domain.clientes.service.GestionClientesService' in your configuration.

2026-04-12 19:30:38 [restartedMain] INFO  c.back.puntoventa.app.AppApplication - Starting AppApplication using Java 26 with PID 45908 (C:\Users\Mateo\Documents\Mateo Tareas\Taller\Back-PuntoVenta\target\classes started by Mateo in C:\Users\Mateo\Documents\Mateo Tareas\Taller\Back-PuntoVenta)
2026-04-12 19:30:38 [restartedMain] DEBUG c.back.puntoventa.app.AppApplication - Running with Spring Boot v4.0.5, Spring v7.0.6
2026-04-12 19:30:38 [restartedMain] INFO  c.back.puntoventa.app.AppApplication - No active profile set, falling back to 1 default profile: "default"
2026-04-12 19:30:38 [restartedMain] INFO  o.s.boot.tomcat.TomcatWebServer - Tomcat initialized with port 3000 (http)
2026-04-12 19:30:38 [restartedMain] INFO  o.a.coyote.http11.Http11NioProtocol - Initializing ProtocolHandler ["http-nio-3000"]
2026-04-12 19:30:38 [restartedMain] INFO  o.a.catalina.core.StandardService - Starting service [Tomcat]
2026-04-12 19:30:38 [restartedMain] INFO  o.a.catalina.core.StandardEngine - Starting Servlet engine: [Apache Tomcat/11.0.20]
2026-04-12 19:30:38 [restartedMain] INFO  o.s.b.w.c.s.WebApplicationContextInitializer - Root WebApplicationContext: initialization completed in 142 ms
2026-04-12 19:30:38 [restartedMain] WARN  o.s.b.w.s.s.c.AnnotationConfigServletWebServerApplicationContext - Exception encountered during context initialization - cancelling refresh attempt: org.springframework.beans.factory.UnsatisfiedDependencyException: Error creating bean with name 'clientesRestAdapter' defined in file [C:\Users\Mateo\Documents\Mateo Tareas\Taller\Back-PuntoVenta\target\classes\com\back\puntoventa\app\application\clientes\controller\ClientesRestAdapter.class]: Unsatisfied dependency expressed through constructor parameter 0: No qualifying bean of type 'com.back.puntoventa.app.domain.clientes.service.GestionClientesService' available: expected at least 1 bean which qualifies as autowire candidate. Dependency annotations: {}
2026-04-12 19:30:38 [restartedMain] INFO  o.a.catalina.core.StandardService - Stopping service [Tomcat]
2026-04-12 19:30:38 [restartedMain] INFO  o.s.b.a.l.ConditionEvaluationReportLogger - 

Error starting ApplicationContext. To display the condition evaluation report re-run your application with 'debug' enabled.
2026-04-12 19:30:38 [restartedMain] ERROR o.s.b.d.LoggingFailureAnalysisReporter - 

***************************
APPLICATION FAILED TO START
***************************

Description:

Parameter 0 of constructor in com.back.puntoventa.app.application.clientes.controller.ClientesRestAdapter required a bean of type 'com.back.puntoventa.app.domain.clientes.service.GestionClientesService' that could not be found.


Action:

Consider defining a bean of type 'com.back.puntoventa.app.domain.clientes.service.GestionClientesService' in your configuration.

2026-04-12 19:30:48 [restartedMain] INFO  c.back.puntoventa.app.AppApplication - Starting AppApplication using Java 26 with PID 45908 (C:\Users\Mateo\Documents\Mateo Tareas\Taller\Back-PuntoVenta\target\classes started by Mateo in C:\Users\Mateo\Documents\Mateo Tareas\Taller\Back-PuntoVenta)
2026-04-12 19:30:48 [restartedMain] DEBUG c.back.puntoventa.app.AppApplication - Running with Spring Boot v4.0.5, Spring v7.0.6
2026-04-12 19:30:48 [restartedMain] INFO  c.back.puntoventa.app.AppApplication - No active profile set, falling back to 1 default profile: "default"
2026-04-12 19:30:48 [restartedMain] WARN  o.s.b.w.s.s.c.AnnotationConfigServletWebServerApplicationContext - Exception encountered during context initialization - cancelling refresh attempt: java.lang.IllegalStateException: Error processing condition on org.springframework.boot.autoconfigure.context.PropertyPlaceholderAutoConfiguration.propertySourcesPlaceholderConfigurer
2026-04-12 19:30:48 [restartedMain] INFO  o.s.b.a.l.ConditionEvaluationReportLogger - 

Error starting ApplicationContext. To display the condition evaluation report re-run your application with 'debug' enabled.
2026-04-12 19:30:48 [restartedMain] ERROR o.s.boot.SpringApplication - Application run failed
java.lang.IllegalStateException: Error processing condition on org.springframework.boot.autoconfigure.context.PropertyPlaceholderAutoConfiguration.propertySourcesPlaceholderConfigurer
	at org.springframework.boot.autoconfigure.condition.SpringBootCondition.matches(SpringBootCondition.java:60)
	at org.springframework.context.annotation.ConditionEvaluator.shouldSkip(ConditionEvaluator.java:100)
	at org.springframework.context.annotation.ConfigurationClassBeanDefinitionReader.loadBeanDefinitionsForBeanMethod(ConfigurationClassBeanDefinitionReader.java:196)
	at org.springframework.context.annotation.ConfigurationClassBeanDefinitionReader.loadBeanDefinitionsForConfigurationClass(ConfigurationClassBeanDefinitionReader.java:148)
	at org.springframework.context.annotation.ConfigurationClassBeanDefinitionReader.loadBeanDefinitions(ConfigurationClassBeanDefinitionReader.java:124)
	at org.springframework.context.annotation.ConfigurationClassPostProcessor.processConfigBeanDefinitions(ConfigurationClassPostProcessor.java:464)
	at org.springframework.context.annotation.ConfigurationClassPostProcessor.postProcessBeanDefinitionRegistry(ConfigurationClassPostProcessor.java:316)
	at org.springframework.context.support.PostProcessorRegistrationDelegate.invokeBeanDefinitionRegistryPostProcessors(PostProcessorRegistrationDelegate.java:349)
	at org.springframework.context.support.PostProcessorRegistrationDelegate.invokeBeanFactoryPostProcessors(PostProcessorRegistrationDelegate.java:118)
	at org.springframework.context.support.AbstractApplicationContext.invokeBeanFactoryPostProcessors(AbstractApplicationContext.java:795)
	at org.springframework.context.support.AbstractApplicationContext.refresh(AbstractApplicationContext.java:603)
	at org.springframework.boot.web.server.servlet.context.ServletWebServerApplicationContext.refresh(ServletWebServerApplicationContext.java:143)
	at org.springframework.boot.SpringApplication.refresh(SpringApplication.java:756)
	at org.springframework.boot.SpringApplication.refreshContext(SpringApplication.java:445)
	at org.springframework.boot.SpringApplication.run(SpringApplication.java:321)
	at org.springframework.boot.SpringApplication.run(SpringApplication.java:1365)
	at org.springframework.boot.SpringApplication.run(SpringApplication.java:1354)
	at com.back.puntoventa.app.AppApplication.main(AppApplication.java:13)
	at java.base/jdk.internal.reflect.DirectMethodHandleAccessor.invoke(DirectMethodHandleAccessor.java:104)
	at java.base/java.lang.reflect.Method.invoke(Method.java:565)
	at org.springframework.boot.devtools.restart.RestartLauncher.run(RestartLauncher.java:52)
Caused by: java.lang.IllegalStateException: Failed to introspect Class [com.back.puntoventa.app.config.HexagonalArchitectureConfig] from ClassLoader [org.springframework.boot.devtools.restart.classloader.RestartClassLoader@eabdb7d]
	at org.springframework.util.ReflectionUtils.getDeclaredMethods(ReflectionUtils.java:483)
	at org.springframework.util.ReflectionUtils.doWithMethods(ReflectionUtils.java:360)
	at org.springframework.util.ReflectionUtils.getUniqueDeclaredMethods(ReflectionUtils.java:417)
	at org.springframework.beans.factory.support.AbstractAutowireCapableBeanFactory.lambda$getTypeForFactoryMethod$0(AbstractAutowireCapableBeanFactory.java:750)
	at java.base/java.util.concurrent.ConcurrentHashMap.computeIfAbsent(ConcurrentHashMap.java:1735)
	at org.springframework.beans.factory.support.AbstractAutowireCapableBeanFactory.getTypeForFactoryMethod(AbstractAutowireCapableBeanFactory.java:749)
	at org.springframework.beans.factory.support.AbstractAutowireCapableBeanFactory.determineTargetType(AbstractAutowireCapableBeanFactory.java:683)
	at org.springframework.beans.factory.support.AbstractAutowireCapableBeanFactory.predictBeanType(AbstractAutowireCapableBeanFactory.java:655)
	at org.springframework.beans.factory.support.AbstractBeanFactory.isFactoryBean(AbstractBeanFactory.java:1699)
	at org.springframework.beans.factory.support.DefaultListableBeanFactory.doGetBeanNamesForType(DefaultListableBeanFactory.java:632)
	at org.springframework.beans.factory.support.DefaultListableBeanFactory.getBeanNamesForType(DefaultListableBeanFactory.java:604)
	at org.springframework.beans.factory.support.DefaultListableBeanFactory.getBeanNamesForType(DefaultListableBeanFactory.java:589)
	at org.springframework.boot.autoconfigure.condition.OnBeanCondition.collectBeanDefinitionsForType(OnBeanCondition.java:334)
	at org.springframework.boot.autoconfigure.condition.OnBeanCondition.getBeanDefinitionsForType(OnBeanCondition.java:323)
	at org.springframework.boot.autoconfigure.condition.OnBeanCondition.getMatchingBeans(OnBeanCondition.java:221)
	at org.springframework.boot.autoconfigure.condition.OnBeanCondition.evaluateConditionalOnMissingBean(OnBeanCondition.java:204)
	at org.springframework.boot.autoconfigure.condition.OnBeanCondition.getMatchOutcome(OnBeanCondition.java:149)
	at org.springframework.boot.autoconfigure.condition.SpringBootCondition.matches(SpringBootCondition.java:47)
	... 20 common frames omitted
Caused by: java.lang.NoClassDefFoundError: ClienteRepositoryPort
	at java.base/java.lang.Class.getDeclaredMethods0(Native Method)
	at java.base/java.lang.Class.privateGetDeclaredMethods(Class.java:3011)
	at java.base/java.lang.Class.getDeclaredMethods(Class.java:2330)
	at org.springframework.util.ReflectionUtils.getDeclaredMethods(ReflectionUtils.java:465)
	... 37 common frames omitted
Caused by: java.lang.ClassNotFoundException: ClienteRepositoryPort
	at java.base/jdk.internal.loader.BuiltinClassLoader.loadClass(BuiltinClassLoader.java:580)
	at java.base/java.lang.ClassLoader.loadClass(ClassLoader.java:502)
	at java.base/java.lang.Class.forName0(Native Method)
	at java.base/java.lang.Class.forName(Class.java:560)
	at org.springframework.boot.devtools.restart.classloader.RestartClassLoader.loadClass(RestartClassLoader.java:123)
	at java.base/java.lang.ClassLoader.loadClass(ClassLoader.java:502)
	... 41 common frames omitted
2026-04-12 19:31:00 [restartedMain] INFO  c.back.puntoventa.app.AppApplication - Starting AppApplication using Java 26 with PID 45908 (C:\Users\Mateo\Documents\Mateo Tareas\Taller\Back-PuntoVenta\target\classes started by Mateo in C:\Users\Mateo\Documents\Mateo Tareas\Taller\Back-PuntoVenta)
2026-04-12 19:31:00 [restartedMain] DEBUG c.back.puntoventa.app.AppApplication - Running with Spring Boot v4.0.5, Spring v7.0.6
2026-04-12 19:31:00 [restartedMain] INFO  c.back.puntoventa.app.AppApplication - No active profile set, falling back to 1 default profile: "default"
2026-04-12 19:31:00 [restartedMain] WARN  o.s.b.w.s.s.c.AnnotationConfigServletWebServerApplicationContext - Exception encountered during context initialization - cancelling refresh attempt: java.lang.IllegalStateException: Error processing condition on org.springframework.boot.autoconfigure.context.PropertyPlaceholderAutoConfiguration.propertySourcesPlaceholderConfigurer
2026-04-12 19:31:00 [restartedMain] INFO  o.s.b.a.l.ConditionEvaluationReportLogger - 

Error starting ApplicationContext. To display the condition evaluation report re-run your application with 'debug' enabled.
2026-04-12 19:31:00 [restartedMain] ERROR o.s.boot.SpringApplication - Application run failed
java.lang.IllegalStateException: Error processing condition on org.springframework.boot.autoconfigure.context.PropertyPlaceholderAutoConfiguration.propertySourcesPlaceholderConfigurer
	at org.springframework.boot.autoconfigure.condition.SpringBootCondition.matches(SpringBootCondition.java:60)
	at org.springframework.context.annotation.ConditionEvaluator.shouldSkip(ConditionEvaluator.java:100)
	at org.springframework.context.annotation.ConfigurationClassBeanDefinitionReader.loadBeanDefinitionsForBeanMethod(ConfigurationClassBeanDefinitionReader.java:196)
	at org.springframework.context.annotation.ConfigurationClassBeanDefinitionReader.loadBeanDefinitionsForConfigurationClass(ConfigurationClassBeanDefinitionReader.java:148)
	at org.springframework.context.annotation.ConfigurationClassBeanDefinitionReader.loadBeanDefinitions(ConfigurationClassBeanDefinitionReader.java:124)
	at org.springframework.context.annotation.ConfigurationClassPostProcessor.processConfigBeanDefinitions(ConfigurationClassPostProcessor.java:464)
	at org.springframework.context.annotation.ConfigurationClassPostProcessor.postProcessBeanDefinitionRegistry(ConfigurationClassPostProcessor.java:316)
	at org.springframework.context.support.PostProcessorRegistrationDelegate.invokeBeanDefinitionRegistryPostProcessors(PostProcessorRegistrationDelegate.java:349)
	at org.springframework.context.support.PostProcessorRegistrationDelegate.invokeBeanFactoryPostProcessors(PostProcessorRegistrationDelegate.java:118)
	at org.springframework.context.support.AbstractApplicationContext.invokeBeanFactoryPostProcessors(AbstractApplicationContext.java:795)
	at org.springframework.context.support.AbstractApplicationContext.refresh(AbstractApplicationContext.java:603)
	at org.springframework.boot.web.server.servlet.context.ServletWebServerApplicationContext.refresh(ServletWebServerApplicationContext.java:143)
	at org.springframework.boot.SpringApplication.refresh(SpringApplication.java:756)
	at org.springframework.boot.SpringApplication.refreshContext(SpringApplication.java:445)
	at org.springframework.boot.SpringApplication.run(SpringApplication.java:321)
	at org.springframework.boot.SpringApplication.run(SpringApplication.java:1365)
	at org.springframework.boot.SpringApplication.run(SpringApplication.java:1354)
	at com.back.puntoventa.app.AppApplication.main(AppApplication.java:13)
	at java.base/jdk.internal.reflect.DirectMethodHandleAccessor.invoke(DirectMethodHandleAccessor.java:104)
	at java.base/java.lang.reflect.Method.invoke(Method.java:565)
	at org.springframework.boot.devtools.restart.RestartLauncher.run(RestartLauncher.java:52)
Caused by: java.lang.IllegalStateException: Failed to introspect Class [com.back.puntoventa.app.config.HexagonalArchitectureConfig] from ClassLoader [org.springframework.boot.devtools.restart.classloader.RestartClassLoader@68ef4876]
	at org.springframework.util.ReflectionUtils.getDeclaredMethods(ReflectionUtils.java:483)
	at org.springframework.util.ReflectionUtils.doWithMethods(ReflectionUtils.java:360)
	at org.springframework.util.ReflectionUtils.getUniqueDeclaredMethods(ReflectionUtils.java:417)
	at org.springframework.beans.factory.support.AbstractAutowireCapableBeanFactory.lambda$getTypeForFactoryMethod$0(AbstractAutowireCapableBeanFactory.java:750)
	at java.base/java.util.concurrent.ConcurrentHashMap.computeIfAbsent(ConcurrentHashMap.java:1735)
	at org.springframework.beans.factory.support.AbstractAutowireCapableBeanFactory.getTypeForFactoryMethod(AbstractAutowireCapableBeanFactory.java:749)
	at org.springframework.beans.factory.support.AbstractAutowireCapableBeanFactory.determineTargetType(AbstractAutowireCapableBeanFactory.java:683)
	at org.springframework.beans.factory.support.AbstractAutowireCapableBeanFactory.predictBeanType(AbstractAutowireCapableBeanFactory.java:655)
	at org.springframework.beans.factory.support.AbstractBeanFactory.isFactoryBean(AbstractBeanFactory.java:1699)
	at org.springframework.beans.factory.support.DefaultListableBeanFactory.doGetBeanNamesForType(DefaultListableBeanFactory.java:632)
	at org.springframework.beans.factory.support.DefaultListableBeanFactory.getBeanNamesForType(DefaultListableBeanFactory.java:604)
	at org.springframework.beans.factory.support.DefaultListableBeanFactory.getBeanNamesForType(DefaultListableBeanFactory.java:589)
	at org.springframework.boot.autoconfigure.condition.OnBeanCondition.collectBeanDefinitionsForType(OnBeanCondition.java:334)
	at org.springframework.boot.autoconfigure.condition.OnBeanCondition.getBeanDefinitionsForType(OnBeanCondition.java:323)
	at org.springframework.boot.autoconfigure.condition.OnBeanCondition.getMatchingBeans(OnBeanCondition.java:221)
	at org.springframework.boot.autoconfigure.condition.OnBeanCondition.evaluateConditionalOnMissingBean(OnBeanCondition.java:204)
	at org.springframework.boot.autoconfigure.condition.OnBeanCondition.getMatchOutcome(OnBeanCondition.java:149)
	at org.springframework.boot.autoconfigure.condition.SpringBootCondition.matches(SpringBootCondition.java:47)
	... 20 common frames omitted
Caused by: java.lang.NoClassDefFoundError: ClienteRepositoryPort
	at java.base/java.lang.Class.getDeclaredMethods0(Native Method)
	at java.base/java.lang.Class.privateGetDeclaredMethods(Class.java:3011)
	at java.base/java.lang.Class.getDeclaredMethods(Class.java:2330)
	at org.springframework.util.ReflectionUtils.getDeclaredMethods(ReflectionUtils.java:465)
	... 37 common frames omitted
Caused by: java.lang.ClassNotFoundException: ClienteRepositoryPort
	at java.base/jdk.internal.loader.BuiltinClassLoader.loadClass(BuiltinClassLoader.java:580)
	at java.base/java.lang.ClassLoader.loadClass(ClassLoader.java:502)
	at java.base/java.lang.Class.forName0(Native Method)
	at java.base/java.lang.Class.forName(Class.java:560)
	at org.springframework.boot.devtools.restart.classloader.RestartClassLoader.loadClass(RestartClassLoader.java:123)
	at java.base/java.lang.ClassLoader.loadClass(ClassLoader.java:502)
	... 41 common frames omitted
2026-04-12 19:31:45 [restartedMain] INFO  c.back.puntoventa.app.AppApplication - Starting AppApplication using Java 26 with PID 45908 (C:\Users\Mateo\Documents\Mateo Tareas\Taller\Back-PuntoVenta\target\classes started by Mateo in C:\Users\Mateo\Documents\Mateo Tareas\Taller\Back-PuntoVenta)
2026-04-12 19:31:45 [restartedMain] DEBUG c.back.puntoventa.app.AppApplication - Running with Spring Boot v4.0.5, Spring v7.0.6
2026-04-12 19:31:45 [restartedMain] INFO  c.back.puntoventa.app.AppApplication - No active profile set, falling back to 1 default profile: "default"
2026-04-12 19:31:45 [restartedMain] INFO  o.s.boot.tomcat.TomcatWebServer - Tomcat initialized with port 3000 (http)
2026-04-12 19:31:45 [restartedMain] INFO  o.a.coyote.http11.Http11NioProtocol - Initializing ProtocolHandler ["http-nio-3000"]
2026-04-12 19:31:45 [restartedMain] INFO  o.a.catalina.core.StandardService - Starting service [Tomcat]
2026-04-12 19:31:45 [restartedMain] INFO  o.a.catalina.core.StandardEngine - Starting Servlet engine: [Apache Tomcat/11.0.20]
2026-04-12 19:31:45 [restartedMain] INFO  o.s.b.w.c.s.WebApplicationContextInitializer - Root WebApplicationContext: initialization completed in 161 ms
2026-04-12 19:31:45 [restartedMain] INFO  o.a.coyote.http11.Http11NioProtocol - Starting ProtocolHandler ["http-nio-3000"]
2026-04-12 19:31:45 [restartedMain] INFO  o.s.boot.tomcat.TomcatWebServer - Tomcat started on port 3000 (http) with context path '/'
2026-04-12 19:31:45 [restartedMain] INFO  c.back.puntoventa.app.AppApplication - Started AppApplication in 0.26 seconds (process running for 8686.529)
2026-04-12 19:31:45 [restartedMain] INFO  o.s.b.d.a.ConditionEvaluationDeltaLoggingListener - Condition evaluation unchanged
2026-04-12 19:33:14 [File Watcher] INFO  o.s.b.d.a.LocalDevToolsAutoConfiguration$RestartingClassPathChangeChangedEventListener - Restarting due to 8 class path changes (0 additions, 0 deletions, 8 modifications)
2026-04-12 19:33:14 [Thread-13] INFO  o.s.boot.tomcat.GracefulShutdown - Commencing graceful shutdown. Waiting for active requests to complete
2026-04-12 19:33:14 [tomcat-shutdown] INFO  o.a.coyote.http11.Http11NioProtocol - Pausing ProtocolHandler ["http-nio-3000"]
2026-04-12 19:33:14 [tomcat-shutdown] INFO  o.s.boot.tomcat.GracefulShutdown - Graceful shutdown complete
2026-04-12 19:33:14 [Thread-13] INFO  o.a.coyote.http11.Http11NioProtocol - Stopping ProtocolHandler ["http-nio-3000"]
2026-04-12 19:33:14 [restartedMain] INFO  c.back.puntoventa.app.AppApplication - Starting AppApplication using Java 26 with PID 45908 (C:\Users\Mateo\Documents\Mateo Tareas\Taller\Back-PuntoVenta\target\classes started by Mateo in C:\Users\Mateo\Documents\Mateo Tareas\Taller\Back-PuntoVenta)
2026-04-12 19:33:14 [restartedMain] DEBUG c.back.puntoventa.app.AppApplication - Running with Spring Boot v4.0.5, Spring v7.0.6
2026-04-12 19:33:14 [restartedMain] INFO  c.back.puntoventa.app.AppApplication - No active profile set, falling back to 1 default profile: "default"
2026-04-12 19:33:14 [restartedMain] INFO  o.s.boot.tomcat.TomcatWebServer - Tomcat initialized with port 3000 (http)
2026-04-12 19:33:14 [restartedMain] INFO  o.a.coyote.http11.Http11NioProtocol - Initializing ProtocolHandler ["http-nio-3000"]
2026-04-12 19:33:14 [restartedMain] INFO  o.a.catalina.core.StandardService - Starting service [Tomcat]
2026-04-12 19:33:14 [restartedMain] INFO  o.a.catalina.core.StandardEngine - Starting Servlet engine: [Apache Tomcat/11.0.20]
2026-04-12 19:33:14 [restartedMain] INFO  o.s.b.w.c.s.WebApplicationContextInitializer - Root WebApplicationContext: initialization completed in 137 ms
2026-04-12 19:33:15 [restartedMain] INFO  o.a.coyote.http11.Http11NioProtocol - Starting ProtocolHandler ["http-nio-3000"]
2026-04-12 19:33:15 [restartedMain] INFO  o.s.boot.tomcat.TomcatWebServer - Tomcat started on port 3000 (http) with context path '/'
2026-04-12 19:33:15 [restartedMain] INFO  c.back.puntoventa.app.AppApplication - Started AppApplication in 0.245 seconds (process running for 8776.33)
2026-04-12 19:33:15 [restartedMain] INFO  o.s.b.d.a.ConditionEvaluationDeltaLoggingListener - Condition evaluation unchanged
2026-04-12 19:34:14 [File Watcher] INFO  o.s.b.d.a.LocalDevToolsAutoConfiguration$RestartingClassPathChangeChangedEventListener - Restarting due to 1 class path change (0 additions, 0 deletions, 1 modification)
2026-04-12 19:34:14 [Thread-29] INFO  o.s.boot.tomcat.GracefulShutdown - Commencing graceful shutdown. Waiting for active requests to complete
2026-04-12 19:34:14 [tomcat-shutdown] INFO  o.a.coyote.http11.Http11NioProtocol - Pausing ProtocolHandler ["http-nio-3000"]
2026-04-12 19:34:14 [tomcat-shutdown] INFO  o.s.boot.tomcat.GracefulShutdown - Graceful shutdown complete
2026-04-12 19:34:14 [Thread-29] INFO  o.a.coyote.http11.Http11NioProtocol - Stopping ProtocolHandler ["http-nio-3000"]
2026-04-12 19:34:14 [restartedMain] INFO  c.back.puntoventa.app.AppApplication - Starting AppApplication using Java 26 with PID 45908 (C:\Users\Mateo\Documents\Mateo Tareas\Taller\Back-PuntoVenta\target\classes started by Mateo in C:\Users\Mateo\Documents\Mateo Tareas\Taller\Back-PuntoVenta)
2026-04-12 19:34:14 [restartedMain] DEBUG c.back.puntoventa.app.AppApplication - Running with Spring Boot v4.0.5, Spring v7.0.6
2026-04-12 19:34:14 [restartedMain] INFO  c.back.puntoventa.app.AppApplication - No active profile set, falling back to 1 default profile: "default"
2026-04-12 19:34:14 [restartedMain] INFO  o.s.boot.tomcat.TomcatWebServer - Tomcat initialized with port 3000 (http)
2026-04-12 19:34:14 [restartedMain] INFO  o.a.coyote.http11.Http11NioProtocol - Initializing ProtocolHandler ["http-nio-3000"]
2026-04-12 19:34:14 [restartedMain] INFO  o.a.catalina.core.StandardService - Starting service [Tomcat]
2026-04-12 19:34:14 [restartedMain] INFO  o.a.catalina.core.StandardEngine - Starting Servlet engine: [Apache Tomcat/11.0.20]
2026-04-12 19:34:14 [restartedMain] INFO  o.s.b.w.c.s.WebApplicationContextInitializer - Root WebApplicationContext: initialization completed in 121 ms
2026-04-12 19:34:14 [restartedMain] INFO  o.a.coyote.http11.Http11NioProtocol - Starting ProtocolHandler ["http-nio-3000"]
2026-04-12 19:34:14 [restartedMain] INFO  o.s.boot.tomcat.TomcatWebServer - Tomcat started on port 3000 (http) with context path '/'
2026-04-12 19:34:14 [restartedMain] INFO  c.back.puntoventa.app.AppApplication - Started AppApplication in 0.196 seconds (process running for 8835.72)
2026-04-12 19:34:14 [restartedMain] INFO  o.s.b.d.a.ConditionEvaluationDeltaLoggingListener - Condition evaluation unchanged
2026-04-12 19:34:16 [File Watcher] INFO  o.s.b.d.a.LocalDevToolsAutoConfiguration$RestartingClassPathChangeChangedEventListener - Restarting due to 2 class path changes (0 additions, 0 deletions, 2 modifications)
2026-04-12 19:34:16 [Thread-33] INFO  o.s.boot.tomcat.GracefulShutdown - Commencing graceful shutdown. Waiting for active requests to complete
2026-04-12 19:34:16 [tomcat-shutdown] INFO  o.a.coyote.http11.Http11NioProtocol - Pausing ProtocolHandler ["http-nio-3000"]
2026-04-12 19:34:16 [tomcat-shutdown] INFO  o.s.boot.tomcat.GracefulShutdown - Graceful shutdown complete
2026-04-12 19:34:16 [Thread-33] INFO  o.a.coyote.http11.Http11NioProtocol - Stopping ProtocolHandler ["http-nio-3000"]
2026-04-12 19:34:16 [restartedMain] INFO  c.back.puntoventa.app.AppApplication - Starting AppApplication using Java 26 with PID 45908 (C:\Users\Mateo\Documents\Mateo Tareas\Taller\Back-PuntoVenta\target\classes started by Mateo in C:\Users\Mateo\Documents\Mateo Tareas\Taller\Back-PuntoVenta)
2026-04-12 19:34:16 [restartedMain] DEBUG c.back.puntoventa.app.AppApplication - Running with Spring Boot v4.0.5, Spring v7.0.6
2026-04-12 19:34:16 [restartedMain] INFO  c.back.puntoventa.app.AppApplication - No active profile set, falling back to 1 default profile: "default"
2026-04-12 19:34:17 [restartedMain] INFO  o.s.boot.tomcat.TomcatWebServer - Tomcat initialized with port 3000 (http)
2026-04-12 19:34:17 [restartedMain] INFO  o.a.coyote.http11.Http11NioProtocol - Initializing ProtocolHandler ["http-nio-3000"]
2026-04-12 19:34:17 [restartedMain] INFO  o.a.catalina.core.StandardService - Starting service [Tomcat]
2026-04-12 19:34:17 [restartedMain] INFO  o.a.catalina.core.StandardEngine - Starting Servlet engine: [Apache Tomcat/11.0.20]
2026-04-12 19:34:17 [restartedMain] INFO  o.s.b.w.c.s.WebApplicationContextInitializer - Root WebApplicationContext: initialization completed in 127 ms
2026-04-12 19:34:17 [restartedMain] INFO  o.a.coyote.http11.Http11NioProtocol - Starting ProtocolHandler ["http-nio-3000"]
2026-04-12 19:34:17 [restartedMain] INFO  o.s.boot.tomcat.TomcatWebServer - Tomcat started on port 3000 (http) with context path '/'
2026-04-12 19:34:17 [restartedMain] INFO  c.back.puntoventa.app.AppApplication - Started AppApplication in 0.216 seconds (process running for 8838.435)
2026-04-12 19:34:17 [restartedMain] INFO  o.s.b.d.a.ConditionEvaluationDeltaLoggingListener - Condition evaluation unchanged
2026-04-12 19:34:28 [File Watcher] INFO  o.s.b.d.a.LocalDevToolsAutoConfiguration$RestartingClassPathChangeChangedEventListener - Restarting due to 1 class path change (0 additions, 0 deletions, 1 modification)
2026-04-12 19:34:28 [Thread-37] INFO  o.s.boot.tomcat.GracefulShutdown - Commencing graceful shutdown. Waiting for active requests to complete
2026-04-12 19:34:28 [tomcat-shutdown] INFO  o.a.coyote.http11.Http11NioProtocol - Pausing ProtocolHandler ["http-nio-3000"]
2026-04-12 19:34:28 [tomcat-shutdown] INFO  o.s.boot.tomcat.GracefulShutdown - Graceful shutdown complete
2026-04-12 19:34:28 [Thread-37] INFO  o.a.coyote.http11.Http11NioProtocol - Stopping ProtocolHandler ["http-nio-3000"]
2026-04-12 19:34:28 [restartedMain] INFO  c.back.puntoventa.app.AppApplication - Starting AppApplication using Java 26 with PID 45908 (C:\Users\Mateo\Documents\Mateo Tareas\Taller\Back-PuntoVenta\target\classes started by Mateo in C:\Users\Mateo\Documents\Mateo Tareas\Taller\Back-PuntoVenta)
2026-04-12 19:34:28 [restartedMain] DEBUG c.back.puntoventa.app.AppApplication - Running with Spring Boot v4.0.5, Spring v7.0.6
2026-04-12 19:34:28 [restartedMain] INFO  c.back.puntoventa.app.AppApplication - No active profile set, falling back to 1 default profile: "default"
2026-04-12 19:34:28 [restartedMain] INFO  o.s.boot.tomcat.TomcatWebServer - Tomcat initialized with port 3000 (http)
2026-04-12 19:34:29 [restartedMain] INFO  o.a.coyote.http11.Http11NioProtocol - Initializing ProtocolHandler ["http-nio-3000"]
2026-04-12 19:34:29 [restartedMain] INFO  o.a.catalina.core.StandardService - Starting service [Tomcat]
2026-04-12 19:34:29 [restartedMain] INFO  o.a.catalina.core.StandardEngine - Starting Servlet engine: [Apache Tomcat/11.0.20]
2026-04-12 19:34:29 [restartedMain] INFO  o.s.b.w.c.s.WebApplicationContextInitializer - Root WebApplicationContext: initialization completed in 560 ms
2026-04-12 19:34:29 [restartedMain] INFO  o.a.coyote.http11.Http11NioProtocol - Starting ProtocolHandler ["http-nio-3000"]
2026-04-12 19:34:29 [restartedMain] INFO  o.s.boot.tomcat.TomcatWebServer - Tomcat started on port 3000 (http) with context path '/'
2026-04-12 19:34:29 [restartedMain] INFO  c.back.puntoventa.app.AppApplication - Started AppApplication in 0.854 seconds (process running for 8850.537)
2026-04-12 19:34:29 [restartedMain] INFO  o.s.b.d.a.ConditionEvaluationDeltaLoggingListener - Condition evaluation unchanged
2026-04-12 19:34:52 [File Watcher] INFO  o.s.b.d.a.LocalDevToolsAutoConfiguration$RestartingClassPathChangeChangedEventListener - Restarting due to 1 class path change (0 additions, 0 deletions, 1 modification)
2026-04-12 19:34:52 [Thread-41] INFO  o.s.boot.tomcat.GracefulShutdown - Commencing graceful shutdown. Waiting for active requests to complete
2026-04-12 19:34:52 [tomcat-shutdown] INFO  o.a.coyote.http11.Http11NioProtocol - Pausing ProtocolHandler ["http-nio-3000"]
2026-04-12 19:34:52 [tomcat-shutdown] INFO  o.s.boot.tomcat.GracefulShutdown - Graceful shutdown complete
2026-04-12 19:34:52 [Thread-41] INFO  o.a.coyote.http11.Http11NioProtocol - Stopping ProtocolHandler ["http-nio-3000"]
2026-04-12 19:34:52 [restartedMain] INFO  c.back.puntoventa.app.AppApplication - Starting AppApplication using Java 26 with PID 45908 (C:\Users\Mateo\Documents\Mateo Tareas\Taller\Back-PuntoVenta\target\classes started by Mateo in C:\Users\Mateo\Documents\Mateo Tareas\Taller\Back-PuntoVenta)
2026-04-12 19:34:52 [restartedMain] DEBUG c.back.puntoventa.app.AppApplication - Running with Spring Boot v4.0.5, Spring v7.0.6
2026-04-12 19:34:52 [restartedMain] INFO  c.back.puntoventa.app.AppApplication - No active profile set, falling back to 1 default profile: "default"
2026-04-12 19:34:52 [restartedMain] INFO  o.s.boot.tomcat.TomcatWebServer - Tomcat initialized with port 3000 (http)
2026-04-12 19:34:52 [restartedMain] INFO  o.a.coyote.http11.Http11NioProtocol - Initializing ProtocolHandler ["http-nio-3000"]
2026-04-12 19:34:52 [restartedMain] INFO  o.a.catalina.core.StandardService - Starting service [Tomcat]
2026-04-12 19:34:52 [restartedMain] INFO  o.a.catalina.core.StandardEngine - Starting Servlet engine: [Apache Tomcat/11.0.20]
2026-04-12 19:34:52 [restartedMain] INFO  o.s.b.w.c.s.WebApplicationContextInitializer - Root WebApplicationContext: initialization completed in 117 ms
2026-04-12 19:34:52 [restartedMain] INFO  o.a.coyote.http11.Http11NioProtocol - Starting ProtocolHandler ["http-nio-3000"]
2026-04-12 19:34:52 [restartedMain] INFO  o.s.boot.tomcat.TomcatWebServer - Tomcat started on port 3000 (http) with context path '/'
2026-04-12 19:34:52 [restartedMain] INFO  c.back.puntoventa.app.AppApplication - Started AppApplication in 0.188 seconds (process running for 8874.148)
2026-04-12 19:34:52 [restartedMain] INFO  o.s.b.d.a.ConditionEvaluationDeltaLoggingListener - Condition evaluation unchanged
2026-04-12 19:38:40 [http-nio-3000-exec-1] INFO  o.a.c.c.C.[Tomcat-2].[localhost].[/] - Initializing Spring DispatcherServlet 'dispatcherServlet'
2026-04-12 19:38:40 [http-nio-3000-exec-1] INFO  o.s.web.servlet.DispatcherServlet - Initializing Servlet 'dispatcherServlet'
2026-04-12 19:38:40 [http-nio-3000-exec-1] INFO  o.s.web.servlet.DispatcherServlet - Completed initialization in 1 ms
2026-04-12 19:38:40 [http-nio-3000-exec-2] INFO  c.b.p.a.a.a.c.AuthRestAdapter - GET /auth/me - Obtener perfil del usuario actual
2026-04-12 19:38:40 [http-nio-3000-exec-2] DEBUG c.b.p.a.d.a.s.AutorizacionAuthService - Obteniendo perfil por token
2026-04-12 19:38:41 [http-nio-3000-exec-2] DEBUG c.b.p.a.d.a.s.AutorizacionAuthService - Perfil obtenido exitosamente para usuario ID: 2ab0631c-da17-4bd8-b9b9-237de54711c6
2026-04-12 19:38:41 [http-nio-3000-exec-2] DEBUG c.b.p.a.a.a.c.AuthRestAdapter - Perfil obtenido para usuario: valeganvillarroel@gmail.com
2026-04-12 19:38:41 [http-nio-3000-exec-5] DEBUG c.b.p.a.a.c.c.ClientesRestAdapter - Obteniendo clientes; vendedorId=2ab0631c-da17-4bd8-b9b9-237de54711c6
2026-04-12 19:38:41 [http-nio-3000-exec-5] DEBUG c.b.p.a.d.c.s.GestionClientesService - Obteniendo clientes por vendedor: 2ab0631c-da17-4bd8-b9b9-237de54711c6
2026-04-12 19:38:41 [http-nio-3000-exec-5] DEBUG c.b.p.a.i.p.s.a.SupabaseClienteRepositoryAdapter - Obteniendo clientes por vendedorId=2ab0631c-da17-4bd8-b9b9-237de54711c6
2026-04-12 19:39:33 [http-nio-3000-exec-10] DEBUG c.b.p.a.a.c.c.ClientesRestAdapter - Obteniendo clientes; vendedorId=2ab0631c-da17-4bd8-b9b9-237de54711c6
2026-04-12 19:39:33 [http-nio-3000-exec-10] DEBUG c.b.p.a.d.c.s.GestionClientesService - Obteniendo clientes por vendedor: 2ab0631c-da17-4bd8-b9b9-237de54711c6
2026-04-12 19:39:33 [http-nio-3000-exec-10] DEBUG c.b.p.a.i.p.s.a.SupabaseClienteRepositoryAdapter - Obteniendo clientes por vendedorId=2ab0631c-da17-4bd8-b9b9-237de54711c6
2026-04-12 19:45:44 [http-nio-3000-exec-7] DEBUG c.b.p.a.a.c.c.ClientesRestAdapter - Obteniendo clientes; vendedorId=2ab0631c-da17-4bd8-b9b9-237de54711c6
2026-04-12 19:45:44 [http-nio-3000-exec-7] DEBUG c.b.p.a.d.c.s.GestionClientesService - Obteniendo clientes por vendedor: 2ab0631c-da17-4bd8-b9b9-237de54711c6
2026-04-12 19:45:44 [http-nio-3000-exec-7] DEBUG c.b.p.a.i.p.s.a.SupabaseClienteRepositoryAdapter - Obteniendo clientes por vendedorId=2ab0631c-da17-4bd8-b9b9-237de54711c6
2026-04-12 19:50:34 [http-nio-3000-exec-9] INFO  c.b.p.a.a.a.c.AuthRestAdapter - GET /auth/me - Obtener perfil del usuario actual
2026-04-12 19:50:34 [http-nio-3000-exec-9] DEBUG c.b.p.a.d.a.s.AutorizacionAuthService - Obteniendo perfil por token
2026-04-12 19:50:35 [http-nio-3000-exec-4] DEBUG c.b.p.a.a.c.c.ClientesRestAdapter - Obteniendo clientes; vendedorId=2ab0631c-da17-4bd8-b9b9-237de54711c6
2026-04-12 19:50:35 [http-nio-3000-exec-4] DEBUG c.b.p.a.d.c.s.GestionClientesService - Obteniendo clientes por vendedor: 2ab0631c-da17-4bd8-b9b9-237de54711c6
2026-04-12 19:50:35 [http-nio-3000-exec-4] DEBUG c.b.p.a.i.p.s.a.SupabaseClienteRepositoryAdapter - Obteniendo clientes por vendedorId=2ab0631c-da17-4bd8-b9b9-237de54711c6
2026-04-12 19:50:35 [http-nio-3000-exec-9] DEBUG c.b.p.a.d.a.s.AutorizacionAuthService - Perfil obtenido exitosamente para usuario ID: 2ab0631c-da17-4bd8-b9b9-237de54711c6
2026-04-12 19:50:35 [http-nio-3000-exec-9] DEBUG c.b.p.a.a.a.c.AuthRestAdapter - Perfil obtenido para usuario: valeganvillarroel@gmail.com
2026-04-12 19:50:35 [http-nio-3000-exec-3] INFO  c.b.p.a.a.p.c.ProductosRestAdapter - GET /productos - Obtener todos los productos
2026-04-12 19:50:35 [http-nio-3000-exec-3] DEBUG c.b.p.a.d.p.s.GestionProductosService - Obteniendo todos los productos
2026-04-12 19:50:35 [http-nio-3000-exec-5] DEBUG c.b.p.a.d.a.s.AutorizacionAuthService - Obteniendo perfil por token
2026-04-12 19:50:36 [http-nio-3000-exec-3] DEBUG c.b.p.a.d.p.s.GestionProductosService - Se obtuvieron 23 productos
2026-04-12 19:50:36 [http-nio-3000-exec-3] DEBUG c.b.p.a.a.p.c.ProductosRestAdapter - Se obtuvieron 23 productos
2026-04-12 19:50:36 [http-nio-3000-exec-5] DEBUG c.b.p.a.d.a.s.AutorizacionAuthService - Perfil obtenido exitosamente para usuario ID: 2ab0631c-da17-4bd8-b9b9-237de54711c6
2026-04-12 19:50:36 [http-nio-3000-exec-5] INFO  c.b.p.a.a.i.c.InventarioRestAdapter - GET /inventario/vendedor/2ab0631c-da17-4bd8-b9b9-237de54711c6 - consulta por valeganvillarroel@gmail.com
2026-04-12 19:50:36 [http-nio-3000-exec-5] INFO  c.b.p.a.d.i.s.GestionInventarioService - Consultando cargas por vendedor: 2ab0631c-da17-4bd8-b9b9-237de54711c6
2026-04-12 19:50:36 [http-nio-3000-exec-5] DEBUG c.b.p.a.i.p.s.a.SupabaseAsignacionRepositoryAdapter - Consultando asignaciones por vendedor: 2ab0631c-da17-4bd8-b9b9-237de54711c6
2026-04-12 19:50:36 [http-nio-3000-exec-5] DEBUG c.b.p.a.i.p.s.a.SupabaseAsignacionRepositoryAdapter - Asignaciones encontradas para vendedor 2ab0631c-da17-4bd8-b9b9-237de54711c6: 7
2026-04-12 19:50:37 [http-nio-3000-exec-10] INFO  c.b.p.a.a.a.c.AuthRestAdapter - GET /auth/me - Obtener perfil del usuario actual
2026-04-12 19:50:37 [http-nio-3000-exec-10] DEBUG c.b.p.a.d.a.s.AutorizacionAuthService - Obteniendo perfil por token
2026-04-12 19:50:37 [http-nio-3000-exec-10] DEBUG c.b.p.a.d.a.s.AutorizacionAuthService - Perfil obtenido exitosamente para usuario ID: 2ab0631c-da17-4bd8-b9b9-237de54711c6
2026-04-12 19:50:37 [http-nio-3000-exec-10] DEBUG c.b.p.a.a.a.c.AuthRestAdapter - Perfil obtenido para usuario: valeganvillarroel@gmail.com
2026-04-12 19:50:37 [http-nio-3000-exec-6] INFO  c.b.p.a.a.p.c.ProductosRestAdapter - GET /productos - Obtener todos los productos
2026-04-12 19:50:37 [http-nio-3000-exec-6] DEBUG c.b.p.a.d.p.s.GestionProductosService - Obteniendo todos los productos
2026-04-12 19:50:37 [http-nio-3000-exec-7] DEBUG c.b.p.a.d.a.s.AutorizacionAuthService - Obteniendo perfil por token
2026-04-12 19:50:37 [http-nio-3000-exec-6] DEBUG c.b.p.a.d.p.s.GestionProductosService - Se obtuvieron 23 productos
2026-04-12 19:50:37 [http-nio-3000-exec-6] DEBUG c.b.p.a.a.p.c.ProductosRestAdapter - Se obtuvieron 23 productos
2026-04-12 19:50:37 [http-nio-3000-exec-7] DEBUG c.b.p.a.d.a.s.AutorizacionAuthService - Perfil obtenido exitosamente para usuario ID: 2ab0631c-da17-4bd8-b9b9-237de54711c6
2026-04-12 19:50:37 [http-nio-3000-exec-7] INFO  c.b.p.a.a.i.c.InventarioRestAdapter - GET /inventario/vendedor/2ab0631c-da17-4bd8-b9b9-237de54711c6 - consulta por valeganvillarroel@gmail.com
2026-04-12 19:50:37 [http-nio-3000-exec-7] INFO  c.b.p.a.d.i.s.GestionInventarioService - Consultando cargas por vendedor: 2ab0631c-da17-4bd8-b9b9-237de54711c6
2026-04-12 19:50:37 [http-nio-3000-exec-7] DEBUG c.b.p.a.i.p.s.a.SupabaseAsignacionRepositoryAdapter - Consultando asignaciones por vendedor: 2ab0631c-da17-4bd8-b9b9-237de54711c6
2026-04-12 19:50:38 [http-nio-3000-exec-7] DEBUG c.b.p.a.i.p.s.a.SupabaseAsignacionRepositoryAdapter - Asignaciones encontradas para vendedor 2ab0631c-da17-4bd8-b9b9-237de54711c6: 7
2026-04-12 19:50:51 [http-nio-3000-exec-9] INFO  c.b.p.a.a.a.c.AuthRestAdapter - POST /auth/signin - Intento de autenticación para email: mateovargas220705@gmail.com
2026-04-12 19:50:51 [http-nio-3000-exec-9] DEBUG c.b.p.a.d.a.s.AutorizacionAuthService - Autenticando usuario con email: mateovargas220705@gmail.com
2026-04-12 19:50:51 [http-nio-3000-exec-9] DEBUG c.b.p.a.d.a.s.AutorizacionAuthService - Autenticación completada para email: mateovargas220705@gmail.com
2026-04-12 19:50:51 [http-nio-3000-exec-9] INFO  c.b.p.a.a.a.c.AuthRestAdapter - Autenticación exitosa para email: mateovargas220705@gmail.com
2026-04-12 19:50:51 [http-nio-3000-exec-1] INFO  c.b.p.a.a.p.c.ProductosRestAdapter - GET /productos - Obtener todos los productos
2026-04-12 19:50:51 [http-nio-3000-exec-1] DEBUG c.b.p.a.d.p.s.GestionProductosService - Obteniendo todos los productos
2026-04-12 19:50:51 [http-nio-3000-exec-5] INFO  c.b.p.a.a.v.c.VendedoresRestAdapter - GET /vendedores - Obtener todos los vendedores
2026-04-12 19:50:51 [http-nio-3000-exec-3] INFO  c.b.p.a.a.p.c.ProductosRestAdapter - GET /productos/stock-bajo - Consultando alertas con umbral: 100
2026-04-12 19:50:51 [http-nio-3000-exec-5] DEBUG c.b.p.a.d.v.s.GestionVendedoresService - Obteniendo todos los vendedores
2026-04-12 19:50:51 [http-nio-3000-exec-3] DEBUG c.b.p.a.d.p.s.GestionProductosService - Obteniendo productos con stock bajo. Umbral: 100
2026-04-12 19:50:52 [http-nio-3000-exec-1] DEBUG c.b.p.a.d.p.s.GestionProductosService - Se obtuvieron 23 productos
2026-04-12 19:50:52 [http-nio-3000-exec-1] DEBUG c.b.p.a.a.p.c.ProductosRestAdapter - Se obtuvieron 23 productos
2026-04-12 19:50:52 [http-nio-3000-exec-5] DEBUG c.b.p.a.d.v.s.GestionVendedoresService - Se obtuvieron 5 vendedores
2026-04-12 19:50:52 [http-nio-3000-exec-5] DEBUG c.b.p.a.a.v.c.VendedoresRestAdapter - Se obtuvieron 5 vendedores
2026-04-12 19:50:52 [http-nio-3000-exec-3] DEBUG c.b.p.a.d.p.s.GestionProductosService - Se encontraron 22 productos con stock bajo
2026-04-12 19:51:16 [http-nio-3000-exec-10] INFO  c.b.p.a.a.v.c.VendedoresRestAdapter - GET /vendedores - Obtener todos los vendedores
2026-04-12 19:51:16 [http-nio-3000-exec-10] DEBUG c.b.p.a.d.v.s.GestionVendedoresService - Obteniendo todos los vendedores
2026-04-12 19:51:17 [http-nio-3000-exec-10] DEBUG c.b.p.a.d.v.s.GestionVendedoresService - Se obtuvieron 5 vendedores
2026-04-12 19:51:17 [http-nio-3000-exec-10] DEBUG c.b.p.a.a.v.c.VendedoresRestAdapter - Se obtuvieron 5 vendedores
2026-04-12 19:51:18 [http-nio-3000-exec-6] INFO  c.b.p.a.a.p.c.ProductosRestAdapter - GET /productos - Obtener todos los productos
2026-04-12 19:51:18 [http-nio-3000-exec-6] DEBUG c.b.p.a.d.p.s.GestionProductosService - Obteniendo todos los productos
2026-04-12 19:51:18 [http-nio-3000-exec-6] DEBUG c.b.p.a.d.p.s.GestionProductosService - Se obtuvieron 23 productos
2026-04-12 19:51:18 [http-nio-3000-exec-6] DEBUG c.b.p.a.a.p.c.ProductosRestAdapter - Se obtuvieron 23 productos
2026-04-12 19:51:19 [http-nio-3000-exec-7] INFO  c.b.p.a.a.v.c.VendedoresRestAdapter - GET /vendedores - Obtener todos los vendedores
2026-04-12 19:51:19 [http-nio-3000-exec-7] DEBUG c.b.p.a.d.v.s.GestionVendedoresService - Obteniendo todos los vendedores
2026-04-12 19:51:19 [http-nio-3000-exec-8] INFO  c.b.p.a.a.p.c.ProductosRestAdapter - GET /productos - Obtener todos los productos
2026-04-12 19:51:19 [http-nio-3000-exec-8] DEBUG c.b.p.a.d.p.s.GestionProductosService - Obteniendo todos los productos
2026-04-12 19:51:19 [http-nio-3000-exec-7] DEBUG c.b.p.a.d.v.s.GestionVendedoresService - Se obtuvieron 5 vendedores
2026-04-12 19:51:19 [http-nio-3000-exec-8] DEBUG c.b.p.a.d.p.s.GestionProductosService - Se obtuvieron 23 productos
2026-04-12 19:51:19 [http-nio-3000-exec-7] DEBUG c.b.p.a.a.v.c.VendedoresRestAdapter - Se obtuvieron 5 vendedores
2026-04-12 19:51:19 [http-nio-3000-exec-8] DEBUG c.b.p.a.a.p.c.ProductosRestAdapter - Se obtuvieron 23 productos
2026-04-12 19:51:19 [http-nio-3000-exec-9] DEBUG c.b.p.a.d.a.s.AutorizacionAuthService - Obteniendo perfil por token
2026-04-12 19:51:19 [http-nio-3000-exec-10] DEBUG c.b.p.a.d.a.s.AutorizacionAuthService - Obteniendo perfil por token
2026-04-12 19:51:19 [http-nio-3000-exec-3] DEBUG c.b.p.a.d.a.s.AutorizacionAuthService - Obteniendo perfil por token
2026-04-12 19:51:19 [http-nio-3000-exec-6] DEBUG c.b.p.a.d.a.s.AutorizacionAuthService - Obteniendo perfil por token
2026-04-12 19:51:19 [http-nio-3000-exec-8] DEBUG c.b.p.a.d.a.s.AutorizacionAuthService - Obteniendo perfil por token
2026-04-12 19:51:19 [http-nio-3000-exec-8] DEBUG c.b.p.a.d.a.s.AutorizacionAuthService - Perfil obtenido exitosamente para usuario ID: f2dc5b92-7ded-4c42-9e5a-d8a22aaf4a3a
2026-04-12 19:51:19 [http-nio-3000-exec-8] INFO  c.b.p.a.a.i.c.InventarioRestAdapter - GET /inventario/vendedor/7dec6fc9-8ddc-48c6-86a3-a1dbfc46f80e - consulta por mateovargas220705@gmail.com
2026-04-12 19:51:19 [http-nio-3000-exec-8] INFO  c.b.p.a.d.i.s.GestionInventarioService - Consultando cargas por vendedor: 7dec6fc9-8ddc-48c6-86a3-a1dbfc46f80e
2026-04-12 19:51:19 [http-nio-3000-exec-8] DEBUG c.b.p.a.i.p.s.a.SupabaseAsignacionRepositoryAdapter - Consultando asignaciones por vendedor: 7dec6fc9-8ddc-48c6-86a3-a1dbfc46f80e
2026-04-12 19:51:19 [http-nio-3000-exec-7] INFO  c.b.p.a.a.v.c.VendedoresRestAdapter - GET /vendedores - Obtener todos los vendedores
2026-04-12 19:51:19 [http-nio-3000-exec-7] DEBUG c.b.p.a.d.v.s.GestionVendedoresService - Obteniendo todos los vendedores
2026-04-12 19:51:19 [http-nio-3000-exec-9] DEBUG c.b.p.a.d.a.s.AutorizacionAuthService - Perfil obtenido exitosamente para usuario ID: f2dc5b92-7ded-4c42-9e5a-d8a22aaf4a3a
2026-04-12 19:51:19 [http-nio-3000-exec-9] INFO  c.b.p.a.a.i.c.InventarioRestAdapter - GET /inventario/vendedor/2ab0631c-da17-4bd8-b9b9-237de54711c6 - consulta por mateovargas220705@gmail.com
2026-04-12 19:51:19 [http-nio-3000-exec-9] INFO  c.b.p.a.d.i.s.GestionInventarioService - Consultando cargas por vendedor: 2ab0631c-da17-4bd8-b9b9-237de54711c6
2026-04-12 19:51:19 [http-nio-3000-exec-9] DEBUG c.b.p.a.i.p.s.a.SupabaseAsignacionRepositoryAdapter - Consultando asignaciones por vendedor: 2ab0631c-da17-4bd8-b9b9-237de54711c6
2026-04-12 19:51:19 [http-nio-3000-exec-6] DEBUG c.b.p.a.d.a.s.AutorizacionAuthService - Perfil obtenido exitosamente para usuario ID: f2dc5b92-7ded-4c42-9e5a-d8a22aaf4a3a
2026-04-12 19:51:19 [http-nio-3000-exec-6] INFO  c.b.p.a.a.i.c.InventarioRestAdapter - GET /inventario/vendedor/997e2337-32a6-4ba5-84fb-873ef1b6036f - consulta por mateovargas220705@gmail.com
2026-04-12 19:51:19 [http-nio-3000-exec-6] INFO  c.b.p.a.d.i.s.GestionInventarioService - Consultando cargas por vendedor: 997e2337-32a6-4ba5-84fb-873ef1b6036f
2026-04-12 19:51:19 [http-nio-3000-exec-6] DEBUG c.b.p.a.i.p.s.a.SupabaseAsignacionRepositoryAdapter - Consultando asignaciones por vendedor: 997e2337-32a6-4ba5-84fb-873ef1b6036f
2026-04-12 19:51:19 [http-nio-3000-exec-8] DEBUG c.b.p.a.i.p.s.a.SupabaseAsignacionRepositoryAdapter - Asignaciones encontradas para vendedor 7dec6fc9-8ddc-48c6-86a3-a1dbfc46f80e: 0
2026-04-12 19:51:19 [http-nio-3000-exec-9] DEBUG c.b.p.a.i.p.s.a.SupabaseAsignacionRepositoryAdapter - Asignaciones encontradas para vendedor 2ab0631c-da17-4bd8-b9b9-237de54711c6: 7
2026-04-12 19:51:19 [http-nio-3000-exec-7] DEBUG c.b.p.a.d.v.s.GestionVendedoresService - Se obtuvieron 5 vendedores
2026-04-12 19:51:19 [http-nio-3000-exec-7] DEBUG c.b.p.a.a.v.c.VendedoresRestAdapter - Se obtuvieron 5 vendedores
2026-04-12 19:51:19 [http-nio-3000-exec-6] DEBUG c.b.p.a.i.p.s.a.SupabaseAsignacionRepositoryAdapter - Asignaciones encontradas para vendedor 997e2337-32a6-4ba5-84fb-873ef1b6036f: 0
2026-04-12 19:51:19 [http-nio-3000-exec-3] DEBUG c.b.p.a.d.a.s.AutorizacionAuthService - Perfil obtenido exitosamente para usuario ID: f2dc5b92-7ded-4c42-9e5a-d8a22aaf4a3a
2026-04-12 19:51:19 [http-nio-3000-exec-3] INFO  c.b.p.a.a.i.c.InventarioRestAdapter - GET /inventario/vendedor/6b0a5026-52f3-475a-a20f-5aacf94764f0 - consulta por mateovargas220705@gmail.com
2026-04-12 19:51:19 [http-nio-3000-exec-3] INFO  c.b.p.a.d.i.s.GestionInventarioService - Consultando cargas por vendedor: 6b0a5026-52f3-475a-a20f-5aacf94764f0
2026-04-12 19:51:19 [http-nio-3000-exec-3] DEBUG c.b.p.a.i.p.s.a.SupabaseAsignacionRepositoryAdapter - Consultando asignaciones por vendedor: 6b0a5026-52f3-475a-a20f-5aacf94764f0
2026-04-12 19:51:20 [http-nio-3000-exec-3] DEBUG c.b.p.a.i.p.s.a.SupabaseAsignacionRepositoryAdapter - Asignaciones encontradas para vendedor 6b0a5026-52f3-475a-a20f-5aacf94764f0: 4
2026-04-12 19:51:20 [http-nio-3000-exec-10] DEBUG c.b.p.a.d.a.s.AutorizacionAuthService - Perfil obtenido exitosamente para usuario ID: f2dc5b92-7ded-4c42-9e5a-d8a22aaf4a3a
2026-04-12 19:51:20 [http-nio-3000-exec-10] INFO  c.b.p.a.a.i.c.InventarioRestAdapter - GET /inventario/vendedor/73ed0c2b-851c-44c8-a08b-ded6f61924f9 - consulta por mateovargas220705@gmail.com
2026-04-12 19:51:20 [http-nio-3000-exec-10] INFO  c.b.p.a.d.i.s.GestionInventarioService - Consultando cargas por vendedor: 73ed0c2b-851c-44c8-a08b-ded6f61924f9
2026-04-12 19:51:20 [http-nio-3000-exec-10] DEBUG c.b.p.a.i.p.s.a.SupabaseAsignacionRepositoryAdapter - Consultando asignaciones por vendedor: 73ed0c2b-851c-44c8-a08b-ded6f61924f9
2026-04-12 19:51:20 [http-nio-3000-exec-10] DEBUG c.b.p.a.i.p.s.a.SupabaseAsignacionRepositoryAdapter - Asignaciones encontradas para vendedor 73ed0c2b-851c-44c8-a08b-ded6f61924f9: 4
2026-04-12 19:51:21 [http-nio-3000-exec-4] INFO  c.b.p.a.a.p.c.ProductosRestAdapter - GET /productos - Obtener todos los productos
2026-04-12 19:51:21 [http-nio-3000-exec-4] DEBUG c.b.p.a.d.p.s.GestionProductosService - Obteniendo todos los productos
2026-04-12 19:51:21 [http-nio-3000-exec-5] INFO  c.b.p.a.a.p.c.ProductosRestAdapter - GET /productos/stock-bajo - Consultando alertas con umbral: 100
2026-04-12 19:51:21 [http-nio-3000-exec-2] INFO  c.b.p.a.a.v.c.VendedoresRestAdapter - GET /vendedores - Obtener todos los vendedores
2026-04-12 19:51:21 [http-nio-3000-exec-5] DEBUG c.b.p.a.d.p.s.GestionProductosService - Obteniendo productos con stock bajo. Umbral: 100
2026-04-12 19:51:21 [http-nio-3000-exec-2] DEBUG c.b.p.a.d.v.s.GestionVendedoresService - Obteniendo todos los vendedores
2026-04-12 19:51:21 [http-nio-3000-exec-5] DEBUG c.b.p.a.d.p.s.GestionProductosService - Se encontraron 22 productos con stock bajo
2026-04-12 19:51:21 [http-nio-3000-exec-2] DEBUG c.b.p.a.d.v.s.GestionVendedoresService - Se obtuvieron 5 vendedores
2026-04-12 19:51:21 [http-nio-3000-exec-2] DEBUG c.b.p.a.a.v.c.VendedoresRestAdapter - Se obtuvieron 5 vendedores
2026-04-12 19:51:21 [http-nio-3000-exec-4] DEBUG c.b.p.a.d.p.s.GestionProductosService - Se obtuvieron 23 productos
2026-04-12 19:51:21 [http-nio-3000-exec-4] DEBUG c.b.p.a.a.p.c.ProductosRestAdapter - Se obtuvieron 23 productos
2026-04-12 19:51:21 [http-nio-3000-exec-1] INFO  c.b.p.a.a.v.c.VendedoresRestAdapter - GET /vendedores - Obtener todos los vendedores
2026-04-12 19:51:21 [http-nio-3000-exec-1] DEBUG c.b.p.a.d.v.s.GestionVendedoresService - Obteniendo todos los vendedores
2026-04-12 19:51:21 [http-nio-3000-exec-1] DEBUG c.b.p.a.d.v.s.GestionVendedoresService - Se obtuvieron 5 vendedores
2026-04-12 19:51:21 [http-nio-3000-exec-1] DEBUG c.b.p.a.a.v.c.VendedoresRestAdapter - Se obtuvieron 5 vendedores
2026-04-12 19:51:29 [http-nio-3000-exec-8] INFO  c.b.p.a.a.v.c.VendedoresRestAdapter - GET /vendedores - Obtener todos los vendedores
2026-04-12 19:51:29 [http-nio-3000-exec-8] DEBUG c.b.p.a.d.v.s.GestionVendedoresService - Obteniendo todos los vendedores
2026-04-12 19:51:29 [http-nio-3000-exec-9] INFO  c.b.p.a.a.p.c.ProductosRestAdapter - GET /productos - Obtener todos los productos
2026-04-12 19:51:29 [http-nio-3000-exec-9] DEBUG c.b.p.a.d.p.s.GestionProductosService - Obteniendo todos los productos
2026-04-12 19:51:30 [http-nio-3000-exec-8] DEBUG c.b.p.a.d.v.s.GestionVendedoresService - Se obtuvieron 5 vendedores
2026-04-12 19:51:30 [http-nio-3000-exec-8] DEBUG c.b.p.a.a.v.c.VendedoresRestAdapter - Se obtuvieron 5 vendedores
2026-04-12 19:51:30 [http-nio-3000-exec-9] DEBUG c.b.p.a.d.p.s.GestionProductosService - Se obtuvieron 23 productos
2026-04-12 19:51:30 [http-nio-3000-exec-9] DEBUG c.b.p.a.a.p.c.ProductosRestAdapter - Se obtuvieron 23 productos
2026-04-12 19:51:30 [http-nio-3000-exec-6] DEBUG c.b.p.a.d.a.s.AutorizacionAuthService - Obteniendo perfil por token
2026-04-12 19:51:30 [http-nio-3000-exec-3] DEBUG c.b.p.a.d.a.s.AutorizacionAuthService - Obteniendo perfil por token
2026-04-12 19:51:30 [http-nio-3000-exec-7] DEBUG c.b.p.a.d.a.s.AutorizacionAuthService - Obteniendo perfil por token
2026-04-12 19:51:30 [http-nio-3000-exec-5] DEBUG c.b.p.a.d.a.s.AutorizacionAuthService - Obteniendo perfil por token
2026-04-12 19:51:30 [http-nio-3000-exec-10] DEBUG c.b.p.a.d.a.s.AutorizacionAuthService - Obteniendo perfil por token
2026-04-12 19:51:30 [http-nio-3000-exec-6] DEBUG c.b.p.a.d.a.s.AutorizacionAuthService - Perfil obtenido exitosamente para usuario ID: f2dc5b92-7ded-4c42-9e5a-d8a22aaf4a3a
2026-04-12 19:51:30 [http-nio-3000-exec-6] INFO  c.b.p.a.a.i.c.InventarioRestAdapter - GET /inventario/vendedor/6b0a5026-52f3-475a-a20f-5aacf94764f0 - consulta por mateovargas220705@gmail.com
2026-04-12 19:51:30 [http-nio-3000-exec-6] INFO  c.b.p.a.d.i.s.GestionInventarioService - Consultando cargas por vendedor: 6b0a5026-52f3-475a-a20f-5aacf94764f0
2026-04-12 19:51:30 [http-nio-3000-exec-6] DEBUG c.b.p.a.i.p.s.a.SupabaseAsignacionRepositoryAdapter - Consultando asignaciones por vendedor: 6b0a5026-52f3-475a-a20f-5aacf94764f0
2026-04-12 19:51:30 [http-nio-3000-exec-5] DEBUG c.b.p.a.d.a.s.AutorizacionAuthService - Perfil obtenido exitosamente para usuario ID: f2dc5b92-7ded-4c42-9e5a-d8a22aaf4a3a
2026-04-12 19:51:30 [http-nio-3000-exec-5] INFO  c.b.p.a.a.i.c.InventarioRestAdapter - GET /inventario/vendedor/997e2337-32a6-4ba5-84fb-873ef1b6036f - consulta por mateovargas220705@gmail.com
2026-04-12 19:51:30 [http-nio-3000-exec-5] INFO  c.b.p.a.d.i.s.GestionInventarioService - Consultando cargas por vendedor: 997e2337-32a6-4ba5-84fb-873ef1b6036f
2026-04-12 19:51:30 [http-nio-3000-exec-5] DEBUG c.b.p.a.i.p.s.a.SupabaseAsignacionRepositoryAdapter - Consultando asignaciones por vendedor: 997e2337-32a6-4ba5-84fb-873ef1b6036f
2026-04-12 19:51:30 [http-nio-3000-exec-10] DEBUG c.b.p.a.d.a.s.AutorizacionAuthService - Perfil obtenido exitosamente para usuario ID: f2dc5b92-7ded-4c42-9e5a-d8a22aaf4a3a
2026-04-12 19:51:30 [http-nio-3000-exec-10] INFO  c.b.p.a.a.i.c.InventarioRestAdapter - GET /inventario/vendedor/7dec6fc9-8ddc-48c6-86a3-a1dbfc46f80e - consulta por mateovargas220705@gmail.com
2026-04-12 19:51:30 [http-nio-3000-exec-10] INFO  c.b.p.a.d.i.s.GestionInventarioService - Consultando cargas por vendedor: 7dec6fc9-8ddc-48c6-86a3-a1dbfc46f80e
2026-04-12 19:51:30 [http-nio-3000-exec-10] DEBUG c.b.p.a.i.p.s.a.SupabaseAsignacionRepositoryAdapter - Consultando asignaciones por vendedor: 7dec6fc9-8ddc-48c6-86a3-a1dbfc46f80e
2026-04-12 19:51:30 [http-nio-3000-exec-7] DEBUG c.b.p.a.d.a.s.AutorizacionAuthService - Perfil obtenido exitosamente para usuario ID: f2dc5b92-7ded-4c42-9e5a-d8a22aaf4a3a
2026-04-12 19:51:30 [http-nio-3000-exec-7] INFO  c.b.p.a.a.i.c.InventarioRestAdapter - GET /inventario/vendedor/2ab0631c-da17-4bd8-b9b9-237de54711c6 - consulta por mateovargas220705@gmail.com
2026-04-12 19:51:30 [http-nio-3000-exec-7] INFO  c.b.p.a.d.i.s.GestionInventarioService - Consultando cargas por vendedor: 2ab0631c-da17-4bd8-b9b9-237de54711c6
2026-04-12 19:51:30 [http-nio-3000-exec-7] DEBUG c.b.p.a.i.p.s.a.SupabaseAsignacionRepositoryAdapter - Consultando asignaciones por vendedor: 2ab0631c-da17-4bd8-b9b9-237de54711c6
2026-04-12 19:51:30 [http-nio-3000-exec-3] DEBUG c.b.p.a.d.a.s.AutorizacionAuthService - Perfil obtenido exitosamente para usuario ID: f2dc5b92-7ded-4c42-9e5a-d8a22aaf4a3a
2026-04-12 19:51:30 [http-nio-3000-exec-3] INFO  c.b.p.a.a.i.c.InventarioRestAdapter - GET /inventario/vendedor/73ed0c2b-851c-44c8-a08b-ded6f61924f9 - consulta por mateovargas220705@gmail.com
2026-04-12 19:51:30 [http-nio-3000-exec-3] INFO  c.b.p.a.d.i.s.GestionInventarioService - Consultando cargas por vendedor: 73ed0c2b-851c-44c8-a08b-ded6f61924f9
2026-04-12 19:51:30 [http-nio-3000-exec-3] DEBUG c.b.p.a.i.p.s.a.SupabaseAsignacionRepositoryAdapter - Consultando asignaciones por vendedor: 73ed0c2b-851c-44c8-a08b-ded6f61924f9
2026-04-12 19:51:30 [http-nio-3000-exec-6] DEBUG c.b.p.a.i.p.s.a.SupabaseAsignacionRepositoryAdapter - Asignaciones encontradas para vendedor 6b0a5026-52f3-475a-a20f-5aacf94764f0: 4
2026-04-12 19:51:30 [http-nio-3000-exec-5] DEBUG c.b.p.a.i.p.s.a.SupabaseAsignacionRepositoryAdapter - Asignaciones encontradas para vendedor 997e2337-32a6-4ba5-84fb-873ef1b6036f: 0
2026-04-12 19:51:30 [http-nio-3000-exec-10] DEBUG c.b.p.a.i.p.s.a.SupabaseAsignacionRepositoryAdapter - Asignaciones encontradas para vendedor 7dec6fc9-8ddc-48c6-86a3-a1dbfc46f80e: 0
2026-04-12 19:51:30 [http-nio-3000-exec-7] DEBUG c.b.p.a.i.p.s.a.SupabaseAsignacionRepositoryAdapter - Asignaciones encontradas para vendedor 2ab0631c-da17-4bd8-b9b9-237de54711c6: 7
2026-04-12 19:51:30 [http-nio-3000-exec-3] DEBUG c.b.p.a.i.p.s.a.SupabaseAsignacionRepositoryAdapter - Asignaciones encontradas para vendedor 73ed0c2b-851c-44c8-a08b-ded6f61924f9: 4
2026-04-12 19:51:34 [http-nio-3000-exec-5] INFO  c.b.p.a.a.p.c.ProductosRestAdapter - GET /productos - Obtener todos los productos
2026-04-12 19:51:34 [http-nio-3000-exec-5] DEBUG c.b.p.a.d.p.s.GestionProductosService - Obteniendo todos los productos
2026-04-12 19:51:34 [http-nio-3000-exec-5] DEBUG c.b.p.a.d.p.s.GestionProductosService - Se obtuvieron 23 productos
2026-04-12 19:51:34 [http-nio-3000-exec-5] DEBUG c.b.p.a.a.p.c.ProductosRestAdapter - Se obtuvieron 23 productos
2026-04-12 19:51:36 [http-nio-3000-exec-10] INFO  c.b.p.a.a.v.c.VendedoresRestAdapter - GET /vendedores - Obtener todos los vendedores
2026-04-12 19:51:36 [http-nio-3000-exec-10] DEBUG c.b.p.a.d.v.s.GestionVendedoresService - Obteniendo todos los vendedores
2026-04-12 19:51:36 [http-nio-3000-exec-7] INFO  c.b.p.a.a.p.c.ProductosRestAdapter - GET /productos - Obtener todos los productos
2026-04-12 19:51:36 [http-nio-3000-exec-7] DEBUG c.b.p.a.d.p.s.GestionProductosService - Obteniendo todos los productos
2026-04-12 19:51:36 [http-nio-3000-exec-10] DEBUG c.b.p.a.d.v.s.GestionVendedoresService - Se obtuvieron 5 vendedores
2026-04-12 19:51:36 [http-nio-3000-exec-10] DEBUG c.b.p.a.a.v.c.VendedoresRestAdapter - Se obtuvieron 5 vendedores
2026-04-12 19:51:36 [http-nio-3000-exec-7] DEBUG c.b.p.a.d.p.s.GestionProductosService - Se obtuvieron 23 productos
2026-04-12 19:51:36 [http-nio-3000-exec-7] DEBUG c.b.p.a.a.p.c.ProductosRestAdapter - Se obtuvieron 23 productos
2026-04-12 19:51:36 [http-nio-3000-exec-3] DEBUG c.b.p.a.d.a.s.AutorizacionAuthService - Obteniendo perfil por token
2026-04-12 19:51:36 [http-nio-3000-exec-2] DEBUG c.b.p.a.d.a.s.AutorizacionAuthService - Obteniendo perfil por token
2026-04-12 19:51:36 [http-nio-3000-exec-1] DEBUG c.b.p.a.d.a.s.AutorizacionAuthService - Obteniendo perfil por token
2026-04-12 19:51:36 [http-nio-3000-exec-6] DEBUG c.b.p.a.d.a.s.AutorizacionAuthService - Obteniendo perfil por token
2026-04-12 19:51:36 [http-nio-3000-exec-9] DEBUG c.b.p.a.d.a.s.AutorizacionAuthService - Obteniendo perfil por token
2026-04-12 19:51:36 [http-nio-3000-exec-2] DEBUG c.b.p.a.d.a.s.AutorizacionAuthService - Perfil obtenido exitosamente para usuario ID: f2dc5b92-7ded-4c42-9e5a-d8a22aaf4a3a
2026-04-12 19:51:36 [http-nio-3000-exec-2] INFO  c.b.p.a.a.i.c.InventarioRestAdapter - GET /inventario/vendedor/6b0a5026-52f3-475a-a20f-5aacf94764f0 - consulta por mateovargas220705@gmail.com
2026-04-12 19:51:36 [http-nio-3000-exec-2] INFO  c.b.p.a.d.i.s.GestionInventarioService - Consultando cargas por vendedor: 6b0a5026-52f3-475a-a20f-5aacf94764f0
2026-04-12 19:51:36 [http-nio-3000-exec-2] DEBUG c.b.p.a.i.p.s.a.SupabaseAsignacionRepositoryAdapter - Consultando asignaciones por vendedor: 6b0a5026-52f3-475a-a20f-5aacf94764f0
2026-04-12 19:51:36 [http-nio-3000-exec-1] DEBUG c.b.p.a.d.a.s.AutorizacionAuthService - Perfil obtenido exitosamente para usuario ID: f2dc5b92-7ded-4c42-9e5a-d8a22aaf4a3a
2026-04-12 19:51:36 [http-nio-3000-exec-1] INFO  c.b.p.a.a.i.c.InventarioRestAdapter - GET /inventario/vendedor/73ed0c2b-851c-44c8-a08b-ded6f61924f9 - consulta por mateovargas220705@gmail.com
2026-04-12 19:51:36 [http-nio-3000-exec-1] INFO  c.b.p.a.d.i.s.GestionInventarioService - Consultando cargas por vendedor: 73ed0c2b-851c-44c8-a08b-ded6f61924f9
2026-04-12 19:51:36 [http-nio-3000-exec-1] DEBUG c.b.p.a.i.p.s.a.SupabaseAsignacionRepositoryAdapter - Consultando asignaciones por vendedor: 73ed0c2b-851c-44c8-a08b-ded6f61924f9
2026-04-12 19:51:36 [http-nio-3000-exec-9] DEBUG c.b.p.a.d.a.s.AutorizacionAuthService - Perfil obtenido exitosamente para usuario ID: f2dc5b92-7ded-4c42-9e5a-d8a22aaf4a3a
2026-04-12 19:51:36 [http-nio-3000-exec-9] INFO  c.b.p.a.a.i.c.InventarioRestAdapter - GET /inventario/vendedor/997e2337-32a6-4ba5-84fb-873ef1b6036f - consulta por mateovargas220705@gmail.com
2026-04-12 19:51:36 [http-nio-3000-exec-9] INFO  c.b.p.a.d.i.s.GestionInventarioService - Consultando cargas por vendedor: 997e2337-32a6-4ba5-84fb-873ef1b6036f
2026-04-12 19:51:36 [http-nio-3000-exec-9] DEBUG c.b.p.a.i.p.s.a.SupabaseAsignacionRepositoryAdapter - Consultando asignaciones por vendedor: 997e2337-32a6-4ba5-84fb-873ef1b6036f
2026-04-12 19:51:36 [http-nio-3000-exec-3] DEBUG c.b.p.a.d.a.s.AutorizacionAuthService - Perfil obtenido exitosamente para usuario ID: f2dc5b92-7ded-4c42-9e5a-d8a22aaf4a3a
2026-04-12 19:51:36 [http-nio-3000-exec-3] INFO  c.b.p.a.a.i.c.InventarioRestAdapter - GET /inventario/vendedor/2ab0631c-da17-4bd8-b9b9-237de54711c6 - consulta por mateovargas220705@gmail.com
2026-04-12 19:51:36 [http-nio-3000-exec-3] INFO  c.b.p.a.d.i.s.GestionInventarioService - Consultando cargas por vendedor: 2ab0631c-da17-4bd8-b9b9-237de54711c6
2026-04-12 19:51:36 [http-nio-3000-exec-3] DEBUG c.b.p.a.i.p.s.a.SupabaseAsignacionRepositoryAdapter - Consultando asignaciones por vendedor: 2ab0631c-da17-4bd8-b9b9-237de54711c6
2026-04-12 19:51:36 [http-nio-3000-exec-6] DEBUG c.b.p.a.d.a.s.AutorizacionAuthService - Perfil obtenido exitosamente para usuario ID: f2dc5b92-7ded-4c42-9e5a-d8a22aaf4a3a
2026-04-12 19:51:36 [http-nio-3000-exec-6] INFO  c.b.p.a.a.i.c.InventarioRestAdapter - GET /inventario/vendedor/7dec6fc9-8ddc-48c6-86a3-a1dbfc46f80e - consulta por mateovargas220705@gmail.com
2026-04-12 19:51:36 [http-nio-3000-exec-6] INFO  c.b.p.a.d.i.s.GestionInventarioService - Consultando cargas por vendedor: 7dec6fc9-8ddc-48c6-86a3-a1dbfc46f80e
2026-04-12 19:51:36 [http-nio-3000-exec-6] DEBUG c.b.p.a.i.p.s.a.SupabaseAsignacionRepositoryAdapter - Consultando asignaciones por vendedor: 7dec6fc9-8ddc-48c6-86a3-a1dbfc46f80e
2026-04-12 19:51:37 [http-nio-3000-exec-2] DEBUG c.b.p.a.i.p.s.a.SupabaseAsignacionRepositoryAdapter - Asignaciones encontradas para vendedor 6b0a5026-52f3-475a-a20f-5aacf94764f0: 4
2026-04-12 19:51:37 [http-nio-3000-exec-9] DEBUG c.b.p.a.i.p.s.a.SupabaseAsignacionRepositoryAdapter - Asignaciones encontradas para vendedor 997e2337-32a6-4ba5-84fb-873ef1b6036f: 0
2026-04-12 19:51:37 [http-nio-3000-exec-1] DEBUG c.b.p.a.i.p.s.a.SupabaseAsignacionRepositoryAdapter - Asignaciones encontradas para vendedor 73ed0c2b-851c-44c8-a08b-ded6f61924f9: 4
2026-04-12 19:51:37 [http-nio-3000-exec-3] DEBUG c.b.p.a.i.p.s.a.SupabaseAsignacionRepositoryAdapter - Asignaciones encontradas para vendedor 2ab0631c-da17-4bd8-b9b9-237de54711c6: 7
2026-04-12 19:51:37 [http-nio-3000-exec-6] DEBUG c.b.p.a.i.p.s.a.SupabaseAsignacionRepositoryAdapter - Asignaciones encontradas para vendedor 7dec6fc9-8ddc-48c6-86a3-a1dbfc46f80e: 0
2026-04-12 19:51:38 [http-nio-3000-exec-8] INFO  c.b.p.a.a.v.c.VendedoresRestAdapter - GET /vendedores - Obtener todos los vendedores
2026-04-12 19:51:38 [http-nio-3000-exec-8] DEBUG c.b.p.a.d.v.s.GestionVendedoresService - Obteniendo todos los vendedores
2026-04-12 19:51:38 [http-nio-3000-exec-8] DEBUG c.b.p.a.d.v.s.GestionVendedoresService - Se obtuvieron 5 vendedores
2026-04-12 19:51:38 [http-nio-3000-exec-8] DEBUG c.b.p.a.a.v.c.VendedoresRestAdapter - Se obtuvieron 5 vendedores
2026-04-12 21:42:03 [http-nio-3000-exec-1] INFO  c.b.p.a.a.v.c.VendedoresRestAdapter - GET /vendedores - Obtener todos los vendedores
2026-04-12 21:42:03 [http-nio-3000-exec-1] DEBUG c.b.p.a.d.v.s.GestionVendedoresService - Obteniendo todos los vendedores
2026-04-12 21:42:06 [http-nio-3000-exec-1] DEBUG c.b.p.a.d.v.s.GestionVendedoresService - Se obtuvieron 5 vendedores
2026-04-12 21:42:06 [http-nio-3000-exec-1] DEBUG c.b.p.a.a.v.c.VendedoresRestAdapter - Se obtuvieron 5 vendedores
2026-04-12 21:44:36 [File Watcher] INFO  o.s.b.d.a.LocalDevToolsAutoConfiguration$RestartingClassPathChangeChangedEventListener - Restarting due to 1 class path change (0 additions, 0 deletions, 1 modification)
2026-04-12 21:44:36 [Thread-45] INFO  o.s.boot.tomcat.GracefulShutdown - Commencing graceful shutdown. Waiting for active requests to complete
2026-04-12 21:44:36 [tomcat-shutdown] INFO  o.a.coyote.http11.Http11NioProtocol - Pausing ProtocolHandler ["http-nio-3000"]
2026-04-12 21:44:36 [tomcat-shutdown] INFO  o.s.boot.tomcat.GracefulShutdown - Graceful shutdown complete
2026-04-12 21:44:36 [Thread-45] INFO  o.a.coyote.http11.Http11NioProtocol - Stopping ProtocolHandler ["http-nio-3000"]
2026-04-12 21:44:36 [restartedMain] INFO  c.back.puntoventa.app.AppApplication - Starting AppApplication using Java 26 with PID 45908 (C:\Users\Mateo\Documents\Mateo Tareas\Taller\Back-PuntoVenta\target\classes started by Mateo in C:\Users\Mateo\Documents\Mateo Tareas\Taller\Back-PuntoVenta)
2026-04-12 21:44:36 [restartedMain] DEBUG c.back.puntoventa.app.AppApplication - Running with Spring Boot v4.0.5, Spring v7.0.6
2026-04-12 21:44:36 [restartedMain] INFO  c.back.puntoventa.app.AppApplication - No active profile set, falling back to 1 default profile: "default"
2026-04-12 21:44:37 [restartedMain] INFO  o.s.boot.tomcat.TomcatWebServer - Tomcat initialized with port 3000 (http)
2026-04-12 21:44:37 [restartedMain] INFO  o.a.coyote.http11.Http11NioProtocol - Initializing ProtocolHandler ["http-nio-3000"]
2026-04-12 21:44:37 [restartedMain] INFO  o.a.catalina.core.StandardService - Starting service [Tomcat]
2026-04-12 21:44:37 [restartedMain] INFO  o.a.catalina.core.StandardEngine - Starting Servlet engine: [Apache Tomcat/11.0.20]
2026-04-12 21:44:37 [restartedMain] INFO  o.s.b.w.c.s.WebApplicationContextInitializer - Root WebApplicationContext: initialization completed in 458 ms
2026-04-12 21:44:37 [restartedMain] INFO  o.a.coyote.http11.Http11NioProtocol - Starting ProtocolHandler ["http-nio-3000"]
2026-04-12 21:44:37 [restartedMain] INFO  o.s.boot.tomcat.TomcatWebServer - Tomcat started on port 3000 (http) with context path '/'
2026-04-12 21:44:37 [restartedMain] INFO  c.back.puntoventa.app.AppApplication - Started AppApplication in 0.781 seconds (process running for 16658.92)
2026-04-12 21:44:37 [restartedMain] INFO  o.s.b.d.a.ConditionEvaluationDeltaLoggingListener - Condition evaluation unchanged
2026-04-12 21:45:05 [File Watcher] INFO  o.s.b.d.a.LocalDevToolsAutoConfiguration$RestartingClassPathChangeChangedEventListener - Restarting due to 1 class path change (0 additions, 0 deletions, 1 modification)
2026-04-12 21:45:05 [Thread-49] INFO  o.s.boot.tomcat.GracefulShutdown - Commencing graceful shutdown. Waiting for active requests to complete
2026-04-12 21:45:05 [tomcat-shutdown] INFO  o.a.coyote.http11.Http11NioProtocol - Pausing ProtocolHandler ["http-nio-3000"]
2026-04-12 21:45:05 [tomcat-shutdown] INFO  o.s.boot.tomcat.GracefulShutdown - Graceful shutdown complete
2026-04-12 21:45:05 [Thread-49] INFO  o.a.coyote.http11.Http11NioProtocol - Stopping ProtocolHandler ["http-nio-3000"]
2026-04-12 21:45:05 [restartedMain] INFO  c.back.puntoventa.app.AppApplication - Starting AppApplication using Java 26 with PID 45908 (C:\Users\Mateo\Documents\Mateo Tareas\Taller\Back-PuntoVenta\target\classes started by Mateo in C:\Users\Mateo\Documents\Mateo Tareas\Taller\Back-PuntoVenta)
2026-04-12 21:45:05 [restartedMain] DEBUG c.back.puntoventa.app.AppApplication - Running with Spring Boot v4.0.5, Spring v7.0.6
2026-04-12 21:45:05 [restartedMain] INFO  c.back.puntoventa.app.AppApplication - No active profile set, falling back to 1 default profile: "default"
2026-04-12 21:45:06 [restartedMain] INFO  o.s.boot.tomcat.TomcatWebServer - Tomcat initialized with port 3000 (http)
2026-04-12 21:45:06 [restartedMain] INFO  o.a.coyote.http11.Http11NioProtocol - Initializing ProtocolHandler ["http-nio-3000"]
2026-04-12 21:45:06 [restartedMain] INFO  o.a.catalina.core.StandardService - Starting service [Tomcat]
2026-04-12 21:45:06 [restartedMain] INFO  o.a.catalina.core.StandardEngine - Starting Servlet engine: [Apache Tomcat/11.0.20]
2026-04-12 21:45:06 [restartedMain] INFO  o.s.b.w.c.s.WebApplicationContextInitializer - Root WebApplicationContext: initialization completed in 394 ms
2026-04-12 21:45:06 [restartedMain] INFO  o.a.coyote.http11.Http11NioProtocol - Starting ProtocolHandler ["http-nio-3000"]
2026-04-12 21:45:06 [restartedMain] INFO  o.s.boot.tomcat.TomcatWebServer - Tomcat started on port 3000 (http) with context path '/'
2026-04-12 21:45:06 [restartedMain] INFO  c.back.puntoventa.app.AppApplication - Started AppApplication in 0.66 seconds (process running for 16687.728)
2026-04-12 21:45:06 [restartedMain] INFO  o.s.b.d.a.ConditionEvaluationDeltaLoggingListener - Condition evaluation unchanged
2026-04-12 21:45:29 [http-nio-3000-exec-2] INFO  o.a.c.c.C.[Tomcat-2].[localhost].[/] - Initializing Spring DispatcherServlet 'dispatcherServlet'
2026-04-12 21:45:29 [http-nio-3000-exec-2] INFO  o.s.web.servlet.DispatcherServlet - Initializing Servlet 'dispatcherServlet'
2026-04-12 21:45:29 [http-nio-3000-exec-2] INFO  o.s.web.servlet.DispatcherServlet - Completed initialization in 1 ms
2026-04-12 21:45:29 [http-nio-3000-exec-2] INFO  c.b.p.a.a.v.c.VendedoresRestAdapter - GET /vendedores - Obtener todos los vendedores
2026-04-12 21:45:29 [http-nio-3000-exec-2] DEBUG c.b.p.a.d.v.s.GestionVendedoresService - Obteniendo todos los vendedores
2026-04-12 21:45:30 [http-nio-3000-exec-2] DEBUG c.b.p.a.d.v.s.GestionVendedoresService - Se obtuvieron 5 vendedores
2026-04-12 21:45:30 [http-nio-3000-exec-2] DEBUG c.b.p.a.a.v.c.VendedoresRestAdapter - Se obtuvieron 5 vendedores
2026-04-12 21:46:09 [http-nio-3000-exec-10] INFO  c.b.p.a.a.v.c.VendedoresRestAdapter - GET /vendedores - Obtener todos los vendedores
2026-04-12 21:46:09 [http-nio-3000-exec-10] DEBUG c.b.p.a.d.v.s.GestionVendedoresService - Obteniendo todos los vendedores
2026-04-12 21:46:10 [http-nio-3000-exec-10] DEBUG c.b.p.a.d.v.s.GestionVendedoresService - Se obtuvieron 5 vendedores
2026-04-12 21:46:10 [http-nio-3000-exec-10] DEBUG c.b.p.a.a.v.c.VendedoresRestAdapter - Se obtuvieron 5 vendedores
2026-04-12 21:47:57 [File Watcher] INFO  o.s.b.d.a.LocalDevToolsAutoConfiguration$RestartingClassPathChangeChangedEventListener - Restarting due to 1 class path change (0 additions, 0 deletions, 1 modification)
2026-04-12 21:47:57 [Thread-53] INFO  o.s.boot.tomcat.GracefulShutdown - Commencing graceful shutdown. Waiting for active requests to complete
2026-04-12 21:47:57 [tomcat-shutdown] INFO  o.a.coyote.http11.Http11NioProtocol - Pausing ProtocolHandler ["http-nio-3000"]
2026-04-12 21:47:57 [tomcat-shutdown] INFO  o.s.boot.tomcat.GracefulShutdown - Graceful shutdown complete
2026-04-12 21:47:57 [Thread-53] INFO  o.a.coyote.http11.Http11NioProtocol - Stopping ProtocolHandler ["http-nio-3000"]
2026-04-12 21:47:57 [restartedMain] INFO  c.back.puntoventa.app.AppApplication - Starting AppApplication using Java 26 with PID 45908 (C:\Users\Mateo\Documents\Mateo Tareas\Taller\Back-PuntoVenta\target\classes started by Mateo in C:\Users\Mateo\Documents\Mateo Tareas\Taller\Back-PuntoVenta)
2026-04-12 21:47:57 [restartedMain] DEBUG c.back.puntoventa.app.AppApplication - Running with Spring Boot v4.0.5, Spring v7.0.6
2026-04-12 21:47:57 [restartedMain] INFO  c.back.puntoventa.app.AppApplication - No active profile set, falling back to 1 default profile: "default"
2026-04-12 21:47:57 [restartedMain] INFO  o.s.boot.tomcat.TomcatWebServer - Tomcat initialized with port 3000 (http)
2026-04-12 21:47:57 [restartedMain] INFO  o.a.coyote.http11.Http11NioProtocol - Initializing ProtocolHandler ["http-nio-3000"]
2026-04-12 21:47:57 [restartedMain] INFO  o.a.catalina.core.StandardService - Starting service [Tomcat]
2026-04-12 21:47:57 [restartedMain] INFO  o.a.catalina.core.StandardEngine - Starting Servlet engine: [Apache Tomcat/11.0.20]
2026-04-12 21:47:57 [restartedMain] INFO  o.s.b.w.c.s.WebApplicationContextInitializer - Root WebApplicationContext: initialization completed in 178 ms
2026-04-12 21:47:57 [restartedMain] INFO  o.a.coyote.http11.Http11NioProtocol - Starting ProtocolHandler ["http-nio-3000"]
2026-04-12 21:47:57 [restartedMain] INFO  o.s.boot.tomcat.TomcatWebServer - Tomcat started on port 3000 (http) with context path '/'
2026-04-12 21:47:57 [restartedMain] INFO  c.back.puntoventa.app.AppApplication - Started AppApplication in 0.303 seconds (process running for 16859.377)
2026-04-12 21:47:57 [restartedMain] INFO  o.s.b.d.a.ConditionEvaluationDeltaLoggingListener - Condition evaluation unchanged
2026-04-12 21:50:26 [http-nio-3000-exec-1] INFO  o.a.c.c.C.[Tomcat-2].[localhost].[/] - Initializing Spring DispatcherServlet 'dispatcherServlet'
2026-04-12 21:50:26 [http-nio-3000-exec-1] INFO  o.s.web.servlet.DispatcherServlet - Initializing Servlet 'dispatcherServlet'
2026-04-12 21:50:26 [http-nio-3000-exec-1] INFO  o.s.web.servlet.DispatcherServlet - Completed initialization in 1 ms
2026-04-12 21:50:26 [http-nio-3000-exec-2] WARN  o.s.w.s.m.m.a.ExceptionHandlerExceptionResolver - Resolved [org.springframework.web.bind.MissingServletRequestParameterException: Required request parameter 'userId' for method parameter type String is not present]
2026-04-12 21:50:29 [http-nio-3000-exec-5] INFO  c.b.p.a.a.a.c.AuthRestAdapter - POST /auth/signin - Intento de autenticación para email: valeganvillarroel@gmail.com
2026-04-12 21:50:29 [http-nio-3000-exec-5] DEBUG c.b.p.a.d.a.s.AutorizacionAuthService - Autenticando usuario con email: valeganvillarroel@gmail.com
2026-04-12 21:50:31 [http-nio-3000-exec-5] DEBUG c.b.p.a.d.a.s.AutorizacionAuthService - Autenticación completada para email: valeganvillarroel@gmail.com
2026-04-12 21:50:31 [http-nio-3000-exec-5] INFO  c.b.p.a.a.a.c.AuthRestAdapter - Autenticación exitosa para email: valeganvillarroel@gmail.com
2026-04-12 21:50:31 [http-nio-3000-exec-8] INFO  c.b.p.a.a.a.c.AuthRestAdapter - GET /auth/me - Obtener perfil del usuario actual
2026-04-12 21:50:31 [http-nio-3000-exec-8] DEBUG c.b.p.a.d.a.s.AutorizacionAuthService - Obteniendo perfil por token
2026-04-12 21:50:31 [http-nio-3000-exec-8] DEBUG c.b.p.a.d.a.s.AutorizacionAuthService - Perfil obtenido exitosamente para usuario ID: 2ab0631c-da17-4bd8-b9b9-237de54711c6
2026-04-12 21:50:31 [http-nio-3000-exec-8] DEBUG c.b.p.a.a.a.c.AuthRestAdapter - Perfil obtenido para usuario: valeganvillarroel@gmail.com
2026-04-12 21:50:31 [http-nio-3000-exec-7] INFO  c.b.p.a.a.p.c.ProductosRestAdapter - GET /productos - Obtener todos los productos
2026-04-12 21:50:31 [http-nio-3000-exec-7] DEBUG c.b.p.a.d.p.s.GestionProductosService - Obteniendo todos los productos
2026-04-12 21:50:31 [http-nio-3000-exec-10] DEBUG c.b.p.a.d.a.s.AutorizacionAuthService - Obteniendo perfil por token
2026-04-12 21:50:32 [http-nio-3000-exec-10] DEBUG c.b.p.a.d.a.s.AutorizacionAuthService - Perfil obtenido exitosamente para usuario ID: 2ab0631c-da17-4bd8-b9b9-237de54711c6
2026-04-12 21:50:32 [http-nio-3000-exec-10] INFO  c.b.p.a.a.i.c.InventarioRestAdapter - GET /inventario/vendedor/2ab0631c-da17-4bd8-b9b9-237de54711c6 - consulta por valeganvillarroel@gmail.com
2026-04-12 21:50:32 [http-nio-3000-exec-10] INFO  c.b.p.a.d.i.s.GestionInventarioService - Consultando cargas por vendedor: 2ab0631c-da17-4bd8-b9b9-237de54711c6
2026-04-12 21:50:32 [http-nio-3000-exec-10] DEBUG c.b.p.a.i.p.s.a.SupabaseAsignacionRepositoryAdapter - Consultando asignaciones por vendedor: 2ab0631c-da17-4bd8-b9b9-237de54711c6
2026-04-12 21:50:32 [http-nio-3000-exec-7] DEBUG c.b.p.a.d.p.s.GestionProductosService - Se obtuvieron 23 productos
2026-04-12 21:50:32 [http-nio-3000-exec-7] DEBUG c.b.p.a.a.p.c.ProductosRestAdapter - Se obtuvieron 23 productos
2026-04-12 21:50:32 [http-nio-3000-exec-10] DEBUG c.b.p.a.i.p.s.a.SupabaseAsignacionRepositoryAdapter - Asignaciones encontradas para vendedor 2ab0631c-da17-4bd8-b9b9-237de54711c6: 7
2026-04-12 21:50:32 [http-nio-3000-exec-1] INFO  c.b.p.a.a.a.c.AuthRestAdapter - GET /auth/me - Obtener perfil del usuario actual
2026-04-12 21:50:32 [http-nio-3000-exec-1] DEBUG c.b.p.a.d.a.s.AutorizacionAuthService - Obteniendo perfil por token
2026-04-12 21:50:32 [http-nio-3000-exec-1] DEBUG c.b.p.a.d.a.s.AutorizacionAuthService - Perfil obtenido exitosamente para usuario ID: 2ab0631c-da17-4bd8-b9b9-237de54711c6
2026-04-12 21:50:32 [http-nio-3000-exec-1] DEBUG c.b.p.a.a.a.c.AuthRestAdapter - Perfil obtenido para usuario: valeganvillarroel@gmail.com
2026-04-12 21:50:32 [http-nio-3000-exec-3] DEBUG c.b.p.a.a.c.c.ClientesRestAdapter - Obteniendo clientes; vendedorId=2ab0631c-da17-4bd8-b9b9-237de54711c6
2026-04-12 21:50:32 [http-nio-3000-exec-3] DEBUG c.b.p.a.d.c.s.GestionClientesService - Obteniendo clientes por vendedor: 2ab0631c-da17-4bd8-b9b9-237de54711c6
2026-04-12 21:50:32 [http-nio-3000-exec-3] DEBUG c.b.p.a.i.p.s.a.SupabaseClienteRepositoryAdapter - Obteniendo clientes por vendedorId=2ab0631c-da17-4bd8-b9b9-237de54711c6
2026-04-12 21:53:16 [http-nio-3000-exec-8] DEBUG c.b.p.a.a.c.c.ClientesRestAdapter - Obteniendo clientes; vendedorId=2ab0631c-da17-4bd8-b9b9-237de54711c6
2026-04-12 21:53:16 [http-nio-3000-exec-8] DEBUG c.b.p.a.d.c.s.GestionClientesService - Obteniendo clientes por vendedor: 2ab0631c-da17-4bd8-b9b9-237de54711c6
2026-04-12 21:53:16 [http-nio-3000-exec-8] DEBUG c.b.p.a.i.p.s.a.SupabaseClienteRepositoryAdapter - Obteniendo clientes por vendedorId=2ab0631c-da17-4bd8-b9b9-237de54711c6
2026-04-12 21:56:47 [http-nio-3000-exec-4] DEBUG c.b.p.a.a.c.c.ClientesRestAdapter - Obteniendo clientes; vendedorId=2ab0631c-da17-4bd8-b9b9-237de54711c6
2026-04-12 21:56:47 [http-nio-3000-exec-4] DEBUG c.b.p.a.d.c.s.GestionClientesService - Obteniendo clientes por vendedor: 2ab0631c-da17-4bd8-b9b9-237de54711c6
2026-04-12 21:56:47 [http-nio-3000-exec-4] DEBUG c.b.p.a.i.p.s.a.SupabaseClienteRepositoryAdapter - Obteniendo clientes por vendedorId=2ab0631c-da17-4bd8-b9b9-237de54711c6
2026-04-12 21:57:13 [http-nio-3000-exec-7] DEBUG c.b.p.a.a.c.c.ClientesRestAdapter - Obteniendo clientes; vendedorId=2ab0631c-da17-4bd8-b9b9-237de54711c6
2026-04-12 21:57:13 [http-nio-3000-exec-7] DEBUG c.b.p.a.d.c.s.GestionClientesService - Obteniendo clientes por vendedor: 2ab0631c-da17-4bd8-b9b9-237de54711c6
2026-04-12 21:57:13 [http-nio-3000-exec-7] DEBUG c.b.p.a.i.p.s.a.SupabaseClienteRepositoryAdapter - Obteniendo clientes por vendedorId=2ab0631c-da17-4bd8-b9b9-237de54711c6
2026-04-12 21:58:05 [http-nio-3000-exec-2] INFO  c.b.p.a.a.a.c.AuthRestAdapter - POST /auth/signin - Intento de autenticación para email: mateovargas220705@gmail.com
2026-04-12 21:58:05 [http-nio-3000-exec-2] DEBUG c.b.p.a.d.a.s.AutorizacionAuthService - Autenticando usuario con email: mateovargas220705@gmail.com
2026-04-12 21:58:05 [http-nio-3000-exec-2] DEBUG c.b.p.a.d.a.s.AutorizacionAuthService - Autenticación completada para email: mateovargas220705@gmail.com
2026-04-12 21:58:05 [http-nio-3000-exec-2] INFO  c.b.p.a.a.a.c.AuthRestAdapter - Autenticación exitosa para email: mateovargas220705@gmail.com
2026-04-12 21:58:05 [http-nio-3000-exec-3] INFO  c.b.p.a.a.p.c.ProductosRestAdapter - GET /productos - Obtener todos los productos
2026-04-12 21:58:05 [http-nio-3000-exec-3] DEBUG c.b.p.a.d.p.s.GestionProductosService - Obteniendo todos los productos
2026-04-12 21:58:05 [http-nio-3000-exec-6] INFO  c.b.p.a.a.v.c.VendedoresRestAdapter - GET /vendedores - Obtener todos los vendedores
2026-04-12 21:58:05 [http-nio-3000-exec-6] DEBUG c.b.p.a.d.v.s.GestionVendedoresService - Obteniendo todos los vendedores
2026-04-12 21:58:05 [http-nio-3000-exec-8] INFO  c.b.p.a.a.p.c.ProductosRestAdapter - GET /productos/stock-bajo - Consultando alertas con umbral: 100
2026-04-12 21:58:05 [http-nio-3000-exec-8] DEBUG c.b.p.a.d.p.s.GestionProductosService - Obteniendo productos con stock bajo. Umbral: 100
2026-04-12 21:58:05 [http-nio-3000-exec-3] DEBUG c.b.p.a.d.p.s.GestionProductosService - Se obtuvieron 23 productos
2026-04-12 21:58:05 [http-nio-3000-exec-3] DEBUG c.b.p.a.a.p.c.ProductosRestAdapter - Se obtuvieron 23 productos
2026-04-12 21:58:06 [http-nio-3000-exec-6] DEBUG c.b.p.a.d.v.s.GestionVendedoresService - Se obtuvieron 5 vendedores
2026-04-12 21:58:06 [http-nio-3000-exec-6] DEBUG c.b.p.a.a.v.c.VendedoresRestAdapter - Se obtuvieron 5 vendedores
2026-04-12 21:58:06 [http-nio-3000-exec-8] DEBUG c.b.p.a.d.p.s.GestionProductosService - Se encontraron 22 productos con stock bajo
2026-04-12 21:58:06 [http-nio-3000-exec-9] INFO  c.b.p.a.a.p.c.ProductosRestAdapter - GET /productos - Obtener todos los productos
2026-04-12 21:58:06 [http-nio-3000-exec-9] DEBUG c.b.p.a.d.p.s.GestionProductosService - Obteniendo todos los productos
2026-04-12 21:58:06 [http-nio-3000-exec-9] DEBUG c.b.p.a.d.p.s.GestionProductosService - Se obtuvieron 23 productos
2026-04-12 21:58:06 [http-nio-3000-exec-9] DEBUG c.b.p.a.a.p.c.ProductosRestAdapter - Se obtuvieron 23 productos
2026-04-12 21:58:27 [http-nio-3000-exec-1] WARN  o.s.w.s.m.m.a.ExceptionHandlerExceptionResolver - Resolved [org.springframework.web.bind.MissingServletRequestParameterException: Required request parameter 'userId' for method parameter type String is not present]
2026-04-12 21:58:30 [http-nio-3000-exec-2] INFO  c.b.p.a.a.a.c.AuthRestAdapter - POST /auth/signin - Intento de autenticación para email: valeganvillarroel@gmail.com
2026-04-12 21:58:30 [http-nio-3000-exec-2] DEBUG c.b.p.a.d.a.s.AutorizacionAuthService - Autenticando usuario con email: valeganvillarroel@gmail.com
2026-04-12 21:58:31 [http-nio-3000-exec-2] DEBUG c.b.p.a.d.a.s.AutorizacionAuthService - Autenticación completada para email: valeganvillarroel@gmail.com
2026-04-12 21:58:31 [http-nio-3000-exec-2] INFO  c.b.p.a.a.a.c.AuthRestAdapter - Autenticación exitosa para email: valeganvillarroel@gmail.com
2026-04-12 21:58:31 [http-nio-3000-exec-5] INFO  c.b.p.a.a.a.c.AuthRestAdapter - GET /auth/me - Obtener perfil del usuario actual
2026-04-12 21:58:31 [http-nio-3000-exec-5] DEBUG c.b.p.a.d.a.s.AutorizacionAuthService - Obteniendo perfil por token
2026-04-12 21:58:31 [http-nio-3000-exec-5] DEBUG c.b.p.a.d.a.s.AutorizacionAuthService - Perfil obtenido exitosamente para usuario ID: 2ab0631c-da17-4bd8-b9b9-237de54711c6
2026-04-12 21:58:31 [http-nio-3000-exec-5] DEBUG c.b.p.a.a.a.c.AuthRestAdapter - Perfil obtenido para usuario: valeganvillarroel@gmail.com
2026-04-12 21:58:31 [http-nio-3000-exec-3] INFO  c.b.p.a.a.p.c.ProductosRestAdapter - GET /productos - Obtener todos los productos
2026-04-12 21:58:31 [http-nio-3000-exec-3] DEBUG c.b.p.a.d.p.s.GestionProductosService - Obteniendo todos los productos
2026-04-12 21:58:31 [http-nio-3000-exec-6] DEBUG c.b.p.a.d.a.s.AutorizacionAuthService - Obteniendo perfil por token
2026-04-12 21:58:31 [http-nio-3000-exec-3] DEBUG c.b.p.a.d.p.s.GestionProductosService - Se obtuvieron 23 productos
2026-04-12 21:58:31 [http-nio-3000-exec-3] DEBUG c.b.p.a.a.p.c.ProductosRestAdapter - Se obtuvieron 23 productos
2026-04-12 21:58:31 [http-nio-3000-exec-6] DEBUG c.b.p.a.d.a.s.AutorizacionAuthService - Perfil obtenido exitosamente para usuario ID: 2ab0631c-da17-4bd8-b9b9-237de54711c6
2026-04-12 21:58:31 [http-nio-3000-exec-6] INFO  c.b.p.a.a.i.c.InventarioRestAdapter - GET /inventario/vendedor/2ab0631c-da17-4bd8-b9b9-237de54711c6 - consulta por valeganvillarroel@gmail.com
2026-04-12 21:58:31 [http-nio-3000-exec-6] INFO  c.b.p.a.d.i.s.GestionInventarioService - Consultando cargas por vendedor: 2ab0631c-da17-4bd8-b9b9-237de54711c6
2026-04-12 21:58:31 [http-nio-3000-exec-6] DEBUG c.b.p.a.i.p.s.a.SupabaseAsignacionRepositoryAdapter - Consultando asignaciones por vendedor: 2ab0631c-da17-4bd8-b9b9-237de54711c6
2026-04-12 21:58:32 [http-nio-3000-exec-8] INFO  c.b.p.a.a.a.c.AuthRestAdapter - GET /auth/me - Obtener perfil del usuario actual
2026-04-12 21:58:32 [http-nio-3000-exec-8] DEBUG c.b.p.a.d.a.s.AutorizacionAuthService - Obteniendo perfil por token
2026-04-12 21:58:32 [http-nio-3000-exec-6] DEBUG c.b.p.a.i.p.s.a.SupabaseAsignacionRepositoryAdapter - Asignaciones encontradas para vendedor 2ab0631c-da17-4bd8-b9b9-237de54711c6: 7
2026-04-12 21:58:32 [http-nio-3000-exec-8] DEBUG c.b.p.a.d.a.s.AutorizacionAuthService - Perfil obtenido exitosamente para usuario ID: 2ab0631c-da17-4bd8-b9b9-237de54711c6
2026-04-12 21:58:32 [http-nio-3000-exec-8] DEBUG c.b.p.a.a.a.c.AuthRestAdapter - Perfil obtenido para usuario: valeganvillarroel@gmail.com
2026-04-12 21:58:32 [http-nio-3000-exec-9] DEBUG c.b.p.a.a.c.c.ClientesRestAdapter - Obteniendo clientes; vendedorId=2ab0631c-da17-4bd8-b9b9-237de54711c6
2026-04-12 21:58:32 [http-nio-3000-exec-9] DEBUG c.b.p.a.d.c.s.GestionClientesService - Obteniendo clientes por vendedor: 2ab0631c-da17-4bd8-b9b9-237de54711c6
2026-04-12 21:58:32 [http-nio-3000-exec-9] DEBUG c.b.p.a.i.p.s.a.SupabaseClienteRepositoryAdapter - Obteniendo clientes por vendedorId=2ab0631c-da17-4bd8-b9b9-237de54711c6
2026-04-12 21:58:33 [http-nio-3000-exec-10] DEBUG c.b.p.a.a.c.c.ClientesRestAdapter - Obteniendo clientes; vendedorId=2ab0631c-da17-4bd8-b9b9-237de54711c6
2026-04-12 21:58:33 [http-nio-3000-exec-10] DEBUG c.b.p.a.d.c.s.GestionClientesService - Obteniendo clientes por vendedor: 2ab0631c-da17-4bd8-b9b9-237de54711c6
2026-04-12 21:58:33 [http-nio-3000-exec-10] DEBUG c.b.p.a.i.p.s.a.SupabaseClienteRepositoryAdapter - Obteniendo clientes por vendedorId=2ab0631c-da17-4bd8-b9b9-237de54711c6
2026-04-12 22:00:22 [http-nio-3000-exec-1] DEBUG c.b.p.a.a.c.c.ClientesRestAdapter - Obteniendo clientes; vendedorId=2ab0631c-da17-4bd8-b9b9-237de54711c6
2026-04-12 22:00:22 [http-nio-3000-exec-1] DEBUG c.b.p.a.d.c.s.GestionClientesService - Obteniendo clientes por vendedor: 2ab0631c-da17-4bd8-b9b9-237de54711c6
2026-04-12 22:00:22 [http-nio-3000-exec-1] DEBUG c.b.p.a.i.p.s.a.SupabaseClienteRepositoryAdapter - Obteniendo clientes por vendedorId=2ab0631c-da17-4bd8-b9b9-237de54711c6
2026-04-12 22:01:14 [http-nio-3000-exec-2] DEBUG c.b.p.a.a.c.c.ClientesRestAdapter - Obteniendo clientes; vendedorId=2ab0631c-da17-4bd8-b9b9-237de54711c6
2026-04-12 22:01:14 [http-nio-3000-exec-2] DEBUG c.b.p.a.d.c.s.GestionClientesService - Obteniendo clientes por vendedor: 2ab0631c-da17-4bd8-b9b9-237de54711c6
2026-04-12 22:01:14 [http-nio-3000-exec-2] DEBUG c.b.p.a.i.p.s.a.SupabaseClienteRepositoryAdapter - Obteniendo clientes por vendedorId=2ab0631c-da17-4bd8-b9b9-237de54711c6
2026-04-12 22:01:39 [http-nio-3000-exec-5] DEBUG c.b.p.a.a.c.c.ClientesRestAdapter - Obteniendo clientes; vendedorId=2ab0631c-da17-4bd8-b9b9-237de54711c6
2026-04-12 22:01:39 [http-nio-3000-exec-5] DEBUG c.b.p.a.d.c.s.GestionClientesService - Obteniendo clientes por vendedor: 2ab0631c-da17-4bd8-b9b9-237de54711c6
2026-04-12 22:01:39 [http-nio-3000-exec-5] DEBUG c.b.p.a.i.p.s.a.SupabaseClienteRepositoryAdapter - Obteniendo clientes por vendedorId=2ab0631c-da17-4bd8-b9b9-237de54711c6
2026-04-12 22:02:15 [http-nio-3000-exec-3] DEBUG c.b.p.a.a.c.c.ClientesRestAdapter - Obteniendo clientes; vendedorId=2ab0631c-da17-4bd8-b9b9-237de54711c6
2026-04-12 22:02:15 [http-nio-3000-exec-3] DEBUG c.b.p.a.d.c.s.GestionClientesService - Obteniendo clientes por vendedor: 2ab0631c-da17-4bd8-b9b9-237de54711c6
2026-04-12 22:02:15 [http-nio-3000-exec-3] DEBUG c.b.p.a.i.p.s.a.SupabaseClienteRepositoryAdapter - Obteniendo clientes por vendedorId=2ab0631c-da17-4bd8-b9b9-237de54711c6
2026-04-12 22:03:13 [http-nio-3000-exec-6] INFO  c.b.p.a.a.a.c.AuthRestAdapter - POST /auth/signin - Intento de autenticación para email: mateovargas220705@gmail.com
2026-04-12 22:03:13 [http-nio-3000-exec-6] DEBUG c.b.p.a.d.a.s.AutorizacionAuthService - Autenticando usuario con email: mateovargas220705@gmail.com
2026-04-12 22:03:13 [http-nio-3000-exec-6] DEBUG c.b.p.a.d.a.s.AutorizacionAuthService - Autenticación completada para email: mateovargas220705@gmail.com
2026-04-12 22:03:13 [http-nio-3000-exec-6] INFO  c.b.p.a.a.a.c.AuthRestAdapter - Autenticación exitosa para email: mateovargas220705@gmail.com
2026-04-12 22:03:14 [http-nio-3000-exec-8] INFO  c.b.p.a.a.p.c.ProductosRestAdapter - GET /productos - Obtener todos los productos
2026-04-12 22:03:14 [http-nio-3000-exec-8] DEBUG c.b.p.a.d.p.s.GestionProductosService - Obteniendo todos los productos
2026-04-12 22:03:14 [http-nio-3000-exec-9] INFO  c.b.p.a.a.v.c.VendedoresRestAdapter - GET /vendedores - Obtener todos los vendedores
2026-04-12 22:03:14 [http-nio-3000-exec-9] DEBUG c.b.p.a.d.v.s.GestionVendedoresService - Obteniendo todos los vendedores
2026-04-12 22:03:14 [http-nio-3000-exec-10] INFO  c.b.p.a.a.p.c.ProductosRestAdapter - GET /productos/stock-bajo - Consultando alertas con umbral: 100
2026-04-12 22:03:14 [http-nio-3000-exec-10] DEBUG c.b.p.a.d.p.s.GestionProductosService - Obteniendo productos con stock bajo. Umbral: 100
2026-04-12 22:03:14 [http-nio-3000-exec-10] DEBUG c.b.p.a.d.p.s.GestionProductosService - Se encontraron 22 productos con stock bajo
2026-04-12 22:03:14 [http-nio-3000-exec-9] DEBUG c.b.p.a.d.v.s.GestionVendedoresService - Se obtuvieron 5 vendedores
2026-04-12 22:03:14 [http-nio-3000-exec-9] DEBUG c.b.p.a.a.v.c.VendedoresRestAdapter - Se obtuvieron 5 vendedores
2026-04-12 22:03:14 [http-nio-3000-exec-8] DEBUG c.b.p.a.d.p.s.GestionProductosService - Se obtuvieron 23 productos
2026-04-12 22:03:14 [http-nio-3000-exec-8] DEBUG c.b.p.a.a.p.c.ProductosRestAdapter - Se obtuvieron 23 productos
2026-04-12 22:03:17 [http-nio-3000-exec-7] INFO  c.b.p.a.a.v.c.VendedoresRestAdapter - GET /vendedores - Obtener todos los vendedores
2026-04-12 22:03:17 [http-nio-3000-exec-7] DEBUG c.b.p.a.d.v.s.GestionVendedoresService - Obteniendo todos los vendedores
2026-04-12 22:03:18 [http-nio-3000-exec-7] DEBUG c.b.p.a.d.v.s.GestionVendedoresService - Se obtuvieron 5 vendedores
2026-04-12 22:03:18 [http-nio-3000-exec-7] DEBUG c.b.p.a.a.v.c.VendedoresRestAdapter - Se obtuvieron 5 vendedores
2026-04-12 22:03:20 [http-nio-3000-exec-4] INFO  c.b.p.a.a.p.c.ProductosRestAdapter - GET /productos - Obtener todos los productos
2026-04-12 22:03:20 [http-nio-3000-exec-4] DEBUG c.b.p.a.d.p.s.GestionProductosService - Obteniendo todos los productos
2026-04-12 22:03:20 [http-nio-3000-exec-4] DEBUG c.b.p.a.d.p.s.GestionProductosService - Se obtuvieron 23 productos
2026-04-12 22:03:20 [http-nio-3000-exec-4] DEBUG c.b.p.a.a.p.c.ProductosRestAdapter - Se obtuvieron 23 productos
2026-04-12 22:18:30 [http-nio-3000-exec-3] INFO  c.b.p.a.a.p.c.ProductosRestAdapter - GET /productos - Obtener todos los productos
2026-04-12 22:18:30 [http-nio-3000-exec-3] DEBUG c.b.p.a.d.p.s.GestionProductosService - Obteniendo todos los productos
2026-04-12 22:18:31 [http-nio-3000-exec-3] DEBUG c.b.p.a.d.p.s.GestionProductosService - Se obtuvieron 23 productos
2026-04-12 22:18:31 [http-nio-3000-exec-3] DEBUG c.b.p.a.a.p.c.ProductosRestAdapter - Se obtuvieron 23 productos
2026-04-12 22:18:33 [http-nio-3000-exec-6] WARN  o.s.w.s.m.m.a.ExceptionHandlerExceptionResolver - Resolved [org.springframework.web.bind.MissingServletRequestParameterException: Required request parameter 'userId' for method parameter type String is not present]
2026-04-12 22:18:35 [http-nio-3000-exec-10] INFO  c.b.p.a.a.a.c.AuthRestAdapter - POST /auth/signin - Intento de autenticación para email: valeganvillarroel@gmail.com
2026-04-12 22:18:35 [http-nio-3000-exec-10] DEBUG c.b.p.a.d.a.s.AutorizacionAuthService - Autenticando usuario con email: valeganvillarroel@gmail.com
2026-04-12 22:18:35 [http-nio-3000-exec-10] DEBUG c.b.p.a.d.a.s.AutorizacionAuthService - Autenticación completada para email: valeganvillarroel@gmail.com
2026-04-12 22:18:35 [http-nio-3000-exec-10] INFO  c.b.p.a.a.a.c.AuthRestAdapter - Autenticación exitosa para email: valeganvillarroel@gmail.com
2026-04-12 22:18:35 [http-nio-3000-exec-9] INFO  c.b.p.a.a.a.c.AuthRestAdapter - GET /auth/me - Obtener perfil del usuario actual
2026-04-12 22:18:35 [http-nio-3000-exec-9] DEBUG c.b.p.a.d.a.s.AutorizacionAuthService - Obteniendo perfil por token
2026-04-12 22:18:36 [http-nio-3000-exec-9] DEBUG c.b.p.a.d.a.s.AutorizacionAuthService - Perfil obtenido exitosamente para usuario ID: 2ab0631c-da17-4bd8-b9b9-237de54711c6
2026-04-12 22:18:36 [http-nio-3000-exec-9] DEBUG c.b.p.a.a.a.c.AuthRestAdapter - Perfil obtenido para usuario: valeganvillarroel@gmail.com
2026-04-12 22:18:36 [http-nio-3000-exec-8] INFO  c.b.p.a.a.p.c.ProductosRestAdapter - GET /productos - Obtener todos los productos
2026-04-12 22:18:36 [http-nio-3000-exec-8] DEBUG c.b.p.a.d.p.s.GestionProductosService - Obteniendo todos los productos
2026-04-12 22:18:36 [http-nio-3000-exec-7] DEBUG c.b.p.a.d.a.s.AutorizacionAuthService - Obteniendo perfil por token
2026-04-12 22:18:36 [http-nio-3000-exec-8] DEBUG c.b.p.a.d.p.s.GestionProductosService - Se obtuvieron 23 productos
2026-04-12 22:18:36 [http-nio-3000-exec-8] DEBUG c.b.p.a.a.p.c.ProductosRestAdapter - Se obtuvieron 23 productos
2026-04-12 22:18:36 [http-nio-3000-exec-7] DEBUG c.b.p.a.d.a.s.AutorizacionAuthService - Perfil obtenido exitosamente para usuario ID: 2ab0631c-da17-4bd8-b9b9-237de54711c6
2026-04-12 22:18:36 [http-nio-3000-exec-7] INFO  c.b.p.a.a.i.c.InventarioRestAdapter - GET /inventario/vendedor/2ab0631c-da17-4bd8-b9b9-237de54711c6 - consulta por valeganvillarroel@gmail.com
2026-04-12 22:18:36 [http-nio-3000-exec-7] INFO  c.b.p.a.d.i.s.GestionInventarioService - Consultando cargas por vendedor: 2ab0631c-da17-4bd8-b9b9-237de54711c6
2026-04-12 22:18:36 [http-nio-3000-exec-7] DEBUG c.b.p.a.i.p.s.a.SupabaseAsignacionRepositoryAdapter - Consultando asignaciones por vendedor: 2ab0631c-da17-4bd8-b9b9-237de54711c6
2026-04-12 22:18:37 [http-nio-3000-exec-7] DEBUG c.b.p.a.i.p.s.a.SupabaseAsignacionRepositoryAdapter - Asignaciones encontradas para vendedor 2ab0631c-da17-4bd8-b9b9-237de54711c6: 7
2026-04-12 22:18:38 [http-nio-3000-exec-4] INFO  c.b.p.a.a.a.c.AuthRestAdapter - GET /auth/me - Obtener perfil del usuario actual
2026-04-12 22:18:38 [http-nio-3000-exec-4] DEBUG c.b.p.a.d.a.s.AutorizacionAuthService - Obteniendo perfil por token
2026-04-12 22:18:38 [http-nio-3000-exec-4] DEBUG c.b.p.a.d.a.s.AutorizacionAuthService - Perfil obtenido exitosamente para usuario ID: 2ab0631c-da17-4bd8-b9b9-237de54711c6
2026-04-12 22:18:38 [http-nio-3000-exec-4] DEBUG c.b.p.a.a.a.c.AuthRestAdapter - Perfil obtenido para usuario: valeganvillarroel@gmail.com
2026-04-12 22:18:38 [http-nio-3000-exec-2] DEBUG c.b.p.a.a.c.c.ClientesRestAdapter - Obteniendo clientes; vendedorId=2ab0631c-da17-4bd8-b9b9-237de54711c6
2026-04-12 22:18:38 [http-nio-3000-exec-2] DEBUG c.b.p.a.d.c.s.GestionClientesService - Obteniendo clientes por vendedor: 2ab0631c-da17-4bd8-b9b9-237de54711c6
2026-04-12 22:18:38 [http-nio-3000-exec-2] DEBUG c.b.p.a.i.p.s.a.SupabaseClienteRepositoryAdapter - Obteniendo clientes por vendedorId=2ab0631c-da17-4bd8-b9b9-237de54711c6
2026-04-12 22:19:09 [http-nio-3000-exec-1] INFO  c.b.p.a.a.a.c.AuthRestAdapter - POST /auth/signin - Intento de autenticación para email: valeganvillarroel@gmail.com
2026-04-12 22:19:09 [http-nio-3000-exec-1] DEBUG c.b.p.a.d.a.s.AutorizacionAuthService - Autenticando usuario con email: valeganvillarroel@gmail.com
2026-04-12 22:19:10 [http-nio-3000-exec-1] DEBUG c.b.p.a.d.a.s.AutorizacionAuthService - Autenticación completada para email: valeganvillarroel@gmail.com
2026-04-12 22:19:10 [http-nio-3000-exec-1] INFO  c.b.p.a.a.a.c.AuthRestAdapter - Autenticación exitosa para email: valeganvillarroel@gmail.com
2026-04-12 22:19:10 [http-nio-3000-exec-5] INFO  c.b.p.a.a.a.c.AuthRestAdapter - GET /auth/me - Obtener perfil del usuario actual
2026-04-12 22:19:10 [http-nio-3000-exec-5] DEBUG c.b.p.a.d.a.s.AutorizacionAuthService - Obteniendo perfil por token
2026-04-12 22:19:10 [http-nio-3000-exec-5] DEBUG c.b.p.a.d.a.s.AutorizacionAuthService - Perfil obtenido exitosamente para usuario ID: 2ab0631c-da17-4bd8-b9b9-237de54711c6
2026-04-12 22:19:10 [http-nio-3000-exec-5] DEBUG c.b.p.a.a.a.c.AuthRestAdapter - Perfil obtenido para usuario: valeganvillarroel@gmail.com
2026-04-12 22:19:10 [http-nio-3000-exec-3] INFO  c.b.p.a.a.p.c.ProductosRestAdapter - GET /productos - Obtener todos los productos
2026-04-12 22:19:10 [http-nio-3000-exec-6] DEBUG c.b.p.a.d.a.s.AutorizacionAuthService - Obteniendo perfil por token
2026-04-12 22:19:10 [http-nio-3000-exec-3] DEBUG c.b.p.a.d.p.s.GestionProductosService - Obteniendo todos los productos
2026-04-12 22:19:10 [http-nio-3000-exec-3] DEBUG c.b.p.a.d.p.s.GestionProductosService - Se obtuvieron 23 productos
2026-04-12 22:19:10 [http-nio-3000-exec-3] DEBUG c.b.p.a.a.p.c.ProductosRestAdapter - Se obtuvieron 23 productos
2026-04-12 22:19:10 [http-nio-3000-exec-6] DEBUG c.b.p.a.d.a.s.AutorizacionAuthService - Perfil obtenido exitosamente para usuario ID: 2ab0631c-da17-4bd8-b9b9-237de54711c6
2026-04-12 22:19:10 [http-nio-3000-exec-6] INFO  c.b.p.a.a.i.c.InventarioRestAdapter - GET /inventario/vendedor/2ab0631c-da17-4bd8-b9b9-237de54711c6 - consulta por valeganvillarroel@gmail.com
2026-04-12 22:19:10 [http-nio-3000-exec-6] INFO  c.b.p.a.d.i.s.GestionInventarioService - Consultando cargas por vendedor: 2ab0631c-da17-4bd8-b9b9-237de54711c6
2026-04-12 22:19:10 [http-nio-3000-exec-6] DEBUG c.b.p.a.i.p.s.a.SupabaseAsignacionRepositoryAdapter - Consultando asignaciones por vendedor: 2ab0631c-da17-4bd8-b9b9-237de54711c6
2026-04-12 22:19:11 [http-nio-3000-exec-6] DEBUG c.b.p.a.i.p.s.a.SupabaseAsignacionRepositoryAdapter - Asignaciones encontradas para vendedor 2ab0631c-da17-4bd8-b9b9-237de54711c6: 7
2026-04-12 22:19:11 [http-nio-3000-exec-10] INFO  c.b.p.a.a.a.c.AuthRestAdapter - GET /auth/me - Obtener perfil del usuario actual
2026-04-12 22:19:11 [http-nio-3000-exec-10] DEBUG c.b.p.a.d.a.s.AutorizacionAuthService - Obteniendo perfil por token
2026-04-12 22:19:11 [http-nio-3000-exec-10] DEBUG c.b.p.a.d.a.s.AutorizacionAuthService - Perfil obtenido exitosamente para usuario ID: 2ab0631c-da17-4bd8-b9b9-237de54711c6
2026-04-12 22:19:11 [http-nio-3000-exec-10] DEBUG c.b.p.a.a.a.c.AuthRestAdapter - Perfil obtenido para usuario: valeganvillarroel@gmail.com
2026-04-12 22:19:11 [http-nio-3000-exec-10] DEBUG c.b.p.a.a.c.c.ClientesRestAdapter - Obteniendo clientes; vendedorId=2ab0631c-da17-4bd8-b9b9-237de54711c6
2026-04-12 22:19:11 [http-nio-3000-exec-10] DEBUG c.b.p.a.d.c.s.GestionClientesService - Obteniendo clientes por vendedor: 2ab0631c-da17-4bd8-b9b9-237de54711c6
2026-04-12 22:19:11 [http-nio-3000-exec-10] DEBUG c.b.p.a.i.p.s.a.SupabaseClienteRepositoryAdapter - Obteniendo clientes por vendedorId=2ab0631c-da17-4bd8-b9b9-237de54711c6
2026-04-12 22:19:58 [http-nio-3000-exec-9] DEBUG c.b.p.a.a.c.c.ClientesRestAdapter - Obteniendo clientes; vendedorId=2ab0631c-da17-4bd8-b9b9-237de54711c6
2026-04-12 22:19:58 [http-nio-3000-exec-9] DEBUG c.b.p.a.d.c.s.GestionClientesService - Obteniendo clientes por vendedor: 2ab0631c-da17-4bd8-b9b9-237de54711c6
2026-04-12 22:19:58 [http-nio-3000-exec-9] DEBUG c.b.p.a.i.p.s.a.SupabaseClienteRepositoryAdapter - Obteniendo clientes por vendedorId=2ab0631c-da17-4bd8-b9b9-237de54711c6
2026-04-12 22:24:56 [http-nio-3000-exec-2] DEBUG c.b.p.a.a.c.c.ClientesRestAdapter - Obteniendo clientes; vendedorId=2ab0631c-da17-4bd8-b9b9-237de54711c6
2026-04-12 22:24:56 [http-nio-3000-exec-2] DEBUG c.b.p.a.d.c.s.GestionClientesService - Obteniendo clientes por vendedor: 2ab0631c-da17-4bd8-b9b9-237de54711c6
2026-04-12 22:24:56 [http-nio-3000-exec-2] DEBUG c.b.p.a.i.p.s.a.SupabaseClienteRepositoryAdapter - Obteniendo clientes por vendedorId=2ab0631c-da17-4bd8-b9b9-237de54711c6
2026-04-12 22:25:20 [http-nio-3000-exec-1] DEBUG c.b.p.a.a.c.c.ClientesRestAdapter - Obteniendo clientes; vendedorId=2ab0631c-da17-4bd8-b9b9-237de54711c6
2026-04-12 22:25:20 [http-nio-3000-exec-1] DEBUG c.b.p.a.d.c.s.GestionClientesService - Obteniendo clientes por vendedor: 2ab0631c-da17-4bd8-b9b9-237de54711c6
2026-04-12 22:25:20 [http-nio-3000-exec-1] DEBUG c.b.p.a.i.p.s.a.SupabaseClienteRepositoryAdapter - Obteniendo clientes por vendedorId=2ab0631c-da17-4bd8-b9b9-237de54711c6
2026-04-12 22:57:30 [http-nio-3000-exec-6] INFO  c.b.p.a.a.a.c.AuthRestAdapter - GET /auth/me - Obtener perfil del usuario actual
2026-04-12 22:57:30 [http-nio-3000-exec-6] DEBUG c.b.p.a.d.a.s.AutorizacionAuthService - Obteniendo perfil por token
2026-04-12 22:57:32 [http-nio-3000-exec-9] DEBUG c.b.p.a.a.c.c.ClientesRestAdapter - Obteniendo clientes; vendedorId=2ab0631c-da17-4bd8-b9b9-237de54711c6
2026-04-12 22:57:32 [http-nio-3000-exec-9] DEBUG c.b.p.a.d.c.s.GestionClientesService - Obteniendo clientes por vendedor: 2ab0631c-da17-4bd8-b9b9-237de54711c6
2026-04-12 22:57:32 [http-nio-3000-exec-9] DEBUG c.b.p.a.i.p.s.a.SupabaseClienteRepositoryAdapter - Obteniendo clientes por vendedorId=2ab0631c-da17-4bd8-b9b9-237de54711c6
2026-04-12 22:57:32 [http-nio-3000-exec-6] DEBUG c.b.p.a.d.a.s.AutorizacionAuthService - Perfil obtenido exitosamente para usuario ID: 2ab0631c-da17-4bd8-b9b9-237de54711c6
2026-04-12 22:57:32 [http-nio-3000-exec-6] DEBUG c.b.p.a.a.a.c.AuthRestAdapter - Perfil obtenido para usuario: valeganvillarroel@gmail.com
2026-04-12 22:57:32 [http-nio-3000-exec-4] INFO  c.b.p.a.a.p.c.ProductosRestAdapter - GET /productos - Obtener todos los productos
2026-04-12 22:57:32 [http-nio-3000-exec-4] DEBUG c.b.p.a.d.p.s.GestionProductosService - Obteniendo todos los productos
2026-04-12 22:57:32 [http-nio-3000-exec-2] DEBUG c.b.p.a.d.a.s.AutorizacionAuthService - Obteniendo perfil por token
2026-04-12 22:57:32 [http-nio-3000-exec-4] DEBUG c.b.p.a.d.p.s.GestionProductosService - Se obtuvieron 23 productos
2026-04-12 22:57:32 [http-nio-3000-exec-4] DEBUG c.b.p.a.a.p.c.ProductosRestAdapter - Se obtuvieron 23 productos
2026-04-12 22:57:32 [http-nio-3000-exec-2] DEBUG c.b.p.a.d.a.s.AutorizacionAuthService - Perfil obtenido exitosamente para usuario ID: 2ab0631c-da17-4bd8-b9b9-237de54711c6
2026-04-12 22:57:32 [http-nio-3000-exec-2] INFO  c.b.p.a.a.i.c.InventarioRestAdapter - GET /inventario/vendedor/2ab0631c-da17-4bd8-b9b9-237de54711c6 - consulta por valeganvillarroel@gmail.com
2026-04-12 22:57:32 [http-nio-3000-exec-2] INFO  c.b.p.a.d.i.s.GestionInventarioService - Consultando cargas por vendedor: 2ab0631c-da17-4bd8-b9b9-237de54711c6
2026-04-12 22:57:32 [http-nio-3000-exec-2] DEBUG c.b.p.a.i.p.s.a.SupabaseAsignacionRepositoryAdapter - Consultando asignaciones por vendedor: 2ab0631c-da17-4bd8-b9b9-237de54711c6
2026-04-12 22:57:33 [http-nio-3000-exec-2] DEBUG c.b.p.a.i.p.s.a.SupabaseAsignacionRepositoryAdapter - Asignaciones encontradas para vendedor 2ab0631c-da17-4bd8-b9b9-237de54711c6: 7
2026-04-12 22:57:35 [http-nio-3000-exec-1] INFO  c.b.p.a.a.a.c.AuthRestAdapter - GET /auth/me - Obtener perfil del usuario actual
2026-04-12 22:57:35 [http-nio-3000-exec-1] DEBUG c.b.p.a.d.a.s.AutorizacionAuthService - Obteniendo perfil por token
2026-04-12 22:57:35 [http-nio-3000-exec-1] DEBUG c.b.p.a.d.a.s.AutorizacionAuthService - Perfil obtenido exitosamente para usuario ID: 2ab0631c-da17-4bd8-b9b9-237de54711c6
2026-04-12 22:57:35 [http-nio-3000-exec-1] DEBUG c.b.p.a.a.a.c.AuthRestAdapter - Perfil obtenido para usuario: valeganvillarroel@gmail.com
2026-04-12 22:57:35 [http-nio-3000-exec-5] INFO  c.b.p.a.a.p.c.ProductosRestAdapter - GET /productos - Obtener todos los productos
2026-04-12 22:57:35 [http-nio-3000-exec-5] DEBUG c.b.p.a.d.p.s.GestionProductosService - Obteniendo todos los productos
2026-04-12 22:57:35 [http-nio-3000-exec-3] DEBUG c.b.p.a.d.a.s.AutorizacionAuthService - Obteniendo perfil por token
2026-04-12 22:57:35 [http-nio-3000-exec-5] DEBUG c.b.p.a.d.p.s.GestionProductosService - Se obtuvieron 23 productos
2026-04-12 22:57:35 [http-nio-3000-exec-5] DEBUG c.b.p.a.a.p.c.ProductosRestAdapter - Se obtuvieron 23 productos
2026-04-12 22:57:35 [http-nio-3000-exec-3] DEBUG c.b.p.a.d.a.s.AutorizacionAuthService - Perfil obtenido exitosamente para usuario ID: 2ab0631c-da17-4bd8-b9b9-237de54711c6
2026-04-12 22:57:35 [http-nio-3000-exec-3] INFO  c.b.p.a.a.i.c.InventarioRestAdapter - GET /inventario/vendedor/2ab0631c-da17-4bd8-b9b9-237de54711c6 - consulta por valeganvillarroel@gmail.com
2026-04-12 22:57:35 [http-nio-3000-exec-3] INFO  c.b.p.a.d.i.s.GestionInventarioService - Consultando cargas por vendedor: 2ab0631c-da17-4bd8-b9b9-237de54711c6
2026-04-12 22:57:35 [http-nio-3000-exec-3] DEBUG c.b.p.a.i.p.s.a.SupabaseAsignacionRepositoryAdapter - Consultando asignaciones por vendedor: 2ab0631c-da17-4bd8-b9b9-237de54711c6
2026-04-12 22:57:36 [http-nio-3000-exec-3] DEBUG c.b.p.a.i.p.s.a.SupabaseAsignacionRepositoryAdapter - Asignaciones encontradas para vendedor 2ab0631c-da17-4bd8-b9b9-237de54711c6: 7
2026-04-12 22:57:36 [http-nio-3000-exec-10] DEBUG c.b.p.a.a.c.c.ClientesRestAdapter - Obteniendo clientes; vendedorId=2ab0631c-da17-4bd8-b9b9-237de54711c6
2026-04-12 22:57:36 [http-nio-3000-exec-10] DEBUG c.b.p.a.d.c.s.GestionClientesService - Obteniendo clientes por vendedor: 2ab0631c-da17-4bd8-b9b9-237de54711c6
2026-04-12 22:57:36 [http-nio-3000-exec-10] DEBUG c.b.p.a.i.p.s.a.SupabaseClienteRepositoryAdapter - Obteniendo clientes por vendedorId=2ab0631c-da17-4bd8-b9b9-237de54711c6
2026-04-12 22:57:37 [http-nio-3000-exec-6] INFO  c.b.p.a.a.a.c.AuthRestAdapter - GET /auth/me - Obtener perfil del usuario actual
2026-04-12 22:57:37 [http-nio-3000-exec-6] DEBUG c.b.p.a.d.a.s.AutorizacionAuthService - Obteniendo perfil por token
2026-04-12 22:57:37 [http-nio-3000-exec-6] DEBUG c.b.p.a.d.a.s.AutorizacionAuthService - Perfil obtenido exitosamente para usuario ID: 2ab0631c-da17-4bd8-b9b9-237de54711c6
2026-04-12 22:57:37 [http-nio-3000-exec-6] DEBUG c.b.p.a.a.a.c.AuthRestAdapter - Perfil obtenido para usuario: valeganvillarroel@gmail.com
2026-04-12 22:57:37 [http-nio-3000-exec-8] INFO  c.b.p.a.a.p.c.ProductosRestAdapter - GET /productos - Obtener todos los productos
2026-04-12 22:57:37 [http-nio-3000-exec-8] DEBUG c.b.p.a.d.p.s.GestionProductosService - Obteniendo todos los productos
2026-04-12 22:57:37 [http-nio-3000-exec-7] DEBUG c.b.p.a.d.a.s.AutorizacionAuthService - Obteniendo perfil por token
2026-04-12 22:57:38 [http-nio-3000-exec-8] DEBUG c.b.p.a.d.p.s.GestionProductosService - Se obtuvieron 23 productos
2026-04-12 22:57:38 [http-nio-3000-exec-8] DEBUG c.b.p.a.a.p.c.ProductosRestAdapter - Se obtuvieron 23 productos
2026-04-12 22:57:38 [http-nio-3000-exec-7] DEBUG c.b.p.a.d.a.s.AutorizacionAuthService - Perfil obtenido exitosamente para usuario ID: 2ab0631c-da17-4bd8-b9b9-237de54711c6
2026-04-12 22:57:38 [http-nio-3000-exec-7] INFO  c.b.p.a.a.i.c.InventarioRestAdapter - GET /inventario/vendedor/2ab0631c-da17-4bd8-b9b9-237de54711c6 - consulta por valeganvillarroel@gmail.com
2026-04-12 22:57:38 [http-nio-3000-exec-7] INFO  c.b.p.a.d.i.s.GestionInventarioService - Consultando cargas por vendedor: 2ab0631c-da17-4bd8-b9b9-237de54711c6
2026-04-12 22:57:38 [http-nio-3000-exec-7] DEBUG c.b.p.a.i.p.s.a.SupabaseAsignacionRepositoryAdapter - Consultando asignaciones por vendedor: 2ab0631c-da17-4bd8-b9b9-237de54711c6
2026-04-12 22:57:38 [http-nio-3000-exec-7] DEBUG c.b.p.a.i.p.s.a.SupabaseAsignacionRepositoryAdapter - Asignaciones encontradas para vendedor 2ab0631c-da17-4bd8-b9b9-237de54711c6: 7
2026-04-12 22:58:55 [http-nio-3000-exec-5] INFO  c.b.p.a.a.a.c.AuthRestAdapter - POST /auth/signin - Intento de autenticación para email: mateovargas220705@gmail.com
2026-04-12 22:58:55 [http-nio-3000-exec-5] DEBUG c.b.p.a.d.a.s.AutorizacionAuthService - Autenticando usuario con email: mateovargas220705@gmail.com
2026-04-12 22:58:56 [http-nio-3000-exec-5] DEBUG c.b.p.a.d.a.s.AutorizacionAuthService - Autenticación completada para email: mateovargas220705@gmail.com
2026-04-12 22:58:56 [http-nio-3000-exec-5] INFO  c.b.p.a.a.a.c.AuthRestAdapter - Autenticación exitosa para email: mateovargas220705@gmail.com
2026-04-12 22:58:56 [http-nio-3000-exec-3] INFO  c.b.p.a.a.p.c.ProductosRestAdapter - GET /productos - Obtener todos los productos
2026-04-12 22:58:56 [http-nio-3000-exec-3] DEBUG c.b.p.a.d.p.s.GestionProductosService - Obteniendo todos los productos
2026-04-12 22:58:56 [http-nio-3000-exec-8] INFO  c.b.p.a.a.v.c.VendedoresRestAdapter - GET /vendedores - Obtener todos los vendedores
2026-04-12 22:58:56 [http-nio-3000-exec-8] DEBUG c.b.p.a.d.v.s.GestionVendedoresService - Obteniendo todos los vendedores
2026-04-12 22:58:56 [http-nio-3000-exec-7] INFO  c.b.p.a.a.p.c.ProductosRestAdapter - GET /productos/stock-bajo - Consultando alertas con umbral: 100
2026-04-12 22:58:56 [http-nio-3000-exec-7] DEBUG c.b.p.a.d.p.s.GestionProductosService - Obteniendo productos con stock bajo. Umbral: 100
2026-04-12 22:58:56 [http-nio-3000-exec-3] DEBUG c.b.p.a.d.p.s.GestionProductosService - Se obtuvieron 23 productos
2026-04-12 22:58:56 [http-nio-3000-exec-7] DEBUG c.b.p.a.d.p.s.GestionProductosService - Se encontraron 22 productos con stock bajo
2026-04-12 22:58:56 [http-nio-3000-exec-3] DEBUG c.b.p.a.a.p.c.ProductosRestAdapter - Se obtuvieron 23 productos
2026-04-12 22:58:56 [http-nio-3000-exec-8] DEBUG c.b.p.a.d.v.s.GestionVendedoresService - Se obtuvieron 5 vendedores
2026-04-12 22:58:56 [http-nio-3000-exec-8] DEBUG c.b.p.a.a.v.c.VendedoresRestAdapter - Se obtuvieron 5 vendedores
2026-04-12 22:59:00 [http-nio-3000-exec-9] INFO  c.b.p.a.a.v.c.VendedoresRestAdapter - GET /vendedores - Obtener todos los vendedores
2026-04-12 22:59:00 [http-nio-3000-exec-9] DEBUG c.b.p.a.d.v.s.GestionVendedoresService - Obteniendo todos los vendedores
2026-04-12 22:59:00 [http-nio-3000-exec-9] DEBUG c.b.p.a.d.v.s.GestionVendedoresService - Se obtuvieron 5 vendedores
2026-04-12 22:59:00 [http-nio-3000-exec-9] DEBUG c.b.p.a.a.v.c.VendedoresRestAdapter - Se obtuvieron 5 vendedores
2026-04-12 22:59:03 [http-nio-3000-exec-4] INFO  c.b.p.a.a.p.c.ProductosRestAdapter - GET /productos - Obtener todos los productos
2026-04-12 22:59:03 [http-nio-3000-exec-4] DEBUG c.b.p.a.d.p.s.GestionProductosService - Obteniendo todos los productos
2026-04-12 22:59:03 [http-nio-3000-exec-4] DEBUG c.b.p.a.d.p.s.GestionProductosService - Se obtuvieron 23 productos
2026-04-12 22:59:03 [http-nio-3000-exec-4] DEBUG c.b.p.a.a.p.c.ProductosRestAdapter - Se obtuvieron 23 productos
