2026-04-16 00:20:09 [background-preinit] INFO  o.h.validator.internal.util.Version - HV000001: Hibernate Validator 8.0.2.Final
2026-04-16 00:20:09 [restartedMain] INFO  c.back.puntoventa.app.AppApplication - Starting AppApplication using Java 26 with PID 21652 (C:\Users\LENOVO\Desktop\PuntoVentaOficial\Back-PuntoVenta\target\classes started by LENOVO in C:\Users\LENOVO\Desktop\PuntoVentaOficial\Back-PuntoVenta)
2026-04-16 00:20:09 [restartedMain] DEBUG c.back.puntoventa.app.AppApplication - Running with Spring Boot v3.4.1, Spring v6.2.1
2026-04-16 00:20:09 [restartedMain] INFO  c.back.puntoventa.app.AppApplication - No active profile set, falling back to 1 default profile: "default"
2026-04-16 00:20:10 [restartedMain] INFO  o.s.b.d.e.DevToolsPropertyDefaultsPostProcessor - Devtools property defaults active! Set 'spring.devtools.add-properties' to 'false' to disable
2026-04-16 00:20:10 [restartedMain] INFO  o.s.b.d.e.DevToolsPropertyDefaultsPostProcessor - For additional web related logging consider setting the 'logging.level.web' property to 'DEBUG'
2026-04-16 00:20:11 [restartedMain] INFO  o.s.b.w.e.tomcat.TomcatWebServer - Tomcat initialized with port 8080 (http)
2026-04-16 00:20:11 [restartedMain] INFO  o.a.coyote.http11.Http11NioProtocol - Initializing ProtocolHandler ["http-nio-8080"]
2026-04-16 00:20:11 [restartedMain] INFO  o.a.catalina.core.StandardService - Starting service [Tomcat]
2026-04-16 00:20:11 [restartedMain] INFO  o.a.catalina.core.StandardEngine - Starting Servlet engine: [Apache Tomcat/10.1.34]
2026-04-16 00:20:11 [restartedMain] INFO  o.a.c.c.C.[Tomcat].[localhost].[/] - Initializing Spring embedded WebApplicationContext
2026-04-16 00:20:11 [restartedMain] INFO  o.s.b.w.s.c.ServletWebServerApplicationContext - Root WebApplicationContext: initialization completed in 1024 ms
2026-04-16 00:20:11 [restartedMain] INFO  o.s.b.d.a.OptionalLiveReloadServer - LiveReload server is running on port 35729
2026-04-16 00:20:11 [restartedMain] INFO  o.a.coyote.http11.Http11NioProtocol - Starting ProtocolHandler ["http-nio-8080"]
2026-04-16 00:20:11 [restartedMain] INFO  o.s.b.w.e.tomcat.TomcatWebServer - Tomcat started on port 8080 (http) with context path '/'
2026-04-16 00:20:11 [restartedMain] INFO  c.back.puntoventa.app.AppApplication - Started AppApplication in 2.103 seconds (process running for 2.489)
2026-04-16 00:25:29 [File Watcher] INFO  o.s.b.d.a.LocalDevToolsAutoConfiguration$RestartingClassPathChangeChangedEventListener - Restarting due to 1 class path change (0 additions, 0 deletions, 1 modification)
2026-04-16 00:25:29 [Thread-5] INFO  o.s.b.w.e.tomcat.GracefulShutdown - Commencing graceful shutdown. Waiting for active requests to complete
2026-04-16 00:25:29 [tomcat-shutdown] INFO  o.a.coyote.http11.Http11NioProtocol - Pausing ProtocolHandler ["http-nio-8080"]
2026-04-16 00:25:29 [tomcat-shutdown] INFO  o.s.b.w.e.tomcat.GracefulShutdown - Graceful shutdown complete
2026-04-16 00:25:29 [Thread-5] INFO  o.a.coyote.http11.Http11NioProtocol - Stopping ProtocolHandler ["http-nio-8080"]
2026-04-16 00:25:30 [restartedMain] INFO  c.back.puntoventa.app.AppApplication - Starting AppApplication using Java 26 with PID 21652 (C:\Users\LENOVO\Desktop\PuntoVentaOficial\Back-PuntoVenta\target\classes started by LENOVO in C:\Users\LENOVO\Desktop\PuntoVentaOficial\Back-PuntoVenta)
2026-04-16 00:25:30 [restartedMain] DEBUG c.back.puntoventa.app.AppApplication - Running with Spring Boot v3.4.1, Spring v6.2.1
2026-04-16 00:25:30 [restartedMain] INFO  c.back.puntoventa.app.AppApplication - No active profile set, falling back to 1 default profile: "default"
2026-04-16 00:25:30 [restartedMain] INFO  o.s.b.w.e.tomcat.TomcatWebServer - Tomcat initialized with port 8080 (http)
2026-04-16 00:25:30 [restartedMain] INFO  o.a.coyote.http11.Http11NioProtocol - Initializing ProtocolHandler ["http-nio-8080"]
2026-04-16 00:25:30 [restartedMain] INFO  o.a.catalina.core.StandardService - Starting service [Tomcat]
2026-04-16 00:25:30 [restartedMain] INFO  o.a.catalina.core.StandardEngine - Starting Servlet engine: [Apache Tomcat/10.1.34]
2026-04-16 00:25:30 [restartedMain] INFO  o.a.c.c.C.[Tomcat].[localhost].[/] - Initializing Spring embedded WebApplicationContext
2026-04-16 00:25:30 [restartedMain] INFO  o.s.b.w.s.c.ServletWebServerApplicationContext - Root WebApplicationContext: initialization completed in 289 ms
2026-04-16 00:25:30 [restartedMain] INFO  o.s.b.d.a.OptionalLiveReloadServer - LiveReload server is running on port 35729
2026-04-16 00:25:30 [restartedMain] INFO  o.a.coyote.http11.Http11NioProtocol - Starting ProtocolHandler ["http-nio-8080"]
2026-04-16 00:25:30 [restartedMain] INFO  o.s.b.w.e.tomcat.TomcatWebServer - Tomcat started on port 8080 (http) with context path '/'
2026-04-16 00:25:30 [restartedMain] INFO  c.back.puntoventa.app.AppApplication - Started AppApplication in 0.476 seconds (process running for 321.356)
2026-04-16 00:25:30 [restartedMain] INFO  o.s.b.d.a.ConditionEvaluationDeltaLoggingListener - Condition evaluation unchanged
2026-04-16 00:25:34 [File Watcher] INFO  o.s.b.d.a.LocalDevToolsAutoConfiguration$RestartingClassPathChangeChangedEventListener - Restarting due to 1 class path change (0 additions, 0 deletions, 1 modification)
2026-04-16 00:25:34 [Thread-7] INFO  o.s.b.w.e.tomcat.GracefulShutdown - Commencing graceful shutdown. Waiting for active requests to complete
2026-04-16 00:25:34 [tomcat-shutdown] INFO  o.a.coyote.http11.Http11NioProtocol - Pausing ProtocolHandler ["http-nio-8080"]
2026-04-16 00:25:34 [tomcat-shutdown] INFO  o.s.b.w.e.tomcat.GracefulShutdown - Graceful shutdown complete
2026-04-16 00:25:34 [Thread-7] INFO  o.a.coyote.http11.Http11NioProtocol - Stopping ProtocolHandler ["http-nio-8080"]
2026-04-16 00:25:35 [restartedMain] INFO  c.back.puntoventa.app.AppApplication - Starting AppApplication using Java 26 with PID 21652 (C:\Users\LENOVO\Desktop\PuntoVentaOficial\Back-PuntoVenta\target\classes started by LENOVO in C:\Users\LENOVO\Desktop\PuntoVentaOficial\Back-PuntoVenta)
2026-04-16 00:25:35 [restartedMain] DEBUG c.back.puntoventa.app.AppApplication - Running with Spring Boot v3.4.1, Spring v6.2.1
2026-04-16 00:25:35 [restartedMain] INFO  c.back.puntoventa.app.AppApplication - No active profile set, falling back to 1 default profile: "default"
2026-04-16 00:25:35 [restartedMain] INFO  o.s.b.w.e.tomcat.TomcatWebServer - Tomcat initialized with port 3000 (http)
2026-04-16 00:25:35 [restartedMain] INFO  o.a.coyote.http11.Http11NioProtocol - Initializing ProtocolHandler ["http-nio-3000"]
2026-04-16 00:25:35 [restartedMain] INFO  o.a.catalina.core.StandardService - Starting service [Tomcat]
2026-04-16 00:25:35 [restartedMain] INFO  o.a.catalina.core.StandardEngine - Starting Servlet engine: [Apache Tomcat/10.1.34]
2026-04-16 00:25:35 [restartedMain] INFO  o.a.c.c.C.[Tomcat].[localhost].[/] - Initializing Spring embedded WebApplicationContext
2026-04-16 00:25:35 [restartedMain] INFO  o.s.b.w.s.c.ServletWebServerApplicationContext - Root WebApplicationContext: initialization completed in 228 ms
2026-04-16 00:25:35 [restartedMain] INFO  o.s.b.d.a.OptionalLiveReloadServer - LiveReload server is running on port 35729
2026-04-16 00:25:35 [restartedMain] INFO  o.a.coyote.http11.Http11NioProtocol - Starting ProtocolHandler ["http-nio-3000"]
2026-04-16 00:25:35 [restartedMain] INFO  o.s.b.w.e.tomcat.TomcatWebServer - Tomcat started on port 3000 (http) with context path '/'
2026-04-16 00:25:35 [restartedMain] INFO  c.back.puntoventa.app.AppApplication - Started AppApplication in 0.38 seconds (process running for 326.267)
2026-04-16 00:25:35 [restartedMain] INFO  o.s.b.d.a.ConditionEvaluationDeltaLoggingListener - Condition evaluation unchanged
2026-04-16 00:25:43 [SpringApplicationShutdownHook] INFO  o.s.b.w.e.tomcat.GracefulShutdown - Commencing graceful shutdown. Waiting for active requests to complete
2026-04-16 00:25:43 [tomcat-shutdown] INFO  o.s.b.w.e.tomcat.GracefulShutdown - Graceful shutdown complete
2026-04-16 00:25:50 [background-preinit] INFO  o.h.validator.internal.util.Version - HV000001: Hibernate Validator 8.0.2.Final
2026-04-16 00:25:51 [restartedMain] INFO  c.back.puntoventa.app.AppApplication - Starting AppApplication using Java 26 with PID 11640 (C:\Users\LENOVO\Desktop\PuntoVentaOficial\Back-PuntoVenta\target\classes started by LENOVO in C:\Users\LENOVO\Desktop\PuntoVentaOficial\Back-PuntoVenta)
2026-04-16 00:25:51 [restartedMain] DEBUG c.back.puntoventa.app.AppApplication - Running with Spring Boot v3.4.1, Spring v6.2.1
2026-04-16 00:25:51 [restartedMain] INFO  c.back.puntoventa.app.AppApplication - No active profile set, falling back to 1 default profile: "default"
2026-04-16 00:25:51 [restartedMain] INFO  o.s.b.d.e.DevToolsPropertyDefaultsPostProcessor - Devtools property defaults active! Set 'spring.devtools.add-properties' to 'false' to disable
2026-04-16 00:25:51 [restartedMain] INFO  o.s.b.d.e.DevToolsPropertyDefaultsPostProcessor - For additional web related logging consider setting the 'logging.level.web' property to 'DEBUG'
2026-04-16 00:25:51 [restartedMain] INFO  o.s.b.w.e.tomcat.TomcatWebServer - Tomcat initialized with port 3000 (http)
2026-04-16 00:25:51 [restartedMain] INFO  o.a.coyote.http11.Http11NioProtocol - Initializing ProtocolHandler ["http-nio-3000"]
2026-04-16 00:25:51 [restartedMain] INFO  o.a.catalina.core.StandardService - Starting service [Tomcat]
2026-04-16 00:25:51 [restartedMain] INFO  o.a.catalina.core.StandardEngine - Starting Servlet engine: [Apache Tomcat/10.1.34]
2026-04-16 00:25:51 [restartedMain] INFO  o.a.c.c.C.[Tomcat].[localhost].[/] - Initializing Spring embedded WebApplicationContext
2026-04-16 00:25:51 [restartedMain] INFO  o.s.b.w.s.c.ServletWebServerApplicationContext - Root WebApplicationContext: initialization completed in 881 ms
2026-04-16 00:25:52 [restartedMain] INFO  o.s.b.d.a.OptionalLiveReloadServer - LiveReload server is running on port 35729
2026-04-16 00:25:52 [restartedMain] INFO  o.a.coyote.http11.Http11NioProtocol - Starting ProtocolHandler ["http-nio-3000"]
2026-04-16 00:25:52 [restartedMain] INFO  o.s.b.w.e.tomcat.TomcatWebServer - Tomcat started on port 3000 (http) with context path '/'
2026-04-16 00:25:52 [restartedMain] INFO  c.back.puntoventa.app.AppApplication - Started AppApplication in 1.765 seconds (process running for 2.041)
2026-04-16 00:26:12 [http-nio-3000-exec-1] INFO  o.a.c.c.C.[Tomcat].[localhost].[/] - Initializing Spring DispatcherServlet 'dispatcherServlet'
2026-04-16 00:26:12 [http-nio-3000-exec-1] INFO  o.s.web.servlet.DispatcherServlet - Initializing Servlet 'dispatcherServlet'
2026-04-16 00:26:12 [http-nio-3000-exec-1] INFO  o.s.web.servlet.DispatcherServlet - Completed initialization in 1 ms
2026-04-16 00:26:13 [http-nio-3000-exec-3] INFO  c.b.p.a.a.a.c.AuthRestAdapter - POST /auth/signin - Intento de autenticación para email: mateovargas220705@gmail.com
2026-04-16 00:26:13 [http-nio-3000-exec-3] DEBUG c.b.p.a.d.a.s.AutorizacionAuthService - Autenticando usuario con email: mateovargas220705@gmail.com
2026-04-16 00:26:14 [http-nio-3000-exec-3] WARN  o.s.w.s.m.m.a.ExceptionHandlerExceptionResolver - Resolved [com.back.puntoventa.app.common.ApiException: {"message":"Invalid API key","hint":"Double check your Supabase `anon` or `service_role` API key."}]
2026-04-16 00:26:38 [File Watcher] INFO  o.s.b.d.a.LocalDevToolsAutoConfiguration$RestartingClassPathChangeChangedEventListener - Restarting due to 1 class path change (0 additions, 0 deletions, 1 modification)
2026-04-16 00:26:38 [Thread-5] INFO  o.s.b.w.e.tomcat.GracefulShutdown - Commencing graceful shutdown. Waiting for active requests to complete
2026-04-16 00:26:38 [tomcat-shutdown] INFO  o.a.coyote.http11.Http11NioProtocol - Pausing ProtocolHandler ["http-nio-3000"]
2026-04-16 00:26:38 [tomcat-shutdown] INFO  o.s.b.w.e.tomcat.GracefulShutdown - Graceful shutdown complete
2026-04-16 00:26:38 [Thread-5] INFO  o.a.coyote.http11.Http11NioProtocol - Stopping ProtocolHandler ["http-nio-3000"]
2026-04-16 00:26:38 [restartedMain] INFO  c.back.puntoventa.app.AppApplication - Starting AppApplication using Java 26 with PID 11640 (C:\Users\LENOVO\Desktop\PuntoVentaOficial\Back-PuntoVenta\target\classes started by LENOVO in C:\Users\LENOVO\Desktop\PuntoVentaOficial\Back-PuntoVenta)
2026-04-16 00:26:38 [restartedMain] DEBUG c.back.puntoventa.app.AppApplication - Running with Spring Boot v3.4.1, Spring v6.2.1
2026-04-16 00:26:38 [restartedMain] INFO  c.back.puntoventa.app.AppApplication - No active profile set, falling back to 1 default profile: "default"
2026-04-16 00:26:39 [restartedMain] INFO  o.s.b.w.e.tomcat.TomcatWebServer - Tomcat initialized with port 8 (http)
2026-04-16 00:26:39 [restartedMain] INFO  o.a.coyote.http11.Http11NioProtocol - Initializing ProtocolHandler ["http-nio-8"]
2026-04-16 00:26:39 [restartedMain] INFO  o.a.catalina.core.StandardService - Starting service [Tomcat]
2026-04-16 00:26:39 [restartedMain] INFO  o.a.catalina.core.StandardEngine - Starting Servlet engine: [Apache Tomcat/10.1.34]
2026-04-16 00:26:39 [restartedMain] INFO  o.a.c.c.C.[Tomcat].[localhost].[/] - Initializing Spring embedded WebApplicationContext
2026-04-16 00:26:39 [restartedMain] INFO  o.s.b.w.s.c.ServletWebServerApplicationContext - Root WebApplicationContext: initialization completed in 253 ms
2026-04-16 00:26:39 [restartedMain] INFO  o.s.b.d.a.OptionalLiveReloadServer - LiveReload server is running on port 35729
2026-04-16 00:26:39 [restartedMain] INFO  o.a.coyote.http11.Http11NioProtocol - Starting ProtocolHandler ["http-nio-8"]
2026-04-16 00:26:39 [restartedMain] INFO  o.s.b.w.e.tomcat.TomcatWebServer - Tomcat started on port 8 (http) with context path '/'
2026-04-16 00:26:39 [restartedMain] INFO  c.back.puntoventa.app.AppApplication - Started AppApplication in 0.401 seconds (process running for 48.89)
2026-04-16 00:26:39 [restartedMain] INFO  o.s.b.d.a.ConditionEvaluationDeltaLoggingListener - Condition evaluation unchanged
2026-04-16 00:26:40 [File Watcher] INFO  o.s.b.d.a.LocalDevToolsAutoConfiguration$RestartingClassPathChangeChangedEventListener - Restarting due to 1 class path change (0 additions, 0 deletions, 1 modification)
2026-04-16 00:26:40 [Thread-7] INFO  o.s.b.w.e.tomcat.GracefulShutdown - Commencing graceful shutdown. Waiting for active requests to complete
2026-04-16 00:26:40 [tomcat-shutdown] INFO  o.a.coyote.http11.Http11NioProtocol - Pausing ProtocolHandler ["http-nio-8"]
2026-04-16 00:26:40 [tomcat-shutdown] INFO  o.s.b.w.e.tomcat.GracefulShutdown - Graceful shutdown complete
2026-04-16 00:26:40 [Thread-7] INFO  o.a.coyote.http11.Http11NioProtocol - Stopping ProtocolHandler ["http-nio-8"]
2026-04-16 00:26:40 [restartedMain] INFO  c.back.puntoventa.app.AppApplication - Starting AppApplication using Java 26 with PID 11640 (C:\Users\LENOVO\Desktop\PuntoVentaOficial\Back-PuntoVenta\target\classes started by LENOVO in C:\Users\LENOVO\Desktop\PuntoVentaOficial\Back-PuntoVenta)
2026-04-16 00:26:40 [restartedMain] DEBUG c.back.puntoventa.app.AppApplication - Running with Spring Boot v3.4.1, Spring v6.2.1
2026-04-16 00:26:40 [restartedMain] INFO  c.back.puntoventa.app.AppApplication - No active profile set, falling back to 1 default profile: "default"
2026-04-16 00:26:40 [restartedMain] INFO  o.s.b.w.e.tomcat.TomcatWebServer - Tomcat initialized with port 8080 (http)
2026-04-16 00:26:40 [restartedMain] INFO  o.a.coyote.http11.Http11NioProtocol - Initializing ProtocolHandler ["http-nio-8080"]
2026-04-16 00:26:40 [restartedMain] INFO  o.a.catalina.core.StandardService - Starting service [Tomcat]
2026-04-16 00:26:40 [restartedMain] INFO  o.a.catalina.core.StandardEngine - Starting Servlet engine: [Apache Tomcat/10.1.34]
2026-04-16 00:26:40 [restartedMain] INFO  o.a.c.c.C.[Tomcat].[localhost].[/] - Initializing Spring embedded WebApplicationContext
2026-04-16 00:26:40 [restartedMain] INFO  o.s.b.w.s.c.ServletWebServerApplicationContext - Root WebApplicationContext: initialization completed in 238 ms
2026-04-16 00:26:41 [restartedMain] INFO  o.s.b.d.a.OptionalLiveReloadServer - LiveReload server is running on port 35729
2026-04-16 00:26:41 [restartedMain] INFO  o.a.coyote.http11.Http11NioProtocol - Starting ProtocolHandler ["http-nio-8080"]
2026-04-16 00:26:41 [restartedMain] INFO  o.s.b.w.e.tomcat.TomcatWebServer - Tomcat started on port 8080 (http) with context path '/'
2026-04-16 00:26:41 [restartedMain] INFO  c.back.puntoventa.app.AppApplication - Started AppApplication in 0.378 seconds (process running for 50.741)
2026-04-16 00:26:41 [restartedMain] INFO  o.s.b.d.a.ConditionEvaluationDeltaLoggingListener - Condition evaluation unchanged
2026-04-16 00:27:09 [SpringApplicationShutdownHook] INFO  o.s.b.w.e.tomcat.GracefulShutdown - Commencing graceful shutdown. Waiting for active requests to complete
2026-04-16 00:27:09 [tomcat-shutdown] INFO  o.s.b.w.e.tomcat.GracefulShutdown - Graceful shutdown complete
2026-04-16 00:27:17 [background-preinit] INFO  o.h.validator.internal.util.Version - HV000001: Hibernate Validator 8.0.2.Final
2026-04-16 00:27:17 [restartedMain] INFO  c.back.puntoventa.app.AppApplication - Starting AppApplication using Java 26 with PID 18584 (C:\Users\LENOVO\Desktop\PuntoVentaOficial\Back-PuntoVenta\target\classes started by LENOVO in C:\Users\LENOVO\Desktop\PuntoVentaOficial\Back-PuntoVenta)
2026-04-16 00:27:17 [restartedMain] DEBUG c.back.puntoventa.app.AppApplication - Running with Spring Boot v3.4.1, Spring v6.2.1
2026-04-16 00:27:17 [restartedMain] INFO  c.back.puntoventa.app.AppApplication - No active profile set, falling back to 1 default profile: "default"
2026-04-16 00:27:17 [restartedMain] INFO  o.s.b.d.e.DevToolsPropertyDefaultsPostProcessor - Devtools property defaults active! Set 'spring.devtools.add-properties' to 'false' to disable
2026-04-16 00:27:17 [restartedMain] INFO  o.s.b.d.e.DevToolsPropertyDefaultsPostProcessor - For additional web related logging consider setting the 'logging.level.web' property to 'DEBUG'
2026-04-16 00:27:18 [restartedMain] INFO  o.s.b.w.e.tomcat.TomcatWebServer - Tomcat initialized with port 8080 (http)
2026-04-16 00:27:18 [restartedMain] INFO  o.a.coyote.http11.Http11NioProtocol - Initializing ProtocolHandler ["http-nio-8080"]
2026-04-16 00:27:18 [restartedMain] INFO  o.a.catalina.core.StandardService - Starting service [Tomcat]
2026-04-16 00:27:18 [restartedMain] INFO  o.a.catalina.core.StandardEngine - Starting Servlet engine: [Apache Tomcat/10.1.34]
2026-04-16 00:27:18 [restartedMain] INFO  o.a.c.c.C.[Tomcat].[localhost].[/] - Initializing Spring embedded WebApplicationContext
2026-04-16 00:27:18 [restartedMain] INFO  o.s.b.w.s.c.ServletWebServerApplicationContext - Root WebApplicationContext: initialization completed in 882 ms
2026-04-16 00:27:19 [restartedMain] INFO  o.s.b.d.a.OptionalLiveReloadServer - LiveReload server is running on port 35729
2026-04-16 00:27:19 [restartedMain] INFO  o.a.coyote.http11.Http11NioProtocol - Starting ProtocolHandler ["http-nio-8080"]
2026-04-16 00:27:19 [restartedMain] INFO  o.s.b.w.e.tomcat.TomcatWebServer - Tomcat started on port 8080 (http) with context path '/'
2026-04-16 00:27:19 [restartedMain] INFO  c.back.puntoventa.app.AppApplication - Started AppApplication in 1.803 seconds (process running for 2.068)
2026-04-16 00:27:36 [http-nio-8080-exec-1] INFO  o.a.c.c.C.[Tomcat].[localhost].[/] - Initializing Spring DispatcherServlet 'dispatcherServlet'
2026-04-16 00:27:36 [http-nio-8080-exec-1] INFO  o.s.web.servlet.DispatcherServlet - Initializing Servlet 'dispatcherServlet'
2026-04-16 00:27:36 [http-nio-8080-exec-1] INFO  o.s.web.servlet.DispatcherServlet - Completed initialization in 1 ms
2026-04-16 00:27:36 [http-nio-8080-exec-2] INFO  c.b.p.a.a.a.c.AuthRestAdapter - POST /auth/signin - Intento de autenticación para email: mateovargas220705@gmail.com
2026-04-16 00:27:36 [http-nio-8080-exec-2] DEBUG c.b.p.a.d.a.s.AutorizacionAuthService - Autenticando usuario con email: mateovargas220705@gmail.com
2026-04-16 00:27:36 [http-nio-8080-exec-2] WARN  o.s.w.s.m.m.a.ExceptionHandlerExceptionResolver - Resolved [com.back.puntoventa.app.common.ApiException: {"message":"Invalid API key","hint":"Double check your Supabase `anon` or `service_role` API key."}]
2026-04-16 00:28:55 [http-nio-8080-exec-4] INFO  c.b.p.a.a.a.c.AuthRestAdapter - POST /auth/signin - Intento de autenticación para email: mateovargas220705@gmail.com
2026-04-16 00:28:55 [http-nio-8080-exec-4] DEBUG c.b.p.a.d.a.s.AutorizacionAuthService - Autenticando usuario con email: mateovargas220705@gmail.com
2026-04-16 00:28:55 [http-nio-8080-exec-4] WARN  o.s.w.s.m.m.a.ExceptionHandlerExceptionResolver - Resolved [com.back.puntoventa.app.common.ApiException: {"message":"Invalid API key","hint":"Double check your Supabase `anon` or `service_role` API key."}]
2026-04-16 00:41:24 [SpringApplicationShutdownHook] INFO  o.s.b.w.e.tomcat.GracefulShutdown - Commencing graceful shutdown. Waiting for active requests to complete
2026-04-16 00:41:24 [tomcat-shutdown] INFO  o.s.b.w.e.tomcat.GracefulShutdown - Graceful shutdown complete
2026-04-16 00:41:31 [background-preinit] INFO  o.h.validator.internal.util.Version - HV000001: Hibernate Validator 8.0.2.Final
2026-04-16 00:41:31 [restartedMain] INFO  c.back.puntoventa.app.AppApplication - Starting AppApplication using Java 26 with PID 15672 (C:\Users\LENOVO\Desktop\PuntoVentaOficial\Back-PuntoVenta\target\classes started by LENOVO in C:\Users\LENOVO\Desktop\PuntoVentaOficial\Back-PuntoVenta)
2026-04-16 00:41:31 [restartedMain] DEBUG c.back.puntoventa.app.AppApplication - Running with Spring Boot v3.4.1, Spring v6.2.1
2026-04-16 00:41:31 [restartedMain] INFO  c.back.puntoventa.app.AppApplication - No active profile set, falling back to 1 default profile: "default"
2026-04-16 00:41:32 [restartedMain] INFO  o.s.b.d.e.DevToolsPropertyDefaultsPostProcessor - Devtools property defaults active! Set 'spring.devtools.add-properties' to 'false' to disable
2026-04-16 00:41:32 [restartedMain] INFO  o.s.b.d.e.DevToolsPropertyDefaultsPostProcessor - For additional web related logging consider setting the 'logging.level.web' property to 'DEBUG'
2026-04-16 00:41:32 [restartedMain] INFO  o.s.b.w.e.tomcat.TomcatWebServer - Tomcat initialized with port 8080 (http)
2026-04-16 00:41:32 [restartedMain] INFO  o.a.coyote.http11.Http11NioProtocol - Initializing ProtocolHandler ["http-nio-8080"]
2026-04-16 00:41:32 [restartedMain] INFO  o.a.catalina.core.StandardService - Starting service [Tomcat]
2026-04-16 00:41:32 [restartedMain] INFO  o.a.catalina.core.StandardEngine - Starting Servlet engine: [Apache Tomcat/10.1.34]
2026-04-16 00:41:32 [restartedMain] INFO  o.a.c.c.C.[Tomcat].[localhost].[/] - Initializing Spring embedded WebApplicationContext
2026-04-16 00:41:32 [restartedMain] INFO  o.s.b.w.s.c.ServletWebServerApplicationContext - Root WebApplicationContext: initialization completed in 924 ms
2026-04-16 00:41:33 [restartedMain] INFO  o.s.b.d.a.OptionalLiveReloadServer - LiveReload server is running on port 35729
2026-04-16 00:41:33 [restartedMain] INFO  o.a.coyote.http11.Http11NioProtocol - Starting ProtocolHandler ["http-nio-8080"]
2026-04-16 00:41:33 [restartedMain] INFO  o.s.b.w.e.tomcat.TomcatWebServer - Tomcat started on port 8080 (http) with context path '/'
2026-04-16 00:41:33 [restartedMain] INFO  c.back.puntoventa.app.AppApplication - Started AppApplication in 1.831 seconds (process running for 2.118)
2026-04-16 00:41:38 [http-nio-8080-exec-2] INFO  o.a.c.c.C.[Tomcat].[localhost].[/] - Initializing Spring DispatcherServlet 'dispatcherServlet'
2026-04-16 00:41:38 [http-nio-8080-exec-2] INFO  o.s.web.servlet.DispatcherServlet - Initializing Servlet 'dispatcherServlet'
2026-04-16 00:41:38 [http-nio-8080-exec-2] INFO  o.s.web.servlet.DispatcherServlet - Completed initialization in 1 ms
2026-04-16 00:41:38 [http-nio-8080-exec-2] INFO  c.b.p.a.a.a.c.AuthRestAdapter - POST /auth/signin - Intento de autenticación para email: mateovargas220705@gmail.com
2026-04-16 00:41:38 [http-nio-8080-exec-2] DEBUG c.b.p.a.d.a.s.AutorizacionAuthService - Autenticando usuario con email: mateovargas220705@gmail.com
2026-04-16 00:41:40 [http-nio-8080-exec-2] WARN  o.s.w.s.m.m.a.ExceptionHandlerExceptionResolver - Resolved [com.back.puntoventa.app.common.ApiException: {"message":"Invalid API key","hint":"Double check your Supabase `anon` or `service_role` API key."}]
2026-04-16 00:45:06 [File Watcher] INFO  o.s.b.d.a.LocalDevToolsAutoConfiguration$RestartingClassPathChangeChangedEventListener - Restarting due to 1 class path change (0 additions, 0 deletions, 1 modification)
2026-04-16 00:45:06 [Thread-5] INFO  o.s.b.w.e.tomcat.GracefulShutdown - Commencing graceful shutdown. Waiting for active requests to complete
2026-04-16 00:45:06 [tomcat-shutdown] INFO  o.a.coyote.http11.Http11NioProtocol - Pausing ProtocolHandler ["http-nio-8080"]
2026-04-16 00:45:06 [tomcat-shutdown] INFO  o.s.b.w.e.tomcat.GracefulShutdown - Graceful shutdown complete
2026-04-16 00:45:06 [Thread-5] INFO  o.a.coyote.http11.Http11NioProtocol - Stopping ProtocolHandler ["http-nio-8080"]
2026-04-16 00:45:06 [restartedMain] INFO  c.back.puntoventa.app.AppApplication - Starting AppApplication using Java 26 with PID 15672 (C:\Users\LENOVO\Desktop\PuntoVentaOficial\Back-PuntoVenta\target\classes started by LENOVO in C:\Users\LENOVO\Desktop\PuntoVentaOficial\Back-PuntoVenta)
2026-04-16 00:45:06 [restartedMain] DEBUG c.back.puntoventa.app.AppApplication - Running with Spring Boot v3.4.1, Spring v6.2.1
2026-04-16 00:45:06 [restartedMain] INFO  c.back.puntoventa.app.AppApplication - No active profile set, falling back to 1 default profile: "default"
2026-04-16 00:45:07 [restartedMain] INFO  o.s.b.w.e.tomcat.TomcatWebServer - Tomcat initialized with port 8080 (http)
2026-04-16 00:45:07 [restartedMain] INFO  o.a.coyote.http11.Http11NioProtocol - Initializing ProtocolHandler ["http-nio-8080"]
2026-04-16 00:45:07 [restartedMain] INFO  o.a.catalina.core.StandardService - Starting service [Tomcat]
2026-04-16 00:45:07 [restartedMain] INFO  o.a.catalina.core.StandardEngine - Starting Servlet engine: [Apache Tomcat/10.1.34]
2026-04-16 00:45:07 [restartedMain] INFO  o.a.c.c.C.[Tomcat].[localhost].[/] - Initializing Spring embedded WebApplicationContext
2026-04-16 00:45:07 [restartedMain] INFO  o.s.b.w.s.c.ServletWebServerApplicationContext - Root WebApplicationContext: initialization completed in 427 ms
2026-04-16 00:45:07 [restartedMain] INFO  o.s.b.d.a.OptionalLiveReloadServer - LiveReload server is running on port 35729
2026-04-16 00:45:07 [restartedMain] INFO  o.a.coyote.http11.Http11NioProtocol - Starting ProtocolHandler ["http-nio-8080"]
2026-04-16 00:45:07 [restartedMain] INFO  o.s.b.w.e.tomcat.TomcatWebServer - Tomcat started on port 8080 (http) with context path '/'
2026-04-16 00:45:07 [restartedMain] INFO  c.back.puntoventa.app.AppApplication - Started AppApplication in 0.749 seconds (process running for 216.239)
2026-04-16 00:45:07 [restartedMain] INFO  o.s.b.d.a.ConditionEvaluationDeltaLoggingListener - Condition evaluation unchanged
2026-04-16 00:46:01 [File Watcher] INFO  o.s.b.d.a.LocalDevToolsAutoConfiguration$RestartingClassPathChangeChangedEventListener - Restarting due to 1 class path change (0 additions, 0 deletions, 1 modification)
2026-04-16 00:46:01 [Thread-7] INFO  o.s.b.w.e.tomcat.GracefulShutdown - Commencing graceful shutdown. Waiting for active requests to complete
2026-04-16 00:46:01 [tomcat-shutdown] INFO  o.a.coyote.http11.Http11NioProtocol - Pausing ProtocolHandler ["http-nio-8080"]
2026-04-16 00:46:01 [tomcat-shutdown] INFO  o.s.b.w.e.tomcat.GracefulShutdown - Graceful shutdown complete
2026-04-16 00:46:01 [Thread-7] INFO  o.a.coyote.http11.Http11NioProtocol - Stopping ProtocolHandler ["http-nio-8080"]
2026-04-16 00:46:02 [restartedMain] INFO  c.back.puntoventa.app.AppApplication - Starting AppApplication using Java 26 with PID 15672 (C:\Users\LENOVO\Desktop\PuntoVentaOficial\Back-PuntoVenta\target\classes started by LENOVO in C:\Users\LENOVO\Desktop\PuntoVentaOficial\Back-PuntoVenta)
2026-04-16 00:46:02 [restartedMain] DEBUG c.back.puntoventa.app.AppApplication - Running with Spring Boot v3.4.1, Spring v6.2.1
2026-04-16 00:46:02 [restartedMain] INFO  c.back.puntoventa.app.AppApplication - No active profile set, falling back to 1 default profile: "default"
2026-04-16 00:46:02 [restartedMain] INFO  o.s.b.w.e.tomcat.TomcatWebServer - Tomcat initialized with port 8080 (http)
2026-04-16 00:46:02 [restartedMain] INFO  o.a.coyote.http11.Http11NioProtocol - Initializing ProtocolHandler ["http-nio-8080"]
2026-04-16 00:46:02 [restartedMain] INFO  o.a.catalina.core.StandardService - Starting service [Tomcat]
2026-04-16 00:46:02 [restartedMain] INFO  o.a.catalina.core.StandardEngine - Starting Servlet engine: [Apache Tomcat/10.1.34]
2026-04-16 00:46:02 [restartedMain] INFO  o.a.c.c.C.[Tomcat].[localhost].[/] - Initializing Spring embedded WebApplicationContext
2026-04-16 00:46:02 [restartedMain] INFO  o.s.b.w.s.c.ServletWebServerApplicationContext - Root WebApplicationContext: initialization completed in 354 ms
2026-04-16 00:46:02 [restartedMain] INFO  o.s.b.d.a.OptionalLiveReloadServer - LiveReload server is running on port 35729
2026-04-16 00:46:02 [restartedMain] INFO  o.a.coyote.http11.Http11NioProtocol - Starting ProtocolHandler ["http-nio-8080"]
2026-04-16 00:46:02 [restartedMain] INFO  o.s.b.w.e.tomcat.TomcatWebServer - Tomcat started on port 8080 (http) with context path '/'
2026-04-16 00:46:02 [restartedMain] INFO  c.back.puntoventa.app.AppApplication - Started AppApplication in 0.608 seconds (process running for 271.315)
2026-04-16 00:46:02 [restartedMain] INFO  o.s.b.d.a.ConditionEvaluationDeltaLoggingListener - Condition evaluation unchanged
2026-04-16 00:46:16 [File Watcher] INFO  o.s.b.d.a.LocalDevToolsAutoConfiguration$RestartingClassPathChangeChangedEventListener - Restarting due to 1 class path change (0 additions, 0 deletions, 1 modification)
2026-04-16 00:46:16 [Thread-11] INFO  o.s.b.w.e.tomcat.GracefulShutdown - Commencing graceful shutdown. Waiting for active requests to complete
2026-04-16 00:46:16 [tomcat-shutdown] INFO  o.a.coyote.http11.Http11NioProtocol - Pausing ProtocolHandler ["http-nio-8080"]
2026-04-16 00:46:16 [tomcat-shutdown] INFO  o.s.b.w.e.tomcat.GracefulShutdown - Graceful shutdown complete
2026-04-16 00:46:16 [Thread-11] INFO  o.a.coyote.http11.Http11NioProtocol - Stopping ProtocolHandler ["http-nio-8080"]
2026-04-16 00:46:16 [restartedMain] INFO  c.back.puntoventa.app.AppApplication - Starting AppApplication using Java 26 with PID 15672 (C:\Users\LENOVO\Desktop\PuntoVentaOficial\Back-PuntoVenta\target\classes started by LENOVO in C:\Users\LENOVO\Desktop\PuntoVentaOficial\Back-PuntoVenta)
2026-04-16 00:46:16 [restartedMain] DEBUG c.back.puntoventa.app.AppApplication - Running with Spring Boot v3.4.1, Spring v6.2.1
2026-04-16 00:46:16 [restartedMain] INFO  c.back.puntoventa.app.AppApplication - No active profile set, falling back to 1 default profile: "default"
2026-04-16 00:46:16 [restartedMain] INFO  o.s.b.w.e.tomcat.TomcatWebServer - Tomcat initialized with port 8080 (http)
2026-04-16 00:46:16 [restartedMain] INFO  o.a.coyote.http11.Http11NioProtocol - Initializing ProtocolHandler ["http-nio-8080"]
2026-04-16 00:46:16 [restartedMain] INFO  o.a.catalina.core.StandardService - Starting service [Tomcat]
2026-04-16 00:46:16 [restartedMain] INFO  o.a.catalina.core.StandardEngine - Starting Servlet engine: [Apache Tomcat/10.1.34]
2026-04-16 00:46:16 [restartedMain] INFO  o.a.c.c.C.[Tomcat].[localhost].[/] - Initializing Spring embedded WebApplicationContext
2026-04-16 00:46:16 [restartedMain] INFO  o.s.b.w.s.c.ServletWebServerApplicationContext - Root WebApplicationContext: initialization completed in 199 ms
2026-04-16 00:46:16 [restartedMain] INFO  o.s.b.d.a.OptionalLiveReloadServer - LiveReload server is running on port 35729
2026-04-16 00:46:16 [restartedMain] INFO  o.a.coyote.http11.Http11NioProtocol - Starting ProtocolHandler ["http-nio-8080"]
2026-04-16 00:46:16 [restartedMain] INFO  o.s.b.w.e.tomcat.TomcatWebServer - Tomcat started on port 8080 (http) with context path '/'
2026-04-16 00:46:16 [restartedMain] INFO  c.back.puntoventa.app.AppApplication - Started AppApplication in 0.324 seconds (process running for 285.507)
2026-04-16 00:46:16 [restartedMain] INFO  o.s.b.d.a.ConditionEvaluationDeltaLoggingListener - Condition evaluation unchanged
2026-04-16 00:46:21 [SpringApplicationShutdownHook] INFO  o.s.b.w.e.tomcat.GracefulShutdown - Commencing graceful shutdown. Waiting for active requests to complete
2026-04-16 00:46:21 [tomcat-shutdown] INFO  o.s.b.w.e.tomcat.GracefulShutdown - Graceful shutdown complete
2026-04-16 00:46:29 [background-preinit] INFO  o.h.validator.internal.util.Version - HV000001: Hibernate Validator 8.0.2.Final
2026-04-16 00:46:29 [restartedMain] INFO  c.back.puntoventa.app.AppApplication - Starting AppApplication using Java 26 with PID 5032 (C:\Users\LENOVO\Desktop\PuntoVentaOficial\Back-PuntoVenta\target\classes started by LENOVO in C:\Users\LENOVO\Desktop\PuntoVentaOficial\Back-PuntoVenta)
2026-04-16 00:46:29 [restartedMain] DEBUG c.back.puntoventa.app.AppApplication - Running with Spring Boot v3.4.1, Spring v6.2.1
2026-04-16 00:46:29 [restartedMain] INFO  c.back.puntoventa.app.AppApplication - No active profile set, falling back to 1 default profile: "default"
2026-04-16 00:46:29 [restartedMain] INFO  o.s.b.d.e.DevToolsPropertyDefaultsPostProcessor - Devtools property defaults active! Set 'spring.devtools.add-properties' to 'false' to disable
2026-04-16 00:46:29 [restartedMain] INFO  o.s.b.d.e.DevToolsPropertyDefaultsPostProcessor - For additional web related logging consider setting the 'logging.level.web' property to 'DEBUG'
2026-04-16 00:46:30 [restartedMain] INFO  o.s.b.w.e.tomcat.TomcatWebServer - Tomcat initialized with port 8080 (http)
2026-04-16 00:46:30 [restartedMain] INFO  o.a.coyote.http11.Http11NioProtocol - Initializing ProtocolHandler ["http-nio-8080"]
2026-04-16 00:46:30 [restartedMain] INFO  o.a.catalina.core.StandardService - Starting service [Tomcat]
2026-04-16 00:46:30 [restartedMain] INFO  o.a.catalina.core.StandardEngine - Starting Servlet engine: [Apache Tomcat/10.1.34]
2026-04-16 00:46:30 [restartedMain] INFO  o.a.c.c.C.[Tomcat].[localhost].[/] - Initializing Spring embedded WebApplicationContext
2026-04-16 00:46:30 [restartedMain] INFO  o.s.b.w.s.c.ServletWebServerApplicationContext - Root WebApplicationContext: initialization completed in 853 ms
2026-04-16 00:46:31 [restartedMain] INFO  o.s.b.d.a.OptionalLiveReloadServer - LiveReload server is running on port 35729
2026-04-16 00:46:31 [restartedMain] INFO  o.a.coyote.http11.Http11NioProtocol - Starting ProtocolHandler ["http-nio-8080"]
2026-04-16 00:46:31 [restartedMain] INFO  o.s.b.w.e.tomcat.TomcatWebServer - Tomcat started on port 8080 (http) with context path '/'
2026-04-16 00:46:31 [restartedMain] INFO  c.back.puntoventa.app.AppApplication - Started AppApplication in 1.722 seconds (process running for 1.995)
2026-04-16 00:46:55 [http-nio-8080-exec-1] INFO  o.a.c.c.C.[Tomcat].[localhost].[/] - Initializing Spring DispatcherServlet 'dispatcherServlet'
2026-04-16 00:46:55 [http-nio-8080-exec-1] INFO  o.s.web.servlet.DispatcherServlet - Initializing Servlet 'dispatcherServlet'
2026-04-16 00:46:55 [http-nio-8080-exec-1] INFO  o.s.web.servlet.DispatcherServlet - Completed initialization in 1 ms
2026-04-16 00:46:55 [http-nio-8080-exec-1] INFO  c.b.p.a.a.a.c.AuthRestAdapter - POST /auth/signin - Intento de autenticación para email: mateovargas220705@gmail.com
2026-04-16 00:46:55 [http-nio-8080-exec-1] DEBUG c.b.p.a.d.a.s.AutorizacionAuthService - Autenticando usuario con email: mateovargas220705@gmail.com
2026-04-16 00:46:58 [http-nio-8080-exec-1] DEBUG c.b.p.a.d.a.s.AutorizacionAuthService - Autenticación completada para email: mateovargas220705@gmail.com
2026-04-16 00:46:58 [http-nio-8080-exec-1] INFO  c.b.p.a.a.a.c.AuthRestAdapter - Autenticación exitosa para email: mateovargas220705@gmail.com
2026-04-16 00:46:58 [http-nio-8080-exec-7] INFO  c.b.p.a.a.v.c.VendedoresRestAdapter - GET /vendedores - Obtener todos los vendedores
2026-04-16 00:46:58 [http-nio-8080-exec-6] INFO  c.b.p.a.a.p.c.ProductosRestAdapter - GET /productos - Obtener todos los productos
2026-04-16 00:46:58 [http-nio-8080-exec-7] DEBUG c.b.p.a.d.v.s.GestionVendedoresService - Obteniendo todos los vendedores
2026-04-16 00:46:58 [http-nio-8080-exec-6] DEBUG c.b.p.a.d.p.s.GestionProductosService - Obteniendo todos los productos
2026-04-16 00:46:58 [http-nio-8080-exec-5] INFO  c.b.p.a.a.p.c.ProductosRestAdapter - GET /productos/stock-bajo - Consultando alertas con umbral: 100
2026-04-16 00:46:58 [http-nio-8080-exec-5] DEBUG c.b.p.a.d.p.s.GestionProductosService - Obteniendo productos con stock bajo. Umbral: 100
2026-04-16 00:46:58 [http-nio-8080-exec-6] DEBUG c.b.p.a.d.p.s.GestionProductosService - Se obtuvieron 23 productos
2026-04-16 00:46:58 [http-nio-8080-exec-6] DEBUG c.b.p.a.a.p.c.ProductosRestAdapter - Se obtuvieron 23 productos
2026-04-16 00:46:58 [http-nio-8080-exec-5] DEBUG c.b.p.a.d.p.s.GestionProductosService - Se encontraron 21 productos con stock bajo
2026-04-16 00:46:58 [http-nio-8080-exec-7] DEBUG c.b.p.a.d.v.s.GestionVendedoresService - Se obtuvieron 5 vendedores
2026-04-16 00:46:58 [http-nio-8080-exec-7] DEBUG c.b.p.a.a.v.c.VendedoresRestAdapter - Se obtuvieron 5 vendedores
2026-04-16 00:47:39 [File Watcher] INFO  o.s.b.d.a.LocalDevToolsAutoConfiguration$RestartingClassPathChangeChangedEventListener - Restarting due to 1 class path change (0 additions, 0 deletions, 1 modification)
2026-04-16 00:47:39 [Thread-5] INFO  o.s.b.w.e.tomcat.GracefulShutdown - Commencing graceful shutdown. Waiting for active requests to complete
2026-04-16 00:47:39 [tomcat-shutdown] INFO  o.a.coyote.http11.Http11NioProtocol - Pausing ProtocolHandler ["http-nio-8080"]
2026-04-16 00:47:39 [tomcat-shutdown] INFO  o.s.b.w.e.tomcat.GracefulShutdown - Graceful shutdown complete
2026-04-16 00:47:39 [Thread-5] INFO  o.a.coyote.http11.Http11NioProtocol - Stopping ProtocolHandler ["http-nio-8080"]
2026-04-16 00:47:40 [restartedMain] INFO  c.back.puntoventa.app.AppApplication - Starting AppApplication using Java 26 with PID 5032 (C:\Users\LENOVO\Desktop\PuntoVentaOficial\Back-PuntoVenta\target\classes started by LENOVO in C:\Users\LENOVO\Desktop\PuntoVentaOficial\Back-PuntoVenta)
2026-04-16 00:47:40 [restartedMain] DEBUG c.back.puntoventa.app.AppApplication - Running with Spring Boot v3.4.1, Spring v6.2.1
2026-04-16 00:47:40 [restartedMain] INFO  c.back.puntoventa.app.AppApplication - No active profile set, falling back to 1 default profile: "default"
2026-04-16 00:47:40 [restartedMain] INFO  o.s.b.w.e.tomcat.TomcatWebServer - Tomcat initialized with port 3 (http)
2026-04-16 00:47:40 [restartedMain] INFO  o.a.coyote.http11.Http11NioProtocol - Initializing ProtocolHandler ["http-nio-3"]
2026-04-16 00:47:40 [restartedMain] INFO  o.a.catalina.core.StandardService - Starting service [Tomcat]
2026-04-16 00:47:40 [restartedMain] INFO  o.a.catalina.core.StandardEngine - Starting Servlet engine: [Apache Tomcat/10.1.34]
2026-04-16 00:47:40 [restartedMain] INFO  o.a.c.c.C.[Tomcat].[localhost].[/] - Initializing Spring embedded WebApplicationContext
2026-04-16 00:47:40 [restartedMain] INFO  o.s.b.w.s.c.ServletWebServerApplicationContext - Root WebApplicationContext: initialization completed in 293 ms
2026-04-16 00:47:40 [restartedMain] INFO  o.s.b.d.a.OptionalLiveReloadServer - LiveReload server is running on port 35729
2026-04-16 00:47:40 [restartedMain] INFO  o.a.coyote.http11.Http11NioProtocol - Starting ProtocolHandler ["http-nio-3"]
2026-04-16 00:47:40 [restartedMain] INFO  o.s.b.w.e.tomcat.TomcatWebServer - Tomcat started on port 3 (http) with context path '/'
2026-04-16 00:47:40 [restartedMain] INFO  c.back.puntoventa.app.AppApplication - Started AppApplication in 0.469 seconds (process running for 71.33)
2026-04-16 00:47:40 [restartedMain] INFO  o.s.b.d.a.ConditionEvaluationDeltaLoggingListener - Condition evaluation unchanged
2026-04-16 00:47:42 [File Watcher] INFO  o.s.b.d.a.LocalDevToolsAutoConfiguration$RestartingClassPathChangeChangedEventListener - Restarting due to 1 class path change (0 additions, 0 deletions, 1 modification)
2026-04-16 00:47:42 [Thread-7] INFO  o.s.b.w.e.tomcat.GracefulShutdown - Commencing graceful shutdown. Waiting for active requests to complete
2026-04-16 00:47:42 [tomcat-shutdown] INFO  o.a.coyote.http11.Http11NioProtocol - Pausing ProtocolHandler ["http-nio-3"]
2026-04-16 00:47:42 [tomcat-shutdown] INFO  o.s.b.w.e.tomcat.GracefulShutdown - Graceful shutdown complete
2026-04-16 00:47:42 [Thread-7] INFO  o.a.coyote.http11.Http11NioProtocol - Stopping ProtocolHandler ["http-nio-3"]
2026-04-16 00:47:43 [restartedMain] INFO  c.back.puntoventa.app.AppApplication - Starting AppApplication using Java 26 with PID 5032 (C:\Users\LENOVO\Desktop\PuntoVentaOficial\Back-PuntoVenta\target\classes started by LENOVO in C:\Users\LENOVO\Desktop\PuntoVentaOficial\Back-PuntoVenta)
2026-04-16 00:47:43 [restartedMain] DEBUG c.back.puntoventa.app.AppApplication - Running with Spring Boot v3.4.1, Spring v6.2.1
2026-04-16 00:47:43 [restartedMain] INFO  c.back.puntoventa.app.AppApplication - No active profile set, falling back to 1 default profile: "default"
2026-04-16 00:47:43 [restartedMain] INFO  o.s.b.w.e.tomcat.TomcatWebServer - Tomcat initialized with port 3000 (http)
2026-04-16 00:47:43 [restartedMain] INFO  o.a.coyote.http11.Http11NioProtocol - Initializing ProtocolHandler ["http-nio-3000"]
2026-04-16 00:47:43 [restartedMain] INFO  o.a.catalina.core.StandardService - Starting service [Tomcat]
2026-04-16 00:47:43 [restartedMain] INFO  o.a.catalina.core.StandardEngine - Starting Servlet engine: [Apache Tomcat/10.1.34]
2026-04-16 00:47:43 [restartedMain] INFO  o.a.c.c.C.[Tomcat].[localhost].[/] - Initializing Spring embedded WebApplicationContext
2026-04-16 00:47:43 [restartedMain] INFO  o.s.b.w.s.c.ServletWebServerApplicationContext - Root WebApplicationContext: initialization completed in 221 ms
2026-04-16 00:47:43 [restartedMain] INFO  o.s.b.d.a.OptionalLiveReloadServer - LiveReload server is running on port 35729
2026-04-16 00:47:43 [restartedMain] INFO  o.a.coyote.http11.Http11NioProtocol - Starting ProtocolHandler ["http-nio-3000"]
2026-04-16 00:47:43 [restartedMain] INFO  o.s.b.w.e.tomcat.TomcatWebServer - Tomcat started on port 3000 (http) with context path '/'
2026-04-16 00:47:43 [restartedMain] INFO  c.back.puntoventa.app.AppApplication - Started AppApplication in 0.348 seconds (process running for 74.186)
2026-04-16 00:47:43 [restartedMain] INFO  o.s.b.d.a.ConditionEvaluationDeltaLoggingListener - Condition evaluation unchanged
2026-04-16 00:48:17 [http-nio-3000-exec-1] INFO  o.a.c.c.C.[Tomcat].[localhost].[/] - Initializing Spring DispatcherServlet 'dispatcherServlet'
2026-04-16 00:48:17 [http-nio-3000-exec-1] INFO  o.s.web.servlet.DispatcherServlet - Initializing Servlet 'dispatcherServlet'
2026-04-16 00:48:17 [http-nio-3000-exec-1] INFO  o.s.web.servlet.DispatcherServlet - Completed initialization in 0 ms
2026-04-16 00:48:17 [http-nio-3000-exec-7] INFO  c.b.p.a.a.p.c.ProductosRestAdapter - GET /productos - Obtener todos los productos
2026-04-16 00:48:17 [http-nio-3000-exec-6] INFO  c.b.p.a.a.v.c.VendedoresRestAdapter - GET /vendedores - Obtener todos los vendedores
2026-04-16 00:48:17 [http-nio-3000-exec-4] INFO  c.b.p.a.a.p.c.ProductosRestAdapter - GET /productos/stock-bajo - Consultando alertas con umbral: 100
2026-04-16 00:48:17 [http-nio-3000-exec-6] DEBUG c.b.p.a.d.v.s.GestionVendedoresService - Obteniendo todos los vendedores
2026-04-16 00:48:17 [http-nio-3000-exec-7] DEBUG c.b.p.a.d.p.s.GestionProductosService - Obteniendo todos los productos
2026-04-16 00:48:17 [http-nio-3000-exec-4] DEBUG c.b.p.a.d.p.s.GestionProductosService - Obteniendo productos con stock bajo. Umbral: 100
2026-04-16 00:48:18 [http-nio-3000-exec-6] DEBUG c.b.p.a.d.v.s.GestionVendedoresService - Se obtuvieron 5 vendedores
2026-04-16 00:48:18 [http-nio-3000-exec-6] DEBUG c.b.p.a.a.v.c.VendedoresRestAdapter - Se obtuvieron 5 vendedores
2026-04-16 00:48:19 [http-nio-3000-exec-4] DEBUG c.b.p.a.d.p.s.GestionProductosService - Se encontraron 21 productos con stock bajo
2026-04-16 00:48:20 [http-nio-3000-exec-7] DEBUG c.b.p.a.d.p.s.GestionProductosService - Se obtuvieron 23 productos
2026-04-16 00:48:20 [http-nio-3000-exec-7] DEBUG c.b.p.a.a.p.c.ProductosRestAdapter - Se obtuvieron 23 productos
2026-04-16 00:48:23 [SpringApplicationShutdownHook] INFO  o.s.b.w.e.tomcat.GracefulShutdown - Commencing graceful shutdown. Waiting for active requests to complete
2026-04-16 00:48:23 [tomcat-shutdown] INFO  o.s.b.w.e.tomcat.GracefulShutdown - Graceful shutdown complete
2026-04-16 00:48:29 [background-preinit] INFO  o.h.validator.internal.util.Version - HV000001: Hibernate Validator 8.0.2.Final
2026-04-16 00:48:29 [restartedMain] INFO  c.back.puntoventa.app.AppApplication - Starting AppApplication using Java 26 with PID 10636 (C:\Users\LENOVO\Desktop\PuntoVentaOficial\Back-PuntoVenta\target\classes started by LENOVO in C:\Users\LENOVO\Desktop\PuntoVentaOficial\Back-PuntoVenta)
2026-04-16 00:48:29 [restartedMain] DEBUG c.back.puntoventa.app.AppApplication - Running with Spring Boot v3.4.1, Spring v6.2.1
2026-04-16 00:48:29 [restartedMain] INFO  c.back.puntoventa.app.AppApplication - No active profile set, falling back to 1 default profile: "default"
2026-04-16 00:48:29 [restartedMain] INFO  o.s.b.d.e.DevToolsPropertyDefaultsPostProcessor - Devtools property defaults active! Set 'spring.devtools.add-properties' to 'false' to disable
2026-04-16 00:48:29 [restartedMain] INFO  o.s.b.d.e.DevToolsPropertyDefaultsPostProcessor - For additional web related logging consider setting the 'logging.level.web' property to 'DEBUG'
2026-04-16 00:48:30 [restartedMain] INFO  o.s.b.w.e.tomcat.TomcatWebServer - Tomcat initialized with port 3000 (http)
2026-04-16 00:48:30 [restartedMain] INFO  o.a.coyote.http11.Http11NioProtocol - Initializing ProtocolHandler ["http-nio-3000"]
2026-04-16 00:48:30 [restartedMain] INFO  o.a.catalina.core.StandardService - Starting service [Tomcat]
2026-04-16 00:48:30 [restartedMain] INFO  o.a.catalina.core.StandardEngine - Starting Servlet engine: [Apache Tomcat/10.1.34]
2026-04-16 00:48:30 [restartedMain] INFO  o.a.c.c.C.[Tomcat].[localhost].[/] - Initializing Spring embedded WebApplicationContext
2026-04-16 00:48:30 [restartedMain] INFO  o.s.b.w.s.c.ServletWebServerApplicationContext - Root WebApplicationContext: initialization completed in 914 ms
2026-04-16 00:48:31 [restartedMain] INFO  o.s.b.d.a.OptionalLiveReloadServer - LiveReload server is running on port 35729
2026-04-16 00:48:31 [restartedMain] INFO  o.a.coyote.http11.Http11NioProtocol - Starting ProtocolHandler ["http-nio-3000"]
2026-04-16 00:48:31 [restartedMain] INFO  o.s.b.w.e.tomcat.TomcatWebServer - Tomcat started on port 3000 (http) with context path '/'
2026-04-16 00:48:31 [restartedMain] INFO  c.back.puntoventa.app.AppApplication - Started AppApplication in 1.818 seconds (process running for 2.096)
2026-04-16 00:48:44 [http-nio-3000-exec-1] INFO  o.a.c.c.C.[Tomcat].[localhost].[/] - Initializing Spring DispatcherServlet 'dispatcherServlet'
2026-04-16 00:48:44 [http-nio-3000-exec-1] INFO  o.s.web.servlet.DispatcherServlet - Initializing Servlet 'dispatcherServlet'
2026-04-16 00:48:44 [http-nio-3000-exec-1] INFO  o.s.web.servlet.DispatcherServlet - Completed initialization in 1 ms
2026-04-16 00:48:44 [http-nio-3000-exec-1] INFO  c.b.p.a.a.a.c.AuthRestAdapter - POST /auth/signin - Intento de autenticación para email: mateovargas220705@gmail.com
2026-04-16 00:48:44 [http-nio-3000-exec-1] DEBUG c.b.p.a.d.a.s.AutorizacionAuthService - Autenticando usuario con email: mateovargas220705@gmail.com
2026-04-16 00:48:45 [http-nio-3000-exec-1] DEBUG c.b.p.a.d.a.s.AutorizacionAuthService - Autenticación completada para email: mateovargas220705@gmail.com
2026-04-16 00:48:45 [http-nio-3000-exec-1] INFO  c.b.p.a.a.a.c.AuthRestAdapter - Autenticación exitosa para email: mateovargas220705@gmail.com
2026-04-16 00:48:45 [http-nio-3000-exec-2] INFO  c.b.p.a.a.p.c.ProductosRestAdapter - GET /productos - Obtener todos los productos
2026-04-16 00:48:45 [http-nio-3000-exec-3] INFO  c.b.p.a.a.v.c.VendedoresRestAdapter - GET /vendedores - Obtener todos los vendedores
2026-04-16 00:48:45 [http-nio-3000-exec-2] DEBUG c.b.p.a.d.p.s.GestionProductosService - Obteniendo todos los productos
2026-04-16 00:48:45 [http-nio-3000-exec-3] DEBUG c.b.p.a.d.v.s.GestionVendedoresService - Obteniendo todos los vendedores
2026-04-16 00:48:45 [http-nio-3000-exec-4] INFO  c.b.p.a.a.p.c.ProductosRestAdapter - GET /productos/stock-bajo - Consultando alertas con umbral: 100
2026-04-16 00:48:45 [http-nio-3000-exec-4] DEBUG c.b.p.a.d.p.s.GestionProductosService - Obteniendo productos con stock bajo. Umbral: 100
2026-04-16 00:48:45 [http-nio-3000-exec-2] DEBUG c.b.p.a.d.p.s.GestionProductosService - Se obtuvieron 23 productos
2026-04-16 00:48:45 [http-nio-3000-exec-2] DEBUG c.b.p.a.a.p.c.ProductosRestAdapter - Se obtuvieron 23 productos
2026-04-16 00:48:45 [http-nio-3000-exec-4] DEBUG c.b.p.a.d.p.s.GestionProductosService - Se encontraron 21 productos con stock bajo
2026-04-16 00:48:45 [http-nio-3000-exec-3] DEBUG c.b.p.a.d.v.s.GestionVendedoresService - Se obtuvieron 5 vendedores
2026-04-16 00:48:45 [http-nio-3000-exec-3] DEBUG c.b.p.a.a.v.c.VendedoresRestAdapter - Se obtuvieron 5 vendedores
2026-04-16 00:48:54 [SpringApplicationShutdownHook] INFO  o.s.b.w.e.tomcat.GracefulShutdown - Commencing graceful shutdown. Waiting for active requests to complete
2026-04-16 00:48:54 [tomcat-shutdown] INFO  o.s.b.w.e.tomcat.GracefulShutdown - Graceful shutdown complete
2026-04-27 12:00:33 [background-preinit] INFO  o.h.validator.internal.util.Version - HV000001: Hibernate Validator 8.0.2.Final
2026-04-27 12:00:33 [restartedMain] INFO  c.back.puntoventa.app.AppApplication - Starting AppApplication using Java 17.0.18 with PID 9124 (C:\Users\LENOVO\Desktop\PuntoVentaOficial\Back-PuntoVenta\target\classes started by LENOVO in C:\Users\LENOVO\Desktop\PuntoVentaOficial\Back-PuntoVenta)
2026-04-27 12:00:33 [restartedMain] DEBUG c.back.puntoventa.app.AppApplication - Running with Spring Boot v3.4.1, Spring v6.2.1
2026-04-27 12:00:33 [restartedMain] INFO  c.back.puntoventa.app.AppApplication - No active profile set, falling back to 1 default profile: "default"
2026-04-27 12:00:33 [restartedMain] INFO  o.s.b.d.e.DevToolsPropertyDefaultsPostProcessor - Devtools property defaults active! Set 'spring.devtools.add-properties' to 'false' to disable
2026-04-27 12:00:33 [restartedMain] INFO  o.s.b.d.e.DevToolsPropertyDefaultsPostProcessor - For additional web related logging consider setting the 'logging.level.web' property to 'DEBUG'
2026-04-27 12:00:34 [restartedMain] INFO  o.s.b.w.e.tomcat.TomcatWebServer - Tomcat initialized with port 3000 (http)
2026-04-27 12:00:34 [restartedMain] INFO  o.a.coyote.http11.Http11NioProtocol - Initializing ProtocolHandler ["http-nio-3000"]
2026-04-27 12:00:34 [restartedMain] INFO  o.a.catalina.core.StandardService - Starting service [Tomcat]
2026-04-27 12:00:34 [restartedMain] INFO  o.a.catalina.core.StandardEngine - Starting Servlet engine: [Apache Tomcat/10.1.34]
2026-04-27 12:00:34 [restartedMain] INFO  o.a.c.c.C.[Tomcat].[localhost].[/] - Initializing Spring embedded WebApplicationContext
2026-04-27 12:00:34 [restartedMain] INFO  o.s.b.w.s.c.ServletWebServerApplicationContext - Root WebApplicationContext: initialization completed in 1210 ms
2026-04-27 12:00:35 [restartedMain] INFO  o.s.b.d.a.OptionalLiveReloadServer - LiveReload server is running on port 35729
2026-04-27 12:00:35 [restartedMain] INFO  o.a.coyote.http11.Http11NioProtocol - Starting ProtocolHandler ["http-nio-3000"]
2026-04-27 12:00:35 [restartedMain] INFO  o.s.b.w.e.tomcat.TomcatWebServer - Tomcat started on port 3000 (http) with context path '/'
2026-04-27 12:00:35 [restartedMain] INFO  c.back.puntoventa.app.AppApplication - Started AppApplication in 2.445 seconds (process running for 2.882)
2026-04-27 12:01:39 [http-nio-3000-exec-1] INFO  o.a.c.c.C.[Tomcat].[localhost].[/] - Initializing Spring DispatcherServlet 'dispatcherServlet'
2026-04-27 12:01:39 [http-nio-3000-exec-1] INFO  o.s.web.servlet.DispatcherServlet - Initializing Servlet 'dispatcherServlet'
2026-04-27 12:01:39 [http-nio-3000-exec-1] INFO  o.s.web.servlet.DispatcherServlet - Completed initialization in 2 ms
2026-04-27 12:01:39 [http-nio-3000-exec-2] INFO  c.b.p.a.a.a.c.AuthRestAdapter - POST /auth/signin - Intento de autenticación para email: mateovargas220705@gmail.com
2026-04-27 12:01:39 [http-nio-3000-exec-2] DEBUG c.b.p.a.d.a.s.AutorizacionAuthService - Autenticando usuario con email: mateovargas220705@gmail.com
2026-04-27 12:01:41 [http-nio-3000-exec-2] DEBUG c.b.p.a.d.a.s.AutorizacionAuthService - Autenticación completada para email: mateovargas220705@gmail.com
2026-04-27 12:01:41 [http-nio-3000-exec-2] INFO  c.b.p.a.a.a.c.AuthRestAdapter - Autenticación exitosa para email: mateovargas220705@gmail.com
2026-04-27 12:01:41 [http-nio-3000-exec-8] INFO  c.b.p.a.a.p.c.ProductosRestAdapter - GET /productos - Obtener todos los productos
2026-04-27 12:01:41 [http-nio-3000-exec-7] INFO  c.b.p.a.a.v.c.VendedoresRestAdapter - GET /vendedores - Obtener todos los vendedores
2026-04-27 12:01:41 [http-nio-3000-exec-8] DEBUG c.b.p.a.d.p.s.GestionProductosService - Obteniendo todos los productos
2026-04-27 12:01:41 [http-nio-3000-exec-7] DEBUG c.b.p.a.d.v.s.GestionVendedoresService - Obteniendo todos los vendedores
2026-04-27 12:01:41 [http-nio-3000-exec-6] INFO  c.b.p.a.a.p.c.ProductosRestAdapter - GET /productos/stock-bajo - Consultando alertas con umbral: 100
2026-04-27 12:01:41 [http-nio-3000-exec-6] DEBUG c.b.p.a.d.p.s.GestionProductosService - Obteniendo productos con stock bajo. Umbral: 100
2026-04-27 12:01:42 [http-nio-3000-exec-6] DEBUG c.b.p.a.d.p.s.GestionProductosService - Se encontraron 24 productos con stock bajo
2026-04-27 12:01:42 [http-nio-3000-exec-8] DEBUG c.b.p.a.d.p.s.GestionProductosService - Se obtuvieron 25 productos
2026-04-27 12:01:42 [http-nio-3000-exec-7] DEBUG c.b.p.a.d.v.s.GestionVendedoresService - Se obtuvieron 7 vendedores
2026-04-27 12:01:42 [http-nio-3000-exec-8] DEBUG c.b.p.a.a.p.c.ProductosRestAdapter - Se obtuvieron 25 productos
2026-04-27 12:01:42 [http-nio-3000-exec-7] DEBUG c.b.p.a.a.v.c.VendedoresRestAdapter - Se obtuvieron 7 vendedores
2026-04-27 12:03:04 [http-nio-3000-exec-2] INFO  c.b.p.a.a.v.c.VendedoresRestAdapter - GET /vendedores - Obtener todos los vendedores
2026-04-27 12:03:04 [http-nio-3000-exec-2] DEBUG c.b.p.a.d.v.s.GestionVendedoresService - Obteniendo todos los vendedores
2026-04-27 12:03:04 [http-nio-3000-exec-2] DEBUG c.b.p.a.d.v.s.GestionVendedoresService - Se obtuvieron 7 vendedores
2026-04-27 12:03:04 [http-nio-3000-exec-2] DEBUG c.b.p.a.a.v.c.VendedoresRestAdapter - Se obtuvieron 7 vendedores
2026-04-27 12:04:05 [http-nio-3000-exec-5] INFO  c.b.p.a.a.p.c.ProductosRestAdapter - GET /productos - Obtener todos los productos
2026-04-27 12:04:05 [http-nio-3000-exec-5] DEBUG c.b.p.a.d.p.s.GestionProductosService - Obteniendo todos los productos
2026-04-27 12:04:05 [http-nio-3000-exec-5] DEBUG c.b.p.a.d.p.s.GestionProductosService - Se obtuvieron 25 productos
2026-04-27 12:04:05 [http-nio-3000-exec-5] DEBUG c.b.p.a.a.p.c.ProductosRestAdapter - Se obtuvieron 25 productos
2026-04-27 12:04:06 [http-nio-3000-exec-4] INFO  c.b.p.a.a.v.c.VendedoresRestAdapter - GET /vendedores - Obtener todos los vendedores
2026-04-27 12:04:06 [http-nio-3000-exec-3] INFO  c.b.p.a.a.p.c.ProductosRestAdapter - GET /productos - Obtener todos los productos
2026-04-27 12:04:06 [http-nio-3000-exec-4] DEBUG c.b.p.a.d.v.s.GestionVendedoresService - Obteniendo todos los vendedores
2026-04-27 12:04:06 [http-nio-3000-exec-3] DEBUG c.b.p.a.d.p.s.GestionProductosService - Obteniendo todos los productos
2026-04-27 12:04:07 [http-nio-3000-exec-3] DEBUG c.b.p.a.d.p.s.GestionProductosService - Se obtuvieron 25 productos
2026-04-27 12:04:07 [http-nio-3000-exec-3] DEBUG c.b.p.a.a.p.c.ProductosRestAdapter - Se obtuvieron 25 productos
2026-04-27 12:04:07 [http-nio-3000-exec-4] DEBUG c.b.p.a.d.v.s.GestionVendedoresService - Se obtuvieron 7 vendedores
2026-04-27 12:04:07 [http-nio-3000-exec-4] DEBUG c.b.p.a.a.v.c.VendedoresRestAdapter - Se obtuvieron 7 vendedores
2026-04-27 12:04:07 [http-nio-3000-exec-3] DEBUG c.b.p.a.d.a.s.AutorizacionAuthService - Obteniendo perfil por token
2026-04-27 12:04:07 [http-nio-3000-exec-7] DEBUG c.b.p.a.d.a.s.AutorizacionAuthService - Obteniendo perfil por token
2026-04-27 12:04:07 [http-nio-3000-exec-8] DEBUG c.b.p.a.d.a.s.AutorizacionAuthService - Obteniendo perfil por token
2026-04-27 12:04:07 [http-nio-3000-exec-6] DEBUG c.b.p.a.d.a.s.AutorizacionAuthService - Obteniendo perfil por token
2026-04-27 12:04:07 [http-nio-3000-exec-4] DEBUG c.b.p.a.d.a.s.AutorizacionAuthService - Obteniendo perfil por token
2026-04-27 12:04:07 [http-nio-3000-exec-5] DEBUG c.b.p.a.d.a.s.AutorizacionAuthService - Obteniendo perfil por token
2026-04-27 12:04:07 [http-nio-3000-exec-4] DEBUG c.b.p.a.d.a.s.AutorizacionAuthService - Perfil obtenido exitosamente para usuario ID: f2dc5b92-7ded-4c42-9e5a-d8a22aaf4a3a
2026-04-27 12:04:07 [http-nio-3000-exec-3] DEBUG c.b.p.a.d.a.s.AutorizacionAuthService - Perfil obtenido exitosamente para usuario ID: f2dc5b92-7ded-4c42-9e5a-d8a22aaf4a3a
2026-04-27 12:04:07 [http-nio-3000-exec-4] INFO  c.b.p.a.a.i.c.InventarioRestAdapter - GET /inventario/vendedor/5e0e4eff-aec3-46df-a77e-d4feeb19394c - consulta por mateovargas220705@gmail.com
2026-04-27 12:04:07 [http-nio-3000-exec-3] INFO  c.b.p.a.a.i.c.InventarioRestAdapter - GET /inventario/vendedor/2ab0631c-da17-4bd8-b9b9-237de54711c6 - consulta por mateovargas220705@gmail.com
2026-04-27 12:04:07 [http-nio-3000-exec-4] INFO  c.b.p.a.d.i.s.GestionInventarioService - Consultando cargas por vendedor: 5e0e4eff-aec3-46df-a77e-d4feeb19394c
2026-04-27 12:04:07 [http-nio-3000-exec-3] INFO  c.b.p.a.d.i.s.GestionInventarioService - Consultando cargas por vendedor: 2ab0631c-da17-4bd8-b9b9-237de54711c6
2026-04-27 12:04:07 [http-nio-3000-exec-4] DEBUG c.b.p.a.i.p.s.a.SupabaseAsignacionRepositoryAdapter - Consultando asignaciones por vendedor: 5e0e4eff-aec3-46df-a77e-d4feeb19394c
2026-04-27 12:04:07 [http-nio-3000-exec-3] DEBUG c.b.p.a.i.p.s.a.SupabaseAsignacionRepositoryAdapter - Consultando asignaciones por vendedor: 2ab0631c-da17-4bd8-b9b9-237de54711c6
2026-04-27 12:04:07 [http-nio-3000-exec-6] DEBUG c.b.p.a.d.a.s.AutorizacionAuthService - Perfil obtenido exitosamente para usuario ID: f2dc5b92-7ded-4c42-9e5a-d8a22aaf4a3a
2026-04-27 12:04:07 [http-nio-3000-exec-6] INFO  c.b.p.a.a.i.c.InventarioRestAdapter - GET /inventario/vendedor/6b0a5026-52f3-475a-a20f-5aacf94764f0 - consulta por mateovargas220705@gmail.com
2026-04-27 12:04:07 [http-nio-3000-exec-6] INFO  c.b.p.a.d.i.s.GestionInventarioService - Consultando cargas por vendedor: 6b0a5026-52f3-475a-a20f-5aacf94764f0
2026-04-27 12:04:07 [http-nio-3000-exec-6] DEBUG c.b.p.a.i.p.s.a.SupabaseAsignacionRepositoryAdapter - Consultando asignaciones por vendedor: 6b0a5026-52f3-475a-a20f-5aacf94764f0
2026-04-27 12:04:07 [http-nio-3000-exec-8] DEBUG c.b.p.a.d.a.s.AutorizacionAuthService - Perfil obtenido exitosamente para usuario ID: f2dc5b92-7ded-4c42-9e5a-d8a22aaf4a3a
2026-04-27 12:04:07 [http-nio-3000-exec-8] INFO  c.b.p.a.a.i.c.InventarioRestAdapter - GET /inventario/vendedor/73ed0c2b-851c-44c8-a08b-ded6f61924f9 - consulta por mateovargas220705@gmail.com
2026-04-27 12:04:07 [http-nio-3000-exec-8] INFO  c.b.p.a.d.i.s.GestionInventarioService - Consultando cargas por vendedor: 73ed0c2b-851c-44c8-a08b-ded6f61924f9
2026-04-27 12:04:07 [http-nio-3000-exec-8] DEBUG c.b.p.a.i.p.s.a.SupabaseAsignacionRepositoryAdapter - Consultando asignaciones por vendedor: 73ed0c2b-851c-44c8-a08b-ded6f61924f9
2026-04-27 12:04:07 [http-nio-3000-exec-5] DEBUG c.b.p.a.d.a.s.AutorizacionAuthService - Perfil obtenido exitosamente para usuario ID: f2dc5b92-7ded-4c42-9e5a-d8a22aaf4a3a
2026-04-27 12:04:07 [http-nio-3000-exec-5] INFO  c.b.p.a.a.i.c.InventarioRestAdapter - GET /inventario/vendedor/0b9544ca-bfbe-4335-821c-5c8eb4b553b2 - consulta por mateovargas220705@gmail.com
2026-04-27 12:04:07 [http-nio-3000-exec-7] DEBUG c.b.p.a.d.a.s.AutorizacionAuthService - Perfil obtenido exitosamente para usuario ID: f2dc5b92-7ded-4c42-9e5a-d8a22aaf4a3a
2026-04-27 12:04:07 [http-nio-3000-exec-5] INFO  c.b.p.a.d.i.s.GestionInventarioService - Consultando cargas por vendedor: 0b9544ca-bfbe-4335-821c-5c8eb4b553b2
2026-04-27 12:04:07 [http-nio-3000-exec-7] INFO  c.b.p.a.a.i.c.InventarioRestAdapter - GET /inventario/vendedor/7dec6fc9-8ddc-48c6-86a3-a1dbfc46f80e - consulta por mateovargas220705@gmail.com
2026-04-27 12:04:07 [http-nio-3000-exec-5] DEBUG c.b.p.a.i.p.s.a.SupabaseAsignacionRepositoryAdapter - Consultando asignaciones por vendedor: 0b9544ca-bfbe-4335-821c-5c8eb4b553b2
2026-04-27 12:04:07 [http-nio-3000-exec-7] INFO  c.b.p.a.d.i.s.GestionInventarioService - Consultando cargas por vendedor: 7dec6fc9-8ddc-48c6-86a3-a1dbfc46f80e
2026-04-27 12:04:07 [http-nio-3000-exec-7] DEBUG c.b.p.a.i.p.s.a.SupabaseAsignacionRepositoryAdapter - Consultando asignaciones por vendedor: 7dec6fc9-8ddc-48c6-86a3-a1dbfc46f80e
2026-04-27 12:04:07 [http-nio-3000-exec-3] DEBUG c.b.p.a.i.p.s.a.SupabaseAsignacionRepositoryAdapter - Asignaciones encontradas para vendedor 2ab0631c-da17-4bd8-b9b9-237de54711c6: 9
2026-04-27 12:04:07 [http-nio-3000-exec-9] DEBUG c.b.p.a.d.a.s.AutorizacionAuthService - Obteniendo perfil por token
2026-04-27 12:04:07 [http-nio-3000-exec-4] DEBUG c.b.p.a.i.p.s.a.SupabaseAsignacionRepositoryAdapter - Asignaciones encontradas para vendedor 5e0e4eff-aec3-46df-a77e-d4feeb19394c: 4
2026-04-27 12:04:07 [http-nio-3000-exec-6] DEBUG c.b.p.a.i.p.s.a.SupabaseAsignacionRepositoryAdapter - Asignaciones encontradas para vendedor 6b0a5026-52f3-475a-a20f-5aacf94764f0: 27
2026-04-27 12:04:07 [http-nio-3000-exec-8] DEBUG c.b.p.a.i.p.s.a.SupabaseAsignacionRepositoryAdapter - Asignaciones encontradas para vendedor 73ed0c2b-851c-44c8-a08b-ded6f61924f9: 4
2026-04-27 12:04:07 [http-nio-3000-exec-7] DEBUG c.b.p.a.i.p.s.a.SupabaseAsignacionRepositoryAdapter - Asignaciones encontradas para vendedor 7dec6fc9-8ddc-48c6-86a3-a1dbfc46f80e: 0
2026-04-27 12:04:07 [http-nio-3000-exec-5] DEBUG c.b.p.a.i.p.s.a.SupabaseAsignacionRepositoryAdapter - Asignaciones encontradas para vendedor 0b9544ca-bfbe-4335-821c-5c8eb4b553b2: 1
2026-04-27 12:04:08 [http-nio-3000-exec-9] DEBUG c.b.p.a.d.a.s.AutorizacionAuthService - Perfil obtenido exitosamente para usuario ID: f2dc5b92-7ded-4c42-9e5a-d8a22aaf4a3a
2026-04-27 12:04:08 [http-nio-3000-exec-9] INFO  c.b.p.a.a.i.c.InventarioRestAdapter - GET /inventario/vendedor/997e2337-32a6-4ba5-84fb-873ef1b6036f - consulta por mateovargas220705@gmail.com
2026-04-27 12:04:08 [http-nio-3000-exec-9] INFO  c.b.p.a.d.i.s.GestionInventarioService - Consultando cargas por vendedor: 997e2337-32a6-4ba5-84fb-873ef1b6036f
2026-04-27 12:04:08 [http-nio-3000-exec-9] DEBUG c.b.p.a.i.p.s.a.SupabaseAsignacionRepositoryAdapter - Consultando asignaciones por vendedor: 997e2337-32a6-4ba5-84fb-873ef1b6036f
2026-04-27 12:04:08 [http-nio-3000-exec-9] DEBUG c.b.p.a.i.p.s.a.SupabaseAsignacionRepositoryAdapter - Asignaciones encontradas para vendedor 997e2337-32a6-4ba5-84fb-873ef1b6036f: 0
2026-04-27 12:04:30 [http-nio-3000-exec-10] INFO  c.b.p.a.a.v.c.VendedoresRestAdapter - GET /vendedores - Obtener todos los vendedores
2026-04-27 12:04:30 [http-nio-3000-exec-2] INFO  c.b.p.a.a.p.c.ProductosRestAdapter - GET /productos/stock-bajo - Consultando alertas con umbral: 100
2026-04-27 12:04:30 [http-nio-3000-exec-1] INFO  c.b.p.a.a.p.c.ProductosRestAdapter - GET /productos - Obtener todos los productos
2026-04-27 12:04:30 [http-nio-3000-exec-2] DEBUG c.b.p.a.d.p.s.GestionProductosService - Obteniendo productos con stock bajo. Umbral: 100
2026-04-27 12:04:30 [http-nio-3000-exec-10] DEBUG c.b.p.a.d.v.s.GestionVendedoresService - Obteniendo todos los vendedores
2026-04-27 12:04:30 [http-nio-3000-exec-1] DEBUG c.b.p.a.d.p.s.GestionProductosService - Obteniendo todos los productos
2026-04-27 12:04:30 [http-nio-3000-exec-2] DEBUG c.b.p.a.d.p.s.GestionProductosService - Se encontraron 24 productos con stock bajo
2026-04-27 12:04:30 [http-nio-3000-exec-1] DEBUG c.b.p.a.d.p.s.GestionProductosService - Se obtuvieron 25 productos
2026-04-27 12:04:30 [http-nio-3000-exec-1] DEBUG c.b.p.a.a.p.c.ProductosRestAdapter - Se obtuvieron 25 productos
2026-04-27 12:04:30 [http-nio-3000-exec-10] DEBUG c.b.p.a.d.v.s.GestionVendedoresService - Se obtuvieron 7 vendedores
2026-04-27 12:04:30 [http-nio-3000-exec-10] DEBUG c.b.p.a.a.v.c.VendedoresRestAdapter - Se obtuvieron 7 vendedores
2026-04-27 12:30:10 [http-nio-3000-exec-9] INFO  c.b.p.a.a.v.c.VendedoresRestAdapter - GET /vendedores - Obtener todos los vendedores
2026-04-27 12:30:10 [http-nio-3000-exec-9] DEBUG c.b.p.a.d.v.s.GestionVendedoresService - Obteniendo todos los vendedores
2026-04-27 12:30:11 [http-nio-3000-exec-9] DEBUG c.b.p.a.d.v.s.GestionVendedoresService - Se obtuvieron 7 vendedores
2026-04-27 12:30:11 [http-nio-3000-exec-9] DEBUG c.b.p.a.a.v.c.VendedoresRestAdapter - Se obtuvieron 7 vendedores
2026-04-27 12:30:12 [http-nio-3000-exec-2] INFO  c.b.p.a.a.p.c.ProductosRestAdapter - GET /productos - Obtener todos los productos
2026-04-27 12:30:12 [http-nio-3000-exec-1] INFO  c.b.p.a.a.v.c.VendedoresRestAdapter - GET /vendedores - Obtener todos los vendedores
2026-04-27 12:30:12 [http-nio-3000-exec-2] DEBUG c.b.p.a.d.p.s.GestionProductosService - Obteniendo todos los productos
2026-04-27 12:30:12 [http-nio-3000-exec-10] INFO  c.b.p.a.a.p.c.ProductosRestAdapter - GET /productos/stock-bajo - Consultando alertas con umbral: 100
2026-04-27 12:30:12 [http-nio-3000-exec-1] DEBUG c.b.p.a.d.v.s.GestionVendedoresService - Obteniendo todos los vendedores
2026-04-27 12:30:12 [http-nio-3000-exec-10] DEBUG c.b.p.a.d.p.s.GestionProductosService - Obteniendo productos con stock bajo. Umbral: 100
2026-04-27 12:30:12 [http-nio-3000-exec-1] DEBUG c.b.p.a.d.v.s.GestionVendedoresService - Se obtuvieron 7 vendedores
2026-04-27 12:30:12 [http-nio-3000-exec-1] DEBUG c.b.p.a.a.v.c.VendedoresRestAdapter - Se obtuvieron 7 vendedores
2026-04-27 12:30:13 [http-nio-3000-exec-10] DEBUG c.b.p.a.d.p.s.GestionProductosService - Se encontraron 24 productos con stock bajo
2026-04-27 12:30:13 [http-nio-3000-exec-2] DEBUG c.b.p.a.d.p.s.GestionProductosService - Se obtuvieron 25 productos
2026-04-27 12:30:13 [http-nio-3000-exec-2] DEBUG c.b.p.a.a.p.c.ProductosRestAdapter - Se obtuvieron 25 productos
2026-04-27 12:30:14 [http-nio-3000-exec-3] INFO  c.b.p.a.a.v.c.VendedoresRestAdapter - GET /vendedores - Obtener todos los vendedores
2026-04-27 12:30:14 [http-nio-3000-exec-3] DEBUG c.b.p.a.d.v.s.GestionVendedoresService - Obteniendo todos los vendedores
2026-04-27 12:30:14 [http-nio-3000-exec-6] INFO  c.b.p.a.a.p.c.ProductosRestAdapter - GET /productos - Obtener todos los productos
2026-04-27 12:30:14 [http-nio-3000-exec-6] DEBUG c.b.p.a.d.p.s.GestionProductosService - Obteniendo todos los productos
2026-04-27 12:30:14 [http-nio-3000-exec-3] DEBUG c.b.p.a.d.v.s.GestionVendedoresService - Se obtuvieron 7 vendedores
2026-04-27 12:30:14 [http-nio-3000-exec-3] DEBUG c.b.p.a.a.v.c.VendedoresRestAdapter - Se obtuvieron 7 vendedores
2026-04-27 12:30:14 [http-nio-3000-exec-6] DEBUG c.b.p.a.d.p.s.GestionProductosService - Se obtuvieron 25 productos
2026-04-27 12:30:14 [http-nio-3000-exec-6] DEBUG c.b.p.a.a.p.c.ProductosRestAdapter - Se obtuvieron 25 productos
2026-04-27 12:30:14 [http-nio-3000-exec-9] DEBUG c.b.p.a.d.a.s.AutorizacionAuthService - Obteniendo perfil por token
2026-04-27 12:30:14 [http-nio-3000-exec-4] DEBUG c.b.p.a.d.a.s.AutorizacionAuthService - Obteniendo perfil por token
2026-04-27 12:30:14 [http-nio-3000-exec-1] DEBUG c.b.p.a.d.a.s.AutorizacionAuthService - Obteniendo perfil por token
2026-04-27 12:30:14 [http-nio-3000-exec-8] DEBUG c.b.p.a.d.a.s.AutorizacionAuthService - Obteniendo perfil por token
2026-04-27 12:30:14 [http-nio-3000-exec-5] DEBUG c.b.p.a.d.a.s.AutorizacionAuthService - Obteniendo perfil por token
2026-04-27 12:30:14 [http-nio-3000-exec-7] DEBUG c.b.p.a.d.a.s.AutorizacionAuthService - Obteniendo perfil por token
2026-04-27 12:30:14 [http-nio-3000-exec-9] DEBUG c.b.p.a.d.a.s.AutorizacionAuthService - Perfil obtenido exitosamente para usuario ID: f2dc5b92-7ded-4c42-9e5a-d8a22aaf4a3a
2026-04-27 12:30:14 [http-nio-3000-exec-9] INFO  c.b.p.a.a.i.c.InventarioRestAdapter - GET /inventario/vendedor/73ed0c2b-851c-44c8-a08b-ded6f61924f9 - consulta por mateovargas220705@gmail.com
2026-04-27 12:30:14 [http-nio-3000-exec-9] INFO  c.b.p.a.d.i.s.GestionInventarioService - Consultando cargas por vendedor: 73ed0c2b-851c-44c8-a08b-ded6f61924f9
2026-04-27 12:30:14 [http-nio-3000-exec-9] DEBUG c.b.p.a.i.p.s.a.SupabaseAsignacionRepositoryAdapter - Consultando asignaciones por vendedor: 73ed0c2b-851c-44c8-a08b-ded6f61924f9
2026-04-27 12:30:14 [http-nio-3000-exec-5] DEBUG c.b.p.a.d.a.s.AutorizacionAuthService - Perfil obtenido exitosamente para usuario ID: f2dc5b92-7ded-4c42-9e5a-d8a22aaf4a3a
2026-04-27 12:30:14 [http-nio-3000-exec-5] INFO  c.b.p.a.a.i.c.InventarioRestAdapter - GET /inventario/vendedor/5e0e4eff-aec3-46df-a77e-d4feeb19394c - consulta por mateovargas220705@gmail.com
2026-04-27 12:30:14 [http-nio-3000-exec-5] INFO  c.b.p.a.d.i.s.GestionInventarioService - Consultando cargas por vendedor: 5e0e4eff-aec3-46df-a77e-d4feeb19394c
2026-04-27 12:30:15 [http-nio-3000-exec-5] DEBUG c.b.p.a.i.p.s.a.SupabaseAsignacionRepositoryAdapter - Consultando asignaciones por vendedor: 5e0e4eff-aec3-46df-a77e-d4feeb19394c
2026-04-27 12:30:15 [http-nio-3000-exec-4] DEBUG c.b.p.a.d.a.s.AutorizacionAuthService - Perfil obtenido exitosamente para usuario ID: f2dc5b92-7ded-4c42-9e5a-d8a22aaf4a3a
2026-04-27 12:30:15 [http-nio-3000-exec-4] INFO  c.b.p.a.a.i.c.InventarioRestAdapter - GET /inventario/vendedor/0b9544ca-bfbe-4335-821c-5c8eb4b553b2 - consulta por mateovargas220705@gmail.com
2026-04-27 12:30:15 [http-nio-3000-exec-4] INFO  c.b.p.a.d.i.s.GestionInventarioService - Consultando cargas por vendedor: 0b9544ca-bfbe-4335-821c-5c8eb4b553b2
2026-04-27 12:30:15 [http-nio-3000-exec-4] DEBUG c.b.p.a.i.p.s.a.SupabaseAsignacionRepositoryAdapter - Consultando asignaciones por vendedor: 0b9544ca-bfbe-4335-821c-5c8eb4b553b2
2026-04-27 12:30:15 [http-nio-3000-exec-8] DEBUG c.b.p.a.d.a.s.AutorizacionAuthService - Perfil obtenido exitosamente para usuario ID: f2dc5b92-7ded-4c42-9e5a-d8a22aaf4a3a
2026-04-27 12:30:15 [http-nio-3000-exec-8] INFO  c.b.p.a.a.i.c.InventarioRestAdapter - GET /inventario/vendedor/2ab0631c-da17-4bd8-b9b9-237de54711c6 - consulta por mateovargas220705@gmail.com
2026-04-27 12:30:15 [http-nio-3000-exec-1] DEBUG c.b.p.a.d.a.s.AutorizacionAuthService - Perfil obtenido exitosamente para usuario ID: f2dc5b92-7ded-4c42-9e5a-d8a22aaf4a3a
2026-04-27 12:30:15 [http-nio-3000-exec-1] INFO  c.b.p.a.a.i.c.InventarioRestAdapter - GET /inventario/vendedor/7dec6fc9-8ddc-48c6-86a3-a1dbfc46f80e - consulta por mateovargas220705@gmail.com
2026-04-27 12:30:15 [http-nio-3000-exec-1] INFO  c.b.p.a.d.i.s.GestionInventarioService - Consultando cargas por vendedor: 7dec6fc9-8ddc-48c6-86a3-a1dbfc46f80e
2026-04-27 12:30:15 [http-nio-3000-exec-9] DEBUG c.b.p.a.i.p.s.a.SupabaseAsignacionRepositoryAdapter - Asignaciones encontradas para vendedor 73ed0c2b-851c-44c8-a08b-ded6f61924f9: 4
2026-04-27 12:30:15 [http-nio-3000-exec-8] INFO  c.b.p.a.d.i.s.GestionInventarioService - Consultando cargas por vendedor: 2ab0631c-da17-4bd8-b9b9-237de54711c6
2026-04-27 12:30:15 [http-nio-3000-exec-1] DEBUG c.b.p.a.i.p.s.a.SupabaseAsignacionRepositoryAdapter - Consultando asignaciones por vendedor: 7dec6fc9-8ddc-48c6-86a3-a1dbfc46f80e
2026-04-27 12:30:15 [http-nio-3000-exec-8] DEBUG c.b.p.a.i.p.s.a.SupabaseAsignacionRepositoryAdapter - Consultando asignaciones por vendedor: 2ab0631c-da17-4bd8-b9b9-237de54711c6
2026-04-27 12:30:15 [http-nio-3000-exec-7] DEBUG c.b.p.a.d.a.s.AutorizacionAuthService - Perfil obtenido exitosamente para usuario ID: f2dc5b92-7ded-4c42-9e5a-d8a22aaf4a3a
2026-04-27 12:30:15 [http-nio-3000-exec-7] INFO  c.b.p.a.a.i.c.InventarioRestAdapter - GET /inventario/vendedor/6b0a5026-52f3-475a-a20f-5aacf94764f0 - consulta por mateovargas220705@gmail.com
2026-04-27 12:30:15 [http-nio-3000-exec-7] INFO  c.b.p.a.d.i.s.GestionInventarioService - Consultando cargas por vendedor: 6b0a5026-52f3-475a-a20f-5aacf94764f0
2026-04-27 12:30:15 [http-nio-3000-exec-7] DEBUG c.b.p.a.i.p.s.a.SupabaseAsignacionRepositoryAdapter - Consultando asignaciones por vendedor: 6b0a5026-52f3-475a-a20f-5aacf94764f0
2026-04-27 12:30:15 [http-nio-3000-exec-10] DEBUG c.b.p.a.d.a.s.AutorizacionAuthService - Obteniendo perfil por token
2026-04-27 12:30:15 [http-nio-3000-exec-5] DEBUG c.b.p.a.i.p.s.a.SupabaseAsignacionRepositoryAdapter - Asignaciones encontradas para vendedor 5e0e4eff-aec3-46df-a77e-d4feeb19394c: 4
2026-04-27 12:30:15 [http-nio-3000-exec-4] DEBUG c.b.p.a.i.p.s.a.SupabaseAsignacionRepositoryAdapter - Asignaciones encontradas para vendedor 0b9544ca-bfbe-4335-821c-5c8eb4b553b2: 1
2026-04-27 12:30:15 [http-nio-3000-exec-7] DEBUG c.b.p.a.i.p.s.a.SupabaseAsignacionRepositoryAdapter - Asignaciones encontradas para vendedor 6b0a5026-52f3-475a-a20f-5aacf94764f0: 27
2026-04-27 12:30:15 [http-nio-3000-exec-8] DEBUG c.b.p.a.i.p.s.a.SupabaseAsignacionRepositoryAdapter - Asignaciones encontradas para vendedor 2ab0631c-da17-4bd8-b9b9-237de54711c6: 9
2026-04-27 12:30:15 [http-nio-3000-exec-1] DEBUG c.b.p.a.i.p.s.a.SupabaseAsignacionRepositoryAdapter - Asignaciones encontradas para vendedor 7dec6fc9-8ddc-48c6-86a3-a1dbfc46f80e: 1
2026-04-27 12:30:15 [http-nio-3000-exec-10] DEBUG c.b.p.a.d.a.s.AutorizacionAuthService - Perfil obtenido exitosamente para usuario ID: f2dc5b92-7ded-4c42-9e5a-d8a22aaf4a3a
2026-04-27 12:30:15 [http-nio-3000-exec-10] INFO  c.b.p.a.a.i.c.InventarioRestAdapter - GET /inventario/vendedor/997e2337-32a6-4ba5-84fb-873ef1b6036f - consulta por mateovargas220705@gmail.com
2026-04-27 12:30:15 [http-nio-3000-exec-10] INFO  c.b.p.a.d.i.s.GestionInventarioService - Consultando cargas por vendedor: 997e2337-32a6-4ba5-84fb-873ef1b6036f
2026-04-27 12:30:15 [http-nio-3000-exec-10] DEBUG c.b.p.a.i.p.s.a.SupabaseAsignacionRepositoryAdapter - Consultando asignaciones por vendedor: 997e2337-32a6-4ba5-84fb-873ef1b6036f
2026-04-27 12:30:15 [http-nio-3000-exec-10] DEBUG c.b.p.a.i.p.s.a.SupabaseAsignacionRepositoryAdapter - Asignaciones encontradas para vendedor 997e2337-32a6-4ba5-84fb-873ef1b6036f: 0
2026-04-27 12:30:15 [http-nio-3000-exec-2] INFO  c.b.p.a.a.p.c.ProductosRestAdapter - GET /productos - Obtener todos los productos
2026-04-27 12:30:15 [http-nio-3000-exec-2] DEBUG c.b.p.a.d.p.s.GestionProductosService - Obteniendo todos los productos
2026-04-27 12:30:16 [http-nio-3000-exec-2] DEBUG c.b.p.a.d.p.s.GestionProductosService - Se obtuvieron 25 productos
2026-04-27 12:30:16 [http-nio-3000-exec-2] DEBUG c.b.p.a.a.p.c.ProductosRestAdapter - Se obtuvieron 25 productos
2026-04-27 12:30:16 [http-nio-3000-exec-3] INFO  c.b.p.a.a.v.c.VendedoresRestAdapter - GET /vendedores - Obtener todos los vendedores
2026-04-27 12:30:16 [http-nio-3000-exec-3] DEBUG c.b.p.a.d.v.s.GestionVendedoresService - Obteniendo todos los vendedores
2026-04-27 12:30:17 [http-nio-3000-exec-3] DEBUG c.b.p.a.d.v.s.GestionVendedoresService - Se obtuvieron 7 vendedores
2026-04-27 12:30:17 [http-nio-3000-exec-3] DEBUG c.b.p.a.a.v.c.VendedoresRestAdapter - Se obtuvieron 7 vendedores
2026-04-27 12:30:17 [http-nio-3000-exec-6] INFO  c.b.p.a.a.p.c.ProductosRestAdapter - GET /productos - Obtener todos los productos
2026-04-27 12:30:17 [http-nio-3000-exec-9] INFO  c.b.p.a.a.v.c.VendedoresRestAdapter - GET /vendedores - Obtener todos los vendedores
2026-04-27 12:30:17 [http-nio-3000-exec-6] DEBUG c.b.p.a.d.p.s.GestionProductosService - Obteniendo todos los productos
2026-04-27 12:30:17 [http-nio-3000-exec-5] INFO  c.b.p.a.a.p.c.ProductosRestAdapter - GET /productos/stock-bajo - Consultando alertas con umbral: 100
2026-04-27 12:30:17 [http-nio-3000-exec-9] DEBUG c.b.p.a.d.v.s.GestionVendedoresService - Obteniendo todos los vendedores
2026-04-27 12:30:17 [http-nio-3000-exec-5] DEBUG c.b.p.a.d.p.s.GestionProductosService - Obteniendo productos con stock bajo. Umbral: 100
2026-04-27 12:30:17 [http-nio-3000-exec-5] DEBUG c.b.p.a.d.p.s.GestionProductosService - Se encontraron 24 productos con stock bajo
2026-04-27 12:30:17 [http-nio-3000-exec-6] DEBUG c.b.p.a.d.p.s.GestionProductosService - Se obtuvieron 25 productos
2026-04-27 12:30:17 [http-nio-3000-exec-6] DEBUG c.b.p.a.a.p.c.ProductosRestAdapter - Se obtuvieron 25 productos
2026-04-27 12:30:17 [http-nio-3000-exec-9] DEBUG c.b.p.a.d.v.s.GestionVendedoresService - Se obtuvieron 7 vendedores
2026-04-27 12:30:17 [http-nio-3000-exec-9] DEBUG c.b.p.a.a.v.c.VendedoresRestAdapter - Se obtuvieron 7 vendedores
2026-04-27 12:30:26 [http-nio-3000-exec-4] INFO  c.b.p.a.a.a.c.AuthRestAdapter - POST /auth/signin - Intento de autenticación para email: andres@gmail.com
2026-04-27 12:30:26 [http-nio-3000-exec-4] DEBUG c.b.p.a.d.a.s.AutorizacionAuthService - Autenticando usuario con email: andres@gmail.com
2026-04-27 12:30:27 [http-nio-3000-exec-4] DEBUG c.b.p.a.d.a.s.AutorizacionAuthService - Autenticación completada para email: andres@gmail.com
2026-04-27 12:30:27 [http-nio-3000-exec-4] INFO  c.b.p.a.a.a.c.AuthRestAdapter - Autenticación exitosa para email: andres@gmail.com
2026-04-27 12:30:27 [http-nio-3000-exec-7] INFO  c.b.p.a.a.a.c.AuthRestAdapter - GET /auth/me - Obtener perfil del usuario actual
2026-04-27 12:30:27 [http-nio-3000-exec-7] DEBUG c.b.p.a.d.a.s.AutorizacionAuthService - Obteniendo perfil por token
2026-04-27 12:30:27 [http-nio-3000-exec-7] DEBUG c.b.p.a.d.a.s.AutorizacionAuthService - Perfil obtenido exitosamente para usuario ID: 6b0a5026-52f3-475a-a20f-5aacf94764f0
2026-04-27 12:30:27 [http-nio-3000-exec-7] DEBUG c.b.p.a.a.a.c.AuthRestAdapter - Perfil obtenido para usuario: andres@gmail.com
2026-04-27 12:30:27 [http-nio-3000-exec-1] INFO  c.b.p.a.a.p.c.ProductosRestAdapter - GET /productos - Obtener todos los productos
2026-04-27 12:30:27 [http-nio-3000-exec-10] DEBUG c.b.p.a.d.a.s.AutorizacionAuthService - Obteniendo perfil por token
2026-04-27 12:30:27 [http-nio-3000-exec-1] DEBUG c.b.p.a.d.p.s.GestionProductosService - Obteniendo todos los productos
2026-04-27 12:30:27 [http-nio-3000-exec-1] DEBUG c.b.p.a.d.p.s.GestionProductosService - Se obtuvieron 25 productos
2026-04-27 12:30:27 [http-nio-3000-exec-1] DEBUG c.b.p.a.a.p.c.ProductosRestAdapter - Se obtuvieron 25 productos
2026-04-27 12:30:28 [http-nio-3000-exec-10] DEBUG c.b.p.a.d.a.s.AutorizacionAuthService - Perfil obtenido exitosamente para usuario ID: 6b0a5026-52f3-475a-a20f-5aacf94764f0
2026-04-27 12:30:28 [http-nio-3000-exec-10] INFO  c.b.p.a.a.i.c.InventarioRestAdapter - GET /inventario/vendedor/6b0a5026-52f3-475a-a20f-5aacf94764f0 - consulta por andres@gmail.com
2026-04-27 12:30:28 [http-nio-3000-exec-10] INFO  c.b.p.a.d.i.s.GestionInventarioService - Consultando cargas por vendedor: 6b0a5026-52f3-475a-a20f-5aacf94764f0
2026-04-27 12:30:28 [http-nio-3000-exec-10] DEBUG c.b.p.a.i.p.s.a.SupabaseAsignacionRepositoryAdapter - Consultando asignaciones por vendedor: 6b0a5026-52f3-475a-a20f-5aacf94764f0
2026-04-27 12:30:28 [http-nio-3000-exec-10] DEBUG c.b.p.a.i.p.s.a.SupabaseAsignacionRepositoryAdapter - Asignaciones encontradas para vendedor 6b0a5026-52f3-475a-a20f-5aacf94764f0: 27
2026-04-27 12:33:56 [SpringApplicationShutdownHook] INFO  o.s.b.w.e.tomcat.GracefulShutdown - Commencing graceful shutdown. Waiting for active requests to complete
2026-04-27 12:33:56 [tomcat-shutdown] INFO  o.s.b.w.e.tomcat.GracefulShutdown - Graceful shutdown complete
2026-05-10 10:58:43 [background-preinit] INFO  o.h.validator.internal.util.Version - HV000001: Hibernate Validator 8.0.2.Final
2026-05-10 10:58:43 [restartedMain] INFO  c.back.puntoventa.app.AppApplication - Starting AppApplication using Java 26 with PID 23816 (C:\Users\HP\Desktop\7mo SEMESTRE\Taller de sistemas de informacion\PuntoVenta\Back-PuntoVenta\target\classes started by HP in C:\Users\HP\Desktop\7mo SEMESTRE\Taller de sistemas de informacion\PuntoVenta\Back-PuntoVenta)
2026-05-10 10:58:43 [restartedMain] DEBUG c.back.puntoventa.app.AppApplication - Running with Spring Boot v3.4.1, Spring v6.2.1
2026-05-10 10:58:43 [restartedMain] INFO  c.back.puntoventa.app.AppApplication - No active profile set, falling back to 1 default profile: "default"
2026-05-10 10:58:43 [restartedMain] INFO  o.s.b.d.e.DevToolsPropertyDefaultsPostProcessor - Devtools property defaults active! Set 'spring.devtools.add-properties' to 'false' to disable
2026-05-10 10:58:43 [restartedMain] INFO  o.s.b.d.e.DevToolsPropertyDefaultsPostProcessor - For additional web related logging consider setting the 'logging.level.web' property to 'DEBUG'
2026-05-10 10:58:45 [restartedMain] INFO  o.s.b.w.e.tomcat.TomcatWebServer - Tomcat initialized with port 3000 (http)
2026-05-10 10:58:45 [restartedMain] INFO  o.a.coyote.http11.Http11NioProtocol - Initializing ProtocolHandler ["http-nio-3000"]
2026-05-10 10:58:45 [restartedMain] INFO  o.a.catalina.core.StandardService - Starting service [Tomcat]
2026-05-10 10:58:45 [restartedMain] INFO  o.a.catalina.core.StandardEngine - Starting Servlet engine: [Apache Tomcat/10.1.34]
2026-05-10 10:58:45 [restartedMain] INFO  o.a.c.c.C.[Tomcat].[localhost].[/] - Initializing Spring embedded WebApplicationContext
2026-05-10 10:58:45 [restartedMain] INFO  o.s.b.w.s.c.ServletWebServerApplicationContext - Root WebApplicationContext: initialization completed in 1262 ms
2026-05-10 10:58:45 [restartedMain] INFO  o.s.b.d.a.OptionalLiveReloadServer - LiveReload server is running on port 35729
2026-05-10 10:58:45 [restartedMain] INFO  o.a.coyote.http11.Http11NioProtocol - Starting ProtocolHandler ["http-nio-3000"]
2026-05-10 10:58:45 [restartedMain] INFO  o.s.b.w.e.tomcat.TomcatWebServer - Tomcat started on port 3000 (http) with context path '/'
2026-05-10 10:58:45 [restartedMain] INFO  c.back.puntoventa.app.AppApplication - Started AppApplication in 2.713 seconds (process running for 3.097)
2026-05-10 11:05:11 [http-nio-3000-exec-1] INFO  o.a.c.c.C.[Tomcat].[localhost].[/] - Initializing Spring DispatcherServlet 'dispatcherServlet'
2026-05-10 11:05:11 [http-nio-3000-exec-1] INFO  o.s.web.servlet.DispatcherServlet - Initializing Servlet 'dispatcherServlet'
2026-05-10 11:05:11 [http-nio-3000-exec-1] INFO  o.s.web.servlet.DispatcherServlet - Completed initialization in 12 ms
2026-05-10 11:05:11 [http-nio-3000-exec-2] INFO  c.b.p.a.a.a.c.AuthRestAdapter - POST /auth/signin - Intento de autenticación para email: mateovargas220705@gmail.com
2026-05-10 11:05:11 [http-nio-3000-exec-2] DEBUG c.b.p.a.d.a.s.AutorizacionAuthService - Autenticando usuario con email: mateovargas220705@gmail.com
2026-05-10 11:05:15 [http-nio-3000-exec-2] DEBUG c.b.p.a.d.a.s.AutorizacionAuthService - Autenticación completada para email: mateovargas220705@gmail.com
2026-05-10 11:05:15 [http-nio-3000-exec-2] INFO  c.b.p.a.a.a.c.AuthRestAdapter - Autenticación exitosa para email: mateovargas220705@gmail.com
2026-05-10 11:05:15 [http-nio-3000-exec-4] INFO  c.b.p.a.a.p.c.ProductosRestAdapter - GET /productos - Obtener todos los productos
2026-05-10 11:05:15 [http-nio-3000-exec-4] DEBUG c.b.p.a.d.p.s.GestionProductosService - Obteniendo todos los productos
2026-05-10 11:05:15 [http-nio-3000-exec-6] INFO  c.b.p.a.a.v.c.VendedoresRestAdapter - GET /vendedores - Obtener todos los vendedores
2026-05-10 11:05:15 [http-nio-3000-exec-6] DEBUG c.b.p.a.d.v.s.GestionVendedoresService - Obteniendo todos los vendedores
2026-05-10 11:05:15 [http-nio-3000-exec-8] INFO  c.b.p.a.a.p.c.ProductosRestAdapter - GET /productos/stock-bajo - Consultando alertas con umbral: 100
2026-05-10 11:05:15 [http-nio-3000-exec-8] DEBUG c.b.p.a.d.p.s.GestionProductosService - Obteniendo productos con stock bajo. Umbral: 100
2026-05-10 11:05:16 [http-nio-3000-exec-4] DEBUG c.b.p.a.d.p.s.GestionProductosService - Se obtuvieron 25 productos
2026-05-10 11:05:16 [http-nio-3000-exec-4] DEBUG c.b.p.a.a.p.c.ProductosRestAdapter - Se obtuvieron 25 productos
2026-05-10 11:05:16 [http-nio-3000-exec-6] DEBUG c.b.p.a.d.v.s.GestionVendedoresService - Se obtuvieron 10 vendedores
2026-05-10 11:05:16 [http-nio-3000-exec-6] DEBUG c.b.p.a.a.v.c.VendedoresRestAdapter - Se obtuvieron 10 vendedores
2026-05-10 11:05:16 [http-nio-3000-exec-8] DEBUG c.b.p.a.d.p.s.GestionProductosService - Se encontraron 24 productos con stock bajo
2026-05-10 11:05:55 [SpringApplicationShutdownHook] INFO  o.s.b.w.e.tomcat.GracefulShutdown - Commencing graceful shutdown. Waiting for active requests to complete
2026-05-10 11:05:55 [tomcat-shutdown] INFO  o.s.b.w.e.tomcat.GracefulShutdown - Graceful shutdown complete
2026-05-10 11:15:56 [background-preinit] INFO  o.h.validator.internal.util.Version - HV000001: Hibernate Validator 8.0.2.Final
2026-05-10 11:15:56 [restartedMain] INFO  c.back.puntoventa.app.AppApplication - Starting AppApplication using Java 26 with PID 22988 (C:\Users\HP\Desktop\7mo SEMESTRE\Taller de sistemas de informacion\PuntoVenta\Back-PuntoVenta\target\classes started by HP in C:\Users\HP\Desktop\7mo SEMESTRE\Taller de sistemas de informacion\PuntoVenta\Back-PuntoVenta)
2026-05-10 11:15:56 [restartedMain] DEBUG c.back.puntoventa.app.AppApplication - Running with Spring Boot v3.4.1, Spring v6.2.1
2026-05-10 11:15:56 [restartedMain] INFO  c.back.puntoventa.app.AppApplication - No active profile set, falling back to 1 default profile: "default"
2026-05-10 11:15:56 [restartedMain] INFO  o.s.b.d.e.DevToolsPropertyDefaultsPostProcessor - Devtools property defaults active! Set 'spring.devtools.add-properties' to 'false' to disable
2026-05-10 11:15:56 [restartedMain] INFO  o.s.b.d.e.DevToolsPropertyDefaultsPostProcessor - For additional web related logging consider setting the 'logging.level.web' property to 'DEBUG'
2026-05-10 11:15:58 [restartedMain] INFO  o.s.b.w.e.tomcat.TomcatWebServer - Tomcat initialized with port 3000 (http)
2026-05-10 11:15:58 [restartedMain] INFO  o.a.coyote.http11.Http11NioProtocol - Initializing ProtocolHandler ["http-nio-3000"]
2026-05-10 11:15:58 [restartedMain] INFO  o.a.catalina.core.StandardService - Starting service [Tomcat]
2026-05-10 11:15:58 [restartedMain] INFO  o.a.catalina.core.StandardEngine - Starting Servlet engine: [Apache Tomcat/10.1.34]
2026-05-10 11:15:58 [restartedMain] INFO  o.a.c.c.C.[Tomcat].[localhost].[/] - Initializing Spring embedded WebApplicationContext
2026-05-10 11:15:58 [restartedMain] INFO  o.s.b.w.s.c.ServletWebServerApplicationContext - Root WebApplicationContext: initialization completed in 1208 ms
2026-05-10 11:15:59 [restartedMain] INFO  o.s.b.d.a.OptionalLiveReloadServer - LiveReload server is running on port 35729
2026-05-10 11:15:59 [restartedMain] INFO  o.a.coyote.http11.Http11NioProtocol - Starting ProtocolHandler ["http-nio-3000"]
2026-05-10 11:15:59 [restartedMain] INFO  o.s.b.w.e.tomcat.TomcatWebServer - Tomcat started on port 3000 (http) with context path '/'
2026-05-10 11:15:59 [restartedMain] INFO  c.back.puntoventa.app.AppApplication - Started AppApplication in 2.685 seconds (process running for 3.047)
2026-05-10 11:16:15 [http-nio-3000-exec-1] INFO  o.a.c.c.C.[Tomcat].[localhost].[/] - Initializing Spring DispatcherServlet 'dispatcherServlet'
2026-05-10 11:16:15 [http-nio-3000-exec-1] INFO  o.s.web.servlet.DispatcherServlet - Initializing Servlet 'dispatcherServlet'
2026-05-10 11:16:15 [http-nio-3000-exec-1] INFO  o.s.web.servlet.DispatcherServlet - Completed initialization in 0 ms
2026-05-10 11:16:15 [http-nio-3000-exec-1] INFO  c.b.p.a.a.a.c.AuthRestAdapter - POST /auth/signin - Intento de autenticación para email: mateovargas220705@gmail.com
2026-05-10 11:16:15 [http-nio-3000-exec-1] DEBUG c.b.p.a.d.a.s.AutorizacionAuthService - Autenticando usuario con email: mateovargas220705@gmail.com
2026-05-10 11:16:17 [http-nio-3000-exec-1] DEBUG c.b.p.a.d.a.s.AutorizacionAuthService - Autenticación completada para email: mateovargas220705@gmail.com
2026-05-10 11:16:17 [http-nio-3000-exec-1] INFO  c.b.p.a.a.a.c.AuthRestAdapter - Autenticación exitosa para email: mateovargas220705@gmail.com
2026-05-10 11:16:17 [http-nio-3000-exec-2] INFO  c.b.p.a.a.p.c.ProductosRestAdapter - GET /productos - Obtener todos los productos
2026-05-10 11:16:17 [http-nio-3000-exec-7] INFO  c.b.p.a.a.v.c.VendedoresRestAdapter - GET /vendedores - Obtener todos los vendedores
2026-05-10 11:16:17 [http-nio-3000-exec-2] DEBUG c.b.p.a.d.p.s.GestionProductosService - Obteniendo todos los productos
2026-05-10 11:16:17 [http-nio-3000-exec-7] DEBUG c.b.p.a.d.v.s.GestionVendedoresService - Obteniendo todos los vendedores
2026-05-10 11:16:17 [http-nio-3000-exec-9] INFO  c.b.p.a.a.p.c.ProductosRestAdapter - GET /productos/stock-bajo - Consultando alertas con umbral: 100
2026-05-10 11:16:17 [http-nio-3000-exec-9] DEBUG c.b.p.a.d.p.s.GestionProductosService - Obteniendo productos con stock bajo. Umbral: 100
2026-05-10 11:16:18 [http-nio-3000-exec-9] DEBUG c.b.p.a.d.p.s.GestionProductosService - Se encontraron 24 productos con stock bajo
2026-05-10 11:16:18 [http-nio-3000-exec-2] DEBUG c.b.p.a.d.p.s.GestionProductosService - Se obtuvieron 25 productos
2026-05-10 11:16:18 [http-nio-3000-exec-2] DEBUG c.b.p.a.a.p.c.ProductosRestAdapter - Se obtuvieron 25 productos
2026-05-10 11:16:18 [http-nio-3000-exec-7] DEBUG c.b.p.a.d.v.s.GestionVendedoresService - Se obtuvieron 10 vendedores
2026-05-10 11:16:18 [http-nio-3000-exec-7] DEBUG c.b.p.a.a.v.c.VendedoresRestAdapter - Se obtuvieron 10 vendedores
2026-05-10 11:16:29 [http-nio-3000-exec-6] INFO  c.b.p.a.a.v.c.VendedoresRestAdapter - GET /vendedores - Obtener todos los vendedores
2026-05-10 11:16:29 [http-nio-3000-exec-5] INFO  c.b.p.a.a.p.c.ProductosRestAdapter - GET /productos - Obtener todos los productos
2026-05-10 11:16:29 [http-nio-3000-exec-3] INFO  c.b.p.a.a.p.c.ProductosRestAdapter - GET /productos/stock-bajo - Consultando alertas con umbral: 100
2026-05-10 11:16:29 [http-nio-3000-exec-6] DEBUG c.b.p.a.d.v.s.GestionVendedoresService - Obteniendo todos los vendedores
2026-05-10 11:16:29 [http-nio-3000-exec-3] DEBUG c.b.p.a.d.p.s.GestionProductosService - Obteniendo productos con stock bajo. Umbral: 100
2026-05-10 11:16:29 [http-nio-3000-exec-5] DEBUG c.b.p.a.d.p.s.GestionProductosService - Obteniendo todos los productos
2026-05-10 11:16:29 [http-nio-3000-exec-5] DEBUG c.b.p.a.d.p.s.GestionProductosService - Se obtuvieron 25 productos
2026-05-10 11:16:29 [http-nio-3000-exec-5] DEBUG c.b.p.a.a.p.c.ProductosRestAdapter - Se obtuvieron 25 productos
2026-05-10 11:16:29 [http-nio-3000-exec-3] DEBUG c.b.p.a.d.p.s.GestionProductosService - Se encontraron 24 productos con stock bajo
2026-05-10 11:16:29 [http-nio-3000-exec-6] DEBUG c.b.p.a.d.v.s.GestionVendedoresService - Se obtuvieron 10 vendedores
2026-05-10 11:16:29 [http-nio-3000-exec-6] DEBUG c.b.p.a.a.v.c.VendedoresRestAdapter - Se obtuvieron 10 vendedores
2026-05-10 11:35:05 [http-nio-3000-exec-1] INFO  c.b.p.a.a.v.c.VendedoresRestAdapter - GET /vendedores - Obtener todos los vendedores
2026-05-10 11:35:05 [http-nio-3000-exec-1] DEBUG c.b.p.a.d.v.s.GestionVendedoresService - Obteniendo todos los vendedores
2026-05-10 11:35:05 [http-nio-3000-exec-2] DEBUG c.b.p.a.a.c.c.ClientesRestAdapter - Obteniendo clientes; vendedorId=null
2026-05-10 11:35:05 [http-nio-3000-exec-2] DEBUG c.b.p.a.d.c.s.GestionClientesService - Obteniendo todos los clientes
2026-05-10 11:35:05 [http-nio-3000-exec-2] DEBUG c.b.p.a.i.p.s.a.SupabaseClienteRepositoryAdapter - Obteniendo todos los clientes
2026-05-10 11:35:06 [http-nio-3000-exec-1] DEBUG c.b.p.a.d.v.s.GestionVendedoresService - Se obtuvieron 10 vendedores
2026-05-10 11:35:06 [http-nio-3000-exec-1] DEBUG c.b.p.a.a.v.c.VendedoresRestAdapter - Se obtuvieron 10 vendedores
2026-05-10 11:35:06 [http-nio-3000-exec-4] INFO  c.b.p.a.a.c.CierreJornadaRestAdapter - GET /cierres/vendedor/2ab0631c-da17-4bd8-b9b9-237de54711c6 - Historial de cierres
2026-05-10 11:35:06 [http-nio-3000-exec-1] INFO  c.b.p.a.a.c.CierreJornadaRestAdapter - GET /cierres/vendedor/0b9544ca-bfbe-4335-821c-5c8eb4b553b2 - Historial de cierres
2026-05-10 11:35:06 [http-nio-3000-exec-3] INFO  c.b.p.a.a.ventas.VentaRestAdapter - GET /ventas/cierre-jornada - Obtener cierre de jornada para vendedor 0b9544ca-bfbe-4335-821c-5c8eb4b553b2 y fecha 2026-05-10
2026-05-10 11:35:06 [http-nio-3000-exec-8] INFO  c.b.p.a.a.ventas.VentaRestAdapter - GET /ventas/cierre-jornada - Obtener cierre de jornada para vendedor 2ab0631c-da17-4bd8-b9b9-237de54711c6 y fecha 2026-05-10
2026-05-10 11:35:06 [http-nio-3000-exec-6] INFO  c.b.p.a.a.ventas.VentaRestAdapter - GET /ventas/cierre-jornada - Obtener cierre de jornada para vendedor 5e0e4eff-aec3-46df-a77e-d4feeb19394c y fecha 2026-05-10
2026-05-10 11:35:06 [http-nio-3000-exec-8] INFO  c.b.p.a.d.v.s.GestionVentasService - Obteniendo resumen de cierre de jornada para vendedor 2ab0631c-da17-4bd8-b9b9-237de54711c6 en fecha 2026-05-10
2026-05-10 11:35:06 [http-nio-3000-exec-3] INFO  c.b.p.a.d.v.s.GestionVentasService - Obteniendo resumen de cierre de jornada para vendedor 0b9544ca-bfbe-4335-821c-5c8eb4b553b2 en fecha 2026-05-10
2026-05-10 11:35:06 [http-nio-3000-exec-6] INFO  c.b.p.a.d.v.s.GestionVentasService - Obteniendo resumen de cierre de jornada para vendedor 5e0e4eff-aec3-46df-a77e-d4feeb19394c en fecha 2026-05-10
2026-05-10 11:35:06 [http-nio-3000-exec-7] DEBUG c.b.p.a.d.a.s.AutorizacionAuthService - Obteniendo perfil por token
2026-05-10 11:35:07 [http-nio-3000-exec-10] DEBUG c.b.p.a.d.a.s.AutorizacionAuthService - Obteniendo perfil por token
2026-05-10 11:35:07 [http-nio-3000-exec-5] INFO  c.b.p.a.a.ventas.VentaRestAdapter - GET /ventas/cierre-jornada - Obtener cierre de jornada para vendedor 6b0a5026-52f3-475a-a20f-5aacf94764f0 y fecha 2026-05-10
2026-05-10 11:35:07 [http-nio-3000-exec-5] INFO  c.b.p.a.d.v.s.GestionVentasService - Obteniendo resumen de cierre de jornada para vendedor 6b0a5026-52f3-475a-a20f-5aacf94764f0 en fecha 2026-05-10
2026-05-10 11:35:07 [http-nio-3000-exec-4] DEBUG c.b.p.a.d.a.s.AutorizacionAuthService - Obteniendo perfil por token
2026-05-10 11:35:07 [http-nio-3000-exec-3] DEBUG c.b.p.a.d.a.s.AutorizacionAuthService - Obteniendo perfil por token
2026-05-10 11:35:07 [http-nio-3000-exec-2] DEBUG c.b.p.a.d.a.s.AutorizacionAuthService - Obteniendo perfil por token
2026-05-10 11:35:07 [http-nio-3000-exec-8] INFO  c.b.p.a.a.c.CierreJornadaRestAdapter - GET /cierres/vendedor/6b0a5026-52f3-475a-a20f-5aacf94764f0 - Historial de cierres
2026-05-10 11:35:07 [http-nio-3000-exec-10] DEBUG c.b.p.a.d.a.s.AutorizacionAuthService - Perfil obtenido exitosamente para usuario ID: f2dc5b92-7ded-4c42-9e5a-d8a22aaf4a3a
2026-05-10 11:35:07 [http-nio-3000-exec-7] DEBUG c.b.p.a.d.a.s.AutorizacionAuthService - Perfil obtenido exitosamente para usuario ID: f2dc5b92-7ded-4c42-9e5a-d8a22aaf4a3a
2026-05-10 11:35:07 [http-nio-3000-exec-10] INFO  c.b.p.a.a.i.c.InventarioRestAdapter - GET /inventario/vendedor/5e0e4eff-aec3-46df-a77e-d4feeb19394c - consulta por mateovargas220705@gmail.com
2026-05-10 11:35:07 [http-nio-3000-exec-7] INFO  c.b.p.a.a.i.c.InventarioRestAdapter - GET /inventario/vendedor/2ab0631c-da17-4bd8-b9b9-237de54711c6 - consulta por mateovargas220705@gmail.com
2026-05-10 11:35:07 [http-nio-3000-exec-7] INFO  c.b.p.a.d.i.s.GestionInventarioService - Consultando cargas por vendedor: 2ab0631c-da17-4bd8-b9b9-237de54711c6
2026-05-10 11:35:07 [http-nio-3000-exec-10] INFO  c.b.p.a.d.i.s.GestionInventarioService - Consultando cargas por vendedor: 5e0e4eff-aec3-46df-a77e-d4feeb19394c
2026-05-10 11:35:07 [http-nio-3000-exec-7] DEBUG c.b.p.a.i.p.s.a.SupabaseAsignacionRepositoryAdapter - Consultando asignaciones por vendedor: 2ab0631c-da17-4bd8-b9b9-237de54711c6
2026-05-10 11:35:07 [http-nio-3000-exec-10] DEBUG c.b.p.a.i.p.s.a.SupabaseAsignacionRepositoryAdapter - Consultando asignaciones por vendedor: 5e0e4eff-aec3-46df-a77e-d4feeb19394c
2026-05-10 11:35:07 [http-nio-3000-exec-7] DEBUG c.b.p.a.i.p.s.a.SupabaseAsignacionRepositoryAdapter - Asignaciones encontradas para vendedor 2ab0631c-da17-4bd8-b9b9-237de54711c6: 9
2026-05-10 11:35:07 [http-nio-3000-exec-10] DEBUG c.b.p.a.i.p.s.a.SupabaseAsignacionRepositoryAdapter - Asignaciones encontradas para vendedor 5e0e4eff-aec3-46df-a77e-d4feeb19394c: 4
2026-05-10 11:35:07 [http-nio-3000-exec-1] INFO  c.b.p.a.a.c.CierreJornadaRestAdapter - GET /cierres/vendedor/5e0e4eff-aec3-46df-a77e-d4feeb19394c - Historial de cierres
2026-05-10 11:35:07 [http-nio-3000-exec-9] INFO  c.b.p.a.a.c.CierreJornadaRestAdapter - GET /cierres/vendedor/73ed0c2b-851c-44c8-a08b-ded6f61924f9 - Historial de cierres
2026-05-10 11:35:07 [http-nio-3000-exec-6] INFO  c.b.p.a.a.ventas.VentaRestAdapter - GET /ventas/cierre-jornada - Obtener cierre de jornada para vendedor 73ed0c2b-851c-44c8-a08b-ded6f61924f9 y fecha 2026-05-10
2026-05-10 11:35:07 [http-nio-3000-exec-6] INFO  c.b.p.a.d.v.s.GestionVentasService - Obteniendo resumen de cierre de jornada para vendedor 73ed0c2b-851c-44c8-a08b-ded6f61924f9 en fecha 2026-05-10
2026-05-10 11:35:07 [http-nio-3000-exec-4] DEBUG c.b.p.a.d.a.s.AutorizacionAuthService - Perfil obtenido exitosamente para usuario ID: f2dc5b92-7ded-4c42-9e5a-d8a22aaf4a3a
2026-05-10 11:35:07 [http-nio-3000-exec-4] INFO  c.b.p.a.a.i.c.InventarioRestAdapter - GET /inventario/vendedor/0b9544ca-bfbe-4335-821c-5c8eb4b553b2 - consulta por mateovargas220705@gmail.com
2026-05-10 11:35:07 [http-nio-3000-exec-3] DEBUG c.b.p.a.d.a.s.AutorizacionAuthService - Perfil obtenido exitosamente para usuario ID: f2dc5b92-7ded-4c42-9e5a-d8a22aaf4a3a
2026-05-10 11:35:07 [http-nio-3000-exec-2] DEBUG c.b.p.a.d.a.s.AutorizacionAuthService - Perfil obtenido exitosamente para usuario ID: f2dc5b92-7ded-4c42-9e5a-d8a22aaf4a3a
2026-05-10 11:35:07 [http-nio-3000-exec-4] INFO  c.b.p.a.d.i.s.GestionInventarioService - Consultando cargas por vendedor: 0b9544ca-bfbe-4335-821c-5c8eb4b553b2
2026-05-10 11:35:07 [http-nio-3000-exec-3] INFO  c.b.p.a.a.i.c.InventarioRestAdapter - GET /inventario/vendedor/6b0a5026-52f3-475a-a20f-5aacf94764f0 - consulta por mateovargas220705@gmail.com
2026-05-10 11:35:07 [http-nio-3000-exec-2] INFO  c.b.p.a.a.i.c.InventarioRestAdapter - GET /inventario/vendedor/73ed0c2b-851c-44c8-a08b-ded6f61924f9 - consulta por mateovargas220705@gmail.com
2026-05-10 11:35:07 [http-nio-3000-exec-4] DEBUG c.b.p.a.i.p.s.a.SupabaseAsignacionRepositoryAdapter - Consultando asignaciones por vendedor: 0b9544ca-bfbe-4335-821c-5c8eb4b553b2
2026-05-10 11:35:07 [http-nio-3000-exec-2] INFO  c.b.p.a.d.i.s.GestionInventarioService - Consultando cargas por vendedor: 73ed0c2b-851c-44c8-a08b-ded6f61924f9
2026-05-10 11:35:07 [http-nio-3000-exec-2] DEBUG c.b.p.a.i.p.s.a.SupabaseAsignacionRepositoryAdapter - Consultando asignaciones por vendedor: 73ed0c2b-851c-44c8-a08b-ded6f61924f9
2026-05-10 11:35:07 [http-nio-3000-exec-3] INFO  c.b.p.a.d.i.s.GestionInventarioService - Consultando cargas por vendedor: 6b0a5026-52f3-475a-a20f-5aacf94764f0
2026-05-10 11:35:07 [http-nio-3000-exec-3] DEBUG c.b.p.a.i.p.s.a.SupabaseAsignacionRepositoryAdapter - Consultando asignaciones por vendedor: 6b0a5026-52f3-475a-a20f-5aacf94764f0
2026-05-10 11:35:07 [http-nio-3000-exec-5] DEBUG c.b.p.a.d.a.s.AutorizacionAuthService - Obteniendo perfil por token
2026-05-10 11:35:07 [http-nio-3000-exec-8] INFO  c.b.p.a.a.ventas.VentaRestAdapter - GET /ventas/cierre-jornada - Obtener cierre de jornada para vendedor 7ca8780f-864c-4179-8c8a-9d8ae55b6df8 y fecha 2026-05-10
2026-05-10 11:35:07 [http-nio-3000-exec-8] INFO  c.b.p.a.d.v.s.GestionVentasService - Obteniendo resumen de cierre de jornada para vendedor 7ca8780f-864c-4179-8c8a-9d8ae55b6df8 en fecha 2026-05-10
2026-05-10 11:35:08 [http-nio-3000-exec-2] DEBUG c.b.p.a.i.p.s.a.SupabaseAsignacionRepositoryAdapter - Asignaciones encontradas para vendedor 73ed0c2b-851c-44c8-a08b-ded6f61924f9: 4
2026-05-10 11:35:08 [http-nio-3000-exec-4] DEBUG c.b.p.a.i.p.s.a.SupabaseAsignacionRepositoryAdapter - Asignaciones encontradas para vendedor 0b9544ca-bfbe-4335-821c-5c8eb4b553b2: 1
2026-05-10 11:35:08 [http-nio-3000-exec-10] INFO  c.b.p.a.a.c.CierreJornadaRestAdapter - GET /cierres/vendedor/7ca8780f-864c-4179-8c8a-9d8ae55b6df8 - Historial de cierres
2026-05-10 11:35:08 [http-nio-3000-exec-7] DEBUG c.b.p.a.d.a.s.AutorizacionAuthService - Obteniendo perfil por token
2026-05-10 11:35:08 [http-nio-3000-exec-1] INFO  c.b.p.a.a.ventas.VentaRestAdapter - GET /ventas/cierre-jornada - Obtener cierre de jornada para vendedor 7dec6fc9-8ddc-48c6-86a3-a1dbfc46f80e y fecha 2026-05-10
2026-05-10 11:35:08 [http-nio-3000-exec-3] DEBUG c.b.p.a.i.p.s.a.SupabaseAsignacionRepositoryAdapter - Asignaciones encontradas para vendedor 6b0a5026-52f3-475a-a20f-5aacf94764f0: 31
2026-05-10 11:35:08 [http-nio-3000-exec-1] INFO  c.b.p.a.d.v.s.GestionVentasService - Obteniendo resumen de cierre de jornada para vendedor 7dec6fc9-8ddc-48c6-86a3-a1dbfc46f80e en fecha 2026-05-10
2026-05-10 11:35:08 [http-nio-3000-exec-9] INFO  c.b.p.a.a.c.CierreJornadaRestAdapter - GET /cierres/vendedor/7dec6fc9-8ddc-48c6-86a3-a1dbfc46f80e - Historial de cierres
2026-05-10 11:35:08 [http-nio-3000-exec-5] DEBUG c.b.p.a.d.a.s.AutorizacionAuthService - Perfil obtenido exitosamente para usuario ID: f2dc5b92-7ded-4c42-9e5a-d8a22aaf4a3a
2026-05-10 11:35:08 [http-nio-3000-exec-5] INFO  c.b.p.a.a.i.c.InventarioRestAdapter - GET /inventario/vendedor/7ca8780f-864c-4179-8c8a-9d8ae55b6df8 - consulta por mateovargas220705@gmail.com
2026-05-10 11:35:08 [http-nio-3000-exec-5] INFO  c.b.p.a.d.i.s.GestionInventarioService - Consultando cargas por vendedor: 7ca8780f-864c-4179-8c8a-9d8ae55b6df8
2026-05-10 11:35:08 [http-nio-3000-exec-5] DEBUG c.b.p.a.i.p.s.a.SupabaseAsignacionRepositoryAdapter - Consultando asignaciones por vendedor: 7ca8780f-864c-4179-8c8a-9d8ae55b6df8
2026-05-10 11:35:08 [http-nio-3000-exec-6] DEBUG c.b.p.a.d.a.s.AutorizacionAuthService - Obteniendo perfil por token
2026-05-10 11:35:08 [http-nio-3000-exec-4] INFO  c.b.p.a.a.ventas.VentaRestAdapter - GET /ventas/cierre-jornada - Obtener cierre de jornada para vendedor 86676371-8389-4969-89b4-6a10d3e65cbd y fecha 2026-05-10
2026-05-10 11:35:08 [http-nio-3000-exec-4] INFO  c.b.p.a.d.v.s.GestionVentasService - Obteniendo resumen de cierre de jornada para vendedor 86676371-8389-4969-89b4-6a10d3e65cbd en fecha 2026-05-10
2026-05-10 11:35:08 [http-nio-3000-exec-2] INFO  c.b.p.a.a.c.CierreJornadaRestAdapter - GET /cierres/vendedor/86676371-8389-4969-89b4-6a10d3e65cbd - Historial de cierres
2026-05-10 11:35:08 [http-nio-3000-exec-5] DEBUG c.b.p.a.i.p.s.a.SupabaseAsignacionRepositoryAdapter - Asignaciones encontradas para vendedor 7ca8780f-864c-4179-8c8a-9d8ae55b6df8: 3
2026-05-10 11:35:08 [http-nio-3000-exec-3] INFO  c.b.p.a.a.ventas.VentaRestAdapter - GET /ventas/cierre-jornada - Obtener cierre de jornada para vendedor 997e2337-32a6-4ba5-84fb-873ef1b6036f y fecha 2026-05-10
2026-05-10 11:35:08 [http-nio-3000-exec-3] INFO  c.b.p.a.d.v.s.GestionVentasService - Obteniendo resumen de cierre de jornada para vendedor 997e2337-32a6-4ba5-84fb-873ef1b6036f en fecha 2026-05-10
2026-05-10 11:35:08 [http-nio-3000-exec-7] DEBUG c.b.p.a.d.a.s.AutorizacionAuthService - Perfil obtenido exitosamente para usuario ID: f2dc5b92-7ded-4c42-9e5a-d8a22aaf4a3a
2026-05-10 11:35:08 [http-nio-3000-exec-7] INFO  c.b.p.a.a.i.c.InventarioRestAdapter - GET /inventario/vendedor/7dec6fc9-8ddc-48c6-86a3-a1dbfc46f80e - consulta por mateovargas220705@gmail.com
2026-05-10 11:35:08 [http-nio-3000-exec-7] INFO  c.b.p.a.d.i.s.GestionInventarioService - Consultando cargas por vendedor: 7dec6fc9-8ddc-48c6-86a3-a1dbfc46f80e
2026-05-10 11:35:08 [http-nio-3000-exec-7] DEBUG c.b.p.a.i.p.s.a.SupabaseAsignacionRepositoryAdapter - Consultando asignaciones por vendedor: 7dec6fc9-8ddc-48c6-86a3-a1dbfc46f80e
2026-05-10 11:35:08 [http-nio-3000-exec-10] DEBUG c.b.p.a.d.a.s.AutorizacionAuthService - Obteniendo perfil por token
2026-05-10 11:35:08 [http-nio-3000-exec-8] DEBUG c.b.p.a.d.a.s.AutorizacionAuthService - Obteniendo perfil por token
2026-05-10 11:35:08 [http-nio-3000-exec-6] DEBUG c.b.p.a.d.a.s.AutorizacionAuthService - Perfil obtenido exitosamente para usuario ID: f2dc5b92-7ded-4c42-9e5a-d8a22aaf4a3a
2026-05-10 11:35:08 [http-nio-3000-exec-6] INFO  c.b.p.a.a.i.c.InventarioRestAdapter - GET /inventario/vendedor/86676371-8389-4969-89b4-6a10d3e65cbd - consulta por mateovargas220705@gmail.com
2026-05-10 11:35:08 [http-nio-3000-exec-6] INFO  c.b.p.a.d.i.s.GestionInventarioService - Consultando cargas por vendedor: 86676371-8389-4969-89b4-6a10d3e65cbd
2026-05-10 11:35:08 [http-nio-3000-exec-6] DEBUG c.b.p.a.i.p.s.a.SupabaseAsignacionRepositoryAdapter - Consultando asignaciones por vendedor: 86676371-8389-4969-89b4-6a10d3e65cbd
2026-05-10 11:35:08 [http-nio-3000-exec-7] DEBUG c.b.p.a.i.p.s.a.SupabaseAsignacionRepositoryAdapter - Asignaciones encontradas para vendedor 7dec6fc9-8ddc-48c6-86a3-a1dbfc46f80e: 1
2026-05-10 11:35:08 [http-nio-3000-exec-9] INFO  c.b.p.a.a.c.CierreJornadaRestAdapter - GET /cierres/vendedor/997e2337-32a6-4ba5-84fb-873ef1b6036f - Historial de cierres
2026-05-10 11:35:08 [http-nio-3000-exec-5] INFO  c.b.p.a.a.ventas.VentaRestAdapter - GET /ventas/cierre-jornada - Obtener cierre de jornada para vendedor c1cbc4b0-eafd-490a-be95-b1c42036ad16 y fecha 2026-05-10
2026-05-10 11:35:08 [http-nio-3000-exec-5] INFO  c.b.p.a.d.v.s.GestionVentasService - Obteniendo resumen de cierre de jornada para vendedor c1cbc4b0-eafd-490a-be95-b1c42036ad16 en fecha 2026-05-10
2026-05-10 11:35:08 [http-nio-3000-exec-6] DEBUG c.b.p.a.i.p.s.a.SupabaseAsignacionRepositoryAdapter - Asignaciones encontradas para vendedor 86676371-8389-4969-89b4-6a10d3e65cbd: 6
2026-05-10 11:35:08 [http-nio-3000-exec-1] INFO  c.b.p.a.a.c.CierreJornadaRestAdapter - GET /cierres/vendedor/c1cbc4b0-eafd-490a-be95-b1c42036ad16 - Historial de cierres
2026-05-10 11:35:08 [http-nio-3000-exec-10] DEBUG c.b.p.a.d.a.s.AutorizacionAuthService - Perfil obtenido exitosamente para usuario ID: f2dc5b92-7ded-4c42-9e5a-d8a22aaf4a3a
2026-05-10 11:35:08 [http-nio-3000-exec-10] INFO  c.b.p.a.a.i.c.InventarioRestAdapter - GET /inventario/vendedor/997e2337-32a6-4ba5-84fb-873ef1b6036f - consulta por mateovargas220705@gmail.com
2026-05-10 11:35:08 [http-nio-3000-exec-10] INFO  c.b.p.a.d.i.s.GestionInventarioService - Consultando cargas por vendedor: 997e2337-32a6-4ba5-84fb-873ef1b6036f
2026-05-10 11:35:08 [http-nio-3000-exec-10] DEBUG c.b.p.a.i.p.s.a.SupabaseAsignacionRepositoryAdapter - Consultando asignaciones por vendedor: 997e2337-32a6-4ba5-84fb-873ef1b6036f
2026-05-10 11:35:08 [http-nio-3000-exec-8] DEBUG c.b.p.a.d.a.s.AutorizacionAuthService - Perfil obtenido exitosamente para usuario ID: f2dc5b92-7ded-4c42-9e5a-d8a22aaf4a3a
2026-05-10 11:35:08 [http-nio-3000-exec-8] INFO  c.b.p.a.a.i.c.InventarioRestAdapter - GET /inventario/vendedor/c1cbc4b0-eafd-490a-be95-b1c42036ad16 - consulta por mateovargas220705@gmail.com
2026-05-10 11:35:08 [http-nio-3000-exec-8] INFO  c.b.p.a.d.i.s.GestionInventarioService - Consultando cargas por vendedor: c1cbc4b0-eafd-490a-be95-b1c42036ad16
2026-05-10 11:35:08 [http-nio-3000-exec-8] DEBUG c.b.p.a.i.p.s.a.SupabaseAsignacionRepositoryAdapter - Consultando asignaciones por vendedor: c1cbc4b0-eafd-490a-be95-b1c42036ad16
2026-05-10 11:35:09 [http-nio-3000-exec-10] DEBUG c.b.p.a.i.p.s.a.SupabaseAsignacionRepositoryAdapter - Asignaciones encontradas para vendedor 997e2337-32a6-4ba5-84fb-873ef1b6036f: 1
2026-05-10 11:35:09 [http-nio-3000-exec-8] DEBUG c.b.p.a.i.p.s.a.SupabaseAsignacionRepositoryAdapter - Asignaciones encontradas para vendedor c1cbc4b0-eafd-490a-be95-b1c42036ad16: 1
2026-05-10 11:39:01 [http-nio-3000-exec-5] DEBUG c.b.p.a.a.c.c.ClientesRestAdapter - Obteniendo clientes; vendedorId=null
2026-05-10 11:39:01 [http-nio-3000-exec-5] DEBUG c.b.p.a.d.c.s.GestionClientesService - Obteniendo todos los clientes
2026-05-10 11:39:01 [http-nio-3000-exec-5] DEBUG c.b.p.a.i.p.s.a.SupabaseClienteRepositoryAdapter - Obteniendo todos los clientes
2026-05-10 11:39:01 [http-nio-3000-exec-10] INFO  c.b.p.a.a.v.c.VendedoresRestAdapter - GET /vendedores - Obtener todos los vendedores
2026-05-10 11:39:01 [http-nio-3000-exec-10] DEBUG c.b.p.a.d.v.s.GestionVendedoresService - Obteniendo todos los vendedores
2026-05-10 11:39:02 [http-nio-3000-exec-10] DEBUG c.b.p.a.d.v.s.GestionVendedoresService - Se obtuvieron 10 vendedores
2026-05-10 11:39:02 [http-nio-3000-exec-10] DEBUG c.b.p.a.a.v.c.VendedoresRestAdapter - Se obtuvieron 10 vendedores
2026-05-10 11:39:02 [http-nio-3000-exec-3] INFO  c.b.p.a.a.c.CierreJornadaRestAdapter - GET /cierres/vendedor/0b9544ca-bfbe-4335-821c-5c8eb4b553b2 - Historial de cierres
2026-05-10 11:39:02 [http-nio-3000-exec-4] INFO  c.b.p.a.a.ventas.VentaRestAdapter - GET /ventas/cierre-jornada - Obtener cierre de jornada para vendedor 0b9544ca-bfbe-4335-821c-5c8eb4b553b2 y fecha 2026-05-10
2026-05-10 11:39:02 [http-nio-3000-exec-4] INFO  c.b.p.a.d.v.s.GestionVentasService - Obteniendo resumen de cierre de jornada para vendedor 0b9544ca-bfbe-4335-821c-5c8eb4b553b2 en fecha 2026-05-10
2026-05-10 11:39:02 [http-nio-3000-exec-8] DEBUG c.b.p.a.d.a.s.AutorizacionAuthService - Obteniendo perfil por token
2026-05-10 11:39:02 [http-nio-3000-exec-7] INFO  c.b.p.a.a.c.CierreJornadaRestAdapter - GET /cierres/vendedor/2ab0631c-da17-4bd8-b9b9-237de54711c6 - Historial de cierres
2026-05-10 11:39:02 [http-nio-3000-exec-9] DEBUG c.b.p.a.d.a.s.AutorizacionAuthService - Obteniendo perfil por token
2026-05-10 11:39:02 [http-nio-3000-exec-6] INFO  c.b.p.a.a.ventas.VentaRestAdapter - GET /ventas/cierre-jornada - Obtener cierre de jornada para vendedor 2ab0631c-da17-4bd8-b9b9-237de54711c6 y fecha 2026-05-10
2026-05-10 11:39:02 [http-nio-3000-exec-6] INFO  c.b.p.a.d.v.s.GestionVentasService - Obteniendo resumen de cierre de jornada para vendedor 2ab0631c-da17-4bd8-b9b9-237de54711c6 en fecha 2026-05-10
2026-05-10 11:39:02 [http-nio-3000-exec-2] DEBUG c.b.p.a.d.a.s.AutorizacionAuthService - Obteniendo perfil por token
2026-05-10 11:39:02 [http-nio-3000-exec-1] INFO  c.b.p.a.a.ventas.VentaRestAdapter - GET /ventas/cierre-jornada - Obtener cierre de jornada para vendedor 5e0e4eff-aec3-46df-a77e-d4feeb19394c y fecha 2026-05-10
2026-05-10 11:39:02 [http-nio-3000-exec-1] INFO  c.b.p.a.d.v.s.GestionVentasService - Obteniendo resumen de cierre de jornada para vendedor 5e0e4eff-aec3-46df-a77e-d4feeb19394c en fecha 2026-05-10
2026-05-10 11:39:02 [http-nio-3000-exec-5] INFO  c.b.p.a.a.c.CierreJornadaRestAdapter - GET /cierres/vendedor/5e0e4eff-aec3-46df-a77e-d4feeb19394c - Historial de cierres
2026-05-10 11:39:02 [http-nio-3000-exec-8] DEBUG c.b.p.a.d.a.s.AutorizacionAuthService - Perfil obtenido exitosamente para usuario ID: f2dc5b92-7ded-4c42-9e5a-d8a22aaf4a3a
2026-05-10 11:39:02 [http-nio-3000-exec-8] INFO  c.b.p.a.a.i.c.InventarioRestAdapter - GET /inventario/vendedor/0b9544ca-bfbe-4335-821c-5c8eb4b553b2 - consulta por mateovargas220705@gmail.com
2026-05-10 11:39:02 [http-nio-3000-exec-8] INFO  c.b.p.a.d.i.s.GestionInventarioService - Consultando cargas por vendedor: 0b9544ca-bfbe-4335-821c-5c8eb4b553b2
2026-05-10 11:39:02 [http-nio-3000-exec-8] DEBUG c.b.p.a.i.p.s.a.SupabaseAsignacionRepositoryAdapter - Consultando asignaciones por vendedor: 0b9544ca-bfbe-4335-821c-5c8eb4b553b2
2026-05-10 11:39:02 [http-nio-3000-exec-9] DEBUG c.b.p.a.d.a.s.AutorizacionAuthService - Perfil obtenido exitosamente para usuario ID: f2dc5b92-7ded-4c42-9e5a-d8a22aaf4a3a
2026-05-10 11:39:02 [http-nio-3000-exec-9] INFO  c.b.p.a.a.i.c.InventarioRestAdapter - GET /inventario/vendedor/2ab0631c-da17-4bd8-b9b9-237de54711c6 - consulta por mateovargas220705@gmail.com
2026-05-10 11:39:02 [http-nio-3000-exec-9] INFO  c.b.p.a.d.i.s.GestionInventarioService - Consultando cargas por vendedor: 2ab0631c-da17-4bd8-b9b9-237de54711c6
2026-05-10 11:39:02 [http-nio-3000-exec-9] DEBUG c.b.p.a.i.p.s.a.SupabaseAsignacionRepositoryAdapter - Consultando asignaciones por vendedor: 2ab0631c-da17-4bd8-b9b9-237de54711c6
2026-05-10 11:39:02 [http-nio-3000-exec-10] DEBUG c.b.p.a.d.a.s.AutorizacionAuthService - Obteniendo perfil por token
2026-05-10 11:39:02 [http-nio-3000-exec-2] DEBUG c.b.p.a.d.a.s.AutorizacionAuthService - Perfil obtenido exitosamente para usuario ID: f2dc5b92-7ded-4c42-9e5a-d8a22aaf4a3a
2026-05-10 11:39:02 [http-nio-3000-exec-2] INFO  c.b.p.a.a.i.c.InventarioRestAdapter - GET /inventario/vendedor/5e0e4eff-aec3-46df-a77e-d4feeb19394c - consulta por mateovargas220705@gmail.com
2026-05-10 11:39:02 [http-nio-3000-exec-2] INFO  c.b.p.a.d.i.s.GestionInventarioService - Consultando cargas por vendedor: 5e0e4eff-aec3-46df-a77e-d4feeb19394c
2026-05-10 11:39:02 [http-nio-3000-exec-2] DEBUG c.b.p.a.i.p.s.a.SupabaseAsignacionRepositoryAdapter - Consultando asignaciones por vendedor: 5e0e4eff-aec3-46df-a77e-d4feeb19394c
2026-05-10 11:39:02 [http-nio-3000-exec-7] INFO  c.b.p.a.a.ventas.VentaRestAdapter - GET /ventas/cierre-jornada - Obtener cierre de jornada para vendedor 6b0a5026-52f3-475a-a20f-5aacf94764f0 y fecha 2026-05-10
2026-05-10 11:39:02 [http-nio-3000-exec-7] INFO  c.b.p.a.d.v.s.GestionVentasService - Obteniendo resumen de cierre de jornada para vendedor 6b0a5026-52f3-475a-a20f-5aacf94764f0 en fecha 2026-05-10
2026-05-10 11:39:02 [http-nio-3000-exec-8] DEBUG c.b.p.a.i.p.s.a.SupabaseAsignacionRepositoryAdapter - Asignaciones encontradas para vendedor 0b9544ca-bfbe-4335-821c-5c8eb4b553b2: 1
2026-05-10 11:39:02 [http-nio-3000-exec-3] INFO  c.b.p.a.a.c.CierreJornadaRestAdapter - GET /cierres/vendedor/6b0a5026-52f3-475a-a20f-5aacf94764f0 - Historial de cierres
2026-05-10 11:39:02 [http-nio-3000-exec-4] DEBUG c.b.p.a.d.a.s.AutorizacionAuthService - Obteniendo perfil por token
2026-05-10 11:39:02 [http-nio-3000-exec-9] DEBUG c.b.p.a.i.p.s.a.SupabaseAsignacionRepositoryAdapter - Asignaciones encontradas para vendedor 2ab0631c-da17-4bd8-b9b9-237de54711c6: 9
2026-05-10 11:39:02 [http-nio-3000-exec-6] INFO  c.b.p.a.a.ventas.VentaRestAdapter - GET /ventas/cierre-jornada - Obtener cierre de jornada para vendedor 73ed0c2b-851c-44c8-a08b-ded6f61924f9 y fecha 2026-05-10
2026-05-10 11:39:02 [http-nio-3000-exec-6] INFO  c.b.p.a.d.v.s.GestionVentasService - Obteniendo resumen de cierre de jornada para vendedor 73ed0c2b-851c-44c8-a08b-ded6f61924f9 en fecha 2026-05-10
2026-05-10 11:39:02 [http-nio-3000-exec-2] DEBUG c.b.p.a.i.p.s.a.SupabaseAsignacionRepositoryAdapter - Asignaciones encontradas para vendedor 5e0e4eff-aec3-46df-a77e-d4feeb19394c: 4
2026-05-10 11:39:02 [http-nio-3000-exec-5] INFO  c.b.p.a.a.c.CierreJornadaRestAdapter - GET /cierres/vendedor/73ed0c2b-851c-44c8-a08b-ded6f61924f9 - Historial de cierres
2026-05-10 11:39:02 [http-nio-3000-exec-8] DEBUG c.b.p.a.d.a.s.AutorizacionAuthService - Obteniendo perfil por token
2026-05-10 11:39:02 [http-nio-3000-exec-10] DEBUG c.b.p.a.d.a.s.AutorizacionAuthService - Perfil obtenido exitosamente para usuario ID: f2dc5b92-7ded-4c42-9e5a-d8a22aaf4a3a
2026-05-10 11:39:02 [http-nio-3000-exec-10] INFO  c.b.p.a.a.i.c.InventarioRestAdapter - GET /inventario/vendedor/6b0a5026-52f3-475a-a20f-5aacf94764f0 - consulta por mateovargas220705@gmail.com
2026-05-10 11:39:02 [http-nio-3000-exec-10] INFO  c.b.p.a.d.i.s.GestionInventarioService - Consultando cargas por vendedor: 6b0a5026-52f3-475a-a20f-5aacf94764f0
2026-05-10 11:39:02 [http-nio-3000-exec-10] DEBUG c.b.p.a.i.p.s.a.SupabaseAsignacionRepositoryAdapter - Consultando asignaciones por vendedor: 6b0a5026-52f3-475a-a20f-5aacf94764f0
2026-05-10 11:39:02 [http-nio-3000-exec-4] DEBUG c.b.p.a.d.a.s.AutorizacionAuthService - Perfil obtenido exitosamente para usuario ID: f2dc5b92-7ded-4c42-9e5a-d8a22aaf4a3a
2026-05-10 11:39:02 [http-nio-3000-exec-4] INFO  c.b.p.a.a.i.c.InventarioRestAdapter - GET /inventario/vendedor/73ed0c2b-851c-44c8-a08b-ded6f61924f9 - consulta por mateovargas220705@gmail.com
2026-05-10 11:39:02 [http-nio-3000-exec-4] INFO  c.b.p.a.d.i.s.GestionInventarioService - Consultando cargas por vendedor: 73ed0c2b-851c-44c8-a08b-ded6f61924f9
2026-05-10 11:39:02 [http-nio-3000-exec-4] DEBUG c.b.p.a.i.p.s.a.SupabaseAsignacionRepositoryAdapter - Consultando asignaciones por vendedor: 73ed0c2b-851c-44c8-a08b-ded6f61924f9
2026-05-10 11:39:02 [http-nio-3000-exec-9] DEBUG c.b.p.a.d.a.s.AutorizacionAuthService - Obteniendo perfil por token
2026-05-10 11:39:02 [http-nio-3000-exec-1] INFO  c.b.p.a.a.ventas.VentaRestAdapter - GET /ventas/cierre-jornada - Obtener cierre de jornada para vendedor 7ca8780f-864c-4179-8c8a-9d8ae55b6df8 y fecha 2026-05-10
2026-05-10 11:39:02 [http-nio-3000-exec-2] INFO  c.b.p.a.a.c.CierreJornadaRestAdapter - GET /cierres/vendedor/7ca8780f-864c-4179-8c8a-9d8ae55b6df8 - Historial de cierres
2026-05-10 11:39:02 [http-nio-3000-exec-1] INFO  c.b.p.a.d.v.s.GestionVentasService - Obteniendo resumen de cierre de jornada para vendedor 7ca8780f-864c-4179-8c8a-9d8ae55b6df8 en fecha 2026-05-10
2026-05-10 11:39:03 [http-nio-3000-exec-10] DEBUG c.b.p.a.i.p.s.a.SupabaseAsignacionRepositoryAdapter - Asignaciones encontradas para vendedor 6b0a5026-52f3-475a-a20f-5aacf94764f0: 31
2026-05-10 11:39:03 [http-nio-3000-exec-8] DEBUG c.b.p.a.d.a.s.AutorizacionAuthService - Perfil obtenido exitosamente para usuario ID: f2dc5b92-7ded-4c42-9e5a-d8a22aaf4a3a
2026-05-10 11:39:03 [http-nio-3000-exec-8] INFO  c.b.p.a.a.i.c.InventarioRestAdapter - GET /inventario/vendedor/7ca8780f-864c-4179-8c8a-9d8ae55b6df8 - consulta por mateovargas220705@gmail.com
2026-05-10 11:39:03 [http-nio-3000-exec-8] INFO  c.b.p.a.d.i.s.GestionInventarioService - Consultando cargas por vendedor: 7ca8780f-864c-4179-8c8a-9d8ae55b6df8
2026-05-10 11:39:03 [http-nio-3000-exec-8] DEBUG c.b.p.a.i.p.s.a.SupabaseAsignacionRepositoryAdapter - Consultando asignaciones por vendedor: 7ca8780f-864c-4179-8c8a-9d8ae55b6df8
2026-05-10 11:39:03 [http-nio-3000-exec-3] INFO  c.b.p.a.a.ventas.VentaRestAdapter - GET /ventas/cierre-jornada - Obtener cierre de jornada para vendedor 7dec6fc9-8ddc-48c6-86a3-a1dbfc46f80e y fecha 2026-05-10
2026-05-10 11:39:03 [http-nio-3000-exec-3] INFO  c.b.p.a.d.v.s.GestionVentasService - Obteniendo resumen de cierre de jornada para vendedor 7dec6fc9-8ddc-48c6-86a3-a1dbfc46f80e en fecha 2026-05-10
2026-05-10 11:39:03 [http-nio-3000-exec-4] DEBUG c.b.p.a.i.p.s.a.SupabaseAsignacionRepositoryAdapter - Asignaciones encontradas para vendedor 73ed0c2b-851c-44c8-a08b-ded6f61924f9: 4
2026-05-10 11:39:03 [http-nio-3000-exec-5] INFO  c.b.p.a.a.c.CierreJornadaRestAdapter - GET /cierres/vendedor/7dec6fc9-8ddc-48c6-86a3-a1dbfc46f80e - Historial de cierres
2026-05-10 11:39:03 [http-nio-3000-exec-7] DEBUG c.b.p.a.d.a.s.AutorizacionAuthService - Obteniendo perfil por token
2026-05-10 11:39:03 [http-nio-3000-exec-8] DEBUG c.b.p.a.i.p.s.a.SupabaseAsignacionRepositoryAdapter - Asignaciones encontradas para vendedor 7ca8780f-864c-4179-8c8a-9d8ae55b6df8: 3
2026-05-10 11:39:03 [http-nio-3000-exec-9] DEBUG c.b.p.a.d.a.s.AutorizacionAuthService - Perfil obtenido exitosamente para usuario ID: f2dc5b92-7ded-4c42-9e5a-d8a22aaf4a3a
2026-05-10 11:39:03 [http-nio-3000-exec-9] INFO  c.b.p.a.a.i.c.InventarioRestAdapter - GET /inventario/vendedor/7dec6fc9-8ddc-48c6-86a3-a1dbfc46f80e - consulta por mateovargas220705@gmail.com
2026-05-10 11:39:03 [http-nio-3000-exec-9] INFO  c.b.p.a.d.i.s.GestionInventarioService - Consultando cargas por vendedor: 7dec6fc9-8ddc-48c6-86a3-a1dbfc46f80e
2026-05-10 11:39:03 [http-nio-3000-exec-6] INFO  c.b.p.a.a.ventas.VentaRestAdapter - GET /ventas/cierre-jornada - Obtener cierre de jornada para vendedor 86676371-8389-4969-89b4-6a10d3e65cbd y fecha 2026-05-10
2026-05-10 11:39:03 [http-nio-3000-exec-9] DEBUG c.b.p.a.i.p.s.a.SupabaseAsignacionRepositoryAdapter - Consultando asignaciones por vendedor: 7dec6fc9-8ddc-48c6-86a3-a1dbfc46f80e
2026-05-10 11:39:03 [http-nio-3000-exec-6] INFO  c.b.p.a.d.v.s.GestionVentasService - Obteniendo resumen de cierre de jornada para vendedor 86676371-8389-4969-89b4-6a10d3e65cbd en fecha 2026-05-10
2026-05-10 11:39:03 [http-nio-3000-exec-10] INFO  c.b.p.a.a.c.CierreJornadaRestAdapter - GET /cierres/vendedor/86676371-8389-4969-89b4-6a10d3e65cbd - Historial de cierres
2026-05-10 11:39:03 [http-nio-3000-exec-4] DEBUG c.b.p.a.d.a.s.AutorizacionAuthService - Obteniendo perfil por token
2026-05-10 11:39:03 [http-nio-3000-exec-7] DEBUG c.b.p.a.d.a.s.AutorizacionAuthService - Perfil obtenido exitosamente para usuario ID: f2dc5b92-7ded-4c42-9e5a-d8a22aaf4a3a
2026-05-10 11:39:03 [http-nio-3000-exec-7] INFO  c.b.p.a.a.i.c.InventarioRestAdapter - GET /inventario/vendedor/86676371-8389-4969-89b4-6a10d3e65cbd - consulta por mateovargas220705@gmail.com
2026-05-10 11:39:03 [http-nio-3000-exec-7] INFO  c.b.p.a.d.i.s.GestionInventarioService - Consultando cargas por vendedor: 86676371-8389-4969-89b4-6a10d3e65cbd
2026-05-10 11:39:03 [http-nio-3000-exec-7] DEBUG c.b.p.a.i.p.s.a.SupabaseAsignacionRepositoryAdapter - Consultando asignaciones por vendedor: 86676371-8389-4969-89b4-6a10d3e65cbd
2026-05-10 11:39:03 [http-nio-3000-exec-9] DEBUG c.b.p.a.i.p.s.a.SupabaseAsignacionRepositoryAdapter - Asignaciones encontradas para vendedor 7dec6fc9-8ddc-48c6-86a3-a1dbfc46f80e: 1
2026-05-10 11:39:03 [http-nio-3000-exec-2] INFO  c.b.p.a.a.ventas.VentaRestAdapter - GET /ventas/cierre-jornada - Obtener cierre de jornada para vendedor 997e2337-32a6-4ba5-84fb-873ef1b6036f y fecha 2026-05-10
2026-05-10 11:39:03 [http-nio-3000-exec-2] INFO  c.b.p.a.d.v.s.GestionVentasService - Obteniendo resumen de cierre de jornada para vendedor 997e2337-32a6-4ba5-84fb-873ef1b6036f en fecha 2026-05-10
2026-05-10 11:39:03 [http-nio-3000-exec-8] INFO  c.b.p.a.a.c.CierreJornadaRestAdapter - GET /cierres/vendedor/997e2337-32a6-4ba5-84fb-873ef1b6036f - Historial de cierres
2026-05-10 11:39:03 [http-nio-3000-exec-5] DEBUG c.b.p.a.d.a.s.AutorizacionAuthService - Obteniendo perfil por token
2026-05-10 11:39:03 [http-nio-3000-exec-7] DEBUG c.b.p.a.i.p.s.a.SupabaseAsignacionRepositoryAdapter - Asignaciones encontradas para vendedor 86676371-8389-4969-89b4-6a10d3e65cbd: 6
2026-05-10 11:39:03 [http-nio-3000-exec-4] DEBUG c.b.p.a.d.a.s.AutorizacionAuthService - Perfil obtenido exitosamente para usuario ID: f2dc5b92-7ded-4c42-9e5a-d8a22aaf4a3a
2026-05-10 11:39:03 [http-nio-3000-exec-4] INFO  c.b.p.a.a.i.c.InventarioRestAdapter - GET /inventario/vendedor/997e2337-32a6-4ba5-84fb-873ef1b6036f - consulta por mateovargas220705@gmail.com
2026-05-10 11:39:03 [http-nio-3000-exec-4] INFO  c.b.p.a.d.i.s.GestionInventarioService - Consultando cargas por vendedor: 997e2337-32a6-4ba5-84fb-873ef1b6036f
2026-05-10 11:39:03 [http-nio-3000-exec-4] DEBUG c.b.p.a.i.p.s.a.SupabaseAsignacionRepositoryAdapter - Consultando asignaciones por vendedor: 997e2337-32a6-4ba5-84fb-873ef1b6036f
2026-05-10 11:39:03 [http-nio-3000-exec-1] INFO  c.b.p.a.a.ventas.VentaRestAdapter - GET /ventas/cierre-jornada - Obtener cierre de jornada para vendedor c1cbc4b0-eafd-490a-be95-b1c42036ad16 y fecha 2026-05-10
2026-05-10 11:39:03 [http-nio-3000-exec-1] INFO  c.b.p.a.d.v.s.GestionVentasService - Obteniendo resumen de cierre de jornada para vendedor c1cbc4b0-eafd-490a-be95-b1c42036ad16 en fecha 2026-05-10
2026-05-10 11:39:03 [http-nio-3000-exec-3] INFO  c.b.p.a.a.c.CierreJornadaRestAdapter - GET /cierres/vendedor/c1cbc4b0-eafd-490a-be95-b1c42036ad16 - Historial de cierres
2026-05-10 11:39:03 [http-nio-3000-exec-4] DEBUG c.b.p.a.i.p.s.a.SupabaseAsignacionRepositoryAdapter - Asignaciones encontradas para vendedor 997e2337-32a6-4ba5-84fb-873ef1b6036f: 1
2026-05-10 11:39:03 [http-nio-3000-exec-5] DEBUG c.b.p.a.d.a.s.AutorizacionAuthService - Perfil obtenido exitosamente para usuario ID: f2dc5b92-7ded-4c42-9e5a-d8a22aaf4a3a
2026-05-10 11:39:03 [http-nio-3000-exec-5] INFO  c.b.p.a.a.i.c.InventarioRestAdapter - GET /inventario/vendedor/c1cbc4b0-eafd-490a-be95-b1c42036ad16 - consulta por mateovargas220705@gmail.com
2026-05-10 11:39:03 [http-nio-3000-exec-5] INFO  c.b.p.a.d.i.s.GestionInventarioService - Consultando cargas por vendedor: c1cbc4b0-eafd-490a-be95-b1c42036ad16
2026-05-10 11:39:03 [http-nio-3000-exec-5] DEBUG c.b.p.a.i.p.s.a.SupabaseAsignacionRepositoryAdapter - Consultando asignaciones por vendedor: c1cbc4b0-eafd-490a-be95-b1c42036ad16
2026-05-10 11:39:04 [http-nio-3000-exec-5] DEBUG c.b.p.a.i.p.s.a.SupabaseAsignacionRepositoryAdapter - Asignaciones encontradas para vendedor c1cbc4b0-eafd-490a-be95-b1c42036ad16: 1
2026-05-10 11:40:15 [http-nio-3000-exec-4] INFO  c.b.p.a.a.v.c.VendedoresRestAdapter - GET /vendedores - Obtener todos los vendedores
2026-05-10 11:40:15 [http-nio-3000-exec-4] DEBUG c.b.p.a.d.v.s.GestionVendedoresService - Obteniendo todos los vendedores
2026-05-10 11:40:15 [http-nio-3000-exec-4] DEBUG c.b.p.a.d.v.s.GestionVendedoresService - Se obtuvieron 10 vendedores
2026-05-10 11:40:15 [http-nio-3000-exec-4] DEBUG c.b.p.a.a.v.c.VendedoresRestAdapter - Se obtuvieron 10 vendedores
2026-05-10 11:40:15 [http-nio-3000-exec-3] DEBUG c.b.p.a.d.a.s.AutorizacionAuthService - Obteniendo perfil por token
2026-05-10 11:40:15 [http-nio-3000-exec-1] INFO  c.b.p.a.a.ventas.VentaRestAdapter - GET /ventas/cierre-jornada - Obtener cierre de jornada para vendedor 0b9544ca-bfbe-4335-821c-5c8eb4b553b2 y fecha 2026-05-10
2026-05-10 11:40:15 [http-nio-3000-exec-5] INFO  c.b.p.a.a.c.CierreJornadaRestAdapter - GET /cierres/vendedor/0b9544ca-bfbe-4335-821c-5c8eb4b553b2 - Historial de cierres
2026-05-10 11:40:15 [http-nio-3000-exec-1] INFO  c.b.p.a.d.v.s.GestionVentasService - Obteniendo resumen de cierre de jornada para vendedor 0b9544ca-bfbe-4335-821c-5c8eb4b553b2 en fecha 2026-05-10
2026-05-10 11:40:15 [http-nio-3000-exec-9] DEBUG c.b.p.a.d.a.s.AutorizacionAuthService - Obteniendo perfil por token
2026-05-10 11:40:15 [http-nio-3000-exec-7] INFO  c.b.p.a.a.ventas.VentaRestAdapter - GET /ventas/cierre-jornada - Obtener cierre de jornada para vendedor 2ab0631c-da17-4bd8-b9b9-237de54711c6 y fecha 2026-05-10
2026-05-10 11:40:15 [http-nio-3000-exec-7] INFO  c.b.p.a.d.v.s.GestionVentasService - Obteniendo resumen de cierre de jornada para vendedor 2ab0631c-da17-4bd8-b9b9-237de54711c6 en fecha 2026-05-10
2026-05-10 11:40:15 [http-nio-3000-exec-2] INFO  c.b.p.a.a.c.CierreJornadaRestAdapter - GET /cierres/vendedor/2ab0631c-da17-4bd8-b9b9-237de54711c6 - Historial de cierres
2026-05-10 11:40:15 [http-nio-3000-exec-10] DEBUG c.b.p.a.a.c.c.ClientesRestAdapter - Obteniendo clientes; vendedorId=0b9544ca-bfbe-4335-821c-5c8eb4b553b2
2026-05-10 11:40:15 [http-nio-3000-exec-10] DEBUG c.b.p.a.d.c.s.GestionClientesService - Obteniendo clientes por vendedor: 0b9544ca-bfbe-4335-821c-5c8eb4b553b2
2026-05-10 11:40:15 [http-nio-3000-exec-10] DEBUG c.b.p.a.i.p.s.a.SupabaseClienteRepositoryAdapter - Obteniendo clientes por vendedorId=0b9544ca-bfbe-4335-821c-5c8eb4b553b2
2026-05-10 11:40:15 [http-nio-3000-exec-8] DEBUG c.b.p.a.d.a.s.AutorizacionAuthService - Obteniendo perfil por token
2026-05-10 11:40:15 [http-nio-3000-exec-3] DEBUG c.b.p.a.d.a.s.AutorizacionAuthService - Perfil obtenido exitosamente para usuario ID: f2dc5b92-7ded-4c42-9e5a-d8a22aaf4a3a
2026-05-10 11:40:15 [http-nio-3000-exec-3] INFO  c.b.p.a.a.i.c.InventarioRestAdapter - GET /inventario/vendedor/0b9544ca-bfbe-4335-821c-5c8eb4b553b2 - consulta por mateovargas220705@gmail.com
2026-05-10 11:40:15 [http-nio-3000-exec-3] INFO  c.b.p.a.d.i.s.GestionInventarioService - Consultando cargas por vendedor: 0b9544ca-bfbe-4335-821c-5c8eb4b553b2
2026-05-10 11:40:15 [http-nio-3000-exec-3] DEBUG c.b.p.a.i.p.s.a.SupabaseAsignacionRepositoryAdapter - Consultando asignaciones por vendedor: 0b9544ca-bfbe-4335-821c-5c8eb4b553b2
2026-05-10 11:40:15 [http-nio-3000-exec-9] DEBUG c.b.p.a.d.a.s.AutorizacionAuthService - Perfil obtenido exitosamente para usuario ID: f2dc5b92-7ded-4c42-9e5a-d8a22aaf4a3a
2026-05-10 11:40:15 [http-nio-3000-exec-9] INFO  c.b.p.a.a.i.c.InventarioRestAdapter - GET /inventario/vendedor/2ab0631c-da17-4bd8-b9b9-237de54711c6 - consulta por mateovargas220705@gmail.com
2026-05-10 11:40:15 [http-nio-3000-exec-9] INFO  c.b.p.a.d.i.s.GestionInventarioService - Consultando cargas por vendedor: 2ab0631c-da17-4bd8-b9b9-237de54711c6
2026-05-10 11:40:15 [http-nio-3000-exec-9] DEBUG c.b.p.a.i.p.s.a.SupabaseAsignacionRepositoryAdapter - Consultando asignaciones por vendedor: 2ab0631c-da17-4bd8-b9b9-237de54711c6
2026-05-10 11:40:15 [http-nio-3000-exec-6] INFO  c.b.p.a.a.ventas.VentaRestAdapter - GET /ventas/cierre-jornada - Obtener cierre de jornada para vendedor 5e0e4eff-aec3-46df-a77e-d4feeb19394c y fecha 2026-05-10
2026-05-10 11:40:15 [http-nio-3000-exec-6] INFO  c.b.p.a.d.v.s.GestionVentasService - Obteniendo resumen de cierre de jornada para vendedor 5e0e4eff-aec3-46df-a77e-d4feeb19394c en fecha 2026-05-10
2026-05-10 11:40:15 [http-nio-3000-exec-5] INFO  c.b.p.a.a.c.CierreJornadaRestAdapter - GET /cierres/vendedor/5e0e4eff-aec3-46df-a77e-d4feeb19394c - Historial de cierres
2026-05-10 11:40:15 [http-nio-3000-exec-2] DEBUG c.b.p.a.d.a.s.AutorizacionAuthService - Obteniendo perfil por token
2026-05-10 11:40:15 [http-nio-3000-exec-3] DEBUG c.b.p.a.i.p.s.a.SupabaseAsignacionRepositoryAdapter - Asignaciones encontradas para vendedor 0b9544ca-bfbe-4335-821c-5c8eb4b553b2: 1
2026-05-10 11:40:15 [http-nio-3000-exec-4] INFO  c.b.p.a.a.ventas.VentaRestAdapter - GET /ventas/cierre-jornada - Obtener cierre de jornada para vendedor 6b0a5026-52f3-475a-a20f-5aacf94764f0 y fecha 2026-05-10
2026-05-10 11:40:15 [http-nio-3000-exec-4] INFO  c.b.p.a.d.v.s.GestionVentasService - Obteniendo resumen de cierre de jornada para vendedor 6b0a5026-52f3-475a-a20f-5aacf94764f0 en fecha 2026-05-10
2026-05-10 11:40:15 [http-nio-3000-exec-9] DEBUG c.b.p.a.i.p.s.a.SupabaseAsignacionRepositoryAdapter - Asignaciones encontradas para vendedor 2ab0631c-da17-4bd8-b9b9-237de54711c6: 9
2026-05-10 11:40:15 [http-nio-3000-exec-1] DEBUG c.b.p.a.a.c.c.ClientesRestAdapter - Obteniendo clientes; vendedorId=2ab0631c-da17-4bd8-b9b9-237de54711c6
2026-05-10 11:40:15 [http-nio-3000-exec-1] DEBUG c.b.p.a.d.c.s.GestionClientesService - Obteniendo clientes por vendedor: 2ab0631c-da17-4bd8-b9b9-237de54711c6
2026-05-10 11:40:15 [http-nio-3000-exec-1] DEBUG c.b.p.a.i.p.s.a.SupabaseClienteRepositoryAdapter - Obteniendo clientes por vendedorId=2ab0631c-da17-4bd8-b9b9-237de54711c6
2026-05-10 11:40:16 [http-nio-3000-exec-8] DEBUG c.b.p.a.d.a.s.AutorizacionAuthService - Perfil obtenido exitosamente para usuario ID: f2dc5b92-7ded-4c42-9e5a-d8a22aaf4a3a
2026-05-10 11:40:16 [http-nio-3000-exec-8] INFO  c.b.p.a.a.i.c.InventarioRestAdapter - GET /inventario/vendedor/5e0e4eff-aec3-46df-a77e-d4feeb19394c - consulta por mateovargas220705@gmail.com
2026-05-10 11:40:16 [http-nio-3000-exec-8] INFO  c.b.p.a.d.i.s.GestionInventarioService - Consultando cargas por vendedor: 5e0e4eff-aec3-46df-a77e-d4feeb19394c
2026-05-10 11:40:16 [http-nio-3000-exec-2] DEBUG c.b.p.a.d.a.s.AutorizacionAuthService - Perfil obtenido exitosamente para usuario ID: f2dc5b92-7ded-4c42-9e5a-d8a22aaf4a3a
2026-05-10 11:40:16 [http-nio-3000-exec-8] DEBUG c.b.p.a.i.p.s.a.SupabaseAsignacionRepositoryAdapter - Consultando asignaciones por vendedor: 5e0e4eff-aec3-46df-a77e-d4feeb19394c
2026-05-10 11:40:16 [http-nio-3000-exec-2] INFO  c.b.p.a.a.i.c.InventarioRestAdapter - GET /inventario/vendedor/6b0a5026-52f3-475a-a20f-5aacf94764f0 - consulta por mateovargas220705@gmail.com
2026-05-10 11:40:16 [http-nio-3000-exec-2] INFO  c.b.p.a.d.i.s.GestionInventarioService - Consultando cargas por vendedor: 6b0a5026-52f3-475a-a20f-5aacf94764f0
2026-05-10 11:40:16 [http-nio-3000-exec-2] DEBUG c.b.p.a.i.p.s.a.SupabaseAsignacionRepositoryAdapter - Consultando asignaciones por vendedor: 6b0a5026-52f3-475a-a20f-5aacf94764f0
2026-05-10 11:40:16 [http-nio-3000-exec-10] INFO  c.b.p.a.a.c.CierreJornadaRestAdapter - GET /cierres/vendedor/6b0a5026-52f3-475a-a20f-5aacf94764f0 - Historial de cierres
2026-05-10 11:40:16 [http-nio-3000-exec-3] DEBUG c.b.p.a.d.a.s.AutorizacionAuthService - Obteniendo perfil por token
2026-05-10 11:40:16 [http-nio-3000-exec-8] DEBUG c.b.p.a.i.p.s.a.SupabaseAsignacionRepositoryAdapter - Asignaciones encontradas para vendedor 5e0e4eff-aec3-46df-a77e-d4feeb19394c: 4
2026-05-10 11:40:16 [http-nio-3000-exec-2] DEBUG c.b.p.a.i.p.s.a.SupabaseAsignacionRepositoryAdapter - Asignaciones encontradas para vendedor 6b0a5026-52f3-475a-a20f-5aacf94764f0: 31
2026-05-10 11:40:16 [http-nio-3000-exec-1] INFO  c.b.p.a.a.ventas.VentaRestAdapter - GET /ventas/cierre-jornada - Obtener cierre de jornada para vendedor 73ed0c2b-851c-44c8-a08b-ded6f61924f9 y fecha 2026-05-10
2026-05-10 11:40:16 [http-nio-3000-exec-5] INFO  c.b.p.a.a.c.CierreJornadaRestAdapter - GET /cierres/vendedor/73ed0c2b-851c-44c8-a08b-ded6f61924f9 - Historial de cierres
2026-05-10 11:40:16 [http-nio-3000-exec-7] DEBUG c.b.p.a.d.a.s.AutorizacionAuthService - Obteniendo perfil por token
2026-05-10 11:40:16 [http-nio-3000-exec-1] INFO  c.b.p.a.d.v.s.GestionVentasService - Obteniendo resumen de cierre de jornada para vendedor 73ed0c2b-851c-44c8-a08b-ded6f61924f9 en fecha 2026-05-10
2026-05-10 11:40:16 [http-nio-3000-exec-6] INFO  c.b.p.a.a.ventas.VentaRestAdapter - GET /ventas/cierre-jornada - Obtener cierre de jornada para vendedor 7ca8780f-864c-4179-8c8a-9d8ae55b6df8 y fecha 2026-05-10
2026-05-10 11:40:16 [http-nio-3000-exec-6] INFO  c.b.p.a.d.v.s.GestionVentasService - Obteniendo resumen de cierre de jornada para vendedor 7ca8780f-864c-4179-8c8a-9d8ae55b6df8 en fecha 2026-05-10
2026-05-10 11:40:16 [http-nio-3000-exec-9] INFO  c.b.p.a.a.c.CierreJornadaRestAdapter - GET /cierres/vendedor/7ca8780f-864c-4179-8c8a-9d8ae55b6df8 - Historial de cierres
2026-05-10 11:40:16 [http-nio-3000-exec-4] DEBUG c.b.p.a.d.a.s.AutorizacionAuthService - Obteniendo perfil por token
2026-05-10 11:40:16 [http-nio-3000-exec-3] DEBUG c.b.p.a.d.a.s.AutorizacionAuthService - Perfil obtenido exitosamente para usuario ID: f2dc5b92-7ded-4c42-9e5a-d8a22aaf4a3a
2026-05-10 11:40:16 [http-nio-3000-exec-3] INFO  c.b.p.a.a.i.c.InventarioRestAdapter - GET /inventario/vendedor/73ed0c2b-851c-44c8-a08b-ded6f61924f9 - consulta por mateovargas220705@gmail.com
2026-05-10 11:40:16 [http-nio-3000-exec-3] INFO  c.b.p.a.d.i.s.GestionInventarioService - Consultando cargas por vendedor: 73ed0c2b-851c-44c8-a08b-ded6f61924f9
2026-05-10 11:40:16 [http-nio-3000-exec-3] DEBUG c.b.p.a.i.p.s.a.SupabaseAsignacionRepositoryAdapter - Consultando asignaciones por vendedor: 73ed0c2b-851c-44c8-a08b-ded6f61924f9
2026-05-10 11:40:16 [http-nio-3000-exec-8] INFO  c.b.p.a.a.ventas.VentaRestAdapter - GET /ventas/cierre-jornada - Obtener cierre de jornada para vendedor 7dec6fc9-8ddc-48c6-86a3-a1dbfc46f80e y fecha 2026-05-10
2026-05-10 11:40:16 [http-nio-3000-exec-8] INFO  c.b.p.a.d.v.s.GestionVentasService - Obteniendo resumen de cierre de jornada para vendedor 7dec6fc9-8ddc-48c6-86a3-a1dbfc46f80e en fecha 2026-05-10
2026-05-10 11:40:16 [http-nio-3000-exec-7] DEBUG c.b.p.a.d.a.s.AutorizacionAuthService - Perfil obtenido exitosamente para usuario ID: f2dc5b92-7ded-4c42-9e5a-d8a22aaf4a3a
2026-05-10 11:40:16 [http-nio-3000-exec-7] INFO  c.b.p.a.a.i.c.InventarioRestAdapter - GET /inventario/vendedor/7ca8780f-864c-4179-8c8a-9d8ae55b6df8 - consulta por mateovargas220705@gmail.com
2026-05-10 11:40:16 [http-nio-3000-exec-7] INFO  c.b.p.a.d.i.s.GestionInventarioService - Consultando cargas por vendedor: 7ca8780f-864c-4179-8c8a-9d8ae55b6df8
2026-05-10 11:40:16 [http-nio-3000-exec-7] DEBUG c.b.p.a.i.p.s.a.SupabaseAsignacionRepositoryAdapter - Consultando asignaciones por vendedor: 7ca8780f-864c-4179-8c8a-9d8ae55b6df8
2026-05-10 11:40:16 [http-nio-3000-exec-10] INFO  c.b.p.a.a.c.CierreJornadaRestAdapter - GET /cierres/vendedor/7dec6fc9-8ddc-48c6-86a3-a1dbfc46f80e - Historial de cierres
2026-05-10 11:40:16 [http-nio-3000-exec-3] DEBUG c.b.p.a.i.p.s.a.SupabaseAsignacionRepositoryAdapter - Asignaciones encontradas para vendedor 73ed0c2b-851c-44c8-a08b-ded6f61924f9: 4
2026-05-10 11:40:16 [http-nio-3000-exec-2] DEBUG c.b.p.a.d.a.s.AutorizacionAuthService - Obteniendo perfil por token
2026-05-10 11:40:16 [http-nio-3000-exec-5] INFO  c.b.p.a.a.ventas.VentaRestAdapter - GET /ventas/cierre-jornada - Obtener cierre de jornada para vendedor 86676371-8389-4969-89b4-6a10d3e65cbd y fecha 2026-05-10
2026-05-10 11:40:16 [http-nio-3000-exec-5] INFO  c.b.p.a.d.v.s.GestionVentasService - Obteniendo resumen de cierre de jornada para vendedor 86676371-8389-4969-89b4-6a10d3e65cbd en fecha 2026-05-10
2026-05-10 11:40:16 [http-nio-3000-exec-7] DEBUG c.b.p.a.i.p.s.a.SupabaseAsignacionRepositoryAdapter - Asignaciones encontradas para vendedor 7ca8780f-864c-4179-8c8a-9d8ae55b6df8: 3
2026-05-10 11:40:16 [http-nio-3000-exec-1] INFO  c.b.p.a.a.c.CierreJornadaRestAdapter - GET /cierres/vendedor/86676371-8389-4969-89b4-6a10d3e65cbd - Historial de cierres
2026-05-10 11:40:17 [http-nio-3000-exec-3] DEBUG c.b.p.a.d.a.s.AutorizacionAuthService - Obteniendo perfil por token
2026-05-10 11:40:17 [http-nio-3000-exec-4] DEBUG c.b.p.a.d.a.s.AutorizacionAuthService - Perfil obtenido exitosamente para usuario ID: f2dc5b92-7ded-4c42-9e5a-d8a22aaf4a3a
2026-05-10 11:40:17 [http-nio-3000-exec-4] INFO  c.b.p.a.a.i.c.InventarioRestAdapter - GET /inventario/vendedor/7dec6fc9-8ddc-48c6-86a3-a1dbfc46f80e - consulta por mateovargas220705@gmail.com
2026-05-10 11:40:17 [http-nio-3000-exec-4] INFO  c.b.p.a.d.i.s.GestionInventarioService - Consultando cargas por vendedor: 7dec6fc9-8ddc-48c6-86a3-a1dbfc46f80e
2026-05-10 11:40:17 [http-nio-3000-exec-4] DEBUG c.b.p.a.i.p.s.a.SupabaseAsignacionRepositoryAdapter - Consultando asignaciones por vendedor: 7dec6fc9-8ddc-48c6-86a3-a1dbfc46f80e
2026-05-10 11:40:17 [http-nio-3000-exec-4] DEBUG c.b.p.a.i.p.s.a.SupabaseAsignacionRepositoryAdapter - Asignaciones encontradas para vendedor 7dec6fc9-8ddc-48c6-86a3-a1dbfc46f80e: 1
2026-05-10 11:40:17 [http-nio-3000-exec-7] INFO  c.b.p.a.a.ventas.VentaRestAdapter - GET /ventas/cierre-jornada - Obtener cierre de jornada para vendedor 997e2337-32a6-4ba5-84fb-873ef1b6036f y fecha 2026-05-10
2026-05-10 11:40:17 [http-nio-3000-exec-7] INFO  c.b.p.a.d.v.s.GestionVentasService - Obteniendo resumen de cierre de jornada para vendedor 997e2337-32a6-4ba5-84fb-873ef1b6036f en fecha 2026-05-10
2026-05-10 11:40:17 [http-nio-3000-exec-9] INFO  c.b.p.a.a.c.CierreJornadaRestAdapter - GET /cierres/vendedor/997e2337-32a6-4ba5-84fb-873ef1b6036f - Historial de cierres
2026-05-10 11:40:17 [http-nio-3000-exec-10] DEBUG c.b.p.a.d.a.s.AutorizacionAuthService - Obteniendo perfil por token
2026-05-10 11:40:17 [http-nio-3000-exec-2] DEBUG c.b.p.a.d.a.s.AutorizacionAuthService - Perfil obtenido exitosamente para usuario ID: f2dc5b92-7ded-4c42-9e5a-d8a22aaf4a3a
2026-05-10 11:40:17 [http-nio-3000-exec-2] INFO  c.b.p.a.a.i.c.InventarioRestAdapter - GET /inventario/vendedor/86676371-8389-4969-89b4-6a10d3e65cbd - consulta por mateovargas220705@gmail.com
2026-05-10 11:40:17 [http-nio-3000-exec-2] INFO  c.b.p.a.d.i.s.GestionInventarioService - Consultando cargas por vendedor: 86676371-8389-4969-89b4-6a10d3e65cbd
2026-05-10 11:40:17 [http-nio-3000-exec-2] DEBUG c.b.p.a.i.p.s.a.SupabaseAsignacionRepositoryAdapter - Consultando asignaciones por vendedor: 86676371-8389-4969-89b4-6a10d3e65cbd
2026-05-10 11:40:17 [http-nio-3000-exec-8] INFO  c.b.p.a.a.ventas.VentaRestAdapter - GET /ventas/cierre-jornada - Obtener cierre de jornada para vendedor c1cbc4b0-eafd-490a-be95-b1c42036ad16 y fecha 2026-05-10
2026-05-10 11:40:17 [http-nio-3000-exec-8] INFO  c.b.p.a.d.v.s.GestionVentasService - Obteniendo resumen de cierre de jornada para vendedor c1cbc4b0-eafd-490a-be95-b1c42036ad16 en fecha 2026-05-10
2026-05-10 11:40:17 [http-nio-3000-exec-2] DEBUG c.b.p.a.i.p.s.a.SupabaseAsignacionRepositoryAdapter - Asignaciones encontradas para vendedor 86676371-8389-4969-89b4-6a10d3e65cbd: 6
2026-05-10 11:40:17 [http-nio-3000-exec-3] DEBUG c.b.p.a.d.a.s.AutorizacionAuthService - Perfil obtenido exitosamente para usuario ID: f2dc5b92-7ded-4c42-9e5a-d8a22aaf4a3a
2026-05-10 11:40:17 [http-nio-3000-exec-3] INFO  c.b.p.a.a.i.c.InventarioRestAdapter - GET /inventario/vendedor/997e2337-32a6-4ba5-84fb-873ef1b6036f - consulta por mateovargas220705@gmail.com
2026-05-10 11:40:17 [http-nio-3000-exec-3] INFO  c.b.p.a.d.i.s.GestionInventarioService - Consultando cargas por vendedor: 997e2337-32a6-4ba5-84fb-873ef1b6036f
2026-05-10 11:40:17 [http-nio-3000-exec-3] DEBUG c.b.p.a.i.p.s.a.SupabaseAsignacionRepositoryAdapter - Consultando asignaciones por vendedor: 997e2337-32a6-4ba5-84fb-873ef1b6036f
2026-05-10 11:40:17 [http-nio-3000-exec-2] INFO  c.b.p.a.a.c.CierreJornadaRestAdapter - GET /cierres/vendedor/c1cbc4b0-eafd-490a-be95-b1c42036ad16 - Historial de cierres
2026-05-10 11:40:17 [http-nio-3000-exec-6] DEBUG c.b.p.a.a.c.c.ClientesRestAdapter - Obteniendo clientes; vendedorId=5e0e4eff-aec3-46df-a77e-d4feeb19394c
2026-05-10 11:40:17 [http-nio-3000-exec-6] DEBUG c.b.p.a.d.c.s.GestionClientesService - Obteniendo clientes por vendedor: 5e0e4eff-aec3-46df-a77e-d4feeb19394c
2026-05-10 11:40:17 [http-nio-3000-exec-6] DEBUG c.b.p.a.i.p.s.a.SupabaseClienteRepositoryAdapter - Obteniendo clientes por vendedorId=5e0e4eff-aec3-46df-a77e-d4feeb19394c
2026-05-10 11:40:17 [http-nio-3000-exec-5] DEBUG c.b.p.a.a.c.c.ClientesRestAdapter - Obteniendo clientes; vendedorId=6b0a5026-52f3-475a-a20f-5aacf94764f0
2026-05-10 11:40:17 [http-nio-3000-exec-5] DEBUG c.b.p.a.d.c.s.GestionClientesService - Obteniendo clientes por vendedor: 6b0a5026-52f3-475a-a20f-5aacf94764f0
2026-05-10 11:40:17 [http-nio-3000-exec-5] DEBUG c.b.p.a.i.p.s.a.SupabaseClienteRepositoryAdapter - Obteniendo clientes por vendedorId=6b0a5026-52f3-475a-a20f-5aacf94764f0
2026-05-10 11:40:17 [http-nio-3000-exec-10] DEBUG c.b.p.a.d.a.s.AutorizacionAuthService - Perfil obtenido exitosamente para usuario ID: f2dc5b92-7ded-4c42-9e5a-d8a22aaf4a3a
2026-05-10 11:40:17 [http-nio-3000-exec-10] INFO  c.b.p.a.a.i.c.InventarioRestAdapter - GET /inventario/vendedor/c1cbc4b0-eafd-490a-be95-b1c42036ad16 - consulta por mateovargas220705@gmail.com
2026-05-10 11:40:17 [http-nio-3000-exec-10] INFO  c.b.p.a.d.i.s.GestionInventarioService - Consultando cargas por vendedor: c1cbc4b0-eafd-490a-be95-b1c42036ad16
2026-05-10 11:40:17 [http-nio-3000-exec-10] DEBUG c.b.p.a.i.p.s.a.SupabaseAsignacionRepositoryAdapter - Consultando asignaciones por vendedor: c1cbc4b0-eafd-490a-be95-b1c42036ad16
2026-05-10 11:40:17 [http-nio-3000-exec-9] DEBUG c.b.p.a.a.c.c.ClientesRestAdapter - Obteniendo clientes; vendedorId=73ed0c2b-851c-44c8-a08b-ded6f61924f9
2026-05-10 11:40:17 [http-nio-3000-exec-9] DEBUG c.b.p.a.d.c.s.GestionClientesService - Obteniendo clientes por vendedor: 73ed0c2b-851c-44c8-a08b-ded6f61924f9
2026-05-10 11:40:17 [http-nio-3000-exec-9] DEBUG c.b.p.a.i.p.s.a.SupabaseClienteRepositoryAdapter - Obteniendo clientes por vendedorId=73ed0c2b-851c-44c8-a08b-ded6f61924f9
2026-05-10 11:40:17 [http-nio-3000-exec-3] DEBUG c.b.p.a.i.p.s.a.SupabaseAsignacionRepositoryAdapter - Asignaciones encontradas para vendedor 997e2337-32a6-4ba5-84fb-873ef1b6036f: 1
2026-05-10 11:40:17 [http-nio-3000-exec-1] DEBUG c.b.p.a.a.c.c.ClientesRestAdapter - Obteniendo clientes; vendedorId=7ca8780f-864c-4179-8c8a-9d8ae55b6df8
2026-05-10 11:40:17 [http-nio-3000-exec-1] DEBUG c.b.p.a.d.c.s.GestionClientesService - Obteniendo clientes por vendedor: 7ca8780f-864c-4179-8c8a-9d8ae55b6df8
2026-05-10 11:40:17 [http-nio-3000-exec-1] DEBUG c.b.p.a.i.p.s.a.SupabaseClienteRepositoryAdapter - Obteniendo clientes por vendedorId=7ca8780f-864c-4179-8c8a-9d8ae55b6df8
2026-05-10 11:40:17 [http-nio-3000-exec-7] DEBUG c.b.p.a.a.c.c.ClientesRestAdapter - Obteniendo clientes; vendedorId=86676371-8389-4969-89b4-6a10d3e65cbd
2026-05-10 11:40:17 [http-nio-3000-exec-4] DEBUG c.b.p.a.a.c.c.ClientesRestAdapter - Obteniendo clientes; vendedorId=7dec6fc9-8ddc-48c6-86a3-a1dbfc46f80e
2026-05-10 11:40:17 [http-nio-3000-exec-7] DEBUG c.b.p.a.d.c.s.GestionClientesService - Obteniendo clientes por vendedor: 86676371-8389-4969-89b4-6a10d3e65cbd
2026-05-10 11:40:17 [http-nio-3000-exec-4] DEBUG c.b.p.a.d.c.s.GestionClientesService - Obteniendo clientes por vendedor: 7dec6fc9-8ddc-48c6-86a3-a1dbfc46f80e
2026-05-10 11:40:17 [http-nio-3000-exec-7] DEBUG c.b.p.a.i.p.s.a.SupabaseClienteRepositoryAdapter - Obteniendo clientes por vendedorId=86676371-8389-4969-89b4-6a10d3e65cbd
2026-05-10 11:40:17 [http-nio-3000-exec-4] DEBUG c.b.p.a.i.p.s.a.SupabaseClienteRepositoryAdapter - Obteniendo clientes por vendedorId=7dec6fc9-8ddc-48c6-86a3-a1dbfc46f80e
2026-05-10 11:40:17 [http-nio-3000-exec-8] DEBUG c.b.p.a.a.c.c.ClientesRestAdapter - Obteniendo clientes; vendedorId=997e2337-32a6-4ba5-84fb-873ef1b6036f
2026-05-10 11:40:17 [http-nio-3000-exec-8] DEBUG c.b.p.a.d.c.s.GestionClientesService - Obteniendo clientes por vendedor: 997e2337-32a6-4ba5-84fb-873ef1b6036f
2026-05-10 11:40:17 [http-nio-3000-exec-8] DEBUG c.b.p.a.i.p.s.a.SupabaseClienteRepositoryAdapter - Obteniendo clientes por vendedorId=997e2337-32a6-4ba5-84fb-873ef1b6036f
2026-05-10 11:40:17 [http-nio-3000-exec-10] DEBUG c.b.p.a.i.p.s.a.SupabaseAsignacionRepositoryAdapter - Asignaciones encontradas para vendedor c1cbc4b0-eafd-490a-be95-b1c42036ad16: 1
2026-05-10 11:40:17 [http-nio-3000-exec-6] DEBUG c.b.p.a.a.c.c.ClientesRestAdapter - Obteniendo clientes; vendedorId=c1cbc4b0-eafd-490a-be95-b1c42036ad16
2026-05-10 11:40:17 [http-nio-3000-exec-6] DEBUG c.b.p.a.d.c.s.GestionClientesService - Obteniendo clientes por vendedor: c1cbc4b0-eafd-490a-be95-b1c42036ad16
2026-05-10 11:40:17 [http-nio-3000-exec-6] DEBUG c.b.p.a.i.p.s.a.SupabaseClienteRepositoryAdapter - Obteniendo clientes por vendedorId=c1cbc4b0-eafd-490a-be95-b1c42036ad16
2026-05-10 11:42:14 [http-nio-3000-exec-1] INFO  c.b.p.a.a.a.c.AuthRestAdapter - POST /auth/signin - Intento de autenticación para email: alejandraloayza68@gmail.com
2026-05-10 11:42:14 [http-nio-3000-exec-1] DEBUG c.b.p.a.d.a.s.AutorizacionAuthService - Autenticando usuario con email: alejandraloayza68@gmail.com
2026-05-10 11:42:15 [http-nio-3000-exec-1] DEBUG c.b.p.a.d.a.s.AutorizacionAuthService - Autenticación completada para email: alejandraloayza68@gmail.com
2026-05-10 11:42:15 [http-nio-3000-exec-1] INFO  c.b.p.a.a.a.c.AuthRestAdapter - Autenticación exitosa para email: alejandraloayza68@gmail.com
2026-05-10 11:42:15 [http-nio-3000-exec-6] INFO  c.b.p.a.a.a.c.AuthRestAdapter - GET /auth/me - Obtener perfil del usuario actual
2026-05-10 11:42:15 [http-nio-3000-exec-6] DEBUG c.b.p.a.d.a.s.AutorizacionAuthService - Obteniendo perfil por token
2026-05-10 11:42:15 [http-nio-3000-exec-6] DEBUG c.b.p.a.d.a.s.AutorizacionAuthService - Perfil obtenido exitosamente para usuario ID: 5e0e4eff-aec3-46df-a77e-d4feeb19394c
2026-05-10 11:42:15 [http-nio-3000-exec-6] DEBUG c.b.p.a.a.a.c.AuthRestAdapter - Perfil obtenido para usuario: alejandraloayza68@gmail.com
2026-05-10 11:42:15 [http-nio-3000-exec-10] DEBUG c.b.p.a.d.a.s.AutorizacionAuthService - Obteniendo perfil por token
2026-05-10 11:42:15 [http-nio-3000-exec-3] INFO  c.b.p.a.a.p.c.ProductosRestAdapter - GET /productos - Obtener todos los productos
2026-05-10 11:42:15 [http-nio-3000-exec-5] INFO  c.b.p.a.a.ventas.VentaRestAdapter - GET /ventas/cierre-jornada - Obtener cierre de jornada para vendedor 5e0e4eff-aec3-46df-a77e-d4feeb19394c y fecha 2026-05-10
2026-05-10 11:42:15 [http-nio-3000-exec-3] DEBUG c.b.p.a.d.p.s.GestionProductosService - Obteniendo todos los productos
2026-05-10 11:42:15 [http-nio-3000-exec-5] INFO  c.b.p.a.d.v.s.GestionVentasService - Obteniendo resumen de cierre de jornada para vendedor 5e0e4eff-aec3-46df-a77e-d4feeb19394c en fecha 2026-05-10
2026-05-10 11:42:16 [http-nio-3000-exec-3] DEBUG c.b.p.a.d.p.s.GestionProductosService - Se obtuvieron 25 productos
2026-05-10 11:42:16 [http-nio-3000-exec-3] DEBUG c.b.p.a.a.p.c.ProductosRestAdapter - Se obtuvieron 25 productos
2026-05-10 11:42:16 [http-nio-3000-exec-10] DEBUG c.b.p.a.d.a.s.AutorizacionAuthService - Perfil obtenido exitosamente para usuario ID: 5e0e4eff-aec3-46df-a77e-d4feeb19394c
2026-05-10 11:42:16 [http-nio-3000-exec-10] INFO  c.b.p.a.a.i.c.InventarioRestAdapter - GET /inventario/vendedor/5e0e4eff-aec3-46df-a77e-d4feeb19394c - consulta por alejandraloayza68@gmail.com
2026-05-10 11:42:16 [http-nio-3000-exec-10] INFO  c.b.p.a.d.i.s.GestionInventarioService - Consultando cargas por vendedor: 5e0e4eff-aec3-46df-a77e-d4feeb19394c
2026-05-10 11:42:16 [http-nio-3000-exec-10] DEBUG c.b.p.a.i.p.s.a.SupabaseAsignacionRepositoryAdapter - Consultando asignaciones por vendedor: 5e0e4eff-aec3-46df-a77e-d4feeb19394c
2026-05-10 11:42:16 [http-nio-3000-exec-10] DEBUG c.b.p.a.i.p.s.a.SupabaseAsignacionRepositoryAdapter - Asignaciones encontradas para vendedor 5e0e4eff-aec3-46df-a77e-d4feeb19394c: 4
2026-05-10 11:42:19 [http-nio-3000-exec-9] INFO  c.b.p.a.a.a.c.AuthRestAdapter - GET /auth/me - Obtener perfil del usuario actual
2026-05-10 11:42:19 [http-nio-3000-exec-9] DEBUG c.b.p.a.d.a.s.AutorizacionAuthService - Obteniendo perfil por token
2026-05-10 11:42:19 [http-nio-3000-exec-9] DEBUG c.b.p.a.d.a.s.AutorizacionAuthService - Perfil obtenido exitosamente para usuario ID: 5e0e4eff-aec3-46df-a77e-d4feeb19394c
2026-05-10 11:42:19 [http-nio-3000-exec-9] DEBUG c.b.p.a.a.a.c.AuthRestAdapter - Perfil obtenido para usuario: alejandraloayza68@gmail.com
2026-05-10 11:42:19 [http-nio-3000-exec-4] DEBUG c.b.p.a.a.c.c.ClientesRestAdapter - Obteniendo clientes; vendedorId=5e0e4eff-aec3-46df-a77e-d4feeb19394c
2026-05-10 11:42:19 [http-nio-3000-exec-4] DEBUG c.b.p.a.d.c.s.GestionClientesService - Obteniendo clientes por vendedor: 5e0e4eff-aec3-46df-a77e-d4feeb19394c
2026-05-10 11:42:19 [http-nio-3000-exec-4] DEBUG c.b.p.a.i.p.s.a.SupabaseClienteRepositoryAdapter - Obteniendo clientes por vendedorId=5e0e4eff-aec3-46df-a77e-d4feeb19394c
2026-05-10 11:42:25 [http-nio-3000-exec-7] INFO  c.b.p.a.a.a.c.AuthRestAdapter - GET /auth/me - Obtener perfil del usuario actual
2026-05-10 11:42:25 [http-nio-3000-exec-7] DEBUG c.b.p.a.d.a.s.AutorizacionAuthService - Obteniendo perfil por token
2026-05-10 11:42:26 [http-nio-3000-exec-7] DEBUG c.b.p.a.d.a.s.AutorizacionAuthService - Perfil obtenido exitosamente para usuario ID: 5e0e4eff-aec3-46df-a77e-d4feeb19394c
2026-05-10 11:42:26 [http-nio-3000-exec-7] DEBUG c.b.p.a.a.a.c.AuthRestAdapter - Perfil obtenido para usuario: alejandraloayza68@gmail.com
2026-05-10 11:42:26 [http-nio-3000-exec-1] INFO  c.b.p.a.a.p.c.ProductosRestAdapter - GET /productos - Obtener todos los productos
2026-05-10 11:42:26 [http-nio-3000-exec-1] DEBUG c.b.p.a.d.p.s.GestionProductosService - Obteniendo todos los productos
2026-05-10 11:42:26 [http-nio-3000-exec-8] DEBUG c.b.p.a.d.a.s.AutorizacionAuthService - Obteniendo perfil por token
2026-05-10 11:42:26 [http-nio-3000-exec-6] INFO  c.b.p.a.a.ventas.VentaRestAdapter - GET /ventas/cierre-jornada - Obtener cierre de jornada para vendedor 5e0e4eff-aec3-46df-a77e-d4feeb19394c y fecha 2026-05-10
2026-05-10 11:42:26 [http-nio-3000-exec-6] INFO  c.b.p.a.d.v.s.GestionVentasService - Obteniendo resumen de cierre de jornada para vendedor 5e0e4eff-aec3-46df-a77e-d4feeb19394c en fecha 2026-05-10
2026-05-10 11:42:26 [http-nio-3000-exec-1] DEBUG c.b.p.a.d.p.s.GestionProductosService - Se obtuvieron 25 productos
2026-05-10 11:42:26 [http-nio-3000-exec-1] DEBUG c.b.p.a.a.p.c.ProductosRestAdapter - Se obtuvieron 25 productos
2026-05-10 11:42:26 [http-nio-3000-exec-8] DEBUG c.b.p.a.d.a.s.AutorizacionAuthService - Perfil obtenido exitosamente para usuario ID: 5e0e4eff-aec3-46df-a77e-d4feeb19394c
2026-05-10 11:42:26 [http-nio-3000-exec-8] INFO  c.b.p.a.a.i.c.InventarioRestAdapter - GET /inventario/vendedor/5e0e4eff-aec3-46df-a77e-d4feeb19394c - consulta por alejandraloayza68@gmail.com
2026-05-10 11:42:26 [http-nio-3000-exec-8] INFO  c.b.p.a.d.i.s.GestionInventarioService - Consultando cargas por vendedor: 5e0e4eff-aec3-46df-a77e-d4feeb19394c
2026-05-10 11:42:26 [http-nio-3000-exec-8] DEBUG c.b.p.a.i.p.s.a.SupabaseAsignacionRepositoryAdapter - Consultando asignaciones por vendedor: 5e0e4eff-aec3-46df-a77e-d4feeb19394c
2026-05-10 11:42:26 [http-nio-3000-exec-8] DEBUG c.b.p.a.i.p.s.a.SupabaseAsignacionRepositoryAdapter - Asignaciones encontradas para vendedor 5e0e4eff-aec3-46df-a77e-d4feeb19394c: 4
2026-05-10 11:42:29 [http-nio-3000-exec-3] WARN  o.s.w.s.m.m.a.ExceptionHandlerExceptionResolver - Resolved [org.springframework.web.bind.MissingServletRequestParameterException: Required request parameter 'userId' for method parameter type String is not present]
2026-05-10 11:42:33 [http-nio-3000-exec-5] INFO  c.b.p.a.a.a.c.AuthRestAdapter - POST /auth/signin - Intento de autenticación para email: andres@gmail.com
2026-05-10 11:42:33 [http-nio-3000-exec-5] DEBUG c.b.p.a.d.a.s.AutorizacionAuthService - Autenticando usuario con email: andres@gmail.com
2026-05-10 11:42:34 [http-nio-3000-exec-5] DEBUG c.b.p.a.d.a.s.AutorizacionAuthService - Autenticación completada para email: andres@gmail.com
2026-05-10 11:42:34 [http-nio-3000-exec-5] INFO  c.b.p.a.a.a.c.AuthRestAdapter - Autenticación exitosa para email: andres@gmail.com
2026-05-10 11:42:34 [http-nio-3000-exec-10] INFO  c.b.p.a.a.a.c.AuthRestAdapter - GET /auth/me - Obtener perfil del usuario actual
2026-05-10 11:42:34 [http-nio-3000-exec-10] DEBUG c.b.p.a.d.a.s.AutorizacionAuthService - Obteniendo perfil por token
2026-05-10 11:42:34 [http-nio-3000-exec-10] DEBUG c.b.p.a.d.a.s.AutorizacionAuthService - Perfil obtenido exitosamente para usuario ID: 6b0a5026-52f3-475a-a20f-5aacf94764f0
2026-05-10 11:42:34 [http-nio-3000-exec-10] DEBUG c.b.p.a.a.a.c.AuthRestAdapter - Perfil obtenido para usuario: andres@gmail.com
2026-05-10 11:42:34 [http-nio-3000-exec-9] INFO  c.b.p.a.a.p.c.ProductosRestAdapter - GET /productos - Obtener todos los productos
2026-05-10 11:42:34 [http-nio-3000-exec-4] DEBUG c.b.p.a.d.a.s.AutorizacionAuthService - Obteniendo perfil por token
2026-05-10 11:42:34 [http-nio-3000-exec-9] DEBUG c.b.p.a.d.p.s.GestionProductosService - Obteniendo todos los productos
2026-05-10 11:42:34 [http-nio-3000-exec-7] INFO  c.b.p.a.a.ventas.VentaRestAdapter - GET /ventas/cierre-jornada - Obtener cierre de jornada para vendedor 6b0a5026-52f3-475a-a20f-5aacf94764f0 y fecha 2026-05-10
2026-05-10 11:42:34 [http-nio-3000-exec-7] INFO  c.b.p.a.d.v.s.GestionVentasService - Obteniendo resumen de cierre de jornada para vendedor 6b0a5026-52f3-475a-a20f-5aacf94764f0 en fecha 2026-05-10
2026-05-10 11:42:34 [http-nio-3000-exec-9] DEBUG c.b.p.a.d.p.s.GestionProductosService - Se obtuvieron 25 productos
2026-05-10 11:42:34 [http-nio-3000-exec-9] DEBUG c.b.p.a.a.p.c.ProductosRestAdapter - Se obtuvieron 25 productos
2026-05-10 11:42:35 [http-nio-3000-exec-4] DEBUG c.b.p.a.d.a.s.AutorizacionAuthService - Perfil obtenido exitosamente para usuario ID: 6b0a5026-52f3-475a-a20f-5aacf94764f0
2026-05-10 11:42:35 [http-nio-3000-exec-4] INFO  c.b.p.a.a.i.c.InventarioRestAdapter - GET /inventario/vendedor/6b0a5026-52f3-475a-a20f-5aacf94764f0 - consulta por andres@gmail.com
2026-05-10 11:42:35 [http-nio-3000-exec-4] INFO  c.b.p.a.d.i.s.GestionInventarioService - Consultando cargas por vendedor: 6b0a5026-52f3-475a-a20f-5aacf94764f0
2026-05-10 11:42:35 [http-nio-3000-exec-4] DEBUG c.b.p.a.i.p.s.a.SupabaseAsignacionRepositoryAdapter - Consultando asignaciones por vendedor: 6b0a5026-52f3-475a-a20f-5aacf94764f0
2026-05-10 11:42:35 [http-nio-3000-exec-1] INFO  c.b.p.a.a.a.c.AuthRestAdapter - GET /auth/me - Obtener perfil del usuario actual
2026-05-10 11:42:35 [http-nio-3000-exec-1] DEBUG c.b.p.a.d.a.s.AutorizacionAuthService - Obteniendo perfil por token
2026-05-10 11:42:35 [http-nio-3000-exec-4] DEBUG c.b.p.a.i.p.s.a.SupabaseAsignacionRepositoryAdapter - Asignaciones encontradas para vendedor 6b0a5026-52f3-475a-a20f-5aacf94764f0: 31
2026-05-10 11:42:35 [http-nio-3000-exec-1] DEBUG c.b.p.a.d.a.s.AutorizacionAuthService - Perfil obtenido exitosamente para usuario ID: 6b0a5026-52f3-475a-a20f-5aacf94764f0
2026-05-10 11:42:35 [http-nio-3000-exec-1] DEBUG c.b.p.a.a.a.c.AuthRestAdapter - Perfil obtenido para usuario: andres@gmail.com
2026-05-10 11:42:35 [http-nio-3000-exec-6] DEBUG c.b.p.a.a.c.c.ClientesRestAdapter - Obteniendo clientes; vendedorId=6b0a5026-52f3-475a-a20f-5aacf94764f0
2026-05-10 11:42:35 [http-nio-3000-exec-6] DEBUG c.b.p.a.d.c.s.GestionClientesService - Obteniendo clientes por vendedor: 6b0a5026-52f3-475a-a20f-5aacf94764f0
2026-05-10 11:42:35 [http-nio-3000-exec-6] DEBUG c.b.p.a.i.p.s.a.SupabaseClienteRepositoryAdapter - Obteniendo clientes por vendedorId=6b0a5026-52f3-475a-a20f-5aacf94764f0
2026-05-10 11:42:45 [http-nio-3000-exec-8] WARN  o.s.w.s.m.m.a.ExceptionHandlerExceptionResolver - Resolved [org.springframework.web.bind.MissingServletRequestParameterException: Required request parameter 'userId' for method parameter type String is not present]
2026-05-10 11:42:49 [http-nio-3000-exec-2] INFO  c.b.p.a.a.a.c.AuthRestAdapter - POST /auth/signin - Intento de autenticación para email: mateovargas220705@gmail.com
2026-05-10 11:42:49 [http-nio-3000-exec-2] DEBUG c.b.p.a.d.a.s.AutorizacionAuthService - Autenticando usuario con email: mateovargas220705@gmail.com
2026-05-10 11:42:49 [http-nio-3000-exec-2] DEBUG c.b.p.a.d.a.s.AutorizacionAuthService - Autenticación completada para email: mateovargas220705@gmail.com
2026-05-10 11:42:49 [http-nio-3000-exec-2] INFO  c.b.p.a.a.a.c.AuthRestAdapter - Autenticación exitosa para email: mateovargas220705@gmail.com
2026-05-10 11:42:49 [http-nio-3000-exec-3] INFO  c.b.p.a.a.p.c.ProductosRestAdapter - GET /productos - Obtener todos los productos
2026-05-10 11:42:49 [http-nio-3000-exec-3] DEBUG c.b.p.a.d.p.s.GestionProductosService - Obteniendo todos los productos
2026-05-10 11:42:49 [http-nio-3000-exec-10] INFO  c.b.p.a.a.v.c.VendedoresRestAdapter - GET /vendedores - Obtener todos los vendedores
2026-05-10 11:42:49 [http-nio-3000-exec-10] DEBUG c.b.p.a.d.v.s.GestionVendedoresService - Obteniendo todos los vendedores
2026-05-10 11:42:49 [http-nio-3000-exec-9] INFO  c.b.p.a.a.p.c.ProductosRestAdapter - GET /productos/stock-bajo - Consultando alertas con umbral: 100
2026-05-10 11:42:49 [http-nio-3000-exec-9] DEBUG c.b.p.a.d.p.s.GestionProductosService - Obteniendo productos con stock bajo. Umbral: 100
2026-05-10 11:42:49 [http-nio-3000-exec-3] DEBUG c.b.p.a.d.p.s.GestionProductosService - Se obtuvieron 25 productos
2026-05-10 11:42:49 [http-nio-3000-exec-3] DEBUG c.b.p.a.a.p.c.ProductosRestAdapter - Se obtuvieron 25 productos
2026-05-10 11:42:49 [http-nio-3000-exec-10] DEBUG c.b.p.a.d.v.s.GestionVendedoresService - Se obtuvieron 10 vendedores
2026-05-10 11:42:49 [http-nio-3000-exec-10] DEBUG c.b.p.a.a.v.c.VendedoresRestAdapter - Se obtuvieron 10 vendedores
2026-05-10 11:42:49 [http-nio-3000-exec-9] DEBUG c.b.p.a.d.p.s.GestionProductosService - Se encontraron 24 productos con stock bajo
2026-05-10 11:42:50 [http-nio-3000-exec-7] INFO  c.b.p.a.a.v.c.VendedoresRestAdapter - GET /vendedores - Obtener todos los vendedores
2026-05-10 11:42:50 [http-nio-3000-exec-7] DEBUG c.b.p.a.d.v.s.GestionVendedoresService - Obteniendo todos los vendedores
2026-05-10 11:42:51 [http-nio-3000-exec-7] DEBUG c.b.p.a.d.v.s.GestionVendedoresService - Se obtuvieron 10 vendedores
2026-05-10 11:42:51 [http-nio-3000-exec-7] DEBUG c.b.p.a.a.v.c.VendedoresRestAdapter - Se obtuvieron 10 vendedores
2026-05-10 11:42:51 [http-nio-3000-exec-6] INFO  c.b.p.a.a.c.CierreJornadaRestAdapter - GET /cierres/vendedor/0b9544ca-bfbe-4335-821c-5c8eb4b553b2 - Historial de cierres
2026-05-10 11:42:51 [http-nio-3000-exec-4] DEBUG c.b.p.a.d.a.s.AutorizacionAuthService - Obteniendo perfil por token
2026-05-10 11:42:51 [http-nio-3000-exec-1] INFO  c.b.p.a.a.ventas.VentaRestAdapter - GET /ventas/cierre-jornada - Obtener cierre de jornada para vendedor 0b9544ca-bfbe-4335-821c-5c8eb4b553b2 y fecha 2026-05-10
2026-05-10 11:42:51 [http-nio-3000-exec-1] INFO  c.b.p.a.d.v.s.GestionVentasService - Obteniendo resumen de cierre de jornada para vendedor 0b9544ca-bfbe-4335-821c-5c8eb4b553b2 en fecha 2026-05-10
2026-05-10 11:42:51 [http-nio-3000-exec-8] DEBUG c.b.p.a.a.c.c.ClientesRestAdapter - Obteniendo clientes; vendedorId=0b9544ca-bfbe-4335-821c-5c8eb4b553b2
2026-05-10 11:42:51 [http-nio-3000-exec-2] DEBUG c.b.p.a.d.a.s.AutorizacionAuthService - Obteniendo perfil por token
2026-05-10 11:42:51 [http-nio-3000-exec-5] INFO  c.b.p.a.a.ventas.VentaRestAdapter - GET /ventas/cierre-jornada - Obtener cierre de jornada para vendedor 2ab0631c-da17-4bd8-b9b9-237de54711c6 y fecha 2026-05-10
2026-05-10 11:42:51 [http-nio-3000-exec-8] DEBUG c.b.p.a.d.c.s.GestionClientesService - Obteniendo clientes por vendedor: 0b9544ca-bfbe-4335-821c-5c8eb4b553b2
2026-05-10 11:42:51 [http-nio-3000-exec-5] INFO  c.b.p.a.d.v.s.GestionVentasService - Obteniendo resumen de cierre de jornada para vendedor 2ab0631c-da17-4bd8-b9b9-237de54711c6 en fecha 2026-05-10
2026-05-10 11:42:51 [http-nio-3000-exec-8] DEBUG c.b.p.a.i.p.s.a.SupabaseClienteRepositoryAdapter - Obteniendo clientes por vendedorId=0b9544ca-bfbe-4335-821c-5c8eb4b553b2
2026-05-10 11:42:51 [http-nio-3000-exec-3] INFO  c.b.p.a.a.c.CierreJornadaRestAdapter - GET /cierres/vendedor/2ab0631c-da17-4bd8-b9b9-237de54711c6 - Historial de cierres
2026-05-10 11:42:51 [http-nio-3000-exec-10] DEBUG c.b.p.a.a.c.c.ClientesRestAdapter - Obteniendo clientes; vendedorId=2ab0631c-da17-4bd8-b9b9-237de54711c6
2026-05-10 11:42:51 [http-nio-3000-exec-10] DEBUG c.b.p.a.d.c.s.GestionClientesService - Obteniendo clientes por vendedor: 2ab0631c-da17-4bd8-b9b9-237de54711c6
2026-05-10 11:42:51 [http-nio-3000-exec-10] DEBUG c.b.p.a.i.p.s.a.SupabaseClienteRepositoryAdapter - Obteniendo clientes por vendedorId=2ab0631c-da17-4bd8-b9b9-237de54711c6
2026-05-10 11:42:51 [http-nio-3000-exec-9] DEBUG c.b.p.a.d.a.s.AutorizacionAuthService - Obteniendo perfil por token
2026-05-10 11:42:51 [http-nio-3000-exec-7] INFO  c.b.p.a.a.ventas.VentaRestAdapter - GET /ventas/cierre-jornada - Obtener cierre de jornada para vendedor 5e0e4eff-aec3-46df-a77e-d4feeb19394c y fecha 2026-05-10
2026-05-10 11:42:51 [http-nio-3000-exec-7] INFO  c.b.p.a.d.v.s.GestionVentasService - Obteniendo resumen de cierre de jornada para vendedor 5e0e4eff-aec3-46df-a77e-d4feeb19394c en fecha 2026-05-10
2026-05-10 11:42:51 [http-nio-3000-exec-2] DEBUG c.b.p.a.d.a.s.AutorizacionAuthService - Perfil obtenido exitosamente para usuario ID: f2dc5b92-7ded-4c42-9e5a-d8a22aaf4a3a
2026-05-10 11:42:51 [http-nio-3000-exec-2] INFO  c.b.p.a.a.i.c.InventarioRestAdapter - GET /inventario/vendedor/2ab0631c-da17-4bd8-b9b9-237de54711c6 - consulta por mateovargas220705@gmail.com
2026-05-10 11:42:51 [http-nio-3000-exec-2] INFO  c.b.p.a.d.i.s.GestionInventarioService - Consultando cargas por vendedor: 2ab0631c-da17-4bd8-b9b9-237de54711c6
2026-05-10 11:42:51 [http-nio-3000-exec-2] DEBUG c.b.p.a.i.p.s.a.SupabaseAsignacionRepositoryAdapter - Consultando asignaciones por vendedor: 2ab0631c-da17-4bd8-b9b9-237de54711c6
2026-05-10 11:42:51 [http-nio-3000-exec-4] DEBUG c.b.p.a.d.a.s.AutorizacionAuthService - Perfil obtenido exitosamente para usuario ID: f2dc5b92-7ded-4c42-9e5a-d8a22aaf4a3a
2026-05-10 11:42:51 [http-nio-3000-exec-4] INFO  c.b.p.a.a.i.c.InventarioRestAdapter - GET /inventario/vendedor/0b9544ca-bfbe-4335-821c-5c8eb4b553b2 - consulta por mateovargas220705@gmail.com
2026-05-10 11:42:51 [http-nio-3000-exec-4] INFO  c.b.p.a.d.i.s.GestionInventarioService - Consultando cargas por vendedor: 0b9544ca-bfbe-4335-821c-5c8eb4b553b2
2026-05-10 11:42:51 [http-nio-3000-exec-4] DEBUG c.b.p.a.i.p.s.a.SupabaseAsignacionRepositoryAdapter - Consultando asignaciones por vendedor: 0b9544ca-bfbe-4335-821c-5c8eb4b553b2
2026-05-10 11:42:51 [http-nio-3000-exec-6] INFO  c.b.p.a.a.c.CierreJornadaRestAdapter - GET /cierres/vendedor/5e0e4eff-aec3-46df-a77e-d4feeb19394c - Historial de cierres
2026-05-10 11:42:51 [http-nio-3000-exec-8] DEBUG c.b.p.a.a.c.c.ClientesRestAdapter - Obteniendo clientes; vendedorId=5e0e4eff-aec3-46df-a77e-d4feeb19394c
2026-05-10 11:42:51 [http-nio-3000-exec-8] DEBUG c.b.p.a.d.c.s.GestionClientesService - Obteniendo clientes por vendedor: 5e0e4eff-aec3-46df-a77e-d4feeb19394c
2026-05-10 11:42:51 [http-nio-3000-exec-8] DEBUG c.b.p.a.i.p.s.a.SupabaseClienteRepositoryAdapter - Obteniendo clientes por vendedorId=5e0e4eff-aec3-46df-a77e-d4feeb19394c
2026-05-10 11:42:51 [http-nio-3000-exec-2] DEBUG c.b.p.a.i.p.s.a.SupabaseAsignacionRepositoryAdapter - Asignaciones encontradas para vendedor 2ab0631c-da17-4bd8-b9b9-237de54711c6: 9
2026-05-10 11:42:51 [http-nio-3000-exec-1] DEBUG c.b.p.a.d.a.s.AutorizacionAuthService - Obteniendo perfil por token
2026-05-10 11:42:51 [http-nio-3000-exec-4] DEBUG c.b.p.a.i.p.s.a.SupabaseAsignacionRepositoryAdapter - Asignaciones encontradas para vendedor 0b9544ca-bfbe-4335-821c-5c8eb4b553b2: 1
2026-05-10 11:42:51 [http-nio-3000-exec-10] INFO  c.b.p.a.a.c.CierreJornadaRestAdapter - GET /cierres/vendedor/6b0a5026-52f3-475a-a20f-5aacf94764f0 - Historial de cierres
2026-05-10 11:42:51 [http-nio-3000-exec-3] INFO  c.b.p.a.a.ventas.VentaRestAdapter - GET /ventas/cierre-jornada - Obtener cierre de jornada para vendedor 6b0a5026-52f3-475a-a20f-5aacf94764f0 y fecha 2026-05-10
2026-05-10 11:42:51 [http-nio-3000-exec-3] INFO  c.b.p.a.d.v.s.GestionVentasService - Obteniendo resumen de cierre de jornada para vendedor 6b0a5026-52f3-475a-a20f-5aacf94764f0 en fecha 2026-05-10
2026-05-10 11:42:51 [http-nio-3000-exec-5] DEBUG c.b.p.a.a.c.c.ClientesRestAdapter - Obteniendo clientes; vendedorId=6b0a5026-52f3-475a-a20f-5aacf94764f0
2026-05-10 11:42:51 [http-nio-3000-exec-5] DEBUG c.b.p.a.d.c.s.GestionClientesService - Obteniendo clientes por vendedor: 6b0a5026-52f3-475a-a20f-5aacf94764f0
2026-05-10 11:42:51 [http-nio-3000-exec-5] DEBUG c.b.p.a.i.p.s.a.SupabaseClienteRepositoryAdapter - Obteniendo clientes por vendedorId=6b0a5026-52f3-475a-a20f-5aacf94764f0
2026-05-10 11:42:51 [http-nio-3000-exec-9] DEBUG c.b.p.a.d.a.s.AutorizacionAuthService - Perfil obtenido exitosamente para usuario ID: f2dc5b92-7ded-4c42-9e5a-d8a22aaf4a3a
2026-05-10 11:42:51 [http-nio-3000-exec-9] INFO  c.b.p.a.a.i.c.InventarioRestAdapter - GET /inventario/vendedor/5e0e4eff-aec3-46df-a77e-d4feeb19394c - consulta por mateovargas220705@gmail.com
2026-05-10 11:42:51 [http-nio-3000-exec-9] INFO  c.b.p.a.d.i.s.GestionInventarioService - Consultando cargas por vendedor: 5e0e4eff-aec3-46df-a77e-d4feeb19394c
2026-05-10 11:42:51 [http-nio-3000-exec-9] DEBUG c.b.p.a.i.p.s.a.SupabaseAsignacionRepositoryAdapter - Consultando asignaciones por vendedor: 5e0e4eff-aec3-46df-a77e-d4feeb19394c
2026-05-10 11:42:51 [http-nio-3000-exec-2] DEBUG c.b.p.a.d.a.s.AutorizacionAuthService - Obteniendo perfil por token
2026-05-10 11:42:51 [http-nio-3000-exec-8] INFO  c.b.p.a.a.ventas.VentaRestAdapter - GET /ventas/cierre-jornada - Obtener cierre de jornada para vendedor 73ed0c2b-851c-44c8-a08b-ded6f61924f9 y fecha 2026-05-10
2026-05-10 11:42:51 [http-nio-3000-exec-8] INFO  c.b.p.a.d.v.s.GestionVentasService - Obteniendo resumen de cierre de jornada para vendedor 73ed0c2b-851c-44c8-a08b-ded6f61924f9 en fecha 2026-05-10
2026-05-10 11:42:51 [http-nio-3000-exec-4] INFO  c.b.p.a.a.c.CierreJornadaRestAdapter - GET /cierres/vendedor/73ed0c2b-851c-44c8-a08b-ded6f61924f9 - Historial de cierres
2026-05-10 11:42:51 [http-nio-3000-exec-9] DEBUG c.b.p.a.i.p.s.a.SupabaseAsignacionRepositoryAdapter - Asignaciones encontradas para vendedor 5e0e4eff-aec3-46df-a77e-d4feeb19394c: 4
2026-05-10 11:42:51 [http-nio-3000-exec-1] DEBUG c.b.p.a.d.a.s.AutorizacionAuthService - Perfil obtenido exitosamente para usuario ID: f2dc5b92-7ded-4c42-9e5a-d8a22aaf4a3a
2026-05-10 11:42:51 [http-nio-3000-exec-1] INFO  c.b.p.a.a.i.c.InventarioRestAdapter - GET /inventario/vendedor/6b0a5026-52f3-475a-a20f-5aacf94764f0 - consulta por mateovargas220705@gmail.com
2026-05-10 11:42:51 [http-nio-3000-exec-1] INFO  c.b.p.a.d.i.s.GestionInventarioService - Consultando cargas por vendedor: 6b0a5026-52f3-475a-a20f-5aacf94764f0
2026-05-10 11:42:51 [http-nio-3000-exec-1] DEBUG c.b.p.a.i.p.s.a.SupabaseAsignacionRepositoryAdapter - Consultando asignaciones por vendedor: 6b0a5026-52f3-475a-a20f-5aacf94764f0
2026-05-10 11:42:51 [http-nio-3000-exec-6] DEBUG c.b.p.a.a.c.c.ClientesRestAdapter - Obteniendo clientes; vendedorId=73ed0c2b-851c-44c8-a08b-ded6f61924f9
2026-05-10 11:42:51 [http-nio-3000-exec-6] DEBUG c.b.p.a.d.c.s.GestionClientesService - Obteniendo clientes por vendedor: 73ed0c2b-851c-44c8-a08b-ded6f61924f9
2026-05-10 11:42:51 [http-nio-3000-exec-6] DEBUG c.b.p.a.i.p.s.a.SupabaseClienteRepositoryAdapter - Obteniendo clientes por vendedorId=73ed0c2b-851c-44c8-a08b-ded6f61924f9
2026-05-10 11:42:51 [http-nio-3000-exec-7] DEBUG c.b.p.a.d.a.s.AutorizacionAuthService - Obteniendo perfil por token
2026-05-10 11:42:51 [http-nio-3000-exec-10] INFO  c.b.p.a.a.ventas.VentaRestAdapter - GET /ventas/cierre-jornada - Obtener cierre de jornada para vendedor 7ca8780f-864c-4179-8c8a-9d8ae55b6df8 y fecha 2026-05-10
2026-05-10 11:42:51 [http-nio-3000-exec-10] INFO  c.b.p.a.d.v.s.GestionVentasService - Obteniendo resumen de cierre de jornada para vendedor 7ca8780f-864c-4179-8c8a-9d8ae55b6df8 en fecha 2026-05-10
2026-05-10 11:42:52 [http-nio-3000-exec-1] DEBUG c.b.p.a.i.p.s.a.SupabaseAsignacionRepositoryAdapter - Asignaciones encontradas para vendedor 6b0a5026-52f3-475a-a20f-5aacf94764f0: 31
2026-05-10 11:42:52 [http-nio-3000-exec-5] DEBUG c.b.p.a.a.c.c.ClientesRestAdapter - Obteniendo clientes; vendedorId=7ca8780f-864c-4179-8c8a-9d8ae55b6df8
2026-05-10 11:42:52 [http-nio-3000-exec-5] DEBUG c.b.p.a.d.c.s.GestionClientesService - Obteniendo clientes por vendedor: 7ca8780f-864c-4179-8c8a-9d8ae55b6df8
2026-05-10 11:42:52 [http-nio-3000-exec-5] DEBUG c.b.p.a.i.p.s.a.SupabaseClienteRepositoryAdapter - Obteniendo clientes por vendedorId=7ca8780f-864c-4179-8c8a-9d8ae55b6df8
2026-05-10 11:42:52 [http-nio-3000-exec-9] DEBUG c.b.p.a.d.a.s.AutorizacionAuthService - Obteniendo perfil por token
2026-05-10 11:42:52 [http-nio-3000-exec-2] DEBUG c.b.p.a.d.a.s.AutorizacionAuthService - Perfil obtenido exitosamente para usuario ID: f2dc5b92-7ded-4c42-9e5a-d8a22aaf4a3a
2026-05-10 11:42:52 [http-nio-3000-exec-2] INFO  c.b.p.a.a.i.c.InventarioRestAdapter - GET /inventario/vendedor/73ed0c2b-851c-44c8-a08b-ded6f61924f9 - consulta por mateovargas220705@gmail.com
2026-05-10 11:42:52 [http-nio-3000-exec-2] INFO  c.b.p.a.d.i.s.GestionInventarioService - Consultando cargas por vendedor: 73ed0c2b-851c-44c8-a08b-ded6f61924f9
2026-05-10 11:42:52 [http-nio-3000-exec-2] DEBUG c.b.p.a.i.p.s.a.SupabaseAsignacionRepositoryAdapter - Consultando asignaciones por vendedor: 73ed0c2b-851c-44c8-a08b-ded6f61924f9
2026-05-10 11:42:52 [http-nio-3000-exec-3] INFO  c.b.p.a.a.ventas.VentaRestAdapter - GET /ventas/cierre-jornada - Obtener cierre de jornada para vendedor 7dec6fc9-8ddc-48c6-86a3-a1dbfc46f80e y fecha 2026-05-10
2026-05-10 11:42:52 [http-nio-3000-exec-3] INFO  c.b.p.a.d.v.s.GestionVentasService - Obteniendo resumen de cierre de jornada para vendedor 7dec6fc9-8ddc-48c6-86a3-a1dbfc46f80e en fecha 2026-05-10
2026-05-10 11:42:52 [http-nio-3000-exec-2] DEBUG c.b.p.a.i.p.s.a.SupabaseAsignacionRepositoryAdapter - Asignaciones encontradas para vendedor 73ed0c2b-851c-44c8-a08b-ded6f61924f9: 4
2026-05-10 11:42:52 [http-nio-3000-exec-7] DEBUG c.b.p.a.d.a.s.AutorizacionAuthService - Perfil obtenido exitosamente para usuario ID: f2dc5b92-7ded-4c42-9e5a-d8a22aaf4a3a
2026-05-10 11:42:52 [http-nio-3000-exec-7] INFO  c.b.p.a.a.i.c.InventarioRestAdapter - GET /inventario/vendedor/7ca8780f-864c-4179-8c8a-9d8ae55b6df8 - consulta por mateovargas220705@gmail.com
2026-05-10 11:42:52 [http-nio-3000-exec-7] INFO  c.b.p.a.d.i.s.GestionInventarioService - Consultando cargas por vendedor: 7ca8780f-864c-4179-8c8a-9d8ae55b6df8
2026-05-10 11:42:52 [http-nio-3000-exec-7] DEBUG c.b.p.a.i.p.s.a.SupabaseAsignacionRepositoryAdapter - Consultando asignaciones por vendedor: 7ca8780f-864c-4179-8c8a-9d8ae55b6df8
2026-05-10 11:42:52 [http-nio-3000-exec-4] INFO  c.b.p.a.a.c.CierreJornadaRestAdapter - GET /cierres/vendedor/7ca8780f-864c-4179-8c8a-9d8ae55b6df8 - Historial de cierres
2026-05-10 11:42:52 [http-nio-3000-exec-6] INFO  c.b.p.a.a.c.CierreJornadaRestAdapter - GET /cierres/vendedor/7dec6fc9-8ddc-48c6-86a3-a1dbfc46f80e - Historial de cierres
2026-05-10 11:42:52 [http-nio-3000-exec-1] DEBUG c.b.p.a.a.c.c.ClientesRestAdapter - Obteniendo clientes; vendedorId=7dec6fc9-8ddc-48c6-86a3-a1dbfc46f80e
2026-05-10 11:42:52 [http-nio-3000-exec-1] DEBUG c.b.p.a.d.c.s.GestionClientesService - Obteniendo clientes por vendedor: 7dec6fc9-8ddc-48c6-86a3-a1dbfc46f80e
2026-05-10 11:42:52 [http-nio-3000-exec-1] DEBUG c.b.p.a.i.p.s.a.SupabaseClienteRepositoryAdapter - Obteniendo clientes por vendedorId=7dec6fc9-8ddc-48c6-86a3-a1dbfc46f80e
2026-05-10 11:42:52 [http-nio-3000-exec-9] DEBUG c.b.p.a.d.a.s.AutorizacionAuthService - Perfil obtenido exitosamente para usuario ID: f2dc5b92-7ded-4c42-9e5a-d8a22aaf4a3a
2026-05-10 11:42:52 [http-nio-3000-exec-9] INFO  c.b.p.a.a.i.c.InventarioRestAdapter - GET /inventario/vendedor/7dec6fc9-8ddc-48c6-86a3-a1dbfc46f80e - consulta por mateovargas220705@gmail.com
2026-05-10 11:42:52 [http-nio-3000-exec-9] INFO  c.b.p.a.d.i.s.GestionInventarioService - Consultando cargas por vendedor: 7dec6fc9-8ddc-48c6-86a3-a1dbfc46f80e
2026-05-10 11:42:52 [http-nio-3000-exec-9] DEBUG c.b.p.a.i.p.s.a.SupabaseAsignacionRepositoryAdapter - Consultando asignaciones por vendedor: 7dec6fc9-8ddc-48c6-86a3-a1dbfc46f80e
2026-05-10 11:42:52 [http-nio-3000-exec-7] DEBUG c.b.p.a.i.p.s.a.SupabaseAsignacionRepositoryAdapter - Asignaciones encontradas para vendedor 7ca8780f-864c-4179-8c8a-9d8ae55b6df8: 3
2026-05-10 11:42:52 [http-nio-3000-exec-8] DEBUG c.b.p.a.d.a.s.AutorizacionAuthService - Obteniendo perfil por token
2026-05-10 11:42:52 [http-nio-3000-exec-5] INFO  c.b.p.a.a.ventas.VentaRestAdapter - GET /ventas/cierre-jornada - Obtener cierre de jornada para vendedor 86676371-8389-4969-89b4-6a10d3e65cbd y fecha 2026-05-10
2026-05-10 11:42:52 [http-nio-3000-exec-5] INFO  c.b.p.a.d.v.s.GestionVentasService - Obteniendo resumen de cierre de jornada para vendedor 86676371-8389-4969-89b4-6a10d3e65cbd en fecha 2026-05-10
2026-05-10 11:42:52 [http-nio-3000-exec-2] INFO  c.b.p.a.a.c.CierreJornadaRestAdapter - GET /cierres/vendedor/86676371-8389-4969-89b4-6a10d3e65cbd - Historial de cierres
2026-05-10 11:42:52 [http-nio-3000-exec-10] DEBUG c.b.p.a.a.c.c.ClientesRestAdapter - Obteniendo clientes; vendedorId=86676371-8389-4969-89b4-6a10d3e65cbd
2026-05-10 11:42:52 [http-nio-3000-exec-10] DEBUG c.b.p.a.d.c.s.GestionClientesService - Obteniendo clientes por vendedor: 86676371-8389-4969-89b4-6a10d3e65cbd
2026-05-10 11:42:52 [http-nio-3000-exec-10] DEBUG c.b.p.a.i.p.s.a.SupabaseClienteRepositoryAdapter - Obteniendo clientes por vendedorId=86676371-8389-4969-89b4-6a10d3e65cbd
2026-05-10 11:42:52 [http-nio-3000-exec-7] DEBUG c.b.p.a.d.a.s.AutorizacionAuthService - Obteniendo perfil por token
2026-05-10 11:42:52 [http-nio-3000-exec-9] DEBUG c.b.p.a.i.p.s.a.SupabaseAsignacionRepositoryAdapter - Asignaciones encontradas para vendedor 7dec6fc9-8ddc-48c6-86a3-a1dbfc46f80e: 1
2026-05-10 11:42:52 [http-nio-3000-exec-3] INFO  c.b.p.a.a.ventas.VentaRestAdapter - GET /ventas/cierre-jornada - Obtener cierre de jornada para vendedor 997e2337-32a6-4ba5-84fb-873ef1b6036f y fecha 2026-05-10
2026-05-10 11:42:52 [http-nio-3000-exec-3] INFO  c.b.p.a.d.v.s.GestionVentasService - Obteniendo resumen de cierre de jornada para vendedor 997e2337-32a6-4ba5-84fb-873ef1b6036f en fecha 2026-05-10
2026-05-10 11:42:52 [http-nio-3000-exec-4] INFO  c.b.p.a.a.c.CierreJornadaRestAdapter - GET /cierres/vendedor/997e2337-32a6-4ba5-84fb-873ef1b6036f - Historial de cierres
2026-05-10 11:42:52 [http-nio-3000-exec-6] DEBUG c.b.p.a.a.c.c.ClientesRestAdapter - Obteniendo clientes; vendedorId=997e2337-32a6-4ba5-84fb-873ef1b6036f
2026-05-10 11:42:52 [http-nio-3000-exec-6] DEBUG c.b.p.a.d.c.s.GestionClientesService - Obteniendo clientes por vendedor: 997e2337-32a6-4ba5-84fb-873ef1b6036f
2026-05-10 11:42:52 [http-nio-3000-exec-6] DEBUG c.b.p.a.i.p.s.a.SupabaseClienteRepositoryAdapter - Obteniendo clientes por vendedorId=997e2337-32a6-4ba5-84fb-873ef1b6036f
2026-05-10 11:42:52 [http-nio-3000-exec-8] DEBUG c.b.p.a.d.a.s.AutorizacionAuthService - Perfil obtenido exitosamente para usuario ID: f2dc5b92-7ded-4c42-9e5a-d8a22aaf4a3a
2026-05-10 11:42:52 [http-nio-3000-exec-8] INFO  c.b.p.a.a.i.c.InventarioRestAdapter - GET /inventario/vendedor/86676371-8389-4969-89b4-6a10d3e65cbd - consulta por mateovargas220705@gmail.com
2026-05-10 11:42:52 [http-nio-3000-exec-8] INFO  c.b.p.a.d.i.s.GestionInventarioService - Consultando cargas por vendedor: 86676371-8389-4969-89b4-6a10d3e65cbd
2026-05-10 11:42:52 [http-nio-3000-exec-8] DEBUG c.b.p.a.i.p.s.a.SupabaseAsignacionRepositoryAdapter - Consultando asignaciones por vendedor: 86676371-8389-4969-89b4-6a10d3e65cbd
2026-05-10 11:42:52 [http-nio-3000-exec-1] DEBUG c.b.p.a.d.a.s.AutorizacionAuthService - Obteniendo perfil por token
2026-05-10 11:42:52 [http-nio-3000-exec-9] INFO  c.b.p.a.a.ventas.VentaRestAdapter - GET /ventas/cierre-jornada - Obtener cierre de jornada para vendedor c1cbc4b0-eafd-490a-be95-b1c42036ad16 y fecha 2026-05-10
2026-05-10 11:42:52 [http-nio-3000-exec-9] INFO  c.b.p.a.d.v.s.GestionVentasService - Obteniendo resumen de cierre de jornada para vendedor c1cbc4b0-eafd-490a-be95-b1c42036ad16 en fecha 2026-05-10
2026-05-10 11:42:52 [http-nio-3000-exec-2] INFO  c.b.p.a.a.c.CierreJornadaRestAdapter - GET /cierres/vendedor/c1cbc4b0-eafd-490a-be95-b1c42036ad16 - Historial de cierres
2026-05-10 11:42:52 [http-nio-3000-exec-7] DEBUG c.b.p.a.d.a.s.AutorizacionAuthService - Perfil obtenido exitosamente para usuario ID: f2dc5b92-7ded-4c42-9e5a-d8a22aaf4a3a
2026-05-10 11:42:52 [http-nio-3000-exec-7] INFO  c.b.p.a.a.i.c.InventarioRestAdapter - GET /inventario/vendedor/997e2337-32a6-4ba5-84fb-873ef1b6036f - consulta por mateovargas220705@gmail.com
2026-05-10 11:42:52 [http-nio-3000-exec-7] INFO  c.b.p.a.d.i.s.GestionInventarioService - Consultando cargas por vendedor: 997e2337-32a6-4ba5-84fb-873ef1b6036f
2026-05-10 11:42:52 [http-nio-3000-exec-7] DEBUG c.b.p.a.i.p.s.a.SupabaseAsignacionRepositoryAdapter - Consultando asignaciones por vendedor: 997e2337-32a6-4ba5-84fb-873ef1b6036f
2026-05-10 11:42:52 [http-nio-3000-exec-10] DEBUG c.b.p.a.a.c.c.ClientesRestAdapter - Obteniendo clientes; vendedorId=c1cbc4b0-eafd-490a-be95-b1c42036ad16
2026-05-10 11:42:52 [http-nio-3000-exec-10] DEBUG c.b.p.a.d.c.s.GestionClientesService - Obteniendo clientes por vendedor: c1cbc4b0-eafd-490a-be95-b1c42036ad16
2026-05-10 11:42:52 [http-nio-3000-exec-10] DEBUG c.b.p.a.i.p.s.a.SupabaseClienteRepositoryAdapter - Obteniendo clientes por vendedorId=c1cbc4b0-eafd-490a-be95-b1c42036ad16
2026-05-10 11:42:52 [http-nio-3000-exec-8] DEBUG c.b.p.a.i.p.s.a.SupabaseAsignacionRepositoryAdapter - Asignaciones encontradas para vendedor 86676371-8389-4969-89b4-6a10d3e65cbd: 6
2026-05-10 11:42:53 [http-nio-3000-exec-7] DEBUG c.b.p.a.i.p.s.a.SupabaseAsignacionRepositoryAdapter - Asignaciones encontradas para vendedor 997e2337-32a6-4ba5-84fb-873ef1b6036f: 1
2026-05-10 11:42:53 [http-nio-3000-exec-1] DEBUG c.b.p.a.d.a.s.AutorizacionAuthService - Perfil obtenido exitosamente para usuario ID: f2dc5b92-7ded-4c42-9e5a-d8a22aaf4a3a
2026-05-10 11:42:53 [http-nio-3000-exec-1] INFO  c.b.p.a.a.i.c.InventarioRestAdapter - GET /inventario/vendedor/c1cbc4b0-eafd-490a-be95-b1c42036ad16 - consulta por mateovargas220705@gmail.com
2026-05-10 11:42:53 [http-nio-3000-exec-1] INFO  c.b.p.a.d.i.s.GestionInventarioService - Consultando cargas por vendedor: c1cbc4b0-eafd-490a-be95-b1c42036ad16
2026-05-10 11:42:53 [http-nio-3000-exec-1] DEBUG c.b.p.a.i.p.s.a.SupabaseAsignacionRepositoryAdapter - Consultando asignaciones por vendedor: c1cbc4b0-eafd-490a-be95-b1c42036ad16
2026-05-10 11:42:53 [http-nio-3000-exec-1] DEBUG c.b.p.a.i.p.s.a.SupabaseAsignacionRepositoryAdapter - Asignaciones encontradas para vendedor c1cbc4b0-eafd-490a-be95-b1c42036ad16: 1
2026-05-10 11:55:04 [http-nio-3000-exec-7] INFO  c.b.p.a.a.v.c.VendedoresRestAdapter - GET /vendedores - Obtener todos los vendedores
2026-05-10 11:55:04 [http-nio-3000-exec-7] DEBUG c.b.p.a.d.v.s.GestionVendedoresService - Obteniendo todos los vendedores
2026-05-10 11:55:05 [http-nio-3000-exec-7] DEBUG c.b.p.a.d.v.s.GestionVendedoresService - Se obtuvieron 10 vendedores
2026-05-10 11:55:05 [http-nio-3000-exec-7] DEBUG c.b.p.a.a.v.c.VendedoresRestAdapter - Se obtuvieron 10 vendedores
2026-05-10 11:55:05 [http-nio-3000-exec-4] INFO  c.b.p.a.a.ventas.VentaRestAdapter - GET /ventas/cierre-jornada - Obtener cierre de jornada para vendedor 2ab0631c-da17-4bd8-b9b9-237de54711c6 y fecha 2026-05-10
2026-05-10 11:55:05 [http-nio-3000-exec-1] INFO  c.b.p.a.a.ventas.VentaRestAdapter - GET /ventas/cierre-jornada - Obtener cierre de jornada para vendedor 0b9544ca-bfbe-4335-821c-5c8eb4b553b2 y fecha 2026-05-10
2026-05-10 11:55:05 [http-nio-3000-exec-1] INFO  c.b.p.a.d.v.s.GestionVentasService - Obteniendo resumen de cierre de jornada para vendedor 0b9544ca-bfbe-4335-821c-5c8eb4b553b2 en fecha 2026-05-10
2026-05-10 11:55:05 [http-nio-3000-exec-6] INFO  c.b.p.a.a.c.CierreJornadaRestAdapter - GET /cierres/vendedor/0b9544ca-bfbe-4335-821c-5c8eb4b553b2 - Historial de cierres
2026-05-10 11:55:05 [http-nio-3000-exec-10] DEBUG c.b.p.a.d.a.s.AutorizacionAuthService - Obteniendo perfil por token
2026-05-10 11:55:05 [http-nio-3000-exec-5] DEBUG c.b.p.a.d.a.s.AutorizacionAuthService - Obteniendo perfil por token
2026-05-10 11:55:05 [http-nio-3000-exec-9] DEBUG c.b.p.a.a.c.c.ClientesRestAdapter - Obteniendo clientes; vendedorId=0b9544ca-bfbe-4335-821c-5c8eb4b553b2
2026-05-10 11:55:05 [http-nio-3000-exec-4] INFO  c.b.p.a.d.v.s.GestionVentasService - Obteniendo resumen de cierre de jornada para vendedor 2ab0631c-da17-4bd8-b9b9-237de54711c6 en fecha 2026-05-10
2026-05-10 11:55:05 [http-nio-3000-exec-9] DEBUG c.b.p.a.d.c.s.GestionClientesService - Obteniendo clientes por vendedor: 0b9544ca-bfbe-4335-821c-5c8eb4b553b2
2026-05-10 11:55:05 [http-nio-3000-exec-9] DEBUG c.b.p.a.i.p.s.a.SupabaseClienteRepositoryAdapter - Obteniendo clientes por vendedorId=0b9544ca-bfbe-4335-821c-5c8eb4b553b2
2026-05-10 11:55:06 [http-nio-3000-exec-3] DEBUG c.b.p.a.a.c.c.ClientesRestAdapter - Obteniendo clientes; vendedorId=2ab0631c-da17-4bd8-b9b9-237de54711c6
2026-05-10 11:55:06 [http-nio-3000-exec-3] DEBUG c.b.p.a.d.c.s.GestionClientesService - Obteniendo clientes por vendedor: 2ab0631c-da17-4bd8-b9b9-237de54711c6
2026-05-10 11:55:06 [http-nio-3000-exec-3] DEBUG c.b.p.a.i.p.s.a.SupabaseClienteRepositoryAdapter - Obteniendo clientes por vendedorId=2ab0631c-da17-4bd8-b9b9-237de54711c6
2026-05-10 11:55:06 [http-nio-3000-exec-8] INFO  c.b.p.a.a.c.CierreJornadaRestAdapter - GET /cierres/vendedor/2ab0631c-da17-4bd8-b9b9-237de54711c6 - Historial de cierres
2026-05-10 11:55:06 [http-nio-3000-exec-10] DEBUG c.b.p.a.d.a.s.AutorizacionAuthService - Perfil obtenido exitosamente para usuario ID: f2dc5b92-7ded-4c42-9e5a-d8a22aaf4a3a
2026-05-10 11:55:06 [http-nio-3000-exec-10] INFO  c.b.p.a.a.i.c.InventarioRestAdapter - GET /inventario/vendedor/0b9544ca-bfbe-4335-821c-5c8eb4b553b2 - consulta por mateovargas220705@gmail.com
2026-05-10 11:55:06 [http-nio-3000-exec-10] INFO  c.b.p.a.d.i.s.GestionInventarioService - Consultando cargas por vendedor: 0b9544ca-bfbe-4335-821c-5c8eb4b553b2
2026-05-10 11:55:06 [http-nio-3000-exec-10] DEBUG c.b.p.a.i.p.s.a.SupabaseAsignacionRepositoryAdapter - Consultando asignaciones por vendedor: 0b9544ca-bfbe-4335-821c-5c8eb4b553b2
2026-05-10 11:55:06 [http-nio-3000-exec-6] INFO  c.b.p.a.a.c.CierreJornadaRestAdapter - GET /cierres/vendedor/5e0e4eff-aec3-46df-a77e-d4feeb19394c - Historial de cierres
2026-05-10 11:55:06 [http-nio-3000-exec-2] DEBUG c.b.p.a.d.a.s.AutorizacionAuthService - Obteniendo perfil por token
2026-05-10 11:55:06 [http-nio-3000-exec-7] INFO  c.b.p.a.a.ventas.VentaRestAdapter - GET /ventas/cierre-jornada - Obtener cierre de jornada para vendedor 5e0e4eff-aec3-46df-a77e-d4feeb19394c y fecha 2026-05-10
2026-05-10 11:55:06 [http-nio-3000-exec-7] INFO  c.b.p.a.d.v.s.GestionVentasService - Obteniendo resumen de cierre de jornada para vendedor 5e0e4eff-aec3-46df-a77e-d4feeb19394c en fecha 2026-05-10
2026-05-10 11:55:06 [http-nio-3000-exec-9] DEBUG c.b.p.a.d.a.s.AutorizacionAuthService - Obteniendo perfil por token
2026-05-10 11:55:06 [http-nio-3000-exec-5] DEBUG c.b.p.a.d.a.s.AutorizacionAuthService - Perfil obtenido exitosamente para usuario ID: f2dc5b92-7ded-4c42-9e5a-d8a22aaf4a3a
2026-05-10 11:55:06 [http-nio-3000-exec-5] INFO  c.b.p.a.a.i.c.InventarioRestAdapter - GET /inventario/vendedor/2ab0631c-da17-4bd8-b9b9-237de54711c6 - consulta por mateovargas220705@gmail.com
2026-05-10 11:55:06 [http-nio-3000-exec-5] INFO  c.b.p.a.d.i.s.GestionInventarioService - Consultando cargas por vendedor: 2ab0631c-da17-4bd8-b9b9-237de54711c6
2026-05-10 11:55:06 [http-nio-3000-exec-5] DEBUG c.b.p.a.i.p.s.a.SupabaseAsignacionRepositoryAdapter - Consultando asignaciones por vendedor: 2ab0631c-da17-4bd8-b9b9-237de54711c6
2026-05-10 11:55:06 [http-nio-3000-exec-10] DEBUG c.b.p.a.i.p.s.a.SupabaseAsignacionRepositoryAdapter - Asignaciones encontradas para vendedor 0b9544ca-bfbe-4335-821c-5c8eb4b553b2: 1
2026-05-10 11:55:06 [http-nio-3000-exec-3] DEBUG c.b.p.a.a.c.c.ClientesRestAdapter - Obteniendo clientes; vendedorId=5e0e4eff-aec3-46df-a77e-d4feeb19394c
2026-05-10 11:55:06 [http-nio-3000-exec-3] DEBUG c.b.p.a.d.c.s.GestionClientesService - Obteniendo clientes por vendedor: 5e0e4eff-aec3-46df-a77e-d4feeb19394c
2026-05-10 11:55:06 [http-nio-3000-exec-3] DEBUG c.b.p.a.i.p.s.a.SupabaseClienteRepositoryAdapter - Obteniendo clientes por vendedorId=5e0e4eff-aec3-46df-a77e-d4feeb19394c
2026-05-10 11:55:06 [http-nio-3000-exec-1] INFO  c.b.p.a.a.ventas.VentaRestAdapter - GET /ventas/cierre-jornada - Obtener cierre de jornada para vendedor 6b0a5026-52f3-475a-a20f-5aacf94764f0 y fecha 2026-05-10
2026-05-10 11:55:06 [http-nio-3000-exec-1] INFO  c.b.p.a.d.v.s.GestionVentasService - Obteniendo resumen de cierre de jornada para vendedor 6b0a5026-52f3-475a-a20f-5aacf94764f0 en fecha 2026-05-10
2026-05-10 11:55:06 [http-nio-3000-exec-5] DEBUG c.b.p.a.i.p.s.a.SupabaseAsignacionRepositoryAdapter - Asignaciones encontradas para vendedor 2ab0631c-da17-4bd8-b9b9-237de54711c6: 9
2026-05-10 11:55:06 [http-nio-3000-exec-4] DEBUG c.b.p.a.a.c.c.ClientesRestAdapter - Obteniendo clientes; vendedorId=6b0a5026-52f3-475a-a20f-5aacf94764f0
2026-05-10 11:55:06 [http-nio-3000-exec-4] DEBUG c.b.p.a.d.c.s.GestionClientesService - Obteniendo clientes por vendedor: 6b0a5026-52f3-475a-a20f-5aacf94764f0
2026-05-10 11:55:06 [http-nio-3000-exec-4] DEBUG c.b.p.a.i.p.s.a.SupabaseClienteRepositoryAdapter - Obteniendo clientes por vendedorId=6b0a5026-52f3-475a-a20f-5aacf94764f0
2026-05-10 11:55:06 [http-nio-3000-exec-9] DEBUG c.b.p.a.d.a.s.AutorizacionAuthService - Perfil obtenido exitosamente para usuario ID: f2dc5b92-7ded-4c42-9e5a-d8a22aaf4a3a
2026-05-10 11:55:06 [http-nio-3000-exec-9] INFO  c.b.p.a.a.i.c.InventarioRestAdapter - GET /inventario/vendedor/6b0a5026-52f3-475a-a20f-5aacf94764f0 - consulta por mateovargas220705@gmail.com
2026-05-10 11:55:06 [http-nio-3000-exec-9] INFO  c.b.p.a.d.i.s.GestionInventarioService - Consultando cargas por vendedor: 6b0a5026-52f3-475a-a20f-5aacf94764f0
2026-05-10 11:55:06 [http-nio-3000-exec-9] DEBUG c.b.p.a.i.p.s.a.SupabaseAsignacionRepositoryAdapter - Consultando asignaciones por vendedor: 6b0a5026-52f3-475a-a20f-5aacf94764f0
2026-05-10 11:55:06 [http-nio-3000-exec-8] INFO  c.b.p.a.a.c.CierreJornadaRestAdapter - GET /cierres/vendedor/6b0a5026-52f3-475a-a20f-5aacf94764f0 - Historial de cierres
2026-05-10 11:55:06 [http-nio-3000-exec-2] DEBUG c.b.p.a.d.a.s.AutorizacionAuthService - Perfil obtenido exitosamente para usuario ID: f2dc5b92-7ded-4c42-9e5a-d8a22aaf4a3a
2026-05-10 11:55:06 [http-nio-3000-exec-2] INFO  c.b.p.a.a.i.c.InventarioRestAdapter - GET /inventario/vendedor/5e0e4eff-aec3-46df-a77e-d4feeb19394c - consulta por mateovargas220705@gmail.com
2026-05-10 11:55:06 [http-nio-3000-exec-2] INFO  c.b.p.a.d.i.s.GestionInventarioService - Consultando cargas por vendedor: 5e0e4eff-aec3-46df-a77e-d4feeb19394c
2026-05-10 11:55:06 [http-nio-3000-exec-2] DEBUG c.b.p.a.i.p.s.a.SupabaseAsignacionRepositoryAdapter - Consultando asignaciones por vendedor: 5e0e4eff-aec3-46df-a77e-d4feeb19394c
2026-05-10 11:55:06 [http-nio-3000-exec-6] INFO  c.b.p.a.a.c.CierreJornadaRestAdapter - GET /cierres/vendedor/73ed0c2b-851c-44c8-a08b-ded6f61924f9 - Historial de cierres
2026-05-10 11:55:06 [http-nio-3000-exec-10] INFO  c.b.p.a.a.ventas.VentaRestAdapter - GET /ventas/cierre-jornada - Obtener cierre de jornada para vendedor 73ed0c2b-851c-44c8-a08b-ded6f61924f9 y fecha 2026-05-10
2026-05-10 11:55:06 [http-nio-3000-exec-10] INFO  c.b.p.a.d.v.s.GestionVentasService - Obteniendo resumen de cierre de jornada para vendedor 73ed0c2b-851c-44c8-a08b-ded6f61924f9 en fecha 2026-05-10
2026-05-10 11:55:06 [http-nio-3000-exec-9] DEBUG c.b.p.a.i.p.s.a.SupabaseAsignacionRepositoryAdapter - Asignaciones encontradas para vendedor 6b0a5026-52f3-475a-a20f-5aacf94764f0: 31
2026-05-10 11:55:06 [http-nio-3000-exec-2] DEBUG c.b.p.a.i.p.s.a.SupabaseAsignacionRepositoryAdapter - Asignaciones encontradas para vendedor 5e0e4eff-aec3-46df-a77e-d4feeb19394c: 4
2026-05-10 11:55:06 [http-nio-3000-exec-5] DEBUG c.b.p.a.a.c.c.ClientesRestAdapter - Obteniendo clientes; vendedorId=73ed0c2b-851c-44c8-a08b-ded6f61924f9
2026-05-10 11:55:06 [http-nio-3000-exec-3] DEBUG c.b.p.a.d.a.s.AutorizacionAuthService - Obteniendo perfil por token
2026-05-10 11:55:06 [http-nio-3000-exec-5] DEBUG c.b.p.a.d.c.s.GestionClientesService - Obteniendo clientes por vendedor: 73ed0c2b-851c-44c8-a08b-ded6f61924f9
2026-05-10 11:55:06 [http-nio-3000-exec-4] DEBUG c.b.p.a.a.c.c.ClientesRestAdapter - Obteniendo clientes; vendedorId=7ca8780f-864c-4179-8c8a-9d8ae55b6df8
2026-05-10 11:55:06 [http-nio-3000-exec-7] DEBUG c.b.p.a.d.a.s.AutorizacionAuthService - Obteniendo perfil por token
2026-05-10 11:55:06 [http-nio-3000-exec-5] DEBUG c.b.p.a.i.p.s.a.SupabaseClienteRepositoryAdapter - Obteniendo clientes por vendedorId=73ed0c2b-851c-44c8-a08b-ded6f61924f9
2026-05-10 11:55:06 [http-nio-3000-exec-4] DEBUG c.b.p.a.d.c.s.GestionClientesService - Obteniendo clientes por vendedor: 7ca8780f-864c-4179-8c8a-9d8ae55b6df8
2026-05-10 11:55:06 [http-nio-3000-exec-4] DEBUG c.b.p.a.i.p.s.a.SupabaseClienteRepositoryAdapter - Obteniendo clientes por vendedorId=7ca8780f-864c-4179-8c8a-9d8ae55b6df8
2026-05-10 11:55:06 [http-nio-3000-exec-8] DEBUG c.b.p.a.d.a.s.AutorizacionAuthService - Obteniendo perfil por token
2026-05-10 11:55:07 [http-nio-3000-exec-9] INFO  c.b.p.a.a.ventas.VentaRestAdapter - GET /ventas/cierre-jornada - Obtener cierre de jornada para vendedor 7dec6fc9-8ddc-48c6-86a3-a1dbfc46f80e y fecha 2026-05-10
2026-05-10 11:55:07 [http-nio-3000-exec-9] INFO  c.b.p.a.d.v.s.GestionVentasService - Obteniendo resumen de cierre de jornada para vendedor 7dec6fc9-8ddc-48c6-86a3-a1dbfc46f80e en fecha 2026-05-10
2026-05-10 11:55:07 [http-nio-3000-exec-1] INFO  c.b.p.a.a.c.CierreJornadaRestAdapter - GET /cierres/vendedor/7dec6fc9-8ddc-48c6-86a3-a1dbfc46f80e - Historial de cierres
2026-05-10 11:55:07 [http-nio-3000-exec-2] DEBUG c.b.p.a.d.a.s.AutorizacionAuthService - Obteniendo perfil por token
2026-05-10 11:55:07 [http-nio-3000-exec-3] DEBUG c.b.p.a.d.a.s.AutorizacionAuthService - Perfil obtenido exitosamente para usuario ID: f2dc5b92-7ded-4c42-9e5a-d8a22aaf4a3a
2026-05-10 11:55:07 [http-nio-3000-exec-3] INFO  c.b.p.a.a.i.c.InventarioRestAdapter - GET /inventario/vendedor/73ed0c2b-851c-44c8-a08b-ded6f61924f9 - consulta por mateovargas220705@gmail.com
2026-05-10 11:55:07 [http-nio-3000-exec-7] DEBUG c.b.p.a.d.a.s.AutorizacionAuthService - Perfil obtenido exitosamente para usuario ID: f2dc5b92-7ded-4c42-9e5a-d8a22aaf4a3a
2026-05-10 11:55:07 [http-nio-3000-exec-3] INFO  c.b.p.a.d.i.s.GestionInventarioService - Consultando cargas por vendedor: 73ed0c2b-851c-44c8-a08b-ded6f61924f9
2026-05-10 11:55:07 [http-nio-3000-exec-3] DEBUG c.b.p.a.i.p.s.a.SupabaseAsignacionRepositoryAdapter - Consultando asignaciones por vendedor: 73ed0c2b-851c-44c8-a08b-ded6f61924f9
2026-05-10 11:55:07 [http-nio-3000-exec-7] INFO  c.b.p.a.a.i.c.InventarioRestAdapter - GET /inventario/vendedor/7ca8780f-864c-4179-8c8a-9d8ae55b6df8 - consulta por mateovargas220705@gmail.com
2026-05-10 11:55:07 [http-nio-3000-exec-7] INFO  c.b.p.a.d.i.s.GestionInventarioService - Consultando cargas por vendedor: 7ca8780f-864c-4179-8c8a-9d8ae55b6df8
2026-05-10 11:55:07 [http-nio-3000-exec-8] DEBUG c.b.p.a.d.a.s.AutorizacionAuthService - Perfil obtenido exitosamente para usuario ID: f2dc5b92-7ded-4c42-9e5a-d8a22aaf4a3a
2026-05-10 11:55:07 [http-nio-3000-exec-8] INFO  c.b.p.a.a.i.c.InventarioRestAdapter - GET /inventario/vendedor/7dec6fc9-8ddc-48c6-86a3-a1dbfc46f80e - consulta por mateovargas220705@gmail.com
2026-05-10 11:55:07 [http-nio-3000-exec-7] DEBUG c.b.p.a.i.p.s.a.SupabaseAsignacionRepositoryAdapter - Consultando asignaciones por vendedor: 7ca8780f-864c-4179-8c8a-9d8ae55b6df8
2026-05-10 11:55:07 [http-nio-3000-exec-8] INFO  c.b.p.a.d.i.s.GestionInventarioService - Consultando cargas por vendedor: 7dec6fc9-8ddc-48c6-86a3-a1dbfc46f80e
2026-05-10 11:55:07 [http-nio-3000-exec-8] DEBUG c.b.p.a.i.p.s.a.SupabaseAsignacionRepositoryAdapter - Consultando asignaciones por vendedor: 7dec6fc9-8ddc-48c6-86a3-a1dbfc46f80e
2026-05-10 11:55:07 [http-nio-3000-exec-6] INFO  c.b.p.a.a.ventas.VentaRestAdapter - GET /ventas/cierre-jornada - Obtener cierre de jornada para vendedor 7ca8780f-864c-4179-8c8a-9d8ae55b6df8 y fecha 2026-05-10
2026-05-10 11:55:07 [http-nio-3000-exec-6] INFO  c.b.p.a.d.v.s.GestionVentasService - Obteniendo resumen de cierre de jornada para vendedor 7ca8780f-864c-4179-8c8a-9d8ae55b6df8 en fecha 2026-05-10
2026-05-10 11:55:07 [http-nio-3000-exec-7] DEBUG c.b.p.a.i.p.s.a.SupabaseAsignacionRepositoryAdapter - Asignaciones encontradas para vendedor 7ca8780f-864c-4179-8c8a-9d8ae55b6df8: 3
2026-05-10 11:55:07 [http-nio-3000-exec-8] DEBUG c.b.p.a.i.p.s.a.SupabaseAsignacionRepositoryAdapter - Asignaciones encontradas para vendedor 7dec6fc9-8ddc-48c6-86a3-a1dbfc46f80e: 1
2026-05-10 11:55:07 [http-nio-3000-exec-3] DEBUG c.b.p.a.i.p.s.a.SupabaseAsignacionRepositoryAdapter - Asignaciones encontradas para vendedor 73ed0c2b-851c-44c8-a08b-ded6f61924f9: 4
2026-05-10 11:55:07 [http-nio-3000-exec-5] INFO  c.b.p.a.a.c.CierreJornadaRestAdapter - GET /cierres/vendedor/7ca8780f-864c-4179-8c8a-9d8ae55b6df8 - Historial de cierres
2026-05-10 11:55:07 [http-nio-3000-exec-10] INFO  c.b.p.a.a.ventas.VentaRestAdapter - GET /ventas/cierre-jornada - Obtener cierre de jornada para vendedor 86676371-8389-4969-89b4-6a10d3e65cbd y fecha 2026-05-10
2026-05-10 11:55:07 [http-nio-3000-exec-4] DEBUG c.b.p.a.a.c.c.ClientesRestAdapter - Obteniendo clientes; vendedorId=7dec6fc9-8ddc-48c6-86a3-a1dbfc46f80e
2026-05-10 11:55:07 [http-nio-3000-exec-4] DEBUG c.b.p.a.d.c.s.GestionClientesService - Obteniendo clientes por vendedor: 7dec6fc9-8ddc-48c6-86a3-a1dbfc46f80e
2026-05-10 11:55:07 [http-nio-3000-exec-10] INFO  c.b.p.a.d.v.s.GestionVentasService - Obteniendo resumen de cierre de jornada para vendedor 86676371-8389-4969-89b4-6a10d3e65cbd en fecha 2026-05-10
2026-05-10 11:55:07 [http-nio-3000-exec-4] DEBUG c.b.p.a.i.p.s.a.SupabaseClienteRepositoryAdapter - Obteniendo clientes por vendedorId=7dec6fc9-8ddc-48c6-86a3-a1dbfc46f80e
2026-05-10 11:55:07 [http-nio-3000-exec-2] DEBUG c.b.p.a.d.a.s.AutorizacionAuthService - Perfil obtenido exitosamente para usuario ID: f2dc5b92-7ded-4c42-9e5a-d8a22aaf4a3a
2026-05-10 11:55:07 [http-nio-3000-exec-1] INFO  c.b.p.a.a.c.CierreJornadaRestAdapter - GET /cierres/vendedor/86676371-8389-4969-89b4-6a10d3e65cbd - Historial de cierres
2026-05-10 11:55:07 [http-nio-3000-exec-2] INFO  c.b.p.a.a.i.c.InventarioRestAdapter - GET /inventario/vendedor/86676371-8389-4969-89b4-6a10d3e65cbd - consulta por mateovargas220705@gmail.com
2026-05-10 11:55:07 [http-nio-3000-exec-2] INFO  c.b.p.a.d.i.s.GestionInventarioService - Consultando cargas por vendedor: 86676371-8389-4969-89b4-6a10d3e65cbd
2026-05-10 11:55:07 [http-nio-3000-exec-2] DEBUG c.b.p.a.i.p.s.a.SupabaseAsignacionRepositoryAdapter - Consultando asignaciones por vendedor: 86676371-8389-4969-89b4-6a10d3e65cbd
2026-05-10 11:55:07 [http-nio-3000-exec-9] DEBUG c.b.p.a.a.c.c.ClientesRestAdapter - Obteniendo clientes; vendedorId=86676371-8389-4969-89b4-6a10d3e65cbd
2026-05-10 11:55:07 [http-nio-3000-exec-9] DEBUG c.b.p.a.d.c.s.GestionClientesService - Obteniendo clientes por vendedor: 86676371-8389-4969-89b4-6a10d3e65cbd
2026-05-10 11:55:07 [http-nio-3000-exec-9] DEBUG c.b.p.a.i.p.s.a.SupabaseClienteRepositoryAdapter - Obteniendo clientes por vendedorId=86676371-8389-4969-89b4-6a10d3e65cbd
2026-05-10 11:55:07 [http-nio-3000-exec-7] DEBUG c.b.p.a.d.a.s.AutorizacionAuthService - Obteniendo perfil por token
2026-05-10 11:55:07 [http-nio-3000-exec-3] INFO  c.b.p.a.a.c.CierreJornadaRestAdapter - GET /cierres/vendedor/997e2337-32a6-4ba5-84fb-873ef1b6036f - Historial de cierres
2026-05-10 11:55:07 [http-nio-3000-exec-8] INFO  c.b.p.a.a.ventas.VentaRestAdapter - GET /ventas/cierre-jornada - Obtener cierre de jornada para vendedor 997e2337-32a6-4ba5-84fb-873ef1b6036f y fecha 2026-05-10
2026-05-10 11:55:07 [http-nio-3000-exec-8] INFO  c.b.p.a.d.v.s.GestionVentasService - Obteniendo resumen de cierre de jornada para vendedor 997e2337-32a6-4ba5-84fb-873ef1b6036f en fecha 2026-05-10
2026-05-10 11:55:07 [http-nio-3000-exec-2] DEBUG c.b.p.a.i.p.s.a.SupabaseAsignacionRepositoryAdapter - Asignaciones encontradas para vendedor 86676371-8389-4969-89b4-6a10d3e65cbd: 6
2026-05-10 11:55:07 [http-nio-3000-exec-4] DEBUG c.b.p.a.a.c.c.ClientesRestAdapter - Obteniendo clientes; vendedorId=997e2337-32a6-4ba5-84fb-873ef1b6036f
2026-05-10 11:55:07 [http-nio-3000-exec-4] DEBUG c.b.p.a.d.c.s.GestionClientesService - Obteniendo clientes por vendedor: 997e2337-32a6-4ba5-84fb-873ef1b6036f
2026-05-10 11:55:07 [http-nio-3000-exec-4] DEBUG c.b.p.a.i.p.s.a.SupabaseClienteRepositoryAdapter - Obteniendo clientes por vendedorId=997e2337-32a6-4ba5-84fb-873ef1b6036f
2026-05-10 11:55:07 [http-nio-3000-exec-1] DEBUG c.b.p.a.d.a.s.AutorizacionAuthService - Obteniendo perfil por token
2026-05-10 11:55:07 [http-nio-3000-exec-6] INFO  c.b.p.a.a.ventas.VentaRestAdapter - GET /ventas/cierre-jornada - Obtener cierre de jornada para vendedor c1cbc4b0-eafd-490a-be95-b1c42036ad16 y fecha 2026-05-10
2026-05-10 11:55:07 [http-nio-3000-exec-6] INFO  c.b.p.a.d.v.s.GestionVentasService - Obteniendo resumen de cierre de jornada para vendedor c1cbc4b0-eafd-490a-be95-b1c42036ad16 en fecha 2026-05-10
2026-05-10 11:55:07 [http-nio-3000-exec-2] INFO  c.b.p.a.a.c.CierreJornadaRestAdapter - GET /cierres/vendedor/c1cbc4b0-eafd-490a-be95-b1c42036ad16 - Historial de cierres
2026-05-10 11:55:07 [http-nio-3000-exec-5] DEBUG c.b.p.a.a.c.c.ClientesRestAdapter - Obteniendo clientes; vendedorId=c1cbc4b0-eafd-490a-be95-b1c42036ad16
2026-05-10 11:55:07 [http-nio-3000-exec-5] DEBUG c.b.p.a.d.c.s.GestionClientesService - Obteniendo clientes por vendedor: c1cbc4b0-eafd-490a-be95-b1c42036ad16
2026-05-10 11:55:07 [http-nio-3000-exec-5] DEBUG c.b.p.a.i.p.s.a.SupabaseClienteRepositoryAdapter - Obteniendo clientes por vendedorId=c1cbc4b0-eafd-490a-be95-b1c42036ad16
2026-05-10 11:55:08 [http-nio-3000-exec-1] DEBUG c.b.p.a.d.a.s.AutorizacionAuthService - Perfil obtenido exitosamente para usuario ID: f2dc5b92-7ded-4c42-9e5a-d8a22aaf4a3a
2026-05-10 11:55:08 [http-nio-3000-exec-1] INFO  c.b.p.a.a.i.c.InventarioRestAdapter - GET /inventario/vendedor/c1cbc4b0-eafd-490a-be95-b1c42036ad16 - consulta por mateovargas220705@gmail.com
2026-05-10 11:55:08 [http-nio-3000-exec-7] DEBUG c.b.p.a.d.a.s.AutorizacionAuthService - Perfil obtenido exitosamente para usuario ID: f2dc5b92-7ded-4c42-9e5a-d8a22aaf4a3a
2026-05-10 11:55:08 [http-nio-3000-exec-1] INFO  c.b.p.a.d.i.s.GestionInventarioService - Consultando cargas por vendedor: c1cbc4b0-eafd-490a-be95-b1c42036ad16
2026-05-10 11:55:08 [http-nio-3000-exec-7] INFO  c.b.p.a.a.i.c.InventarioRestAdapter - GET /inventario/vendedor/997e2337-32a6-4ba5-84fb-873ef1b6036f - consulta por mateovargas220705@gmail.com
2026-05-10 11:55:08 [http-nio-3000-exec-7] INFO  c.b.p.a.d.i.s.GestionInventarioService - Consultando cargas por vendedor: 997e2337-32a6-4ba5-84fb-873ef1b6036f
2026-05-10 11:55:08 [http-nio-3000-exec-1] DEBUG c.b.p.a.i.p.s.a.SupabaseAsignacionRepositoryAdapter - Consultando asignaciones por vendedor: c1cbc4b0-eafd-490a-be95-b1c42036ad16
2026-05-10 11:55:08 [http-nio-3000-exec-7] DEBUG c.b.p.a.i.p.s.a.SupabaseAsignacionRepositoryAdapter - Consultando asignaciones por vendedor: 997e2337-32a6-4ba5-84fb-873ef1b6036f
2026-05-10 11:55:08 [http-nio-3000-exec-10] INFO  c.b.p.a.a.ventas.VentaRestAdapter - GET /ventas - Listar ventas resumidas
2026-05-10 11:55:08 [http-nio-3000-exec-10] INFO  c.b.p.a.d.v.s.GestionVentasService - Obteniendo listado de ventas resumidas
2026-05-10 11:55:08 [http-nio-3000-exec-7] DEBUG c.b.p.a.i.p.s.a.SupabaseAsignacionRepositoryAdapter - Asignaciones encontradas para vendedor 997e2337-32a6-4ba5-84fb-873ef1b6036f: 1
2026-05-10 11:55:08 [http-nio-3000-exec-1] DEBUG c.b.p.a.i.p.s.a.SupabaseAsignacionRepositoryAdapter - Asignaciones encontradas para vendedor c1cbc4b0-eafd-490a-be95-b1c42036ad16: 1
2026-05-10 11:55:49 [http-nio-3000-exec-4] INFO  c.b.p.a.a.v.c.VendedoresRestAdapter - GET /vendedores - Obtener todos los vendedores
2026-05-10 11:55:49 [http-nio-3000-exec-3] INFO  c.b.p.a.a.p.c.ProductosRestAdapter - GET /productos/stock-bajo - Consultando alertas con umbral: 100
2026-05-10 11:55:49 [http-nio-3000-exec-4] DEBUG c.b.p.a.d.v.s.GestionVendedoresService - Obteniendo todos los vendedores
2026-05-10 11:55:49 [http-nio-3000-exec-9] INFO  c.b.p.a.a.p.c.ProductosRestAdapter - GET /productos - Obtener todos los productos
2026-05-10 11:55:49 [http-nio-3000-exec-9] DEBUG c.b.p.a.d.p.s.GestionProductosService - Obteniendo todos los productos
2026-05-10 11:55:49 [http-nio-3000-exec-3] DEBUG c.b.p.a.d.p.s.GestionProductosService - Obteniendo productos con stock bajo. Umbral: 100
2026-05-10 11:55:50 [http-nio-3000-exec-4] DEBUG c.b.p.a.d.v.s.GestionVendedoresService - Se obtuvieron 10 vendedores
2026-05-10 11:55:50 [http-nio-3000-exec-4] DEBUG c.b.p.a.a.v.c.VendedoresRestAdapter - Se obtuvieron 10 vendedores
2026-05-10 11:55:50 [http-nio-3000-exec-9] DEBUG c.b.p.a.d.p.s.GestionProductosService - Se obtuvieron 25 productos
2026-05-10 11:55:50 [http-nio-3000-exec-3] DEBUG c.b.p.a.d.p.s.GestionProductosService - Se encontraron 24 productos con stock bajo
2026-05-10 11:55:50 [http-nio-3000-exec-9] DEBUG c.b.p.a.a.p.c.ProductosRestAdapter - Se obtuvieron 25 productos
2026-05-10 11:55:53 [http-nio-3000-exec-2] WARN  o.s.w.s.m.m.a.ExceptionHandlerExceptionResolver - Resolved [org.springframework.web.bind.MissingServletRequestParameterException: Required request parameter 'userId' for method parameter type String is not present]
2026-05-10 11:55:59 [http-nio-3000-exec-8] INFO  c.b.p.a.a.a.c.AuthRestAdapter - POST /auth/signin - Intento de autenticación para email: alejandraloayza68@gmail.com
2026-05-10 11:55:59 [http-nio-3000-exec-8] DEBUG c.b.p.a.d.a.s.AutorizacionAuthService - Autenticando usuario con email: alejandraloayza68@gmail.com
2026-05-10 11:56:00 [http-nio-3000-exec-8] DEBUG c.b.p.a.d.a.s.AutorizacionAuthService - Autenticación completada para email: alejandraloayza68@gmail.com
2026-05-10 11:56:00 [http-nio-3000-exec-8] INFO  c.b.p.a.a.a.c.AuthRestAdapter - Autenticación exitosa para email: alejandraloayza68@gmail.com
2026-05-10 11:56:00 [http-nio-3000-exec-5] INFO  c.b.p.a.a.a.c.AuthRestAdapter - GET /auth/me - Obtener perfil del usuario actual
2026-05-10 11:56:00 [http-nio-3000-exec-5] DEBUG c.b.p.a.d.a.s.AutorizacionAuthService - Obteniendo perfil por token
2026-05-10 11:56:00 [http-nio-3000-exec-5] DEBUG c.b.p.a.d.a.s.AutorizacionAuthService - Perfil obtenido exitosamente para usuario ID: 5e0e4eff-aec3-46df-a77e-d4feeb19394c
2026-05-10 11:56:00 [http-nio-3000-exec-5] DEBUG c.b.p.a.a.a.c.AuthRestAdapter - Perfil obtenido para usuario: alejandraloayza68@gmail.com
2026-05-10 11:56:00 [http-nio-3000-exec-6] INFO  c.b.p.a.a.p.c.ProductosRestAdapter - GET /productos - Obtener todos los productos
2026-05-10 11:56:00 [http-nio-3000-exec-1] DEBUG c.b.p.a.d.a.s.AutorizacionAuthService - Obteniendo perfil por token
2026-05-10 11:56:00 [http-nio-3000-exec-6] DEBUG c.b.p.a.d.p.s.GestionProductosService - Obteniendo todos los productos
2026-05-10 11:56:00 [http-nio-3000-exec-7] INFO  c.b.p.a.a.ventas.VentaRestAdapter - GET /ventas/cierre-jornada - Obtener cierre de jornada para vendedor 5e0e4eff-aec3-46df-a77e-d4feeb19394c y fecha 2026-05-10
2026-05-10 11:56:00 [http-nio-3000-exec-7] INFO  c.b.p.a.d.v.s.GestionVentasService - Obteniendo resumen de cierre de jornada para vendedor 5e0e4eff-aec3-46df-a77e-d4feeb19394c en fecha 2026-05-10
2026-05-10 11:56:01 [http-nio-3000-exec-6] DEBUG c.b.p.a.d.p.s.GestionProductosService - Se obtuvieron 25 productos
2026-05-10 11:56:01 [http-nio-3000-exec-6] DEBUG c.b.p.a.a.p.c.ProductosRestAdapter - Se obtuvieron 25 productos
2026-05-10 11:56:01 [http-nio-3000-exec-1] DEBUG c.b.p.a.d.a.s.AutorizacionAuthService - Perfil obtenido exitosamente para usuario ID: 5e0e4eff-aec3-46df-a77e-d4feeb19394c
2026-05-10 11:56:01 [http-nio-3000-exec-1] INFO  c.b.p.a.a.i.c.InventarioRestAdapter - GET /inventario/vendedor/5e0e4eff-aec3-46df-a77e-d4feeb19394c - consulta por alejandraloayza68@gmail.com
2026-05-10 11:56:01 [http-nio-3000-exec-1] INFO  c.b.p.a.d.i.s.GestionInventarioService - Consultando cargas por vendedor: 5e0e4eff-aec3-46df-a77e-d4feeb19394c
2026-05-10 11:56:01 [http-nio-3000-exec-1] DEBUG c.b.p.a.i.p.s.a.SupabaseAsignacionRepositoryAdapter - Consultando asignaciones por vendedor: 5e0e4eff-aec3-46df-a77e-d4feeb19394c
2026-05-10 11:56:01 [http-nio-3000-exec-1] DEBUG c.b.p.a.i.p.s.a.SupabaseAsignacionRepositoryAdapter - Asignaciones encontradas para vendedor 5e0e4eff-aec3-46df-a77e-d4feeb19394c: 4
2026-05-10 11:56:05 [http-nio-3000-exec-10] INFO  c.b.p.a.a.a.c.AuthRestAdapter - GET /auth/me - Obtener perfil del usuario actual
2026-05-10 11:56:05 [http-nio-3000-exec-10] DEBUG c.b.p.a.d.a.s.AutorizacionAuthService - Obteniendo perfil por token
2026-05-10 11:56:06 [http-nio-3000-exec-10] DEBUG c.b.p.a.d.a.s.AutorizacionAuthService - Perfil obtenido exitosamente para usuario ID: 5e0e4eff-aec3-46df-a77e-d4feeb19394c
2026-05-10 11:56:06 [http-nio-3000-exec-10] DEBUG c.b.p.a.a.a.c.AuthRestAdapter - Perfil obtenido para usuario: alejandraloayza68@gmail.com
2026-05-10 11:56:06 [http-nio-3000-exec-4] DEBUG c.b.p.a.a.c.c.ClientesRestAdapter - Obteniendo clientes; vendedorId=5e0e4eff-aec3-46df-a77e-d4feeb19394c
2026-05-10 11:56:06 [http-nio-3000-exec-4] DEBUG c.b.p.a.d.c.s.GestionClientesService - Obteniendo clientes por vendedor: 5e0e4eff-aec3-46df-a77e-d4feeb19394c
2026-05-10 11:56:06 [http-nio-3000-exec-4] DEBUG c.b.p.a.i.p.s.a.SupabaseClienteRepositoryAdapter - Obteniendo clientes por vendedorId=5e0e4eff-aec3-46df-a77e-d4feeb19394c
2026-05-10 11:57:43 [http-nio-3000-exec-7] INFO  c.b.p.a.a.c.c.ClientesRestAdapter - POST /clientes/upload-photo - Subiendo foto de cliente: tienda-de-barrio.jpg
2026-05-10 11:57:45 [http-nio-3000-exec-10] INFO  c.b.p.a.a.c.c.ClientesRestAdapter - Creando cliente; negocio=Tienda Confianza, ciNit=7689640
2026-05-10 11:57:45 [http-nio-3000-exec-10] DEBUG c.b.p.a.d.c.s.GestionClientesService - Creando cliente - Negocio: Tienda Confianza, CI/NIT: 7689640
2026-05-10 11:57:45 [http-nio-3000-exec-10] INFO  c.b.p.a.i.p.s.a.SupabaseClienteRepositoryAdapter - Insertando cliente en Supabase; negocio=Tienda Confianza, ciNit=7689640
2026-05-10 11:57:46 [http-nio-3000-exec-10] INFO  c.b.p.a.d.c.s.GestionClientesService - Cliente creado exitosamente - ID: 21
2026-05-10 11:57:46 [http-nio-3000-exec-4] DEBUG c.b.p.a.a.c.c.ClientesRestAdapter - Obteniendo clientes; vendedorId=5e0e4eff-aec3-46df-a77e-d4feeb19394c
2026-05-10 11:57:46 [http-nio-3000-exec-4] DEBUG c.b.p.a.d.c.s.GestionClientesService - Obteniendo clientes por vendedor: 5e0e4eff-aec3-46df-a77e-d4feeb19394c
2026-05-10 11:57:46 [http-nio-3000-exec-4] DEBUG c.b.p.a.i.p.s.a.SupabaseClienteRepositoryAdapter - Obteniendo clientes por vendedorId=5e0e4eff-aec3-46df-a77e-d4feeb19394c
2026-05-10 11:57:49 [http-nio-3000-exec-9] INFO  c.b.p.a.a.c.CierreJornadaRestAdapter - GET /cierres/vendedor/5e0e4eff-aec3-46df-a77e-d4feeb19394c - Historial de cierres
2026-05-10 11:57:49 [http-nio-3000-exec-3] DEBUG c.b.p.a.d.a.s.AutorizacionAuthService - Obteniendo perfil por token
2026-05-10 11:57:49 [http-nio-3000-exec-8] INFO  c.b.p.a.a.p.c.ProductosRestAdapter - GET /productos - Obtener todos los productos
2026-05-10 11:57:49 [http-nio-3000-exec-5] DEBUG c.b.p.a.a.c.c.ClientesRestAdapter - Obteniendo clientes; vendedorId=5e0e4eff-aec3-46df-a77e-d4feeb19394c
2026-05-10 11:57:49 [http-nio-3000-exec-5] DEBUG c.b.p.a.d.c.s.GestionClientesService - Obteniendo clientes por vendedor: 5e0e4eff-aec3-46df-a77e-d4feeb19394c
2026-05-10 11:57:49 [http-nio-3000-exec-8] DEBUG c.b.p.a.d.p.s.GestionProductosService - Obteniendo todos los productos
2026-05-10 11:57:49 [http-nio-3000-exec-5] DEBUG c.b.p.a.i.p.s.a.SupabaseClienteRepositoryAdapter - Obteniendo clientes por vendedorId=5e0e4eff-aec3-46df-a77e-d4feeb19394c
2026-05-10 11:57:49 [http-nio-3000-exec-2] INFO  c.b.p.a.a.ventas.VentaRestAdapter - GET /ventas/cierre-jornada - Obtener cierre de jornada para vendedor 5e0e4eff-aec3-46df-a77e-d4feeb19394c y fecha 2026-05-10
2026-05-10 11:57:49 [http-nio-3000-exec-2] INFO  c.b.p.a.d.v.s.GestionVentasService - Obteniendo resumen de cierre de jornada para vendedor 5e0e4eff-aec3-46df-a77e-d4feeb19394c en fecha 2026-05-10
2026-05-10 11:57:50 [http-nio-3000-exec-8] DEBUG c.b.p.a.d.p.s.GestionProductosService - Se obtuvieron 25 productos
2026-05-10 11:57:50 [http-nio-3000-exec-8] DEBUG c.b.p.a.a.p.c.ProductosRestAdapter - Se obtuvieron 25 productos
2026-05-10 11:57:50 [http-nio-3000-exec-3] DEBUG c.b.p.a.d.a.s.AutorizacionAuthService - Perfil obtenido exitosamente para usuario ID: 5e0e4eff-aec3-46df-a77e-d4feeb19394c
2026-05-10 11:57:50 [http-nio-3000-exec-3] INFO  c.b.p.a.a.i.c.InventarioRestAdapter - GET /inventario/vendedor/5e0e4eff-aec3-46df-a77e-d4feeb19394c - consulta por alejandraloayza68@gmail.com
2026-05-10 11:57:50 [http-nio-3000-exec-3] INFO  c.b.p.a.d.i.s.GestionInventarioService - Consultando cargas por vendedor: 5e0e4eff-aec3-46df-a77e-d4feeb19394c
2026-05-10 11:57:50 [http-nio-3000-exec-3] DEBUG c.b.p.a.i.p.s.a.SupabaseAsignacionRepositoryAdapter - Consultando asignaciones por vendedor: 5e0e4eff-aec3-46df-a77e-d4feeb19394c
2026-05-10 11:57:50 [http-nio-3000-exec-3] DEBUG c.b.p.a.i.p.s.a.SupabaseAsignacionRepositoryAdapter - Asignaciones encontradas para vendedor 5e0e4eff-aec3-46df-a77e-d4feeb19394c: 4
2026-05-10 11:58:03 [http-nio-3000-exec-7] INFO  c.b.p.a.a.ventas.VentaRestAdapter - POST /ventas - Crear nueva venta
2026-05-10 11:58:03 [http-nio-3000-exec-7] INFO  c.b.p.a.d.v.s.GestionVentasService - Procesando solicitud de venta. Cliente: 21, Vendedor: 5e0e4eff-aec3-46df-a77e-d4feeb19394c, ID Local: 23c65bea-f0bb-4cd0-b22d-3ebffd7b7708
2026-05-10 11:58:04 [http-nio-3000-exec-7] WARN  c.b.p.a.d.v.s.GestionVentasService - Stock insuficiente para producto 9000100: disponible 2, solicitado 5
2026-05-10 11:58:04 [http-nio-3000-exec-7] WARN  c.b.p.a.a.ventas.VentaRestAdapter - Error de dominio al crear venta: Stock insuficiente para producto Ajinomoto DSP  x 300 sob x 1.5 g
2026-05-10 11:58:04 [http-nio-3000-exec-7] WARN  o.s.w.s.m.m.a.ExceptionHandlerExceptionResolver - Resolved [com.back.puntoventa.app.common.ApiException: Stock insuficiente para producto Ajinomoto DSP  x 300 sob x 1.5 g]
2026-05-10 11:58:21 [http-nio-3000-exec-1] INFO  c.b.p.a.a.a.c.AuthRestAdapter - GET /auth/me - Obtener perfil del usuario actual
2026-05-10 11:58:21 [http-nio-3000-exec-1] DEBUG c.b.p.a.d.a.s.AutorizacionAuthService - Obteniendo perfil por token
2026-05-10 11:58:21 [http-nio-3000-exec-1] DEBUG c.b.p.a.d.a.s.AutorizacionAuthService - Perfil obtenido exitosamente para usuario ID: 5e0e4eff-aec3-46df-a77e-d4feeb19394c
2026-05-10 11:58:21 [http-nio-3000-exec-1] DEBUG c.b.p.a.a.a.c.AuthRestAdapter - Perfil obtenido para usuario: alejandraloayza68@gmail.com
2026-05-10 11:58:21 [http-nio-3000-exec-10] INFO  c.b.p.a.a.p.c.ProductosRestAdapter - GET /productos - Obtener todos los productos
2026-05-10 11:58:21 [http-nio-3000-exec-4] DEBUG c.b.p.a.d.a.s.AutorizacionAuthService - Obteniendo perfil por token
2026-05-10 11:58:21 [http-nio-3000-exec-10] DEBUG c.b.p.a.d.p.s.GestionProductosService - Obteniendo todos los productos
2026-05-10 11:58:21 [http-nio-3000-exec-9] INFO  c.b.p.a.a.ventas.VentaRestAdapter - GET /ventas/cierre-jornada - Obtener cierre de jornada para vendedor 5e0e4eff-aec3-46df-a77e-d4feeb19394c y fecha 2026-05-10
2026-05-10 11:58:21 [http-nio-3000-exec-9] INFO  c.b.p.a.d.v.s.GestionVentasService - Obteniendo resumen de cierre de jornada para vendedor 5e0e4eff-aec3-46df-a77e-d4feeb19394c en fecha 2026-05-10
2026-05-10 11:58:21 [http-nio-3000-exec-10] DEBUG c.b.p.a.d.p.s.GestionProductosService - Se obtuvieron 25 productos
2026-05-10 11:58:21 [http-nio-3000-exec-10] DEBUG c.b.p.a.a.p.c.ProductosRestAdapter - Se obtuvieron 25 productos
2026-05-10 11:58:22 [http-nio-3000-exec-4] DEBUG c.b.p.a.d.a.s.AutorizacionAuthService - Perfil obtenido exitosamente para usuario ID: 5e0e4eff-aec3-46df-a77e-d4feeb19394c
2026-05-10 11:58:22 [http-nio-3000-exec-4] INFO  c.b.p.a.a.i.c.InventarioRestAdapter - GET /inventario/vendedor/5e0e4eff-aec3-46df-a77e-d4feeb19394c - consulta por alejandraloayza68@gmail.com
2026-05-10 11:58:22 [http-nio-3000-exec-4] INFO  c.b.p.a.d.i.s.GestionInventarioService - Consultando cargas por vendedor: 5e0e4eff-aec3-46df-a77e-d4feeb19394c
2026-05-10 11:58:22 [http-nio-3000-exec-4] DEBUG c.b.p.a.i.p.s.a.SupabaseAsignacionRepositoryAdapter - Consultando asignaciones por vendedor: 5e0e4eff-aec3-46df-a77e-d4feeb19394c
2026-05-10 11:58:22 [http-nio-3000-exec-4] DEBUG c.b.p.a.i.p.s.a.SupabaseAsignacionRepositoryAdapter - Asignaciones encontradas para vendedor 5e0e4eff-aec3-46df-a77e-d4feeb19394c: 4
2026-05-10 11:58:25 [http-nio-3000-exec-5] INFO  c.b.p.a.a.c.CierreJornadaRestAdapter - GET /cierres/vendedor/5e0e4eff-aec3-46df-a77e-d4feeb19394c - Historial de cierres
2026-05-10 11:58:25 [http-nio-3000-exec-2] INFO  c.b.p.a.a.p.c.ProductosRestAdapter - GET /productos - Obtener todos los productos
2026-05-10 11:58:25 [http-nio-3000-exec-8] DEBUG c.b.p.a.d.a.s.AutorizacionAuthService - Obteniendo perfil por token
2026-05-10 11:58:25 [http-nio-3000-exec-3] INFO  c.b.p.a.a.ventas.VentaRestAdapter - GET /ventas/cierre-jornada - Obtener cierre de jornada para vendedor 5e0e4eff-aec3-46df-a77e-d4feeb19394c y fecha 2026-05-10
2026-05-10 11:58:25 [http-nio-3000-exec-6] DEBUG c.b.p.a.a.c.c.ClientesRestAdapter - Obteniendo clientes; vendedorId=5e0e4eff-aec3-46df-a77e-d4feeb19394c
2026-05-10 11:58:25 [http-nio-3000-exec-2] DEBUG c.b.p.a.d.p.s.GestionProductosService - Obteniendo todos los productos
2026-05-10 11:58:25 [http-nio-3000-exec-3] INFO  c.b.p.a.d.v.s.GestionVentasService - Obteniendo resumen de cierre de jornada para vendedor 5e0e4eff-aec3-46df-a77e-d4feeb19394c en fecha 2026-05-10
2026-05-10 11:58:25 [http-nio-3000-exec-6] DEBUG c.b.p.a.d.c.s.GestionClientesService - Obteniendo clientes por vendedor: 5e0e4eff-aec3-46df-a77e-d4feeb19394c
2026-05-10 11:58:25 [http-nio-3000-exec-6] DEBUG c.b.p.a.i.p.s.a.SupabaseClienteRepositoryAdapter - Obteniendo clientes por vendedorId=5e0e4eff-aec3-46df-a77e-d4feeb19394c
2026-05-10 11:58:26 [http-nio-3000-exec-2] DEBUG c.b.p.a.d.p.s.GestionProductosService - Se obtuvieron 25 productos
2026-05-10 11:58:26 [http-nio-3000-exec-2] DEBUG c.b.p.a.a.p.c.ProductosRestAdapter - Se obtuvieron 25 productos
2026-05-10 11:58:26 [http-nio-3000-exec-8] DEBUG c.b.p.a.d.a.s.AutorizacionAuthService - Perfil obtenido exitosamente para usuario ID: 5e0e4eff-aec3-46df-a77e-d4feeb19394c
2026-05-10 11:58:26 [http-nio-3000-exec-8] INFO  c.b.p.a.a.i.c.InventarioRestAdapter - GET /inventario/vendedor/5e0e4eff-aec3-46df-a77e-d4feeb19394c - consulta por alejandraloayza68@gmail.com
2026-05-10 11:58:26 [http-nio-3000-exec-8] INFO  c.b.p.a.d.i.s.GestionInventarioService - Consultando cargas por vendedor: 5e0e4eff-aec3-46df-a77e-d4feeb19394c
2026-05-10 11:58:26 [http-nio-3000-exec-8] DEBUG c.b.p.a.i.p.s.a.SupabaseAsignacionRepositoryAdapter - Consultando asignaciones por vendedor: 5e0e4eff-aec3-46df-a77e-d4feeb19394c
2026-05-10 11:58:26 [http-nio-3000-exec-8] DEBUG c.b.p.a.i.p.s.a.SupabaseAsignacionRepositoryAdapter - Asignaciones encontradas para vendedor 5e0e4eff-aec3-46df-a77e-d4feeb19394c: 4
2026-05-10 11:58:41 [http-nio-3000-exec-7] INFO  c.b.p.a.a.ventas.VentaRestAdapter - POST /ventas - Crear nueva venta
2026-05-10 11:58:41 [http-nio-3000-exec-7] INFO  c.b.p.a.d.v.s.GestionVentasService - Procesando solicitud de venta. Cliente: 21, Vendedor: 5e0e4eff-aec3-46df-a77e-d4feeb19394c, ID Local: 256373c2-73d2-48e2-9bef-70e6f9bda68a
2026-05-10 11:58:41 [http-nio-3000-exec-7] WARN  c.b.p.a.d.v.s.GestionVentasService - Stock insuficiente para producto 9000117: disponible 0, solicitado 1
2026-05-10 11:58:41 [http-nio-3000-exec-7] WARN  c.b.p.a.a.ventas.VentaRestAdapter - Error de dominio al crear venta: Stock insuficiente para producto Doña Gusta Carne
2026-05-10 11:58:41 [http-nio-3000-exec-7] WARN  o.s.w.s.m.m.a.ExceptionHandlerExceptionResolver - Resolved [com.back.puntoventa.app.common.ApiException: Stock insuficiente para producto Doña Gusta Carne]
2026-05-10 11:58:48 [http-nio-3000-exec-1] INFO  c.b.p.a.a.ventas.VentaRestAdapter - POST /ventas - Crear nueva venta
2026-05-10 11:58:48 [http-nio-3000-exec-1] INFO  c.b.p.a.d.v.s.GestionVentasService - Procesando solicitud de venta. Cliente: 21, Vendedor: 5e0e4eff-aec3-46df-a77e-d4feeb19394c, ID Local: 631d5c4d-895d-4227-bf17-858564dd24b0
2026-05-10 11:58:49 [http-nio-3000-exec-1] INFO  c.b.p.a.d.v.s.GestionVentasService - Venta creada con ID: 30
2026-05-10 11:58:49 [http-nio-3000-exec-1] DEBUG c.b.p.a.d.v.s.GestionVentasService - Detalles de venta creados: 1
2026-05-10 11:58:49 [http-nio-3000-exec-1] DEBUG c.b.p.a.d.v.s.GestionVentasService - Stock actualizado para producto 9000109: 0
2026-05-10 11:58:49 [http-nio-3000-exec-1] INFO  c.b.p.a.d.v.s.GestionVentasService - Venta completada exitosamente - ID: 30, Total: 27.7
2026-05-10 11:58:49 [http-nio-3000-exec-1] INFO  c.b.p.a.a.ventas.VentaRestAdapter - Venta creada exitosamente - ID: 30
2026-05-10 11:58:51 [http-nio-3000-exec-9] INFO  c.b.p.a.a.p.c.ProductosRestAdapter - GET /productos - Obtener todos los productos
2026-05-10 11:58:51 [http-nio-3000-exec-10] DEBUG c.b.p.a.d.a.s.AutorizacionAuthService - Obteniendo perfil por token
2026-05-10 11:58:51 [http-nio-3000-exec-4] INFO  c.b.p.a.a.ventas.VentaRestAdapter - GET /ventas/cierre-jornada - Obtener cierre de jornada para vendedor 5e0e4eff-aec3-46df-a77e-d4feeb19394c y fecha 2026-05-10
2026-05-10 11:58:51 [http-nio-3000-exec-9] DEBUG c.b.p.a.d.p.s.GestionProductosService - Obteniendo todos los productos
2026-05-10 11:58:51 [http-nio-3000-exec-4] INFO  c.b.p.a.d.v.s.GestionVentasService - Obteniendo resumen de cierre de jornada para vendedor 5e0e4eff-aec3-46df-a77e-d4feeb19394c en fecha 2026-05-10
2026-05-10 11:58:51 [http-nio-3000-exec-9] DEBUG c.b.p.a.d.p.s.GestionProductosService - Se obtuvieron 25 productos
2026-05-10 11:58:51 [http-nio-3000-exec-9] DEBUG c.b.p.a.a.p.c.ProductosRestAdapter - Se obtuvieron 25 productos
2026-05-10 11:58:51 [http-nio-3000-exec-10] DEBUG c.b.p.a.d.a.s.AutorizacionAuthService - Perfil obtenido exitosamente para usuario ID: 5e0e4eff-aec3-46df-a77e-d4feeb19394c
2026-05-10 11:58:51 [http-nio-3000-exec-10] INFO  c.b.p.a.a.i.c.InventarioRestAdapter - GET /inventario/vendedor/5e0e4eff-aec3-46df-a77e-d4feeb19394c - consulta por alejandraloayza68@gmail.com
2026-05-10 11:58:51 [http-nio-3000-exec-10] INFO  c.b.p.a.d.i.s.GestionInventarioService - Consultando cargas por vendedor: 5e0e4eff-aec3-46df-a77e-d4feeb19394c
2026-05-10 11:58:51 [http-nio-3000-exec-10] DEBUG c.b.p.a.i.p.s.a.SupabaseAsignacionRepositoryAdapter - Consultando asignaciones por vendedor: 5e0e4eff-aec3-46df-a77e-d4feeb19394c
2026-05-10 11:58:51 [http-nio-3000-exec-10] DEBUG c.b.p.a.i.p.s.a.SupabaseAsignacionRepositoryAdapter - Asignaciones encontradas para vendedor 5e0e4eff-aec3-46df-a77e-d4feeb19394c: 4
2026-05-10 11:58:54 [http-nio-3000-exec-6] DEBUG c.b.p.a.d.a.s.AutorizacionAuthService - Obteniendo perfil por token
2026-05-10 11:58:54 [http-nio-3000-exec-5] INFO  c.b.p.a.a.ventas.VentaRestAdapter - GET /ventas/cierre-jornada - Obtener cierre de jornada para vendedor 5e0e4eff-aec3-46df-a77e-d4feeb19394c y fecha 2026-05-10
2026-05-10 11:58:54 [http-nio-3000-exec-2] INFO  c.b.p.a.a.c.CierreJornadaRestAdapter - GET /cierres/vendedor/5e0e4eff-aec3-46df-a77e-d4feeb19394c - Historial de cierres
2026-05-10 11:58:54 [http-nio-3000-exec-5] INFO  c.b.p.a.d.v.s.GestionVentasService - Obteniendo resumen de cierre de jornada para vendedor 5e0e4eff-aec3-46df-a77e-d4feeb19394c en fecha 2026-05-10
2026-05-10 11:58:54 [http-nio-3000-exec-6] DEBUG c.b.p.a.d.a.s.AutorizacionAuthService - Perfil obtenido exitosamente para usuario ID: 5e0e4eff-aec3-46df-a77e-d4feeb19394c
2026-05-10 11:58:54 [http-nio-3000-exec-6] INFO  c.b.p.a.a.i.c.InventarioRestAdapter - GET /inventario/vendedor/5e0e4eff-aec3-46df-a77e-d4feeb19394c - consulta por alejandraloayza68@gmail.com
2026-05-10 11:58:54 [http-nio-3000-exec-6] INFO  c.b.p.a.d.i.s.GestionInventarioService - Consultando cargas por vendedor: 5e0e4eff-aec3-46df-a77e-d4feeb19394c
2026-05-10 11:58:54 [http-nio-3000-exec-6] DEBUG c.b.p.a.i.p.s.a.SupabaseAsignacionRepositoryAdapter - Consultando asignaciones por vendedor: 5e0e4eff-aec3-46df-a77e-d4feeb19394c
2026-05-10 11:58:55 [http-nio-3000-exec-6] DEBUG c.b.p.a.i.p.s.a.SupabaseAsignacionRepositoryAdapter - Asignaciones encontradas para vendedor 5e0e4eff-aec3-46df-a77e-d4feeb19394c: 4
2026-05-10 11:59:00 [http-nio-3000-exec-3] WARN  o.s.w.s.m.m.a.ExceptionHandlerExceptionResolver - Resolved [org.springframework.web.bind.MissingServletRequestParameterException: Required request parameter 'userId' for method parameter type String is not present]
2026-05-10 11:59:04 [http-nio-3000-exec-8] INFO  c.b.p.a.a.a.c.AuthRestAdapter - POST /auth/signin - Intento de autenticación para email: mateovargas220705@gmail.com
2026-05-10 11:59:04 [http-nio-3000-exec-8] DEBUG c.b.p.a.d.a.s.AutorizacionAuthService - Autenticando usuario con email: mateovargas220705@gmail.com
2026-05-10 11:59:04 [http-nio-3000-exec-8] DEBUG c.b.p.a.d.a.s.AutorizacionAuthService - Autenticación completada para email: mateovargas220705@gmail.com
2026-05-10 11:59:04 [http-nio-3000-exec-8] INFO  c.b.p.a.a.a.c.AuthRestAdapter - Autenticación exitosa para email: mateovargas220705@gmail.com
2026-05-10 11:59:04 [http-nio-3000-exec-7] INFO  c.b.p.a.a.p.c.ProductosRestAdapter - GET /productos - Obtener todos los productos
2026-05-10 11:59:04 [http-nio-3000-exec-7] DEBUG c.b.p.a.d.p.s.GestionProductosService - Obteniendo todos los productos
2026-05-10 11:59:04 [http-nio-3000-exec-1] INFO  c.b.p.a.a.v.c.VendedoresRestAdapter - GET /vendedores - Obtener todos los vendedores
2026-05-10 11:59:04 [http-nio-3000-exec-1] DEBUG c.b.p.a.d.v.s.GestionVendedoresService - Obteniendo todos los vendedores
2026-05-10 11:59:04 [http-nio-3000-exec-9] INFO  c.b.p.a.a.p.c.ProductosRestAdapter - GET /productos/stock-bajo - Consultando alertas con umbral: 100
2026-05-10 11:59:04 [http-nio-3000-exec-9] DEBUG c.b.p.a.d.p.s.GestionProductosService - Obteniendo productos con stock bajo. Umbral: 100
2026-05-10 11:59:04 [http-nio-3000-exec-7] DEBUG c.b.p.a.d.p.s.GestionProductosService - Se obtuvieron 25 productos
2026-05-10 11:59:04 [http-nio-3000-exec-7] DEBUG c.b.p.a.a.p.c.ProductosRestAdapter - Se obtuvieron 25 productos
2026-05-10 11:59:04 [http-nio-3000-exec-1] DEBUG c.b.p.a.d.v.s.GestionVendedoresService - Se obtuvieron 10 vendedores
2026-05-10 11:59:04 [http-nio-3000-exec-1] DEBUG c.b.p.a.a.v.c.VendedoresRestAdapter - Se obtuvieron 10 vendedores
2026-05-10 11:59:04 [http-nio-3000-exec-9] DEBUG c.b.p.a.d.p.s.GestionProductosService - Se encontraron 24 productos con stock bajo
2026-05-10 11:59:07 [http-nio-3000-exec-10] INFO  c.b.p.a.a.v.c.VendedoresRestAdapter - GET /vendedores - Obtener todos los vendedores
2026-05-10 11:59:07 [http-nio-3000-exec-10] DEBUG c.b.p.a.d.v.s.GestionVendedoresService - Obteniendo todos los vendedores
2026-05-10 11:59:07 [http-nio-3000-exec-10] DEBUG c.b.p.a.d.v.s.GestionVendedoresService - Se obtuvieron 10 vendedores
2026-05-10 11:59:07 [http-nio-3000-exec-10] DEBUG c.b.p.a.a.v.c.VendedoresRestAdapter - Se obtuvieron 10 vendedores
2026-05-10 11:59:07 [http-nio-3000-exec-2] DEBUG c.b.p.a.a.c.c.ClientesRestAdapter - Obteniendo clientes; vendedorId=0b9544ca-bfbe-4335-821c-5c8eb4b553b2
2026-05-10 11:59:07 [http-nio-3000-exec-4] DEBUG c.b.p.a.d.a.s.AutorizacionAuthService - Obteniendo perfil por token
2026-05-10 11:59:07 [http-nio-3000-exec-2] DEBUG c.b.p.a.d.c.s.GestionClientesService - Obteniendo clientes por vendedor: 0b9544ca-bfbe-4335-821c-5c8eb4b553b2
2026-05-10 11:59:07 [http-nio-3000-exec-2] DEBUG c.b.p.a.i.p.s.a.SupabaseClienteRepositoryAdapter - Obteniendo clientes por vendedorId=0b9544ca-bfbe-4335-821c-5c8eb4b553b2
2026-05-10 11:59:07 [http-nio-3000-exec-6] INFO  c.b.p.a.a.ventas.VentaRestAdapter - GET /ventas/cierre-jornada - Obtener cierre de jornada para vendedor 0b9544ca-bfbe-4335-821c-5c8eb4b553b2 y fecha 2026-05-10
2026-05-10 11:59:07 [http-nio-3000-exec-6] INFO  c.b.p.a.d.v.s.GestionVentasService - Obteniendo resumen de cierre de jornada para vendedor 0b9544ca-bfbe-4335-821c-5c8eb4b553b2 en fecha 2026-05-10
2026-05-10 11:59:07 [http-nio-3000-exec-3] INFO  c.b.p.a.a.c.CierreJornadaRestAdapter - GET /cierres/vendedor/0b9544ca-bfbe-4335-821c-5c8eb4b553b2 - Historial de cierres
2026-05-10 11:59:07 [http-nio-3000-exec-8] INFO  c.b.p.a.a.c.CierreJornadaRestAdapter - GET /cierres/vendedor/2ab0631c-da17-4bd8-b9b9-237de54711c6 - Historial de cierres
2026-05-10 11:59:07 [http-nio-3000-exec-5] DEBUG c.b.p.a.d.a.s.AutorizacionAuthService - Obteniendo perfil por token
2026-05-10 11:59:07 [http-nio-3000-exec-8] INFO  c.b.p.a.a.ventas.VentaRestAdapter - GET /ventas/cierre-jornada - Obtener cierre de jornada para vendedor 2ab0631c-da17-4bd8-b9b9-237de54711c6 y fecha 2026-05-10
2026-05-10 11:59:07 [http-nio-3000-exec-8] INFO  c.b.p.a.d.v.s.GestionVentasService - Obteniendo resumen de cierre de jornada para vendedor 2ab0631c-da17-4bd8-b9b9-237de54711c6 en fecha 2026-05-10
2026-05-10 11:59:07 [http-nio-3000-exec-7] DEBUG c.b.p.a.a.c.c.ClientesRestAdapter - Obteniendo clientes; vendedorId=2ab0631c-da17-4bd8-b9b9-237de54711c6
2026-05-10 11:59:07 [http-nio-3000-exec-7] DEBUG c.b.p.a.d.c.s.GestionClientesService - Obteniendo clientes por vendedor: 2ab0631c-da17-4bd8-b9b9-237de54711c6
2026-05-10 11:59:07 [http-nio-3000-exec-7] DEBUG c.b.p.a.i.p.s.a.SupabaseClienteRepositoryAdapter - Obteniendo clientes por vendedorId=2ab0631c-da17-4bd8-b9b9-237de54711c6
2026-05-10 11:59:07 [http-nio-3000-exec-1] DEBUG c.b.p.a.d.a.s.AutorizacionAuthService - Obteniendo perfil por token
2026-05-10 11:59:08 [http-nio-3000-exec-4] DEBUG c.b.p.a.d.a.s.AutorizacionAuthService - Perfil obtenido exitosamente para usuario ID: f2dc5b92-7ded-4c42-9e5a-d8a22aaf4a3a
2026-05-10 11:59:08 [http-nio-3000-exec-4] INFO  c.b.p.a.a.i.c.InventarioRestAdapter - GET /inventario/vendedor/0b9544ca-bfbe-4335-821c-5c8eb4b553b2 - consulta por mateovargas220705@gmail.com
2026-05-10 11:59:08 [http-nio-3000-exec-4] INFO  c.b.p.a.d.i.s.GestionInventarioService - Consultando cargas por vendedor: 0b9544ca-bfbe-4335-821c-5c8eb4b553b2
2026-05-10 11:59:08 [http-nio-3000-exec-4] DEBUG c.b.p.a.i.p.s.a.SupabaseAsignacionRepositoryAdapter - Consultando asignaciones por vendedor: 0b9544ca-bfbe-4335-821c-5c8eb4b553b2
2026-05-10 11:59:08 [http-nio-3000-exec-5] DEBUG c.b.p.a.d.a.s.AutorizacionAuthService - Perfil obtenido exitosamente para usuario ID: f2dc5b92-7ded-4c42-9e5a-d8a22aaf4a3a
2026-05-10 11:59:08 [http-nio-3000-exec-5] INFO  c.b.p.a.a.i.c.InventarioRestAdapter - GET /inventario/vendedor/2ab0631c-da17-4bd8-b9b9-237de54711c6 - consulta por mateovargas220705@gmail.com
2026-05-10 11:59:08 [http-nio-3000-exec-5] INFO  c.b.p.a.d.i.s.GestionInventarioService - Consultando cargas por vendedor: 2ab0631c-da17-4bd8-b9b9-237de54711c6
2026-05-10 11:59:08 [http-nio-3000-exec-5] DEBUG c.b.p.a.i.p.s.a.SupabaseAsignacionRepositoryAdapter - Consultando asignaciones por vendedor: 2ab0631c-da17-4bd8-b9b9-237de54711c6
2026-05-10 11:59:08 [http-nio-3000-exec-9] INFO  c.b.p.a.a.ventas.VentaRestAdapter - GET /ventas/cierre-jornada - Obtener cierre de jornada para vendedor 5e0e4eff-aec3-46df-a77e-d4feeb19394c y fecha 2026-05-10
2026-05-10 11:59:08 [http-nio-3000-exec-9] INFO  c.b.p.a.d.v.s.GestionVentasService - Obteniendo resumen de cierre de jornada para vendedor 5e0e4eff-aec3-46df-a77e-d4feeb19394c en fecha 2026-05-10
2026-05-10 11:59:08 [http-nio-3000-exec-10] INFO  c.b.p.a.a.c.CierreJornadaRestAdapter - GET /cierres/vendedor/5e0e4eff-aec3-46df-a77e-d4feeb19394c - Historial de cierres
2026-05-10 11:59:08 [http-nio-3000-exec-4] DEBUG c.b.p.a.i.p.s.a.SupabaseAsignacionRepositoryAdapter - Asignaciones encontradas para vendedor 0b9544ca-bfbe-4335-821c-5c8eb4b553b2: 1
2026-05-10 11:59:08 [http-nio-3000-exec-3] DEBUG c.b.p.a.d.a.s.AutorizacionAuthService - Obteniendo perfil por token
2026-05-10 11:59:08 [http-nio-3000-exec-2] DEBUG c.b.p.a.a.c.c.ClientesRestAdapter - Obteniendo clientes; vendedorId=5e0e4eff-aec3-46df-a77e-d4feeb19394c
2026-05-10 11:59:08 [http-nio-3000-exec-2] DEBUG c.b.p.a.d.c.s.GestionClientesService - Obteniendo clientes por vendedor: 5e0e4eff-aec3-46df-a77e-d4feeb19394c
2026-05-10 11:59:08 [http-nio-3000-exec-2] DEBUG c.b.p.a.i.p.s.a.SupabaseClienteRepositoryAdapter - Obteniendo clientes por vendedorId=5e0e4eff-aec3-46df-a77e-d4feeb19394c
2026-05-10 11:59:08 [http-nio-3000-exec-5] DEBUG c.b.p.a.i.p.s.a.SupabaseAsignacionRepositoryAdapter - Asignaciones encontradas para vendedor 2ab0631c-da17-4bd8-b9b9-237de54711c6: 9
2026-05-10 11:59:08 [http-nio-3000-exec-1] DEBUG c.b.p.a.d.a.s.AutorizacionAuthService - Perfil obtenido exitosamente para usuario ID: f2dc5b92-7ded-4c42-9e5a-d8a22aaf4a3a
2026-05-10 11:59:08 [http-nio-3000-exec-1] INFO  c.b.p.a.a.i.c.InventarioRestAdapter - GET /inventario/vendedor/5e0e4eff-aec3-46df-a77e-d4feeb19394c - consulta por mateovargas220705@gmail.com
2026-05-10 11:59:08 [http-nio-3000-exec-1] INFO  c.b.p.a.d.i.s.GestionInventarioService - Consultando cargas por vendedor: 5e0e4eff-aec3-46df-a77e-d4feeb19394c
2026-05-10 11:59:08 [http-nio-3000-exec-1] DEBUG c.b.p.a.i.p.s.a.SupabaseAsignacionRepositoryAdapter - Consultando asignaciones por vendedor: 5e0e4eff-aec3-46df-a77e-d4feeb19394c
2026-05-10 11:59:08 [http-nio-3000-exec-6] INFO  c.b.p.a.a.c.CierreJornadaRestAdapter - GET /cierres/vendedor/6b0a5026-52f3-475a-a20f-5aacf94764f0 - Historial de cierres
2026-05-10 11:59:08 [http-nio-3000-exec-7] DEBUG c.b.p.a.a.c.c.ClientesRestAdapter - Obteniendo clientes; vendedorId=6b0a5026-52f3-475a-a20f-5aacf94764f0
2026-05-10 11:59:08 [http-nio-3000-exec-7] DEBUG c.b.p.a.d.c.s.GestionClientesService - Obteniendo clientes por vendedor: 6b0a5026-52f3-475a-a20f-5aacf94764f0
2026-05-10 11:59:08 [http-nio-3000-exec-7] DEBUG c.b.p.a.i.p.s.a.SupabaseClienteRepositoryAdapter - Obteniendo clientes por vendedorId=6b0a5026-52f3-475a-a20f-5aacf94764f0
2026-05-10 11:59:08 [http-nio-3000-exec-1] DEBUG c.b.p.a.i.p.s.a.SupabaseAsignacionRepositoryAdapter - Asignaciones encontradas para vendedor 5e0e4eff-aec3-46df-a77e-d4feeb19394c: 4
2026-05-10 11:59:08 [http-nio-3000-exec-4] INFO  c.b.p.a.a.ventas.VentaRestAdapter - GET /ventas/cierre-jornada - Obtener cierre de jornada para vendedor 6b0a5026-52f3-475a-a20f-5aacf94764f0 y fecha 2026-05-10
2026-05-10 11:59:08 [http-nio-3000-exec-4] INFO  c.b.p.a.d.v.s.GestionVentasService - Obteniendo resumen de cierre de jornada para vendedor 6b0a5026-52f3-475a-a20f-5aacf94764f0 en fecha 2026-05-10
2026-05-10 11:59:08 [http-nio-3000-exec-5] DEBUG c.b.p.a.d.a.s.AutorizacionAuthService - Obteniendo perfil por token
2026-05-10 11:59:08 [http-nio-3000-exec-8] INFO  c.b.p.a.a.ventas.VentaRestAdapter - GET /ventas/cierre-jornada - Obtener cierre de jornada para vendedor 73ed0c2b-851c-44c8-a08b-ded6f61924f9 y fecha 2026-05-10
2026-05-10 11:59:08 [http-nio-3000-exec-8] INFO  c.b.p.a.d.v.s.GestionVentasService - Obteniendo resumen de cierre de jornada para vendedor 73ed0c2b-851c-44c8-a08b-ded6f61924f9 en fecha 2026-05-10
2026-05-10 11:59:08 [http-nio-3000-exec-10] INFO  c.b.p.a.a.c.CierreJornadaRestAdapter - GET /cierres/vendedor/73ed0c2b-851c-44c8-a08b-ded6f61924f9 - Historial de cierres
2026-05-10 11:59:08 [http-nio-3000-exec-3] DEBUG c.b.p.a.d.a.s.AutorizacionAuthService - Perfil obtenido exitosamente para usuario ID: f2dc5b92-7ded-4c42-9e5a-d8a22aaf4a3a
2026-05-10 11:59:08 [http-nio-3000-exec-3] INFO  c.b.p.a.a.i.c.InventarioRestAdapter - GET /inventario/vendedor/6b0a5026-52f3-475a-a20f-5aacf94764f0 - consulta por mateovargas220705@gmail.com
2026-05-10 11:59:08 [http-nio-3000-exec-3] INFO  c.b.p.a.d.i.s.GestionInventarioService - Consultando cargas por vendedor: 6b0a5026-52f3-475a-a20f-5aacf94764f0
2026-05-10 11:59:08 [http-nio-3000-exec-3] DEBUG c.b.p.a.i.p.s.a.SupabaseAsignacionRepositoryAdapter - Consultando asignaciones por vendedor: 6b0a5026-52f3-475a-a20f-5aacf94764f0
2026-05-10 11:59:08 [http-nio-3000-exec-2] DEBUG c.b.p.a.a.c.c.ClientesRestAdapter - Obteniendo clientes; vendedorId=73ed0c2b-851c-44c8-a08b-ded6f61924f9
2026-05-10 11:59:08 [http-nio-3000-exec-2] DEBUG c.b.p.a.d.c.s.GestionClientesService - Obteniendo clientes por vendedor: 73ed0c2b-851c-44c8-a08b-ded6f61924f9
2026-05-10 11:59:08 [http-nio-3000-exec-2] DEBUG c.b.p.a.i.p.s.a.SupabaseClienteRepositoryAdapter - Obteniendo clientes por vendedorId=73ed0c2b-851c-44c8-a08b-ded6f61924f9
2026-05-10 11:59:08 [http-nio-3000-exec-7] DEBUG c.b.p.a.d.a.s.AutorizacionAuthService - Obteniendo perfil por token
2026-05-10 11:59:08 [http-nio-3000-exec-3] DEBUG c.b.p.a.i.p.s.a.SupabaseAsignacionRepositoryAdapter - Asignaciones encontradas para vendedor 6b0a5026-52f3-475a-a20f-5aacf94764f0: 31
2026-05-10 11:59:08 [http-nio-3000-exec-5] DEBUG c.b.p.a.d.a.s.AutorizacionAuthService - Perfil obtenido exitosamente para usuario ID: f2dc5b92-7ded-4c42-9e5a-d8a22aaf4a3a
2026-05-10 11:59:08 [http-nio-3000-exec-5] INFO  c.b.p.a.a.i.c.InventarioRestAdapter - GET /inventario/vendedor/73ed0c2b-851c-44c8-a08b-ded6f61924f9 - consulta por mateovargas220705@gmail.com
2026-05-10 11:59:08 [http-nio-3000-exec-5] INFO  c.b.p.a.d.i.s.GestionInventarioService - Consultando cargas por vendedor: 73ed0c2b-851c-44c8-a08b-ded6f61924f9
2026-05-10 11:59:08 [http-nio-3000-exec-5] DEBUG c.b.p.a.i.p.s.a.SupabaseAsignacionRepositoryAdapter - Consultando asignaciones por vendedor: 73ed0c2b-851c-44c8-a08b-ded6f61924f9
2026-05-10 11:59:08 [http-nio-3000-exec-1] INFO  c.b.p.a.a.ventas.VentaRestAdapter - GET /ventas/cierre-jornada - Obtener cierre de jornada para vendedor 7ca8780f-864c-4179-8c8a-9d8ae55b6df8 y fecha 2026-05-10
2026-05-10 11:59:08 [http-nio-3000-exec-1] INFO  c.b.p.a.d.v.s.GestionVentasService - Obteniendo resumen de cierre de jornada para vendedor 7ca8780f-864c-4179-8c8a-9d8ae55b6df8 en fecha 2026-05-10
2026-05-10 11:59:08 [http-nio-3000-exec-6] INFO  c.b.p.a.a.c.CierreJornadaRestAdapter - GET /cierres/vendedor/7ca8780f-864c-4179-8c8a-9d8ae55b6df8 - Historial de cierres
2026-05-10 11:59:08 [http-nio-3000-exec-10] DEBUG c.b.p.a.a.c.c.ClientesRestAdapter - Obteniendo clientes; vendedorId=7ca8780f-864c-4179-8c8a-9d8ae55b6df8
2026-05-10 11:59:08 [http-nio-3000-exec-10] DEBUG c.b.p.a.d.c.s.GestionClientesService - Obteniendo clientes por vendedor: 7ca8780f-864c-4179-8c8a-9d8ae55b6df8
2026-05-10 11:59:08 [http-nio-3000-exec-10] DEBUG c.b.p.a.i.p.s.a.SupabaseClienteRepositoryAdapter - Obteniendo clientes por vendedorId=7ca8780f-864c-4179-8c8a-9d8ae55b6df8
2026-05-10 11:59:08 [http-nio-3000-exec-9] DEBUG c.b.p.a.d.a.s.AutorizacionAuthService - Obteniendo perfil por token
2026-05-10 11:59:09 [http-nio-3000-exec-5] DEBUG c.b.p.a.i.p.s.a.SupabaseAsignacionRepositoryAdapter - Asignaciones encontradas para vendedor 73ed0c2b-851c-44c8-a08b-ded6f61924f9: 4
2026-05-10 11:59:09 [http-nio-3000-exec-4] INFO  c.b.p.a.a.c.CierreJornadaRestAdapter - GET /cierres/vendedor/7dec6fc9-8ddc-48c6-86a3-a1dbfc46f80e - Historial de cierres
2026-05-10 11:59:09 [http-nio-3000-exec-8] DEBUG c.b.p.a.a.c.c.ClientesRestAdapter - Obteniendo clientes; vendedorId=7dec6fc9-8ddc-48c6-86a3-a1dbfc46f80e
2026-05-10 11:59:09 [http-nio-3000-exec-3] INFO  c.b.p.a.a.ventas.VentaRestAdapter - GET /ventas/cierre-jornada - Obtener cierre de jornada para vendedor 7dec6fc9-8ddc-48c6-86a3-a1dbfc46f80e y fecha 2026-05-10
2026-05-10 11:59:09 [http-nio-3000-exec-8] DEBUG c.b.p.a.d.c.s.GestionClientesService - Obteniendo clientes por vendedor: 7dec6fc9-8ddc-48c6-86a3-a1dbfc46f80e
2026-05-10 11:59:09 [http-nio-3000-exec-3] INFO  c.b.p.a.d.v.s.GestionVentasService - Obteniendo resumen de cierre de jornada para vendedor 7dec6fc9-8ddc-48c6-86a3-a1dbfc46f80e en fecha 2026-05-10
2026-05-10 11:59:09 [http-nio-3000-exec-8] DEBUG c.b.p.a.i.p.s.a.SupabaseClienteRepositoryAdapter - Obteniendo clientes por vendedorId=7dec6fc9-8ddc-48c6-86a3-a1dbfc46f80e
2026-05-10 11:59:09 [http-nio-3000-exec-7] DEBUG c.b.p.a.d.a.s.AutorizacionAuthService - Perfil obtenido exitosamente para usuario ID: f2dc5b92-7ded-4c42-9e5a-d8a22aaf4a3a
2026-05-10 11:59:09 [http-nio-3000-exec-7] INFO  c.b.p.a.a.i.c.InventarioRestAdapter - GET /inventario/vendedor/7ca8780f-864c-4179-8c8a-9d8ae55b6df8 - consulta por mateovargas220705@gmail.com
2026-05-10 11:59:09 [http-nio-3000-exec-7] INFO  c.b.p.a.d.i.s.GestionInventarioService - Consultando cargas por vendedor: 7ca8780f-864c-4179-8c8a-9d8ae55b6df8
2026-05-10 11:59:09 [http-nio-3000-exec-7] DEBUG c.b.p.a.i.p.s.a.SupabaseAsignacionRepositoryAdapter - Consultando asignaciones por vendedor: 7ca8780f-864c-4179-8c8a-9d8ae55b6df8
2026-05-10 11:59:09 [http-nio-3000-exec-2] DEBUG c.b.p.a.d.a.s.AutorizacionAuthService - Obteniendo perfil por token
2026-05-10 11:59:09 [http-nio-3000-exec-5] INFO  c.b.p.a.a.ventas.VentaRestAdapter - GET /ventas/cierre-jornada - Obtener cierre de jornada para vendedor 86676371-8389-4969-89b4-6a10d3e65cbd y fecha 2026-05-10
2026-05-10 11:59:09 [http-nio-3000-exec-5] INFO  c.b.p.a.d.v.s.GestionVentasService - Obteniendo resumen de cierre de jornada para vendedor 86676371-8389-4969-89b4-6a10d3e65cbd en fecha 2026-05-10
2026-05-10 11:59:09 [http-nio-3000-exec-9] DEBUG c.b.p.a.d.a.s.AutorizacionAuthService - Perfil obtenido exitosamente para usuario ID: f2dc5b92-7ded-4c42-9e5a-d8a22aaf4a3a
2026-05-10 11:59:09 [http-nio-3000-exec-9] INFO  c.b.p.a.a.i.c.InventarioRestAdapter - GET /inventario/vendedor/7dec6fc9-8ddc-48c6-86a3-a1dbfc46f80e - consulta por mateovargas220705@gmail.com
2026-05-10 11:59:09 [http-nio-3000-exec-9] INFO  c.b.p.a.d.i.s.GestionInventarioService - Consultando cargas por vendedor: 7dec6fc9-8ddc-48c6-86a3-a1dbfc46f80e
2026-05-10 11:59:09 [http-nio-3000-exec-9] DEBUG c.b.p.a.i.p.s.a.SupabaseAsignacionRepositoryAdapter - Consultando asignaciones por vendedor: 7dec6fc9-8ddc-48c6-86a3-a1dbfc46f80e
2026-05-10 11:59:09 [http-nio-3000-exec-10] INFO  c.b.p.a.a.c.CierreJornadaRestAdapter - GET /cierres/vendedor/86676371-8389-4969-89b4-6a10d3e65cbd - Historial de cierres
2026-05-10 11:59:09 [http-nio-3000-exec-7] DEBUG c.b.p.a.i.p.s.a.SupabaseAsignacionRepositoryAdapter - Asignaciones encontradas para vendedor 7ca8780f-864c-4179-8c8a-9d8ae55b6df8: 3
2026-05-10 11:59:09 [http-nio-3000-exec-6] DEBUG c.b.p.a.d.a.s.AutorizacionAuthService - Obteniendo perfil por token
2026-05-10 11:59:09 [http-nio-3000-exec-9] DEBUG c.b.p.a.i.p.s.a.SupabaseAsignacionRepositoryAdapter - Asignaciones encontradas para vendedor 7dec6fc9-8ddc-48c6-86a3-a1dbfc46f80e: 1
2026-05-10 11:59:09 [http-nio-3000-exec-1] DEBUG c.b.p.a.a.c.c.ClientesRestAdapter - Obteniendo clientes; vendedorId=86676371-8389-4969-89b4-6a10d3e65cbd
2026-05-10 11:59:09 [http-nio-3000-exec-4] INFO  c.b.p.a.a.c.CierreJornadaRestAdapter - GET /cierres/vendedor/997e2337-32a6-4ba5-84fb-873ef1b6036f - Historial de cierres
2026-05-10 11:59:09 [http-nio-3000-exec-1] DEBUG c.b.p.a.d.c.s.GestionClientesService - Obteniendo clientes por vendedor: 86676371-8389-4969-89b4-6a10d3e65cbd
2026-05-10 11:59:09 [http-nio-3000-exec-1] DEBUG c.b.p.a.i.p.s.a.SupabaseClienteRepositoryAdapter - Obteniendo clientes por vendedorId=86676371-8389-4969-89b4-6a10d3e65cbd
2026-05-10 11:59:09 [http-nio-3000-exec-8] INFO  c.b.p.a.a.ventas.VentaRestAdapter - GET /ventas/cierre-jornada - Obtener cierre de jornada para vendedor 997e2337-32a6-4ba5-84fb-873ef1b6036f y fecha 2026-05-10
2026-05-10 11:59:09 [http-nio-3000-exec-8] INFO  c.b.p.a.d.v.s.GestionVentasService - Obteniendo resumen de cierre de jornada para vendedor 997e2337-32a6-4ba5-84fb-873ef1b6036f en fecha 2026-05-10
2026-05-10 11:59:09 [http-nio-3000-exec-2] DEBUG c.b.p.a.d.a.s.AutorizacionAuthService - Perfil obtenido exitosamente para usuario ID: f2dc5b92-7ded-4c42-9e5a-d8a22aaf4a3a
2026-05-10 11:59:09 [http-nio-3000-exec-2] INFO  c.b.p.a.a.i.c.InventarioRestAdapter - GET /inventario/vendedor/86676371-8389-4969-89b4-6a10d3e65cbd - consulta por mateovargas220705@gmail.com
2026-05-10 11:59:09 [http-nio-3000-exec-2] INFO  c.b.p.a.d.i.s.GestionInventarioService - Consultando cargas por vendedor: 86676371-8389-4969-89b4-6a10d3e65cbd
2026-05-10 11:59:09 [http-nio-3000-exec-2] DEBUG c.b.p.a.i.p.s.a.SupabaseAsignacionRepositoryAdapter - Consultando asignaciones por vendedor: 86676371-8389-4969-89b4-6a10d3e65cbd
2026-05-10 11:59:09 [http-nio-3000-exec-7] DEBUG c.b.p.a.a.c.c.ClientesRestAdapter - Obteniendo clientes; vendedorId=997e2337-32a6-4ba5-84fb-873ef1b6036f
2026-05-10 11:59:09 [http-nio-3000-exec-9] DEBUG c.b.p.a.d.a.s.AutorizacionAuthService - Obteniendo perfil por token
2026-05-10 11:59:09 [http-nio-3000-exec-10] INFO  c.b.p.a.a.ventas.VentaRestAdapter - GET /ventas/cierre-jornada - Obtener cierre de jornada para vendedor c1cbc4b0-eafd-490a-be95-b1c42036ad16 y fecha 2026-05-10
2026-05-10 11:59:09 [http-nio-3000-exec-7] DEBUG c.b.p.a.d.c.s.GestionClientesService - Obteniendo clientes por vendedor: 997e2337-32a6-4ba5-84fb-873ef1b6036f
2026-05-10 11:59:09 [http-nio-3000-exec-10] INFO  c.b.p.a.d.v.s.GestionVentasService - Obteniendo resumen de cierre de jornada para vendedor c1cbc4b0-eafd-490a-be95-b1c42036ad16 en fecha 2026-05-10
2026-05-10 11:59:09 [http-nio-3000-exec-7] DEBUG c.b.p.a.i.p.s.a.SupabaseClienteRepositoryAdapter - Obteniendo clientes por vendedorId=997e2337-32a6-4ba5-84fb-873ef1b6036f
2026-05-10 11:59:09 [http-nio-3000-exec-6] DEBUG c.b.p.a.d.a.s.AutorizacionAuthService - Perfil obtenido exitosamente para usuario ID: f2dc5b92-7ded-4c42-9e5a-d8a22aaf4a3a
2026-05-10 11:59:09 [http-nio-3000-exec-6] INFO  c.b.p.a.a.i.c.InventarioRestAdapter - GET /inventario/vendedor/997e2337-32a6-4ba5-84fb-873ef1b6036f - consulta por mateovargas220705@gmail.com
2026-05-10 11:59:09 [http-nio-3000-exec-6] INFO  c.b.p.a.d.i.s.GestionInventarioService - Consultando cargas por vendedor: 997e2337-32a6-4ba5-84fb-873ef1b6036f
2026-05-10 11:59:09 [http-nio-3000-exec-6] DEBUG c.b.p.a.i.p.s.a.SupabaseAsignacionRepositoryAdapter - Consultando asignaciones por vendedor: 997e2337-32a6-4ba5-84fb-873ef1b6036f
2026-05-10 11:59:09 [http-nio-3000-exec-2] DEBUG c.b.p.a.i.p.s.a.SupabaseAsignacionRepositoryAdapter - Asignaciones encontradas para vendedor 86676371-8389-4969-89b4-6a10d3e65cbd: 6
2026-05-10 11:59:09 [http-nio-3000-exec-3] INFO  c.b.p.a.a.ventas.VentaRestAdapter - GET /ventas - Listar ventas resumidas
2026-05-10 11:59:09 [http-nio-3000-exec-5] INFO  c.b.p.a.a.c.CierreJornadaRestAdapter - GET /cierres/vendedor/c1cbc4b0-eafd-490a-be95-b1c42036ad16 - Historial de cierres
2026-05-10 11:59:09 [http-nio-3000-exec-3] INFO  c.b.p.a.d.v.s.GestionVentasService - Obteniendo listado de ventas resumidas
2026-05-10 11:59:09 [http-nio-3000-exec-1] DEBUG c.b.p.a.a.c.c.ClientesRestAdapter - Obteniendo clientes; vendedorId=c1cbc4b0-eafd-490a-be95-b1c42036ad16
2026-05-10 11:59:09 [http-nio-3000-exec-1] DEBUG c.b.p.a.d.c.s.GestionClientesService - Obteniendo clientes por vendedor: c1cbc4b0-eafd-490a-be95-b1c42036ad16
2026-05-10 11:59:09 [http-nio-3000-exec-1] DEBUG c.b.p.a.i.p.s.a.SupabaseClienteRepositoryAdapter - Obteniendo clientes por vendedorId=c1cbc4b0-eafd-490a-be95-b1c42036ad16
2026-05-10 11:59:09 [http-nio-3000-exec-6] DEBUG c.b.p.a.i.p.s.a.SupabaseAsignacionRepositoryAdapter - Asignaciones encontradas para vendedor 997e2337-32a6-4ba5-84fb-873ef1b6036f: 1
2026-05-10 11:59:09 [http-nio-3000-exec-9] DEBUG c.b.p.a.d.a.s.AutorizacionAuthService - Perfil obtenido exitosamente para usuario ID: f2dc5b92-7ded-4c42-9e5a-d8a22aaf4a3a
2026-05-10 11:59:09 [http-nio-3000-exec-9] INFO  c.b.p.a.a.i.c.InventarioRestAdapter - GET /inventario/vendedor/c1cbc4b0-eafd-490a-be95-b1c42036ad16 - consulta por mateovargas220705@gmail.com
2026-05-10 11:59:09 [http-nio-3000-exec-9] INFO  c.b.p.a.d.i.s.GestionInventarioService - Consultando cargas por vendedor: c1cbc4b0-eafd-490a-be95-b1c42036ad16
2026-05-10 11:59:09 [http-nio-3000-exec-9] DEBUG c.b.p.a.i.p.s.a.SupabaseAsignacionRepositoryAdapter - Consultando asignaciones por vendedor: c1cbc4b0-eafd-490a-be95-b1c42036ad16
2026-05-10 11:59:10 [http-nio-3000-exec-9] DEBUG c.b.p.a.i.p.s.a.SupabaseAsignacionRepositoryAdapter - Asignaciones encontradas para vendedor c1cbc4b0-eafd-490a-be95-b1c42036ad16: 1
2026-05-10 11:59:48 [http-nio-3000-exec-4] INFO  c.b.p.a.a.a.c.AuthRestAdapter - POST /auth/signin - Intento de autenticación para email: andres@gmail.com
2026-05-10 11:59:48 [http-nio-3000-exec-4] DEBUG c.b.p.a.d.a.s.AutorizacionAuthService - Autenticando usuario con email: andres@gmail.com
2026-05-10 11:59:49 [http-nio-3000-exec-4] DEBUG c.b.p.a.d.a.s.AutorizacionAuthService - Autenticación completada para email: andres@gmail.com
2026-05-10 11:59:49 [http-nio-3000-exec-4] INFO  c.b.p.a.a.a.c.AuthRestAdapter - Autenticación exitosa para email: andres@gmail.com
2026-05-10 11:59:49 [http-nio-3000-exec-8] INFO  c.b.p.a.a.a.c.AuthRestAdapter - GET /auth/me - Obtener perfil del usuario actual
2026-05-10 11:59:49 [http-nio-3000-exec-8] DEBUG c.b.p.a.d.a.s.AutorizacionAuthService - Obteniendo perfil por token
2026-05-10 11:59:50 [http-nio-3000-exec-8] DEBUG c.b.p.a.d.a.s.AutorizacionAuthService - Perfil obtenido exitosamente para usuario ID: 6b0a5026-52f3-475a-a20f-5aacf94764f0
2026-05-10 11:59:50 [http-nio-3000-exec-8] DEBUG c.b.p.a.a.a.c.AuthRestAdapter - Perfil obtenido para usuario: andres@gmail.com
2026-05-10 11:59:50 [http-nio-3000-exec-7] INFO  c.b.p.a.a.p.c.ProductosRestAdapter - GET /productos - Obtener todos los productos
2026-05-10 11:59:50 [http-nio-3000-exec-2] DEBUG c.b.p.a.d.a.s.AutorizacionAuthService - Obteniendo perfil por token
2026-05-10 11:59:50 [http-nio-3000-exec-7] DEBUG c.b.p.a.d.p.s.GestionProductosService - Obteniendo todos los productos
2026-05-10 11:59:50 [http-nio-3000-exec-10] INFO  c.b.p.a.a.ventas.VentaRestAdapter - GET /ventas/cierre-jornada - Obtener cierre de jornada para vendedor 6b0a5026-52f3-475a-a20f-5aacf94764f0 y fecha 2026-05-10
2026-05-10 11:59:50 [http-nio-3000-exec-10] INFO  c.b.p.a.d.v.s.GestionVentasService - Obteniendo resumen de cierre de jornada para vendedor 6b0a5026-52f3-475a-a20f-5aacf94764f0 en fecha 2026-05-10
2026-05-10 11:59:50 [http-nio-3000-exec-7] DEBUG c.b.p.a.d.p.s.GestionProductosService - Se obtuvieron 25 productos
2026-05-10 11:59:50 [http-nio-3000-exec-7] DEBUG c.b.p.a.a.p.c.ProductosRestAdapter - Se obtuvieron 25 productos
2026-05-10 11:59:50 [http-nio-3000-exec-2] DEBUG c.b.p.a.d.a.s.AutorizacionAuthService - Perfil obtenido exitosamente para usuario ID: 6b0a5026-52f3-475a-a20f-5aacf94764f0
2026-05-10 11:59:50 [http-nio-3000-exec-2] INFO  c.b.p.a.a.i.c.InventarioRestAdapter - GET /inventario/vendedor/6b0a5026-52f3-475a-a20f-5aacf94764f0 - consulta por andres@gmail.com
2026-05-10 11:59:50 [http-nio-3000-exec-2] INFO  c.b.p.a.d.i.s.GestionInventarioService - Consultando cargas por vendedor: 6b0a5026-52f3-475a-a20f-5aacf94764f0
2026-05-10 11:59:50 [http-nio-3000-exec-2] DEBUG c.b.p.a.i.p.s.a.SupabaseAsignacionRepositoryAdapter - Consultando asignaciones por vendedor: 6b0a5026-52f3-475a-a20f-5aacf94764f0
2026-05-10 11:59:50 [http-nio-3000-exec-2] DEBUG c.b.p.a.i.p.s.a.SupabaseAsignacionRepositoryAdapter - Asignaciones encontradas para vendedor 6b0a5026-52f3-475a-a20f-5aacf94764f0: 31
2026-05-10 11:59:52 [http-nio-3000-exec-6] INFO  c.b.p.a.a.a.c.AuthRestAdapter - GET /auth/me - Obtener perfil del usuario actual
2026-05-10 11:59:52 [http-nio-3000-exec-6] DEBUG c.b.p.a.d.a.s.AutorizacionAuthService - Obteniendo perfil por token
2026-05-10 11:59:52 [http-nio-3000-exec-6] DEBUG c.b.p.a.d.a.s.AutorizacionAuthService - Perfil obtenido exitosamente para usuario ID: 6b0a5026-52f3-475a-a20f-5aacf94764f0
2026-05-10 11:59:52 [http-nio-3000-exec-6] DEBUG c.b.p.a.a.a.c.AuthRestAdapter - Perfil obtenido para usuario: andres@gmail.com
2026-05-10 11:59:52 [http-nio-3000-exec-1] DEBUG c.b.p.a.a.c.c.ClientesRestAdapter - Obteniendo clientes; vendedorId=6b0a5026-52f3-475a-a20f-5aacf94764f0
2026-05-10 11:59:52 [http-nio-3000-exec-1] DEBUG c.b.p.a.d.c.s.GestionClientesService - Obteniendo clientes por vendedor: 6b0a5026-52f3-475a-a20f-5aacf94764f0
2026-05-10 11:59:52 [http-nio-3000-exec-1] DEBUG c.b.p.a.i.p.s.a.SupabaseClienteRepositoryAdapter - Obteniendo clientes por vendedorId=6b0a5026-52f3-475a-a20f-5aacf94764f0
2026-05-10 11:59:55 [http-nio-3000-exec-5] INFO  c.b.p.a.a.a.c.AuthRestAdapter - GET /auth/me - Obtener perfil del usuario actual
2026-05-10 11:59:55 [http-nio-3000-exec-5] DEBUG c.b.p.a.d.a.s.AutorizacionAuthService - Obteniendo perfil por token
2026-05-10 11:59:56 [http-nio-3000-exec-5] DEBUG c.b.p.a.d.a.s.AutorizacionAuthService - Perfil obtenido exitosamente para usuario ID: 6b0a5026-52f3-475a-a20f-5aacf94764f0
2026-05-10 11:59:56 [http-nio-3000-exec-5] DEBUG c.b.p.a.a.a.c.AuthRestAdapter - Perfil obtenido para usuario: andres@gmail.com
2026-05-10 11:59:56 [http-nio-3000-exec-3] INFO  c.b.p.a.a.p.c.ProductosRestAdapter - GET /productos - Obtener todos los productos
2026-05-10 11:59:56 [http-nio-3000-exec-3] DEBUG c.b.p.a.d.p.s.GestionProductosService - Obteniendo todos los productos
2026-05-10 11:59:56 [http-nio-3000-exec-9] DEBUG c.b.p.a.d.a.s.AutorizacionAuthService - Obteniendo perfil por token
2026-05-10 11:59:56 [http-nio-3000-exec-4] INFO  c.b.p.a.a.ventas.VentaRestAdapter - GET /ventas/cierre-jornada - Obtener cierre de jornada para vendedor 6b0a5026-52f3-475a-a20f-5aacf94764f0 y fecha 2026-05-10
2026-05-10 11:59:56 [http-nio-3000-exec-4] INFO  c.b.p.a.d.v.s.GestionVentasService - Obteniendo resumen de cierre de jornada para vendedor 6b0a5026-52f3-475a-a20f-5aacf94764f0 en fecha 2026-05-10
2026-05-10 11:59:56 [http-nio-3000-exec-3] DEBUG c.b.p.a.d.p.s.GestionProductosService - Se obtuvieron 25 productos
2026-05-10 11:59:56 [http-nio-3000-exec-3] DEBUG c.b.p.a.a.p.c.ProductosRestAdapter - Se obtuvieron 25 productos
2026-05-10 11:59:56 [http-nio-3000-exec-9] DEBUG c.b.p.a.d.a.s.AutorizacionAuthService - Perfil obtenido exitosamente para usuario ID: 6b0a5026-52f3-475a-a20f-5aacf94764f0
2026-05-10 11:59:56 [http-nio-3000-exec-9] INFO  c.b.p.a.a.i.c.InventarioRestAdapter - GET /inventario/vendedor/6b0a5026-52f3-475a-a20f-5aacf94764f0 - consulta por andres@gmail.com
2026-05-10 11:59:56 [http-nio-3000-exec-9] INFO  c.b.p.a.d.i.s.GestionInventarioService - Consultando cargas por vendedor: 6b0a5026-52f3-475a-a20f-5aacf94764f0
2026-05-10 11:59:56 [http-nio-3000-exec-9] DEBUG c.b.p.a.i.p.s.a.SupabaseAsignacionRepositoryAdapter - Consultando asignaciones por vendedor: 6b0a5026-52f3-475a-a20f-5aacf94764f0
2026-05-10 11:59:56 [http-nio-3000-exec-9] DEBUG c.b.p.a.i.p.s.a.SupabaseAsignacionRepositoryAdapter - Asignaciones encontradas para vendedor 6b0a5026-52f3-475a-a20f-5aacf94764f0: 31
2026-05-10 11:59:57 [http-nio-3000-exec-8] DEBUG c.b.p.a.a.c.c.ClientesRestAdapter - Obteniendo clientes; vendedorId=6b0a5026-52f3-475a-a20f-5aacf94764f0
2026-05-10 11:59:57 [http-nio-3000-exec-8] DEBUG c.b.p.a.d.c.s.GestionClientesService - Obteniendo clientes por vendedor: 6b0a5026-52f3-475a-a20f-5aacf94764f0
2026-05-10 11:59:57 [http-nio-3000-exec-8] DEBUG c.b.p.a.i.p.s.a.SupabaseClienteRepositoryAdapter - Obteniendo clientes por vendedorId=6b0a5026-52f3-475a-a20f-5aacf94764f0
2026-05-10 12:00:04 [http-nio-3000-exec-7] INFO  c.b.p.a.a.c.CierreJornadaRestAdapter - GET /cierres/vendedor/6b0a5026-52f3-475a-a20f-5aacf94764f0 - Historial de cierres
2026-05-10 12:00:05 [http-nio-3000-exec-2] INFO  c.b.p.a.a.p.c.ProductosRestAdapter - GET /productos - Obtener todos los productos
2026-05-10 12:00:05 [http-nio-3000-exec-10] DEBUG c.b.p.a.d.a.s.AutorizacionAuthService - Obteniendo perfil por token
2026-05-10 12:00:05 [http-nio-3000-exec-2] DEBUG c.b.p.a.d.p.s.GestionProductosService - Obteniendo todos los productos
2026-05-10 12:00:05 [http-nio-3000-exec-6] INFO  c.b.p.a.a.ventas.VentaRestAdapter - GET /ventas/cierre-jornada - Obtener cierre de jornada para vendedor 6b0a5026-52f3-475a-a20f-5aacf94764f0 y fecha 2026-05-10
2026-05-10 12:00:05 [http-nio-3000-exec-6] INFO  c.b.p.a.d.v.s.GestionVentasService - Obteniendo resumen de cierre de jornada para vendedor 6b0a5026-52f3-475a-a20f-5aacf94764f0 en fecha 2026-05-10
2026-05-10 12:00:05 [http-nio-3000-exec-1] DEBUG c.b.p.a.a.c.c.ClientesRestAdapter - Obteniendo clientes; vendedorId=6b0a5026-52f3-475a-a20f-5aacf94764f0
2026-05-10 12:00:05 [http-nio-3000-exec-1] DEBUG c.b.p.a.d.c.s.GestionClientesService - Obteniendo clientes por vendedor: 6b0a5026-52f3-475a-a20f-5aacf94764f0
2026-05-10 12:00:05 [http-nio-3000-exec-1] DEBUG c.b.p.a.i.p.s.a.SupabaseClienteRepositoryAdapter - Obteniendo clientes por vendedorId=6b0a5026-52f3-475a-a20f-5aacf94764f0
2026-05-10 12:00:05 [http-nio-3000-exec-2] DEBUG c.b.p.a.d.p.s.GestionProductosService - Se obtuvieron 25 productos
2026-05-10 12:00:05 [http-nio-3000-exec-2] DEBUG c.b.p.a.a.p.c.ProductosRestAdapter - Se obtuvieron 25 productos
2026-05-10 12:00:05 [http-nio-3000-exec-10] DEBUG c.b.p.a.d.a.s.AutorizacionAuthService - Perfil obtenido exitosamente para usuario ID: 6b0a5026-52f3-475a-a20f-5aacf94764f0
2026-05-10 12:00:05 [http-nio-3000-exec-10] INFO  c.b.p.a.a.i.c.InventarioRestAdapter - GET /inventario/vendedor/6b0a5026-52f3-475a-a20f-5aacf94764f0 - consulta por andres@gmail.com
2026-05-10 12:00:05 [http-nio-3000-exec-10] INFO  c.b.p.a.d.i.s.GestionInventarioService - Consultando cargas por vendedor: 6b0a5026-52f3-475a-a20f-5aacf94764f0
2026-05-10 12:00:05 [http-nio-3000-exec-10] DEBUG c.b.p.a.i.p.s.a.SupabaseAsignacionRepositoryAdapter - Consultando asignaciones por vendedor: 6b0a5026-52f3-475a-a20f-5aacf94764f0
2026-05-10 12:00:05 [http-nio-3000-exec-10] DEBUG c.b.p.a.i.p.s.a.SupabaseAsignacionRepositoryAdapter - Asignaciones encontradas para vendedor 6b0a5026-52f3-475a-a20f-5aacf94764f0: 31
2026-05-10 12:00:23 [http-nio-3000-exec-4] INFO  c.b.p.a.a.ventas.VentaRestAdapter - POST /ventas - Crear nueva venta
2026-05-10 12:00:23 [http-nio-3000-exec-4] INFO  c.b.p.a.d.v.s.GestionVentasService - Procesando solicitud de venta. Cliente: 11, Vendedor: 6b0a5026-52f3-475a-a20f-5aacf94764f0, ID Local: 3918fe40-68a8-4967-9127-b038ece23673
2026-05-10 12:00:24 [http-nio-3000-exec-4] WARN  c.b.p.a.d.v.s.GestionVentasService - Stock insuficiente para producto 9000100: disponible 2, solicitado 7
2026-05-10 12:00:24 [http-nio-3000-exec-4] WARN  c.b.p.a.a.ventas.VentaRestAdapter - Error de dominio al crear venta: Stock insuficiente para producto Ajinomoto DSP  x 300 sob x 1.5 g
2026-05-10 12:00:24 [http-nio-3000-exec-4] WARN  o.s.w.s.m.m.a.ExceptionHandlerExceptionResolver - Resolved [com.back.puntoventa.app.common.ApiException: Stock insuficiente para producto Ajinomoto DSP  x 300 sob x 1.5 g]
2026-05-10 12:00:34 [http-nio-3000-exec-9] INFO  c.b.p.a.a.ventas.VentaRestAdapter - POST /ventas - Crear nueva venta
2026-05-10 12:00:34 [http-nio-3000-exec-9] INFO  c.b.p.a.d.v.s.GestionVentasService - Procesando solicitud de venta. Cliente: 11, Vendedor: 6b0a5026-52f3-475a-a20f-5aacf94764f0, ID Local: 321e5e32-f4d7-44db-80ef-acc108d49f03
2026-05-10 12:00:34 [http-nio-3000-exec-9] WARN  c.b.p.a.d.v.s.GestionVentasService - Stock insuficiente para producto 9000100: disponible 2, solicitado 4
2026-05-10 12:00:34 [http-nio-3000-exec-9] WARN  c.b.p.a.a.ventas.VentaRestAdapter - Error de dominio al crear venta: Stock insuficiente para producto Ajinomoto DSP  x 300 sob x 1.5 g
2026-05-10 12:00:34 [http-nio-3000-exec-9] WARN  o.s.w.s.m.m.a.ExceptionHandlerExceptionResolver - Resolved [com.back.puntoventa.app.common.ApiException: Stock insuficiente para producto Ajinomoto DSP  x 300 sob x 1.5 g]
2026-05-10 12:00:47 [http-nio-3000-exec-8] INFO  c.b.p.a.a.ventas.VentaRestAdapter - POST /ventas - Crear nueva venta
2026-05-10 12:00:47 [http-nio-3000-exec-8] INFO  c.b.p.a.d.v.s.GestionVentasService - Procesando solicitud de venta. Cliente: 11, Vendedor: 6b0a5026-52f3-475a-a20f-5aacf94764f0, ID Local: 52568e01-4609-41b9-a5a5-714054c8386f
2026-05-10 12:00:48 [http-nio-3000-exec-8] INFO  c.b.p.a.d.v.s.GestionVentasService - Venta creada con ID: 31
2026-05-10 12:00:48 [http-nio-3000-exec-8] DEBUG c.b.p.a.d.v.s.GestionVentasService - Detalles de venta creados: 1
2026-05-10 12:00:49 [http-nio-3000-exec-8] DEBUG c.b.p.a.d.v.s.GestionVentasService - Stock actualizado para producto 15: 13
2026-05-10 12:00:49 [http-nio-3000-exec-8] INFO  c.b.p.a.d.v.s.GestionVentasService - Venta completada exitosamente - ID: 31, Total: 10.0
2026-05-10 12:00:49 [http-nio-3000-exec-8] INFO  c.b.p.a.a.ventas.VentaRestAdapter - Venta creada exitosamente - ID: 31
2026-05-10 12:00:51 [http-nio-3000-exec-2] INFO  c.b.p.a.a.p.c.ProductosRestAdapter - GET /productos - Obtener todos los productos
2026-05-10 12:00:51 [http-nio-3000-exec-7] DEBUG c.b.p.a.d.a.s.AutorizacionAuthService - Obteniendo perfil por token
2026-05-10 12:00:51 [http-nio-3000-exec-2] DEBUG c.b.p.a.d.p.s.GestionProductosService - Obteniendo todos los productos
2026-05-10 12:00:51 [http-nio-3000-exec-1] INFO  c.b.p.a.a.ventas.VentaRestAdapter - GET /ventas/cierre-jornada - Obtener cierre de jornada para vendedor 6b0a5026-52f3-475a-a20f-5aacf94764f0 y fecha 2026-05-10
2026-05-10 12:00:51 [http-nio-3000-exec-1] INFO  c.b.p.a.d.v.s.GestionVentasService - Obteniendo resumen de cierre de jornada para vendedor 6b0a5026-52f3-475a-a20f-5aacf94764f0 en fecha 2026-05-10
2026-05-10 12:00:51 [http-nio-3000-exec-2] DEBUG c.b.p.a.d.p.s.GestionProductosService - Se obtuvieron 25 productos
2026-05-10 12:00:51 [http-nio-3000-exec-2] DEBUG c.b.p.a.a.p.c.ProductosRestAdapter - Se obtuvieron 25 productos
2026-05-10 12:00:51 [http-nio-3000-exec-7] DEBUG c.b.p.a.d.a.s.AutorizacionAuthService - Perfil obtenido exitosamente para usuario ID: 6b0a5026-52f3-475a-a20f-5aacf94764f0
2026-05-10 12:00:51 [http-nio-3000-exec-7] INFO  c.b.p.a.a.i.c.InventarioRestAdapter - GET /inventario/vendedor/6b0a5026-52f3-475a-a20f-5aacf94764f0 - consulta por andres@gmail.com
2026-05-10 12:00:51 [http-nio-3000-exec-7] INFO  c.b.p.a.d.i.s.GestionInventarioService - Consultando cargas por vendedor: 6b0a5026-52f3-475a-a20f-5aacf94764f0
2026-05-10 12:00:51 [http-nio-3000-exec-7] DEBUG c.b.p.a.i.p.s.a.SupabaseAsignacionRepositoryAdapter - Consultando asignaciones por vendedor: 6b0a5026-52f3-475a-a20f-5aacf94764f0
2026-05-10 12:00:51 [http-nio-3000-exec-7] DEBUG c.b.p.a.i.p.s.a.SupabaseAsignacionRepositoryAdapter - Asignaciones encontradas para vendedor 6b0a5026-52f3-475a-a20f-5aacf94764f0: 31
2026-05-10 12:00:55 [http-nio-3000-exec-10] DEBUG c.b.p.a.d.a.s.AutorizacionAuthService - Obteniendo perfil por token
2026-05-10 12:00:55 [http-nio-3000-exec-3] INFO  c.b.p.a.a.c.CierreJornadaRestAdapter - GET /cierres/vendedor/6b0a5026-52f3-475a-a20f-5aacf94764f0 - Historial de cierres
2026-05-10 12:00:55 [http-nio-3000-exec-6] INFO  c.b.p.a.a.ventas.VentaRestAdapter - GET /ventas/cierre-jornada - Obtener cierre de jornada para vendedor 6b0a5026-52f3-475a-a20f-5aacf94764f0 y fecha 2026-05-10
2026-05-10 12:00:55 [http-nio-3000-exec-6] INFO  c.b.p.a.d.v.s.GestionVentasService - Obteniendo resumen de cierre de jornada para vendedor 6b0a5026-52f3-475a-a20f-5aacf94764f0 en fecha 2026-05-10
2026-05-10 12:00:55 [http-nio-3000-exec-10] DEBUG c.b.p.a.d.a.s.AutorizacionAuthService - Perfil obtenido exitosamente para usuario ID: 6b0a5026-52f3-475a-a20f-5aacf94764f0
2026-05-10 12:00:55 [http-nio-3000-exec-10] INFO  c.b.p.a.a.i.c.InventarioRestAdapter - GET /inventario/vendedor/6b0a5026-52f3-475a-a20f-5aacf94764f0 - consulta por andres@gmail.com
2026-05-10 12:00:55 [http-nio-3000-exec-10] INFO  c.b.p.a.d.i.s.GestionInventarioService - Consultando cargas por vendedor: 6b0a5026-52f3-475a-a20f-5aacf94764f0
2026-05-10 12:00:55 [http-nio-3000-exec-10] DEBUG c.b.p.a.i.p.s.a.SupabaseAsignacionRepositoryAdapter - Consultando asignaciones por vendedor: 6b0a5026-52f3-475a-a20f-5aacf94764f0
2026-05-10 12:00:55 [http-nio-3000-exec-10] DEBUG c.b.p.a.i.p.s.a.SupabaseAsignacionRepositoryAdapter - Asignaciones encontradas para vendedor 6b0a5026-52f3-475a-a20f-5aacf94764f0: 31
2026-05-10 12:01:00 [http-nio-3000-exec-5] INFO  c.b.p.a.a.a.c.AuthRestAdapter - GET /auth/me - Obtener perfil del usuario actual
2026-05-10 12:01:00 [http-nio-3000-exec-5] DEBUG c.b.p.a.d.a.s.AutorizacionAuthService - Obteniendo perfil por token
2026-05-10 12:01:00 [http-nio-3000-exec-5] DEBUG c.b.p.a.d.a.s.AutorizacionAuthService - Perfil obtenido exitosamente para usuario ID: 6b0a5026-52f3-475a-a20f-5aacf94764f0
2026-05-10 12:01:00 [http-nio-3000-exec-5] DEBUG c.b.p.a.a.a.c.AuthRestAdapter - Perfil obtenido para usuario: andres@gmail.com
2026-05-10 12:01:00 [http-nio-3000-exec-4] INFO  c.b.p.a.a.p.c.ProductosRestAdapter - GET /productos - Obtener todos los productos
2026-05-10 12:01:00 [http-nio-3000-exec-9] DEBUG c.b.p.a.d.a.s.AutorizacionAuthService - Obteniendo perfil por token
2026-05-10 12:01:00 [http-nio-3000-exec-8] INFO  c.b.p.a.a.ventas.VentaRestAdapter - GET /ventas/cierre-jornada - Obtener cierre de jornada para vendedor 6b0a5026-52f3-475a-a20f-5aacf94764f0 y fecha 2026-05-10
2026-05-10 12:01:00 [http-nio-3000-exec-4] DEBUG c.b.p.a.d.p.s.GestionProductosService - Obteniendo todos los productos
2026-05-10 12:01:00 [http-nio-3000-exec-8] INFO  c.b.p.a.d.v.s.GestionVentasService - Obteniendo resumen de cierre de jornada para vendedor 6b0a5026-52f3-475a-a20f-5aacf94764f0 en fecha 2026-05-10
2026-05-10 12:01:00 [http-nio-3000-exec-4] DEBUG c.b.p.a.d.p.s.GestionProductosService - Se obtuvieron 25 productos
2026-05-10 12:01:00 [http-nio-3000-exec-4] DEBUG c.b.p.a.a.p.c.ProductosRestAdapter - Se obtuvieron 25 productos
2026-05-10 12:01:00 [http-nio-3000-exec-9] DEBUG c.b.p.a.d.a.s.AutorizacionAuthService - Perfil obtenido exitosamente para usuario ID: 6b0a5026-52f3-475a-a20f-5aacf94764f0
2026-05-10 12:01:00 [http-nio-3000-exec-9] INFO  c.b.p.a.a.i.c.InventarioRestAdapter - GET /inventario/vendedor/6b0a5026-52f3-475a-a20f-5aacf94764f0 - consulta por andres@gmail.com
2026-05-10 12:01:00 [http-nio-3000-exec-9] INFO  c.b.p.a.d.i.s.GestionInventarioService - Consultando cargas por vendedor: 6b0a5026-52f3-475a-a20f-5aacf94764f0
2026-05-10 12:01:00 [http-nio-3000-exec-9] DEBUG c.b.p.a.i.p.s.a.SupabaseAsignacionRepositoryAdapter - Consultando asignaciones por vendedor: 6b0a5026-52f3-475a-a20f-5aacf94764f0
2026-05-10 12:01:01 [http-nio-3000-exec-9] DEBUG c.b.p.a.i.p.s.a.SupabaseAsignacionRepositoryAdapter - Asignaciones encontradas para vendedor 6b0a5026-52f3-475a-a20f-5aacf94764f0: 31
2026-05-10 12:01:04 [http-nio-3000-exec-2] WARN  o.s.w.s.m.m.a.ExceptionHandlerExceptionResolver - Resolved [org.springframework.web.bind.MissingServletRequestParameterException: Required request parameter 'userId' for method parameter type String is not present]
2026-05-10 12:01:07 [http-nio-3000-exec-7] INFO  c.b.p.a.a.a.c.AuthRestAdapter - POST /auth/signin - Intento de autenticación para email: mateovargas220705@gmail.com
2026-05-10 12:01:07 [http-nio-3000-exec-7] DEBUG c.b.p.a.d.a.s.AutorizacionAuthService - Autenticando usuario con email: mateovargas220705@gmail.com
2026-05-10 12:01:07 [http-nio-3000-exec-7] DEBUG c.b.p.a.d.a.s.AutorizacionAuthService - Autenticación completada para email: mateovargas220705@gmail.com
2026-05-10 12:01:07 [http-nio-3000-exec-7] INFO  c.b.p.a.a.a.c.AuthRestAdapter - Autenticación exitosa para email: mateovargas220705@gmail.com
2026-05-10 12:01:07 [http-nio-3000-exec-1] INFO  c.b.p.a.a.p.c.ProductosRestAdapter - GET /productos - Obtener todos los productos
2026-05-10 12:01:07 [http-nio-3000-exec-3] INFO  c.b.p.a.a.v.c.VendedoresRestAdapter - GET /vendedores - Obtener todos los vendedores
2026-05-10 12:01:07 [http-nio-3000-exec-1] DEBUG c.b.p.a.d.p.s.GestionProductosService - Obteniendo todos los productos
2026-05-10 12:01:07 [http-nio-3000-exec-3] DEBUG c.b.p.a.d.v.s.GestionVendedoresService - Obteniendo todos los vendedores
2026-05-10 12:01:07 [http-nio-3000-exec-10] INFO  c.b.p.a.a.p.c.ProductosRestAdapter - GET /productos/stock-bajo - Consultando alertas con umbral: 100
2026-05-10 12:01:07 [http-nio-3000-exec-10] DEBUG c.b.p.a.d.p.s.GestionProductosService - Obteniendo productos con stock bajo. Umbral: 100
2026-05-10 12:01:07 [http-nio-3000-exec-1] DEBUG c.b.p.a.d.p.s.GestionProductosService - Se obtuvieron 25 productos
2026-05-10 12:01:07 [http-nio-3000-exec-1] DEBUG c.b.p.a.a.p.c.ProductosRestAdapter - Se obtuvieron 25 productos
2026-05-10 12:01:07 [http-nio-3000-exec-3] DEBUG c.b.p.a.d.v.s.GestionVendedoresService - Se obtuvieron 10 vendedores
2026-05-10 12:01:07 [http-nio-3000-exec-3] DEBUG c.b.p.a.a.v.c.VendedoresRestAdapter - Se obtuvieron 10 vendedores
2026-05-10 12:01:07 [http-nio-3000-exec-10] DEBUG c.b.p.a.d.p.s.GestionProductosService - Se encontraron 24 productos con stock bajo
2026-05-10 12:01:09 [http-nio-3000-exec-6] INFO  c.b.p.a.a.v.c.VendedoresRestAdapter - GET /vendedores - Obtener todos los vendedores
2026-05-10 12:01:09 [http-nio-3000-exec-6] DEBUG c.b.p.a.d.v.s.GestionVendedoresService - Obteniendo todos los vendedores
2026-05-10 12:01:09 [http-nio-3000-exec-6] DEBUG c.b.p.a.d.v.s.GestionVendedoresService - Se obtuvieron 10 vendedores
2026-05-10 12:01:09 [http-nio-3000-exec-6] DEBUG c.b.p.a.a.v.c.VendedoresRestAdapter - Se obtuvieron 10 vendedores
2026-05-10 12:01:09 [http-nio-3000-exec-5] DEBUG c.b.p.a.d.a.s.AutorizacionAuthService - Obteniendo perfil por token
2026-05-10 12:01:09 [http-nio-3000-exec-4] INFO  c.b.p.a.a.ventas.VentaRestAdapter - GET /ventas/cierre-jornada - Obtener cierre de jornada para vendedor 0b9544ca-bfbe-4335-821c-5c8eb4b553b2 y fecha 2026-05-10
2026-05-10 12:01:09 [http-nio-3000-exec-4] INFO  c.b.p.a.d.v.s.GestionVentasService - Obteniendo resumen de cierre de jornada para vendedor 0b9544ca-bfbe-4335-821c-5c8eb4b553b2 en fecha 2026-05-10
2026-05-10 12:01:09 [http-nio-3000-exec-9] INFO  c.b.p.a.a.c.CierreJornadaRestAdapter - GET /cierres/vendedor/0b9544ca-bfbe-4335-821c-5c8eb4b553b2 - Historial de cierres
2026-05-10 12:01:09 [http-nio-3000-exec-7] INFO  c.b.p.a.a.ventas.VentaRestAdapter - GET /ventas/cierre-jornada - Obtener cierre de jornada para vendedor 2ab0631c-da17-4bd8-b9b9-237de54711c6 y fecha 2026-05-10
2026-05-10 12:01:09 [http-nio-3000-exec-2] DEBUG c.b.p.a.d.a.s.AutorizacionAuthService - Obteniendo perfil por token
2026-05-10 12:01:09 [http-nio-3000-exec-8] DEBUG c.b.p.a.a.c.c.ClientesRestAdapter - Obteniendo clientes; vendedorId=0b9544ca-bfbe-4335-821c-5c8eb4b553b2
2026-05-10 12:01:09 [http-nio-3000-exec-7] INFO  c.b.p.a.d.v.s.GestionVentasService - Obteniendo resumen de cierre de jornada para vendedor 2ab0631c-da17-4bd8-b9b9-237de54711c6 en fecha 2026-05-10
2026-05-10 12:01:09 [http-nio-3000-exec-8] DEBUG c.b.p.a.d.c.s.GestionClientesService - Obteniendo clientes por vendedor: 0b9544ca-bfbe-4335-821c-5c8eb4b553b2
2026-05-10 12:01:09 [http-nio-3000-exec-8] DEBUG c.b.p.a.i.p.s.a.SupabaseClienteRepositoryAdapter - Obteniendo clientes por vendedorId=0b9544ca-bfbe-4335-821c-5c8eb4b553b2
2026-05-10 12:01:09 [http-nio-3000-exec-1] INFO  c.b.p.a.a.c.CierreJornadaRestAdapter - GET /cierres/vendedor/2ab0631c-da17-4bd8-b9b9-237de54711c6 - Historial de cierres
2026-05-10 12:01:09 [http-nio-3000-exec-3] DEBUG c.b.p.a.a.c.c.ClientesRestAdapter - Obteniendo clientes; vendedorId=2ab0631c-da17-4bd8-b9b9-237de54711c6
2026-05-10 12:01:09 [http-nio-3000-exec-3] DEBUG c.b.p.a.d.c.s.GestionClientesService - Obteniendo clientes por vendedor: 2ab0631c-da17-4bd8-b9b9-237de54711c6
2026-05-10 12:01:09 [http-nio-3000-exec-3] DEBUG c.b.p.a.i.p.s.a.SupabaseClienteRepositoryAdapter - Obteniendo clientes por vendedorId=2ab0631c-da17-4bd8-b9b9-237de54711c6
2026-05-10 12:01:09 [http-nio-3000-exec-5] DEBUG c.b.p.a.d.a.s.AutorizacionAuthService - Perfil obtenido exitosamente para usuario ID: f2dc5b92-7ded-4c42-9e5a-d8a22aaf4a3a
2026-05-10 12:01:09 [http-nio-3000-exec-5] INFO  c.b.p.a.a.i.c.InventarioRestAdapter - GET /inventario/vendedor/0b9544ca-bfbe-4335-821c-5c8eb4b553b2 - consulta por mateovargas220705@gmail.com
2026-05-10 12:01:09 [http-nio-3000-exec-5] INFO  c.b.p.a.d.i.s.GestionInventarioService - Consultando cargas por vendedor: 0b9544ca-bfbe-4335-821c-5c8eb4b553b2
2026-05-10 12:01:09 [http-nio-3000-exec-5] DEBUG c.b.p.a.i.p.s.a.SupabaseAsignacionRepositoryAdapter - Consultando asignaciones por vendedor: 0b9544ca-bfbe-4335-821c-5c8eb4b553b2
2026-05-10 12:01:09 [http-nio-3000-exec-2] DEBUG c.b.p.a.d.a.s.AutorizacionAuthService - Perfil obtenido exitosamente para usuario ID: f2dc5b92-7ded-4c42-9e5a-d8a22aaf4a3a
2026-05-10 12:01:09 [http-nio-3000-exec-2] INFO  c.b.p.a.a.i.c.InventarioRestAdapter - GET /inventario/vendedor/2ab0631c-da17-4bd8-b9b9-237de54711c6 - consulta por mateovargas220705@gmail.com
2026-05-10 12:01:09 [http-nio-3000-exec-2] INFO  c.b.p.a.d.i.s.GestionInventarioService - Consultando cargas por vendedor: 2ab0631c-da17-4bd8-b9b9-237de54711c6
2026-05-10 12:01:09 [http-nio-3000-exec-2] DEBUG c.b.p.a.i.p.s.a.SupabaseAsignacionRepositoryAdapter - Consultando asignaciones por vendedor: 2ab0631c-da17-4bd8-b9b9-237de54711c6
2026-05-10 12:01:09 [http-nio-3000-exec-10] DEBUG c.b.p.a.d.a.s.AutorizacionAuthService - Obteniendo perfil por token
2026-05-10 12:01:09 [http-nio-3000-exec-6] INFO  c.b.p.a.a.ventas.VentaRestAdapter - GET /ventas/cierre-jornada - Obtener cierre de jornada para vendedor 5e0e4eff-aec3-46df-a77e-d4feeb19394c y fecha 2026-05-10
2026-05-10 12:01:09 [http-nio-3000-exec-6] INFO  c.b.p.a.d.v.s.GestionVentasService - Obteniendo resumen de cierre de jornada para vendedor 5e0e4eff-aec3-46df-a77e-d4feeb19394c en fecha 2026-05-10
2026-05-10 12:01:09 [http-nio-3000-exec-8] INFO  c.b.p.a.a.c.CierreJornadaRestAdapter - GET /cierres/vendedor/5e0e4eff-aec3-46df-a77e-d4feeb19394c - Historial de cierres
2026-05-10 12:01:09 [http-nio-3000-exec-9] DEBUG c.b.p.a.a.c.c.ClientesRestAdapter - Obteniendo clientes; vendedorId=5e0e4eff-aec3-46df-a77e-d4feeb19394c
2026-05-10 12:01:09 [http-nio-3000-exec-9] DEBUG c.b.p.a.d.c.s.GestionClientesService - Obteniendo clientes por vendedor: 5e0e4eff-aec3-46df-a77e-d4feeb19394c
2026-05-10 12:01:09 [http-nio-3000-exec-9] DEBUG c.b.p.a.i.p.s.a.SupabaseClienteRepositoryAdapter - Obteniendo clientes por vendedorId=5e0e4eff-aec3-46df-a77e-d4feeb19394c
2026-05-10 12:01:09 [http-nio-3000-exec-5] DEBUG c.b.p.a.i.p.s.a.SupabaseAsignacionRepositoryAdapter - Asignaciones encontradas para vendedor 0b9544ca-bfbe-4335-821c-5c8eb4b553b2: 1
2026-05-10 12:01:09 [http-nio-3000-exec-4] DEBUG c.b.p.a.d.a.s.AutorizacionAuthService - Obteniendo perfil por token
2026-05-10 12:01:09 [http-nio-3000-exec-2] DEBUG c.b.p.a.i.p.s.a.SupabaseAsignacionRepositoryAdapter - Asignaciones encontradas para vendedor 2ab0631c-da17-4bd8-b9b9-237de54711c6: 9
2026-05-10 12:01:09 [http-nio-3000-exec-7] INFO  c.b.p.a.a.ventas.VentaRestAdapter - GET /ventas/cierre-jornada - Obtener cierre de jornada para vendedor 6b0a5026-52f3-475a-a20f-5aacf94764f0 y fecha 2026-05-10
2026-05-10 12:01:09 [http-nio-3000-exec-7] INFO  c.b.p.a.d.v.s.GestionVentasService - Obteniendo resumen de cierre de jornada para vendedor 6b0a5026-52f3-475a-a20f-5aacf94764f0 en fecha 2026-05-10
2026-05-10 12:01:09 [http-nio-3000-exec-3] INFO  c.b.p.a.a.c.CierreJornadaRestAdapter - GET /cierres/vendedor/6b0a5026-52f3-475a-a20f-5aacf94764f0 - Historial de cierres
2026-05-10 12:01:09 [http-nio-3000-exec-1] DEBUG c.b.p.a.a.c.c.ClientesRestAdapter - Obteniendo clientes; vendedorId=6b0a5026-52f3-475a-a20f-5aacf94764f0
2026-05-10 12:01:09 [http-nio-3000-exec-1] DEBUG c.b.p.a.d.c.s.GestionClientesService - Obteniendo clientes por vendedor: 6b0a5026-52f3-475a-a20f-5aacf94764f0
2026-05-10 12:01:09 [http-nio-3000-exec-1] DEBUG c.b.p.a.i.p.s.a.SupabaseClienteRepositoryAdapter - Obteniendo clientes por vendedorId=6b0a5026-52f3-475a-a20f-5aacf94764f0
2026-05-10 12:01:10 [http-nio-3000-exec-10] DEBUG c.b.p.a.d.a.s.AutorizacionAuthService - Perfil obtenido exitosamente para usuario ID: f2dc5b92-7ded-4c42-9e5a-d8a22aaf4a3a
2026-05-10 12:01:10 [http-nio-3000-exec-10] INFO  c.b.p.a.a.i.c.InventarioRestAdapter - GET /inventario/vendedor/5e0e4eff-aec3-46df-a77e-d4feeb19394c - consulta por mateovargas220705@gmail.com
2026-05-10 12:01:10 [http-nio-3000-exec-10] INFO  c.b.p.a.d.i.s.GestionInventarioService - Consultando cargas por vendedor: 5e0e4eff-aec3-46df-a77e-d4feeb19394c
2026-05-10 12:01:10 [http-nio-3000-exec-10] DEBUG c.b.p.a.i.p.s.a.SupabaseAsignacionRepositoryAdapter - Consultando asignaciones por vendedor: 5e0e4eff-aec3-46df-a77e-d4feeb19394c
2026-05-10 12:01:10 [http-nio-3000-exec-5] DEBUG c.b.p.a.d.a.s.AutorizacionAuthService - Obteniendo perfil por token
2026-05-10 12:01:10 [http-nio-3000-exec-2] INFO  c.b.p.a.a.ventas.VentaRestAdapter - GET /ventas/cierre-jornada - Obtener cierre de jornada para vendedor 73ed0c2b-851c-44c8-a08b-ded6f61924f9 y fecha 2026-05-10
2026-05-10 12:01:10 [http-nio-3000-exec-2] INFO  c.b.p.a.d.v.s.GestionVentasService - Obteniendo resumen de cierre de jornada para vendedor 73ed0c2b-851c-44c8-a08b-ded6f61924f9 en fecha 2026-05-10
2026-05-10 12:01:10 [http-nio-3000-exec-4] DEBUG c.b.p.a.d.a.s.AutorizacionAuthService - Perfil obtenido exitosamente para usuario ID: f2dc5b92-7ded-4c42-9e5a-d8a22aaf4a3a
2026-05-10 12:01:10 [http-nio-3000-exec-4] INFO  c.b.p.a.a.i.c.InventarioRestAdapter - GET /inventario/vendedor/6b0a5026-52f3-475a-a20f-5aacf94764f0 - consulta por mateovargas220705@gmail.com
2026-05-10 12:01:10 [http-nio-3000-exec-4] INFO  c.b.p.a.d.i.s.GestionInventarioService - Consultando cargas por vendedor: 6b0a5026-52f3-475a-a20f-5aacf94764f0
2026-05-10 12:01:10 [http-nio-3000-exec-4] DEBUG c.b.p.a.i.p.s.a.SupabaseAsignacionRepositoryAdapter - Consultando asignaciones por vendedor: 6b0a5026-52f3-475a-a20f-5aacf94764f0
2026-05-10 12:01:10 [http-nio-3000-exec-10] DEBUG c.b.p.a.i.p.s.a.SupabaseAsignacionRepositoryAdapter - Asignaciones encontradas para vendedor 5e0e4eff-aec3-46df-a77e-d4feeb19394c: 4
2026-05-10 12:01:10 [http-nio-3000-exec-8] INFO  c.b.p.a.a.c.CierreJornadaRestAdapter - GET /cierres/vendedor/73ed0c2b-851c-44c8-a08b-ded6f61924f9 - Historial de cierres
2026-05-10 12:01:10 [http-nio-3000-exec-9] DEBUG c.b.p.a.a.c.c.ClientesRestAdapter - Obteniendo clientes; vendedorId=73ed0c2b-851c-44c8-a08b-ded6f61924f9
2026-05-10 12:01:10 [http-nio-3000-exec-9] DEBUG c.b.p.a.d.c.s.GestionClientesService - Obteniendo clientes por vendedor: 73ed0c2b-851c-44c8-a08b-ded6f61924f9
2026-05-10 12:01:10 [http-nio-3000-exec-9] DEBUG c.b.p.a.i.p.s.a.SupabaseClienteRepositoryAdapter - Obteniendo clientes por vendedorId=73ed0c2b-851c-44c8-a08b-ded6f61924f9
2026-05-10 12:01:10 [http-nio-3000-exec-4] DEBUG c.b.p.a.i.p.s.a.SupabaseAsignacionRepositoryAdapter - Asignaciones encontradas para vendedor 6b0a5026-52f3-475a-a20f-5aacf94764f0: 31
2026-05-10 12:01:10 [http-nio-3000-exec-5] DEBUG c.b.p.a.d.a.s.AutorizacionAuthService - Perfil obtenido exitosamente para usuario ID: f2dc5b92-7ded-4c42-9e5a-d8a22aaf4a3a
2026-05-10 12:01:10 [http-nio-3000-exec-5] INFO  c.b.p.a.a.i.c.InventarioRestAdapter - GET /inventario/vendedor/73ed0c2b-851c-44c8-a08b-ded6f61924f9 - consulta por mateovargas220705@gmail.com
2026-05-10 12:01:10 [http-nio-3000-exec-5] INFO  c.b.p.a.d.i.s.GestionInventarioService - Consultando cargas por vendedor: 73ed0c2b-851c-44c8-a08b-ded6f61924f9
2026-05-10 12:01:10 [http-nio-3000-exec-5] DEBUG c.b.p.a.i.p.s.a.SupabaseAsignacionRepositoryAdapter - Consultando asignaciones por vendedor: 73ed0c2b-851c-44c8-a08b-ded6f61924f9
2026-05-10 12:01:10 [http-nio-3000-exec-3] DEBUG c.b.p.a.d.a.s.AutorizacionAuthService - Obteniendo perfil por token
2026-05-10 12:01:10 [http-nio-3000-exec-1] INFO  c.b.p.a.a.ventas.VentaRestAdapter - GET /ventas/cierre-jornada - Obtener cierre de jornada para vendedor 7ca8780f-864c-4179-8c8a-9d8ae55b6df8 y fecha 2026-05-10
2026-05-10 12:01:10 [http-nio-3000-exec-1] INFO  c.b.p.a.d.v.s.GestionVentasService - Obteniendo resumen de cierre de jornada para vendedor 7ca8780f-864c-4179-8c8a-9d8ae55b6df8 en fecha 2026-05-10
2026-05-10 12:01:10 [http-nio-3000-exec-10] INFO  c.b.p.a.a.c.CierreJornadaRestAdapter - GET /cierres/vendedor/7ca8780f-864c-4179-8c8a-9d8ae55b6df8 - Historial de cierres
2026-05-10 12:01:10 [http-nio-3000-exec-6] DEBUG c.b.p.a.a.c.c.ClientesRestAdapter - Obteniendo clientes; vendedorId=7ca8780f-864c-4179-8c8a-9d8ae55b6df8
2026-05-10 12:01:10 [http-nio-3000-exec-6] DEBUG c.b.p.a.d.c.s.GestionClientesService - Obteniendo clientes por vendedor: 7ca8780f-864c-4179-8c8a-9d8ae55b6df8
2026-05-10 12:01:10 [http-nio-3000-exec-6] DEBUG c.b.p.a.i.p.s.a.SupabaseClienteRepositoryAdapter - Obteniendo clientes por vendedorId=7ca8780f-864c-4179-8c8a-9d8ae55b6df8
2026-05-10 12:01:10 [http-nio-3000-exec-2] DEBUG c.b.p.a.d.a.s.AutorizacionAuthService - Obteniendo perfil por token
2026-05-10 12:01:10 [http-nio-3000-exec-5] DEBUG c.b.p.a.i.p.s.a.SupabaseAsignacionRepositoryAdapter - Asignaciones encontradas para vendedor 73ed0c2b-851c-44c8-a08b-ded6f61924f9: 4
2026-05-10 12:01:10 [http-nio-3000-exec-4] INFO  c.b.p.a.a.ventas.VentaRestAdapter - GET /ventas/cierre-jornada - Obtener cierre de jornada para vendedor 7dec6fc9-8ddc-48c6-86a3-a1dbfc46f80e y fecha 2026-05-10
2026-05-10 12:01:10 [http-nio-3000-exec-4] INFO  c.b.p.a.d.v.s.GestionVentasService - Obteniendo resumen de cierre de jornada para vendedor 7dec6fc9-8ddc-48c6-86a3-a1dbfc46f80e en fecha 2026-05-10
2026-05-10 12:01:10 [http-nio-3000-exec-8] INFO  c.b.p.a.a.c.CierreJornadaRestAdapter - GET /cierres/vendedor/7dec6fc9-8ddc-48c6-86a3-a1dbfc46f80e - Historial de cierres
2026-05-10 12:01:10 [http-nio-3000-exec-9] DEBUG c.b.p.a.a.c.c.ClientesRestAdapter - Obteniendo clientes; vendedorId=7dec6fc9-8ddc-48c6-86a3-a1dbfc46f80e
2026-05-10 12:01:10 [http-nio-3000-exec-9] DEBUG c.b.p.a.d.c.s.GestionClientesService - Obteniendo clientes por vendedor: 7dec6fc9-8ddc-48c6-86a3-a1dbfc46f80e
2026-05-10 12:01:10 [http-nio-3000-exec-9] DEBUG c.b.p.a.i.p.s.a.SupabaseClienteRepositoryAdapter - Obteniendo clientes por vendedorId=7dec6fc9-8ddc-48c6-86a3-a1dbfc46f80e
2026-05-10 12:01:10 [http-nio-3000-exec-3] DEBUG c.b.p.a.d.a.s.AutorizacionAuthService - Perfil obtenido exitosamente para usuario ID: f2dc5b92-7ded-4c42-9e5a-d8a22aaf4a3a
2026-05-10 12:01:10 [http-nio-3000-exec-3] INFO  c.b.p.a.a.i.c.InventarioRestAdapter - GET /inventario/vendedor/7ca8780f-864c-4179-8c8a-9d8ae55b6df8 - consulta por mateovargas220705@gmail.com
2026-05-10 12:01:10 [http-nio-3000-exec-3] INFO  c.b.p.a.d.i.s.GestionInventarioService - Consultando cargas por vendedor: 7ca8780f-864c-4179-8c8a-9d8ae55b6df8
2026-05-10 12:01:10 [http-nio-3000-exec-3] DEBUG c.b.p.a.i.p.s.a.SupabaseAsignacionRepositoryAdapter - Consultando asignaciones por vendedor: 7ca8780f-864c-4179-8c8a-9d8ae55b6df8
2026-05-10 12:01:10 [http-nio-3000-exec-7] DEBUG c.b.p.a.d.a.s.AutorizacionAuthService - Obteniendo perfil por token
2026-05-10 12:01:10 [http-nio-3000-exec-5] INFO  c.b.p.a.a.ventas.VentaRestAdapter - GET /ventas/cierre-jornada - Obtener cierre de jornada para vendedor 86676371-8389-4969-89b4-6a10d3e65cbd y fecha 2026-05-10
2026-05-10 12:01:10 [http-nio-3000-exec-5] INFO  c.b.p.a.d.v.s.GestionVentasService - Obteniendo resumen de cierre de jornada para vendedor 86676371-8389-4969-89b4-6a10d3e65cbd en fecha 2026-05-10
2026-05-10 12:01:10 [http-nio-3000-exec-3] DEBUG c.b.p.a.i.p.s.a.SupabaseAsignacionRepositoryAdapter - Asignaciones encontradas para vendedor 7ca8780f-864c-4179-8c8a-9d8ae55b6df8: 3
2026-05-10 12:01:10 [http-nio-3000-exec-10] INFO  c.b.p.a.a.c.CierreJornadaRestAdapter - GET /cierres/vendedor/86676371-8389-4969-89b4-6a10d3e65cbd - Historial de cierres
2026-05-10 12:01:10 [http-nio-3000-exec-6] DEBUG c.b.p.a.a.c.c.ClientesRestAdapter - Obteniendo clientes; vendedorId=86676371-8389-4969-89b4-6a10d3e65cbd
2026-05-10 12:01:10 [http-nio-3000-exec-6] DEBUG c.b.p.a.d.c.s.GestionClientesService - Obteniendo clientes por vendedor: 86676371-8389-4969-89b4-6a10d3e65cbd
2026-05-10 12:01:10 [http-nio-3000-exec-6] DEBUG c.b.p.a.i.p.s.a.SupabaseClienteRepositoryAdapter - Obteniendo clientes por vendedorId=86676371-8389-4969-89b4-6a10d3e65cbd
2026-05-10 12:01:10 [http-nio-3000-exec-2] DEBUG c.b.p.a.d.a.s.AutorizacionAuthService - Perfil obtenido exitosamente para usuario ID: f2dc5b92-7ded-4c42-9e5a-d8a22aaf4a3a
2026-05-10 12:01:10 [http-nio-3000-exec-2] INFO  c.b.p.a.a.i.c.InventarioRestAdapter - GET /inventario/vendedor/7dec6fc9-8ddc-48c6-86a3-a1dbfc46f80e - consulta por mateovargas220705@gmail.com
2026-05-10 12:01:10 [http-nio-3000-exec-2] INFO  c.b.p.a.d.i.s.GestionInventarioService - Consultando cargas por vendedor: 7dec6fc9-8ddc-48c6-86a3-a1dbfc46f80e
2026-05-10 12:01:10 [http-nio-3000-exec-2] DEBUG c.b.p.a.i.p.s.a.SupabaseAsignacionRepositoryAdapter - Consultando asignaciones por vendedor: 7dec6fc9-8ddc-48c6-86a3-a1dbfc46f80e
2026-05-10 12:01:10 [http-nio-3000-exec-1] DEBUG c.b.p.a.d.a.s.AutorizacionAuthService - Obteniendo perfil por token
2026-05-10 12:01:10 [http-nio-3000-exec-7] DEBUG c.b.p.a.d.a.s.AutorizacionAuthService - Perfil obtenido exitosamente para usuario ID: f2dc5b92-7ded-4c42-9e5a-d8a22aaf4a3a
2026-05-10 12:01:10 [http-nio-3000-exec-7] INFO  c.b.p.a.a.i.c.InventarioRestAdapter - GET /inventario/vendedor/86676371-8389-4969-89b4-6a10d3e65cbd - consulta por mateovargas220705@gmail.com
2026-05-10 12:01:10 [http-nio-3000-exec-7] INFO  c.b.p.a.d.i.s.GestionInventarioService - Consultando cargas por vendedor: 86676371-8389-4969-89b4-6a10d3e65cbd
2026-05-10 12:01:10 [http-nio-3000-exec-2] DEBUG c.b.p.a.i.p.s.a.SupabaseAsignacionRepositoryAdapter - Asignaciones encontradas para vendedor 7dec6fc9-8ddc-48c6-86a3-a1dbfc46f80e: 1
2026-05-10 12:01:10 [http-nio-3000-exec-7] DEBUG c.b.p.a.i.p.s.a.SupabaseAsignacionRepositoryAdapter - Consultando asignaciones por vendedor: 86676371-8389-4969-89b4-6a10d3e65cbd
2026-05-10 12:01:10 [http-nio-3000-exec-9] INFO  c.b.p.a.a.c.CierreJornadaRestAdapter - GET /cierres/vendedor/997e2337-32a6-4ba5-84fb-873ef1b6036f - Historial de cierres
2026-05-10 12:01:10 [http-nio-3000-exec-8] INFO  c.b.p.a.a.ventas.VentaRestAdapter - GET /ventas/cierre-jornada - Obtener cierre de jornada para vendedor 997e2337-32a6-4ba5-84fb-873ef1b6036f y fecha 2026-05-10
2026-05-10 12:01:10 [http-nio-3000-exec-8] INFO  c.b.p.a.d.v.s.GestionVentasService - Obteniendo resumen de cierre de jornada para vendedor 997e2337-32a6-4ba5-84fb-873ef1b6036f en fecha 2026-05-10
2026-05-10 12:01:10 [http-nio-3000-exec-3] DEBUG c.b.p.a.a.c.c.ClientesRestAdapter - Obteniendo clientes; vendedorId=997e2337-32a6-4ba5-84fb-873ef1b6036f
2026-05-10 12:01:10 [http-nio-3000-exec-4] DEBUG c.b.p.a.d.a.s.AutorizacionAuthService - Obteniendo perfil por token
2026-05-10 12:01:10 [http-nio-3000-exec-3] DEBUG c.b.p.a.d.c.s.GestionClientesService - Obteniendo clientes por vendedor: 997e2337-32a6-4ba5-84fb-873ef1b6036f
2026-05-10 12:01:10 [http-nio-3000-exec-3] DEBUG c.b.p.a.i.p.s.a.SupabaseClienteRepositoryAdapter - Obteniendo clientes por vendedorId=997e2337-32a6-4ba5-84fb-873ef1b6036f
2026-05-10 12:01:11 [http-nio-3000-exec-7] DEBUG c.b.p.a.i.p.s.a.SupabaseAsignacionRepositoryAdapter - Asignaciones encontradas para vendedor 86676371-8389-4969-89b4-6a10d3e65cbd: 6
2026-05-10 12:01:11 [http-nio-3000-exec-1] DEBUG c.b.p.a.d.a.s.AutorizacionAuthService - Perfil obtenido exitosamente para usuario ID: f2dc5b92-7ded-4c42-9e5a-d8a22aaf4a3a
2026-05-10 12:01:11 [http-nio-3000-exec-1] INFO  c.b.p.a.a.i.c.InventarioRestAdapter - GET /inventario/vendedor/997e2337-32a6-4ba5-84fb-873ef1b6036f - consulta por mateovargas220705@gmail.com
2026-05-10 12:01:11 [http-nio-3000-exec-1] INFO  c.b.p.a.d.i.s.GestionInventarioService - Consultando cargas por vendedor: 997e2337-32a6-4ba5-84fb-873ef1b6036f
2026-05-10 12:01:11 [http-nio-3000-exec-1] DEBUG c.b.p.a.i.p.s.a.SupabaseAsignacionRepositoryAdapter - Consultando asignaciones por vendedor: 997e2337-32a6-4ba5-84fb-873ef1b6036f
2026-05-10 12:01:11 [http-nio-3000-exec-10] INFO  c.b.p.a.a.ventas.VentaRestAdapter - GET /ventas/cierre-jornada - Obtener cierre de jornada para vendedor c1cbc4b0-eafd-490a-be95-b1c42036ad16 y fecha 2026-05-10
2026-05-10 12:01:11 [http-nio-3000-exec-10] INFO  c.b.p.a.d.v.s.GestionVentasService - Obteniendo resumen de cierre de jornada para vendedor c1cbc4b0-eafd-490a-be95-b1c42036ad16 en fecha 2026-05-10
2026-05-10 12:01:11 [http-nio-3000-exec-6] INFO  c.b.p.a.a.c.CierreJornadaRestAdapter - GET /cierres/vendedor/c1cbc4b0-eafd-490a-be95-b1c42036ad16 - Historial de cierres
2026-05-10 12:01:11 [http-nio-3000-exec-2] INFO  c.b.p.a.a.ventas.VentaRestAdapter - GET /ventas - Listar ventas resumidas
2026-05-10 12:01:11 [http-nio-3000-exec-2] INFO  c.b.p.a.d.v.s.GestionVentasService - Obteniendo listado de ventas resumidas
2026-05-10 12:01:11 [http-nio-3000-exec-1] DEBUG c.b.p.a.i.p.s.a.SupabaseAsignacionRepositoryAdapter - Asignaciones encontradas para vendedor 997e2337-32a6-4ba5-84fb-873ef1b6036f: 1
2026-05-10 12:01:11 [http-nio-3000-exec-5] DEBUG c.b.p.a.a.c.c.ClientesRestAdapter - Obteniendo clientes; vendedorId=c1cbc4b0-eafd-490a-be95-b1c42036ad16
2026-05-10 12:01:11 [http-nio-3000-exec-5] DEBUG c.b.p.a.d.c.s.GestionClientesService - Obteniendo clientes por vendedor: c1cbc4b0-eafd-490a-be95-b1c42036ad16
2026-05-10 12:01:11 [http-nio-3000-exec-5] DEBUG c.b.p.a.i.p.s.a.SupabaseClienteRepositoryAdapter - Obteniendo clientes por vendedorId=c1cbc4b0-eafd-490a-be95-b1c42036ad16
2026-05-10 12:01:11 [http-nio-3000-exec-4] DEBUG c.b.p.a.d.a.s.AutorizacionAuthService - Perfil obtenido exitosamente para usuario ID: f2dc5b92-7ded-4c42-9e5a-d8a22aaf4a3a
2026-05-10 12:01:11 [http-nio-3000-exec-4] INFO  c.b.p.a.a.i.c.InventarioRestAdapter - GET /inventario/vendedor/c1cbc4b0-eafd-490a-be95-b1c42036ad16 - consulta por mateovargas220705@gmail.com
2026-05-10 12:01:11 [http-nio-3000-exec-4] INFO  c.b.p.a.d.i.s.GestionInventarioService - Consultando cargas por vendedor: c1cbc4b0-eafd-490a-be95-b1c42036ad16
2026-05-10 12:01:11 [http-nio-3000-exec-4] DEBUG c.b.p.a.i.p.s.a.SupabaseAsignacionRepositoryAdapter - Consultando asignaciones por vendedor: c1cbc4b0-eafd-490a-be95-b1c42036ad16
2026-05-10 12:01:11 [http-nio-3000-exec-4] DEBUG c.b.p.a.i.p.s.a.SupabaseAsignacionRepositoryAdapter - Asignaciones encontradas para vendedor c1cbc4b0-eafd-490a-be95-b1c42036ad16: 1
2026-05-10 12:02:54 [http-nio-3000-exec-2] INFO  c.b.p.a.a.a.c.AuthRestAdapter - POST /auth/signin - Intento de autenticación para email: alejandraloayza68@gmail.com
2026-05-10 12:02:54 [http-nio-3000-exec-2] DEBUG c.b.p.a.d.a.s.AutorizacionAuthService - Autenticando usuario con email: alejandraloayza68@gmail.com
2026-05-10 12:02:55 [http-nio-3000-exec-2] DEBUG c.b.p.a.d.a.s.AutorizacionAuthService - Autenticación completada para email: alejandraloayza68@gmail.com
2026-05-10 12:02:55 [http-nio-3000-exec-2] INFO  c.b.p.a.a.a.c.AuthRestAdapter - Autenticación exitosa para email: alejandraloayza68@gmail.com
2026-05-10 12:02:55 [http-nio-3000-exec-10] INFO  c.b.p.a.a.a.c.AuthRestAdapter - GET /auth/me - Obtener perfil del usuario actual
2026-05-10 12:02:55 [http-nio-3000-exec-10] DEBUG c.b.p.a.d.a.s.AutorizacionAuthService - Obteniendo perfil por token
2026-05-10 12:02:55 [http-nio-3000-exec-10] DEBUG c.b.p.a.d.a.s.AutorizacionAuthService - Perfil obtenido exitosamente para usuario ID: 5e0e4eff-aec3-46df-a77e-d4feeb19394c
2026-05-10 12:02:55 [http-nio-3000-exec-10] DEBUG c.b.p.a.a.a.c.AuthRestAdapter - Perfil obtenido para usuario: alejandraloayza68@gmail.com
2026-05-10 12:02:55 [http-nio-3000-exec-4] INFO  c.b.p.a.a.p.c.ProductosRestAdapter - GET /productos - Obtener todos los productos
2026-05-10 12:02:55 [http-nio-3000-exec-4] DEBUG c.b.p.a.d.p.s.GestionProductosService - Obteniendo todos los productos
2026-05-10 12:02:55 [http-nio-3000-exec-9] DEBUG c.b.p.a.d.a.s.AutorizacionAuthService - Obteniendo perfil por token
2026-05-10 12:02:55 [http-nio-3000-exec-5] INFO  c.b.p.a.a.ventas.VentaRestAdapter - GET /ventas/cierre-jornada - Obtener cierre de jornada para vendedor 5e0e4eff-aec3-46df-a77e-d4feeb19394c y fecha 2026-05-10
2026-05-10 12:02:55 [http-nio-3000-exec-5] INFO  c.b.p.a.d.v.s.GestionVentasService - Obteniendo resumen de cierre de jornada para vendedor 5e0e4eff-aec3-46df-a77e-d4feeb19394c en fecha 2026-05-10
2026-05-10 12:02:55 [http-nio-3000-exec-4] DEBUG c.b.p.a.d.p.s.GestionProductosService - Se obtuvieron 25 productos
2026-05-10 12:02:55 [http-nio-3000-exec-4] DEBUG c.b.p.a.a.p.c.ProductosRestAdapter - Se obtuvieron 25 productos
2026-05-10 12:02:56 [http-nio-3000-exec-9] DEBUG c.b.p.a.d.a.s.AutorizacionAuthService - Perfil obtenido exitosamente para usuario ID: 5e0e4eff-aec3-46df-a77e-d4feeb19394c
2026-05-10 12:02:56 [http-nio-3000-exec-9] INFO  c.b.p.a.a.i.c.InventarioRestAdapter - GET /inventario/vendedor/5e0e4eff-aec3-46df-a77e-d4feeb19394c - consulta por alejandraloayza68@gmail.com
2026-05-10 12:02:56 [http-nio-3000-exec-9] INFO  c.b.p.a.d.i.s.GestionInventarioService - Consultando cargas por vendedor: 5e0e4eff-aec3-46df-a77e-d4feeb19394c
2026-05-10 12:02:56 [http-nio-3000-exec-9] DEBUG c.b.p.a.i.p.s.a.SupabaseAsignacionRepositoryAdapter - Consultando asignaciones por vendedor: 5e0e4eff-aec3-46df-a77e-d4feeb19394c
2026-05-10 12:02:56 [http-nio-3000-exec-9] DEBUG c.b.p.a.i.p.s.a.SupabaseAsignacionRepositoryAdapter - Asignaciones encontradas para vendedor 5e0e4eff-aec3-46df-a77e-d4feeb19394c: 4
2026-05-10 12:02:58 [http-nio-3000-exec-7] WARN  o.s.w.s.m.m.a.ExceptionHandlerExceptionResolver - Resolved [org.springframework.web.bind.MissingServletRequestParameterException: Required request parameter 'userId' for method parameter type String is not present]
2026-05-10 12:03:00 [http-nio-3000-exec-8] INFO  c.b.p.a.a.a.c.AuthRestAdapter - POST /auth/signin - Intento de autenticación para email: alejandraloayza68@gmail.com
2026-05-10 12:03:00 [http-nio-3000-exec-8] DEBUG c.b.p.a.d.a.s.AutorizacionAuthService - Autenticando usuario con email: alejandraloayza68@gmail.com
2026-05-10 12:03:00 [http-nio-3000-exec-8] DEBUG c.b.p.a.d.a.s.AutorizacionAuthService - Autenticación completada para email: alejandraloayza68@gmail.com
2026-05-10 12:03:00 [http-nio-3000-exec-8] INFO  c.b.p.a.a.a.c.AuthRestAdapter - Autenticación exitosa para email: alejandraloayza68@gmail.com
2026-05-10 12:03:00 [http-nio-3000-exec-1] INFO  c.b.p.a.a.a.c.AuthRestAdapter - GET /auth/me - Obtener perfil del usuario actual
2026-05-10 12:03:00 [http-nio-3000-exec-1] DEBUG c.b.p.a.d.a.s.AutorizacionAuthService - Obteniendo perfil por token
2026-05-10 12:03:00 [http-nio-3000-exec-1] DEBUG c.b.p.a.d.a.s.AutorizacionAuthService - Perfil obtenido exitosamente para usuario ID: 5e0e4eff-aec3-46df-a77e-d4feeb19394c
2026-05-10 12:03:00 [http-nio-3000-exec-1] DEBUG c.b.p.a.a.a.c.AuthRestAdapter - Perfil obtenido para usuario: alejandraloayza68@gmail.com
2026-05-10 12:03:00 [http-nio-3000-exec-3] INFO  c.b.p.a.a.p.c.ProductosRestAdapter - GET /productos - Obtener todos los productos
2026-05-10 12:03:00 [http-nio-3000-exec-3] DEBUG c.b.p.a.d.p.s.GestionProductosService - Obteniendo todos los productos
2026-05-10 12:03:00 [http-nio-3000-exec-6] DEBUG c.b.p.a.d.a.s.AutorizacionAuthService - Obteniendo perfil por token
2026-05-10 12:03:00 [http-nio-3000-exec-2] INFO  c.b.p.a.a.ventas.VentaRestAdapter - GET /ventas/cierre-jornada - Obtener cierre de jornada para vendedor 5e0e4eff-aec3-46df-a77e-d4feeb19394c y fecha 2026-05-10
2026-05-10 12:03:00 [http-nio-3000-exec-2] INFO  c.b.p.a.d.v.s.GestionVentasService - Obteniendo resumen de cierre de jornada para vendedor 5e0e4eff-aec3-46df-a77e-d4feeb19394c en fecha 2026-05-10
2026-05-10 12:03:01 [http-nio-3000-exec-3] DEBUG c.b.p.a.d.p.s.GestionProductosService - Se obtuvieron 25 productos
2026-05-10 12:03:01 [http-nio-3000-exec-3] DEBUG c.b.p.a.a.p.c.ProductosRestAdapter - Se obtuvieron 25 productos
2026-05-10 12:03:01 [http-nio-3000-exec-6] DEBUG c.b.p.a.d.a.s.AutorizacionAuthService - Perfil obtenido exitosamente para usuario ID: 5e0e4eff-aec3-46df-a77e-d4feeb19394c
2026-05-10 12:03:01 [http-nio-3000-exec-6] INFO  c.b.p.a.a.i.c.InventarioRestAdapter - GET /inventario/vendedor/5e0e4eff-aec3-46df-a77e-d4feeb19394c - consulta por alejandraloayza68@gmail.com
2026-05-10 12:03:01 [http-nio-3000-exec-6] INFO  c.b.p.a.d.i.s.GestionInventarioService - Consultando cargas por vendedor: 5e0e4eff-aec3-46df-a77e-d4feeb19394c
2026-05-10 12:03:01 [http-nio-3000-exec-6] DEBUG c.b.p.a.i.p.s.a.SupabaseAsignacionRepositoryAdapter - Consultando asignaciones por vendedor: 5e0e4eff-aec3-46df-a77e-d4feeb19394c
2026-05-10 12:03:01 [http-nio-3000-exec-6] DEBUG c.b.p.a.i.p.s.a.SupabaseAsignacionRepositoryAdapter - Asignaciones encontradas para vendedor 5e0e4eff-aec3-46df-a77e-d4feeb19394c: 4
2026-05-10 12:03:10 [http-nio-3000-exec-10] INFO  c.b.p.a.a.a.c.AuthRestAdapter - GET /auth/me - Obtener perfil del usuario actual
2026-05-10 12:03:10 [http-nio-3000-exec-10] DEBUG c.b.p.a.d.a.s.AutorizacionAuthService - Obteniendo perfil por token
2026-05-10 12:03:10 [http-nio-3000-exec-10] DEBUG c.b.p.a.d.a.s.AutorizacionAuthService - Perfil obtenido exitosamente para usuario ID: 5e0e4eff-aec3-46df-a77e-d4feeb19394c
2026-05-10 12:03:10 [http-nio-3000-exec-10] DEBUG c.b.p.a.a.a.c.AuthRestAdapter - Perfil obtenido para usuario: alejandraloayza68@gmail.com
2026-05-10 12:03:10 [http-nio-3000-exec-4] DEBUG c.b.p.a.a.c.c.ClientesRestAdapter - Obteniendo clientes; vendedorId=5e0e4eff-aec3-46df-a77e-d4feeb19394c
2026-05-10 12:03:10 [http-nio-3000-exec-4] DEBUG c.b.p.a.d.c.s.GestionClientesService - Obteniendo clientes por vendedor: 5e0e4eff-aec3-46df-a77e-d4feeb19394c
2026-05-10 12:03:10 [http-nio-3000-exec-4] DEBUG c.b.p.a.i.p.s.a.SupabaseClienteRepositoryAdapter - Obteniendo clientes por vendedorId=5e0e4eff-aec3-46df-a77e-d4feeb19394c
2026-05-10 12:03:12 [http-nio-3000-exec-9] INFO  c.b.p.a.a.c.CierreJornadaRestAdapter - GET /cierres/vendedor/5e0e4eff-aec3-46df-a77e-d4feeb19394c - Historial de cierres
2026-05-10 12:03:12 [http-nio-3000-exec-5] DEBUG c.b.p.a.d.a.s.AutorizacionAuthService - Obteniendo perfil por token
2026-05-10 12:03:12 [http-nio-3000-exec-7] INFO  c.b.p.a.a.p.c.ProductosRestAdapter - GET /productos - Obtener todos los productos
2026-05-10 12:03:12 [http-nio-3000-exec-7] DEBUG c.b.p.a.d.p.s.GestionProductosService - Obteniendo todos los productos
2026-05-10 12:03:12 [http-nio-3000-exec-8] INFO  c.b.p.a.a.ventas.VentaRestAdapter - GET /ventas/cierre-jornada - Obtener cierre de jornada para vendedor 5e0e4eff-aec3-46df-a77e-d4feeb19394c y fecha 2026-05-10
2026-05-10 12:03:12 [http-nio-3000-exec-1] DEBUG c.b.p.a.a.c.c.ClientesRestAdapter - Obteniendo clientes; vendedorId=5e0e4eff-aec3-46df-a77e-d4feeb19394c
2026-05-10 12:03:12 [http-nio-3000-exec-8] INFO  c.b.p.a.d.v.s.GestionVentasService - Obteniendo resumen de cierre de jornada para vendedor 5e0e4eff-aec3-46df-a77e-d4feeb19394c en fecha 2026-05-10
2026-05-10 12:03:12 [http-nio-3000-exec-1] DEBUG c.b.p.a.d.c.s.GestionClientesService - Obteniendo clientes por vendedor: 5e0e4eff-aec3-46df-a77e-d4feeb19394c
2026-05-10 12:03:12 [http-nio-3000-exec-1] DEBUG c.b.p.a.i.p.s.a.SupabaseClienteRepositoryAdapter - Obteniendo clientes por vendedorId=5e0e4eff-aec3-46df-a77e-d4feeb19394c
2026-05-10 12:03:12 [http-nio-3000-exec-7] DEBUG c.b.p.a.d.p.s.GestionProductosService - Se obtuvieron 25 productos
2026-05-10 12:03:12 [http-nio-3000-exec-7] DEBUG c.b.p.a.a.p.c.ProductosRestAdapter - Se obtuvieron 25 productos
2026-05-10 12:03:12 [http-nio-3000-exec-5] DEBUG c.b.p.a.d.a.s.AutorizacionAuthService - Perfil obtenido exitosamente para usuario ID: 5e0e4eff-aec3-46df-a77e-d4feeb19394c
2026-05-10 12:03:12 [http-nio-3000-exec-5] INFO  c.b.p.a.a.i.c.InventarioRestAdapter - GET /inventario/vendedor/5e0e4eff-aec3-46df-a77e-d4feeb19394c - consulta por alejandraloayza68@gmail.com
2026-05-10 12:03:12 [http-nio-3000-exec-5] INFO  c.b.p.a.d.i.s.GestionInventarioService - Consultando cargas por vendedor: 5e0e4eff-aec3-46df-a77e-d4feeb19394c
2026-05-10 12:03:12 [http-nio-3000-exec-5] DEBUG c.b.p.a.i.p.s.a.SupabaseAsignacionRepositoryAdapter - Consultando asignaciones por vendedor: 5e0e4eff-aec3-46df-a77e-d4feeb19394c
2026-05-10 12:03:13 [http-nio-3000-exec-5] DEBUG c.b.p.a.i.p.s.a.SupabaseAsignacionRepositoryAdapter - Asignaciones encontradas para vendedor 5e0e4eff-aec3-46df-a77e-d4feeb19394c: 4
2026-05-10 12:03:14 [http-nio-3000-exec-2] INFO  c.b.p.a.a.c.CierreJornadaRestAdapter - GET /cierres/vendedor/5e0e4eff-aec3-46df-a77e-d4feeb19394c - Historial de cierres
2026-05-10 12:03:14 [http-nio-3000-exec-3] INFO  c.b.p.a.a.ventas.VentaRestAdapter - GET /ventas/cierre-jornada - Obtener cierre de jornada para vendedor 5e0e4eff-aec3-46df-a77e-d4feeb19394c y fecha 2026-05-10
2026-05-10 12:03:14 [http-nio-3000-exec-6] DEBUG c.b.p.a.d.a.s.AutorizacionAuthService - Obteniendo perfil por token
2026-05-10 12:03:14 [http-nio-3000-exec-3] INFO  c.b.p.a.d.v.s.GestionVentasService - Obteniendo resumen de cierre de jornada para vendedor 5e0e4eff-aec3-46df-a77e-d4feeb19394c en fecha 2026-05-10
2026-05-10 12:03:14 [http-nio-3000-exec-6] DEBUG c.b.p.a.d.a.s.AutorizacionAuthService - Perfil obtenido exitosamente para usuario ID: 5e0e4eff-aec3-46df-a77e-d4feeb19394c
2026-05-10 12:03:14 [http-nio-3000-exec-6] INFO  c.b.p.a.a.i.c.InventarioRestAdapter - GET /inventario/vendedor/5e0e4eff-aec3-46df-a77e-d4feeb19394c - consulta por alejandraloayza68@gmail.com
2026-05-10 12:03:14 [http-nio-3000-exec-6] INFO  c.b.p.a.d.i.s.GestionInventarioService - Consultando cargas por vendedor: 5e0e4eff-aec3-46df-a77e-d4feeb19394c
2026-05-10 12:03:14 [http-nio-3000-exec-6] DEBUG c.b.p.a.i.p.s.a.SupabaseAsignacionRepositoryAdapter - Consultando asignaciones por vendedor: 5e0e4eff-aec3-46df-a77e-d4feeb19394c
2026-05-10 12:03:15 [http-nio-3000-exec-6] DEBUG c.b.p.a.i.p.s.a.SupabaseAsignacionRepositoryAdapter - Asignaciones encontradas para vendedor 5e0e4eff-aec3-46df-a77e-d4feeb19394c: 4
2026-05-10 12:03:25 [http-nio-3000-exec-4] INFO  c.b.p.a.a.ventas.VentaRestAdapter - POST /ventas/confirmar-cierre - Confirmar cierre de jornada para vendedor 5e0e4eff-aec3-46df-a77e-d4feeb19394c y fecha 2026-05-10
2026-05-10 12:03:25 [http-nio-3000-exec-4] INFO  c.b.p.a.d.v.s.GestionVentasService - Confirmando cierre de jornada para vendedor 5e0e4eff-aec3-46df-a77e-d4feeb19394c en fecha 2026-05-10 con dinero contado 27.7
2026-05-10 12:03:26 [http-nio-3000-exec-4] INFO  c.b.p.a.d.v.s.GestionVentasService - Conciliación de efectivo completada - Esperado: 27.7, Contado: 27.7, Diferencia: 0.0, Estado: CORRECTO
2026-05-10 12:03:26 [http-nio-3000-exec-4] INFO  c.b.p.a.a.ventas.VentaRestAdapter - Cierre de jornada confirmado - Estado conciliación: CORRECTO
2026-05-10 12:03:26 [http-nio-3000-exec-7] INFO  c.b.p.a.a.c.CierreJornadaRestAdapter - POST /cierres - Registrar cierre para vendedor 5e0e4eff-aec3-46df-a77e-d4feeb19394c en fecha 2026-05-10
2026-05-10 12:03:26 [http-nio-3000-exec-7] INFO  c.b.p.a.d.c.s.GestionCierreJornadaService - Registrando cierre de jornada para vendedor 5e0e4eff-aec3-46df-a77e-d4feeb19394c en fecha 2026-05-10
2026-05-10 12:03:26 [http-nio-3000-exec-7] INFO  c.b.p.a.d.c.s.GestionCierreJornadaService - Cierre registrado con ID: ce1bd05c-a83f-4fb9-85b8-1da681a665ad
2026-05-10 12:03:26 [http-nio-3000-exec-7] INFO  c.b.p.a.a.c.CierreJornadaRestAdapter - Cierre registrado con ID: ce1bd05c-a83f-4fb9-85b8-1da681a665ad
2026-05-10 12:03:31 [http-nio-3000-exec-1] WARN  o.s.w.s.m.m.a.ExceptionHandlerExceptionResolver - Resolved [org.springframework.web.bind.MissingServletRequestParameterException: Required request parameter 'userId' for method parameter type String is not present]
2026-05-10 12:03:34 [http-nio-3000-exec-5] INFO  c.b.p.a.a.a.c.AuthRestAdapter - POST /auth/signin - Intento de autenticación para email: mateovargas220705@gmail.com
2026-05-10 12:03:34 [http-nio-3000-exec-5] DEBUG c.b.p.a.d.a.s.AutorizacionAuthService - Autenticando usuario con email: mateovargas220705@gmail.com
2026-05-10 12:03:34 [http-nio-3000-exec-5] DEBUG c.b.p.a.d.a.s.AutorizacionAuthService - Autenticación completada para email: mateovargas220705@gmail.com
2026-05-10 12:03:34 [http-nio-3000-exec-5] INFO  c.b.p.a.a.a.c.AuthRestAdapter - Autenticación exitosa para email: mateovargas220705@gmail.com
2026-05-10 12:03:34 [http-nio-3000-exec-8] INFO  c.b.p.a.a.p.c.ProductosRestAdapter - GET /productos - Obtener todos los productos
2026-05-10 12:03:34 [http-nio-3000-exec-8] DEBUG c.b.p.a.d.p.s.GestionProductosService - Obteniendo todos los productos
2026-05-10 12:03:34 [http-nio-3000-exec-2] INFO  c.b.p.a.a.p.c.ProductosRestAdapter - GET /productos/stock-bajo - Consultando alertas con umbral: 100
2026-05-10 12:03:34 [http-nio-3000-exec-2] DEBUG c.b.p.a.d.p.s.GestionProductosService - Obteniendo productos con stock bajo. Umbral: 100
2026-05-10 12:03:34 [http-nio-3000-exec-6] INFO  c.b.p.a.a.v.c.VendedoresRestAdapter - GET /vendedores - Obtener todos los vendedores
2026-05-10 12:03:34 [http-nio-3000-exec-6] DEBUG c.b.p.a.d.v.s.GestionVendedoresService - Obteniendo todos los vendedores
2026-05-10 12:03:35 [http-nio-3000-exec-8] DEBUG c.b.p.a.d.p.s.GestionProductosService - Se obtuvieron 25 productos
2026-05-10 12:03:35 [http-nio-3000-exec-8] DEBUG c.b.p.a.a.p.c.ProductosRestAdapter - Se obtuvieron 25 productos
2026-05-10 12:03:35 [http-nio-3000-exec-6] DEBUG c.b.p.a.d.v.s.GestionVendedoresService - Se obtuvieron 10 vendedores
2026-05-10 12:03:35 [http-nio-3000-exec-6] DEBUG c.b.p.a.a.v.c.VendedoresRestAdapter - Se obtuvieron 10 vendedores
2026-05-10 12:03:35 [http-nio-3000-exec-2] DEBUG c.b.p.a.d.p.s.GestionProductosService - Se encontraron 24 productos con stock bajo
2026-05-10 12:03:36 [http-nio-3000-exec-3] INFO  c.b.p.a.a.v.c.VendedoresRestAdapter - GET /vendedores - Obtener todos los vendedores
2026-05-10 12:03:36 [http-nio-3000-exec-3] DEBUG c.b.p.a.d.v.s.GestionVendedoresService - Obteniendo todos los vendedores
2026-05-10 12:03:36 [http-nio-3000-exec-3] DEBUG c.b.p.a.d.v.s.GestionVendedoresService - Se obtuvieron 10 vendedores
2026-05-10 12:03:36 [http-nio-3000-exec-3] DEBUG c.b.p.a.a.v.c.VendedoresRestAdapter - Se obtuvieron 10 vendedores
2026-05-10 12:03:36 [http-nio-3000-exec-10] INFO  c.b.p.a.a.ventas.VentaRestAdapter - GET /ventas/cierre-jornada - Obtener cierre de jornada para vendedor 0b9544ca-bfbe-4335-821c-5c8eb4b553b2 y fecha 2026-05-10
2026-05-10 12:03:36 [http-nio-3000-exec-10] INFO  c.b.p.a.d.v.s.GestionVentasService - Obteniendo resumen de cierre de jornada para vendedor 0b9544ca-bfbe-4335-821c-5c8eb4b553b2 en fecha 2026-05-10
2026-05-10 12:03:36 [http-nio-3000-exec-4] INFO  c.b.p.a.a.c.CierreJornadaRestAdapter - GET /cierres/vendedor/0b9544ca-bfbe-4335-821c-5c8eb4b553b2 - Historial de cierres
2026-05-10 12:03:36 [http-nio-3000-exec-9] DEBUG c.b.p.a.a.c.c.ClientesRestAdapter - Obteniendo clientes; vendedorId=0b9544ca-bfbe-4335-821c-5c8eb4b553b2
2026-05-10 12:03:36 [http-nio-3000-exec-9] DEBUG c.b.p.a.d.c.s.GestionClientesService - Obteniendo clientes por vendedor: 0b9544ca-bfbe-4335-821c-5c8eb4b553b2
2026-05-10 12:03:36 [http-nio-3000-exec-9] DEBUG c.b.p.a.i.p.s.a.SupabaseClienteRepositoryAdapter - Obteniendo clientes por vendedorId=0b9544ca-bfbe-4335-821c-5c8eb4b553b2
2026-05-10 12:03:36 [http-nio-3000-exec-1] DEBUG c.b.p.a.a.c.c.ClientesRestAdapter - Obteniendo clientes; vendedorId=2ab0631c-da17-4bd8-b9b9-237de54711c6
2026-05-10 12:03:36 [http-nio-3000-exec-5] DEBUG c.b.p.a.d.a.s.AutorizacionAuthService - Obteniendo perfil por token
2026-05-10 12:03:36 [http-nio-3000-exec-7] DEBUG c.b.p.a.d.a.s.AutorizacionAuthService - Obteniendo perfil por token
2026-05-10 12:03:36 [http-nio-3000-exec-1] DEBUG c.b.p.a.d.c.s.GestionClientesService - Obteniendo clientes por vendedor: 2ab0631c-da17-4bd8-b9b9-237de54711c6
2026-05-10 12:03:36 [http-nio-3000-exec-1] DEBUG c.b.p.a.i.p.s.a.SupabaseClienteRepositoryAdapter - Obteniendo clientes por vendedorId=2ab0631c-da17-4bd8-b9b9-237de54711c6
2026-05-10 12:03:36 [http-nio-3000-exec-8] INFO  c.b.p.a.a.ventas.VentaRestAdapter - GET /ventas/cierre-jornada - Obtener cierre de jornada para vendedor 5e0e4eff-aec3-46df-a77e-d4feeb19394c y fecha 2026-05-10
2026-05-10 12:03:36 [http-nio-3000-exec-8] INFO  c.b.p.a.d.v.s.GestionVentasService - Obteniendo resumen de cierre de jornada para vendedor 5e0e4eff-aec3-46df-a77e-d4feeb19394c en fecha 2026-05-10
2026-05-10 12:03:36 [http-nio-3000-exec-6] INFO  c.b.p.a.a.c.CierreJornadaRestAdapter - GET /cierres/vendedor/5e0e4eff-aec3-46df-a77e-d4feeb19394c - Historial de cierres
2026-05-10 12:03:36 [http-nio-3000-exec-2] DEBUG c.b.p.a.a.c.c.ClientesRestAdapter - Obteniendo clientes; vendedorId=5e0e4eff-aec3-46df-a77e-d4feeb19394c
2026-05-10 12:03:36 [http-nio-3000-exec-2] DEBUG c.b.p.a.d.c.s.GestionClientesService - Obteniendo clientes por vendedor: 5e0e4eff-aec3-46df-a77e-d4feeb19394c
2026-05-10 12:03:36 [http-nio-3000-exec-2] DEBUG c.b.p.a.i.p.s.a.SupabaseClienteRepositoryAdapter - Obteniendo clientes por vendedorId=5e0e4eff-aec3-46df-a77e-d4feeb19394c
2026-05-10 12:03:36 [http-nio-3000-exec-3] DEBUG c.b.p.a.d.a.s.AutorizacionAuthService - Obteniendo perfil por token
2026-05-10 12:03:36 [http-nio-3000-exec-5] DEBUG c.b.p.a.d.a.s.AutorizacionAuthService - Perfil obtenido exitosamente para usuario ID: f2dc5b92-7ded-4c42-9e5a-d8a22aaf4a3a
2026-05-10 12:03:36 [http-nio-3000-exec-5] INFO  c.b.p.a.a.i.c.InventarioRestAdapter - GET /inventario/vendedor/5e0e4eff-aec3-46df-a77e-d4feeb19394c - consulta por mateovargas220705@gmail.com
2026-05-10 12:03:36 [http-nio-3000-exec-5] INFO  c.b.p.a.d.i.s.GestionInventarioService - Consultando cargas por vendedor: 5e0e4eff-aec3-46df-a77e-d4feeb19394c
2026-05-10 12:03:36 [http-nio-3000-exec-5] DEBUG c.b.p.a.i.p.s.a.SupabaseAsignacionRepositoryAdapter - Consultando asignaciones por vendedor: 5e0e4eff-aec3-46df-a77e-d4feeb19394c
2026-05-10 12:03:36 [http-nio-3000-exec-7] DEBUG c.b.p.a.d.a.s.AutorizacionAuthService - Perfil obtenido exitosamente para usuario ID: f2dc5b92-7ded-4c42-9e5a-d8a22aaf4a3a
2026-05-10 12:03:36 [http-nio-3000-exec-7] INFO  c.b.p.a.a.i.c.InventarioRestAdapter - GET /inventario/vendedor/0b9544ca-bfbe-4335-821c-5c8eb4b553b2 - consulta por mateovargas220705@gmail.com
2026-05-10 12:03:36 [http-nio-3000-exec-7] INFO  c.b.p.a.d.i.s.GestionInventarioService - Consultando cargas por vendedor: 0b9544ca-bfbe-4335-821c-5c8eb4b553b2
2026-05-10 12:03:36 [http-nio-3000-exec-7] DEBUG c.b.p.a.i.p.s.a.SupabaseAsignacionRepositoryAdapter - Consultando asignaciones por vendedor: 0b9544ca-bfbe-4335-821c-5c8eb4b553b2
2026-05-10 12:03:37 [http-nio-3000-exec-9] DEBUG c.b.p.a.d.a.s.AutorizacionAuthService - Obteniendo perfil por token
2026-05-10 12:03:37 [http-nio-3000-exec-1] INFO  c.b.p.a.a.ventas.VentaRestAdapter - GET /ventas/cierre-jornada - Obtener cierre de jornada para vendedor 2ab0631c-da17-4bd8-b9b9-237de54711c6 y fecha 2026-05-10
2026-05-10 12:03:37 [http-nio-3000-exec-1] INFO  c.b.p.a.d.v.s.GestionVentasService - Obteniendo resumen de cierre de jornada para vendedor 2ab0631c-da17-4bd8-b9b9-237de54711c6 en fecha 2026-05-10
2026-05-10 12:03:37 [http-nio-3000-exec-5] DEBUG c.b.p.a.i.p.s.a.SupabaseAsignacionRepositoryAdapter - Asignaciones encontradas para vendedor 5e0e4eff-aec3-46df-a77e-d4feeb19394c: 4
2026-05-10 12:03:37 [http-nio-3000-exec-4] INFO  c.b.p.a.a.c.CierreJornadaRestAdapter - GET /cierres/vendedor/2ab0631c-da17-4bd8-b9b9-237de54711c6 - Historial de cierres
2026-05-10 12:03:37 [http-nio-3000-exec-7] DEBUG c.b.p.a.i.p.s.a.SupabaseAsignacionRepositoryAdapter - Asignaciones encontradas para vendedor 0b9544ca-bfbe-4335-821c-5c8eb4b553b2: 1
2026-05-10 12:03:37 [http-nio-3000-exec-10] INFO  c.b.p.a.a.ventas.VentaRestAdapter - GET /ventas/cierre-jornada - Obtener cierre de jornada para vendedor 6b0a5026-52f3-475a-a20f-5aacf94764f0 y fecha 2026-05-10
2026-05-10 12:03:37 [http-nio-3000-exec-10] INFO  c.b.p.a.d.v.s.GestionVentasService - Obteniendo resumen de cierre de jornada para vendedor 6b0a5026-52f3-475a-a20f-5aacf94764f0 en fecha 2026-05-10
2026-05-10 12:03:37 [http-nio-3000-exec-3] DEBUG c.b.p.a.d.a.s.AutorizacionAuthService - Perfil obtenido exitosamente para usuario ID: f2dc5b92-7ded-4c42-9e5a-d8a22aaf4a3a
2026-05-10 12:03:37 [http-nio-3000-exec-3] INFO  c.b.p.a.a.i.c.InventarioRestAdapter - GET /inventario/vendedor/2ab0631c-da17-4bd8-b9b9-237de54711c6 - consulta por mateovargas220705@gmail.com
2026-05-10 12:03:37 [http-nio-3000-exec-3] INFO  c.b.p.a.d.i.s.GestionInventarioService - Consultando cargas por vendedor: 2ab0631c-da17-4bd8-b9b9-237de54711c6
2026-05-10 12:03:37 [http-nio-3000-exec-3] DEBUG c.b.p.a.i.p.s.a.SupabaseAsignacionRepositoryAdapter - Consultando asignaciones por vendedor: 2ab0631c-da17-4bd8-b9b9-237de54711c6
2026-05-10 12:03:37 [http-nio-3000-exec-6] INFO  c.b.p.a.a.c.CierreJornadaRestAdapter - GET /cierres/vendedor/6b0a5026-52f3-475a-a20f-5aacf94764f0 - Historial de cierres
2026-05-10 12:03:37 [http-nio-3000-exec-9] DEBUG c.b.p.a.d.a.s.AutorizacionAuthService - Perfil obtenido exitosamente para usuario ID: f2dc5b92-7ded-4c42-9e5a-d8a22aaf4a3a
2026-05-10 12:03:37 [http-nio-3000-exec-9] INFO  c.b.p.a.a.i.c.InventarioRestAdapter - GET /inventario/vendedor/6b0a5026-52f3-475a-a20f-5aacf94764f0 - consulta por mateovargas220705@gmail.com
2026-05-10 12:03:37 [http-nio-3000-exec-9] INFO  c.b.p.a.d.i.s.GestionInventarioService - Consultando cargas por vendedor: 6b0a5026-52f3-475a-a20f-5aacf94764f0
2026-05-10 12:03:37 [http-nio-3000-exec-9] DEBUG c.b.p.a.i.p.s.a.SupabaseAsignacionRepositoryAdapter - Consultando asignaciones por vendedor: 6b0a5026-52f3-475a-a20f-5aacf94764f0
2026-05-10 12:03:37 [http-nio-3000-exec-2] DEBUG c.b.p.a.a.c.c.ClientesRestAdapter - Obteniendo clientes; vendedorId=6b0a5026-52f3-475a-a20f-5aacf94764f0
2026-05-10 12:03:37 [http-nio-3000-exec-2] DEBUG c.b.p.a.d.c.s.GestionClientesService - Obteniendo clientes por vendedor: 6b0a5026-52f3-475a-a20f-5aacf94764f0
2026-05-10 12:03:37 [http-nio-3000-exec-2] DEBUG c.b.p.a.i.p.s.a.SupabaseClienteRepositoryAdapter - Obteniendo clientes por vendedorId=6b0a5026-52f3-475a-a20f-5aacf94764f0
2026-05-10 12:03:37 [http-nio-3000-exec-3] DEBUG c.b.p.a.i.p.s.a.SupabaseAsignacionRepositoryAdapter - Asignaciones encontradas para vendedor 2ab0631c-da17-4bd8-b9b9-237de54711c6: 9
2026-05-10 12:03:37 [http-nio-3000-exec-5] DEBUG c.b.p.a.d.a.s.AutorizacionAuthService - Obteniendo perfil por token
2026-05-10 12:03:37 [http-nio-3000-exec-7] INFO  c.b.p.a.a.ventas.VentaRestAdapter - GET /ventas/cierre-jornada - Obtener cierre de jornada para vendedor 73ed0c2b-851c-44c8-a08b-ded6f61924f9 y fecha 2026-05-10
2026-05-10 12:03:37 [http-nio-3000-exec-7] INFO  c.b.p.a.d.v.s.GestionVentasService - Obteniendo resumen de cierre de jornada para vendedor 73ed0c2b-851c-44c8-a08b-ded6f61924f9 en fecha 2026-05-10
2026-05-10 12:03:37 [http-nio-3000-exec-4] INFO  c.b.p.a.a.c.CierreJornadaRestAdapter - GET /cierres/vendedor/73ed0c2b-851c-44c8-a08b-ded6f61924f9 - Historial de cierres
2026-05-10 12:03:37 [http-nio-3000-exec-9] DEBUG c.b.p.a.i.p.s.a.SupabaseAsignacionRepositoryAdapter - Asignaciones encontradas para vendedor 6b0a5026-52f3-475a-a20f-5aacf94764f0: 31
2026-05-10 12:03:37 [http-nio-3000-exec-1] DEBUG c.b.p.a.a.c.c.ClientesRestAdapter - Obteniendo clientes; vendedorId=73ed0c2b-851c-44c8-a08b-ded6f61924f9
2026-05-10 12:03:37 [http-nio-3000-exec-1] DEBUG c.b.p.a.d.c.s.GestionClientesService - Obteniendo clientes por vendedor: 73ed0c2b-851c-44c8-a08b-ded6f61924f9
2026-05-10 12:03:37 [http-nio-3000-exec-1] DEBUG c.b.p.a.i.p.s.a.SupabaseClienteRepositoryAdapter - Obteniendo clientes por vendedorId=73ed0c2b-851c-44c8-a08b-ded6f61924f9
2026-05-10 12:03:37 [http-nio-3000-exec-6] DEBUG c.b.p.a.d.a.s.AutorizacionAuthService - Obteniendo perfil por token
2026-05-10 12:03:37 [http-nio-3000-exec-3] INFO  c.b.p.a.a.ventas.VentaRestAdapter - GET /ventas/cierre-jornada - Obtener cierre de jornada para vendedor 7ca8780f-864c-4179-8c8a-9d8ae55b6df8 y fecha 2026-05-10
2026-05-10 12:03:37 [http-nio-3000-exec-3] INFO  c.b.p.a.d.v.s.GestionVentasService - Obteniendo resumen de cierre de jornada para vendedor 7ca8780f-864c-4179-8c8a-9d8ae55b6df8 en fecha 2026-05-10
2026-05-10 12:03:37 [http-nio-3000-exec-8] INFO  c.b.p.a.a.c.CierreJornadaRestAdapter - GET /cierres/vendedor/7ca8780f-864c-4179-8c8a-9d8ae55b6df8 - Historial de cierres
2026-05-10 12:03:37 [http-nio-3000-exec-5] DEBUG c.b.p.a.d.a.s.AutorizacionAuthService - Perfil obtenido exitosamente para usuario ID: f2dc5b92-7ded-4c42-9e5a-d8a22aaf4a3a
2026-05-10 12:03:37 [http-nio-3000-exec-9] DEBUG c.b.p.a.d.a.s.AutorizacionAuthService - Obteniendo perfil por token
2026-05-10 12:03:37 [http-nio-3000-exec-5] INFO  c.b.p.a.a.i.c.InventarioRestAdapter - GET /inventario/vendedor/73ed0c2b-851c-44c8-a08b-ded6f61924f9 - consulta por mateovargas220705@gmail.com
2026-05-10 12:03:37 [http-nio-3000-exec-5] INFO  c.b.p.a.d.i.s.GestionInventarioService - Consultando cargas por vendedor: 73ed0c2b-851c-44c8-a08b-ded6f61924f9
2026-05-10 12:03:37 [http-nio-3000-exec-5] DEBUG c.b.p.a.i.p.s.a.SupabaseAsignacionRepositoryAdapter - Consultando asignaciones por vendedor: 73ed0c2b-851c-44c8-a08b-ded6f61924f9
2026-05-10 12:03:37 [http-nio-3000-exec-2] INFO  c.b.p.a.a.ventas.VentaRestAdapter - GET /ventas/cierre-jornada - Obtener cierre de jornada para vendedor 7dec6fc9-8ddc-48c6-86a3-a1dbfc46f80e y fecha 2026-05-10
2026-05-10 12:03:37 [http-nio-3000-exec-2] INFO  c.b.p.a.d.v.s.GestionVentasService - Obteniendo resumen de cierre de jornada para vendedor 7dec6fc9-8ddc-48c6-86a3-a1dbfc46f80e en fecha 2026-05-10
2026-05-10 12:03:37 [http-nio-3000-exec-6] DEBUG c.b.p.a.d.a.s.AutorizacionAuthService - Perfil obtenido exitosamente para usuario ID: f2dc5b92-7ded-4c42-9e5a-d8a22aaf4a3a
2026-05-10 12:03:37 [http-nio-3000-exec-6] INFO  c.b.p.a.a.i.c.InventarioRestAdapter - GET /inventario/vendedor/7ca8780f-864c-4179-8c8a-9d8ae55b6df8 - consulta por mateovargas220705@gmail.com
2026-05-10 12:03:37 [http-nio-3000-exec-6] INFO  c.b.p.a.d.i.s.GestionInventarioService - Consultando cargas por vendedor: 7ca8780f-864c-4179-8c8a-9d8ae55b6df8
2026-05-10 12:03:37 [http-nio-3000-exec-6] DEBUG c.b.p.a.i.p.s.a.SupabaseAsignacionRepositoryAdapter - Consultando asignaciones por vendedor: 7ca8780f-864c-4179-8c8a-9d8ae55b6df8
2026-05-10 12:03:38 [http-nio-3000-exec-4] INFO  c.b.p.a.a.c.CierreJornadaRestAdapter - GET /cierres/vendedor/7dec6fc9-8ddc-48c6-86a3-a1dbfc46f80e - Historial de cierres
2026-05-10 12:03:38 [http-nio-3000-exec-6] DEBUG c.b.p.a.i.p.s.a.SupabaseAsignacionRepositoryAdapter - Asignaciones encontradas para vendedor 7ca8780f-864c-4179-8c8a-9d8ae55b6df8: 3
2026-05-10 12:03:38 [http-nio-3000-exec-5] DEBUG c.b.p.a.i.p.s.a.SupabaseAsignacionRepositoryAdapter - Asignaciones encontradas para vendedor 73ed0c2b-851c-44c8-a08b-ded6f61924f9: 4
2026-05-10 12:03:38 [http-nio-3000-exec-1] DEBUG c.b.p.a.a.c.c.ClientesRestAdapter - Obteniendo clientes; vendedorId=7dec6fc9-8ddc-48c6-86a3-a1dbfc46f80e
2026-05-10 12:03:38 [http-nio-3000-exec-7] DEBUG c.b.p.a.d.a.s.AutorizacionAuthService - Obteniendo perfil por token
2026-05-10 12:03:38 [http-nio-3000-exec-1] DEBUG c.b.p.a.d.c.s.GestionClientesService - Obteniendo clientes por vendedor: 7dec6fc9-8ddc-48c6-86a3-a1dbfc46f80e
2026-05-10 12:03:38 [http-nio-3000-exec-10] DEBUG c.b.p.a.a.c.c.ClientesRestAdapter - Obteniendo clientes; vendedorId=7ca8780f-864c-4179-8c8a-9d8ae55b6df8
2026-05-10 12:03:38 [http-nio-3000-exec-10] DEBUG c.b.p.a.d.c.s.GestionClientesService - Obteniendo clientes por vendedor: 7ca8780f-864c-4179-8c8a-9d8ae55b6df8
2026-05-10 12:03:38 [http-nio-3000-exec-1] DEBUG c.b.p.a.i.p.s.a.SupabaseClienteRepositoryAdapter - Obteniendo clientes por vendedorId=7dec6fc9-8ddc-48c6-86a3-a1dbfc46f80e
2026-05-10 12:03:38 [http-nio-3000-exec-10] DEBUG c.b.p.a.i.p.s.a.SupabaseClienteRepositoryAdapter - Obteniendo clientes por vendedorId=7ca8780f-864c-4179-8c8a-9d8ae55b6df8
2026-05-10 12:03:38 [http-nio-3000-exec-8] INFO  c.b.p.a.a.ventas.VentaRestAdapter - GET /ventas/cierre-jornada - Obtener cierre de jornada para vendedor 86676371-8389-4969-89b4-6a10d3e65cbd y fecha 2026-05-10
2026-05-10 12:03:38 [http-nio-3000-exec-8] INFO  c.b.p.a.d.v.s.GestionVentasService - Obteniendo resumen de cierre de jornada para vendedor 86676371-8389-4969-89b4-6a10d3e65cbd en fecha 2026-05-10
2026-05-10 12:03:38 [http-nio-3000-exec-9] DEBUG c.b.p.a.d.a.s.AutorizacionAuthService - Perfil obtenido exitosamente para usuario ID: f2dc5b92-7ded-4c42-9e5a-d8a22aaf4a3a
2026-05-10 12:03:38 [http-nio-3000-exec-9] INFO  c.b.p.a.a.i.c.InventarioRestAdapter - GET /inventario/vendedor/7dec6fc9-8ddc-48c6-86a3-a1dbfc46f80e - consulta por mateovargas220705@gmail.com
2026-05-10 12:03:38 [http-nio-3000-exec-9] INFO  c.b.p.a.d.i.s.GestionInventarioService - Consultando cargas por vendedor: 7dec6fc9-8ddc-48c6-86a3-a1dbfc46f80e
2026-05-10 12:03:38 [http-nio-3000-exec-9] DEBUG c.b.p.a.i.p.s.a.SupabaseAsignacionRepositoryAdapter - Consultando asignaciones por vendedor: 7dec6fc9-8ddc-48c6-86a3-a1dbfc46f80e
2026-05-10 12:03:38 [http-nio-3000-exec-3] INFO  c.b.p.a.a.c.CierreJornadaRestAdapter - GET /cierres/vendedor/86676371-8389-4969-89b4-6a10d3e65cbd - Historial de cierres
2026-05-10 12:03:38 [http-nio-3000-exec-6] DEBUG c.b.p.a.a.c.c.ClientesRestAdapter - Obteniendo clientes; vendedorId=86676371-8389-4969-89b4-6a10d3e65cbd
2026-05-10 12:03:38 [http-nio-3000-exec-6] DEBUG c.b.p.a.d.c.s.GestionClientesService - Obteniendo clientes por vendedor: 86676371-8389-4969-89b4-6a10d3e65cbd
2026-05-10 12:03:38 [http-nio-3000-exec-6] DEBUG c.b.p.a.i.p.s.a.SupabaseClienteRepositoryAdapter - Obteniendo clientes por vendedorId=86676371-8389-4969-89b4-6a10d3e65cbd
2026-05-10 12:03:38 [http-nio-3000-exec-5] DEBUG c.b.p.a.d.a.s.AutorizacionAuthService - Obteniendo perfil por token
2026-05-10 12:03:38 [http-nio-3000-exec-9] DEBUG c.b.p.a.i.p.s.a.SupabaseAsignacionRepositoryAdapter - Asignaciones encontradas para vendedor 7dec6fc9-8ddc-48c6-86a3-a1dbfc46f80e: 1
2026-05-10 12:03:38 [http-nio-3000-exec-7] DEBUG c.b.p.a.d.a.s.AutorizacionAuthService - Perfil obtenido exitosamente para usuario ID: f2dc5b92-7ded-4c42-9e5a-d8a22aaf4a3a
2026-05-10 12:03:38 [http-nio-3000-exec-7] INFO  c.b.p.a.a.i.c.InventarioRestAdapter - GET /inventario/vendedor/86676371-8389-4969-89b4-6a10d3e65cbd - consulta por mateovargas220705@gmail.com
2026-05-10 12:03:38 [http-nio-3000-exec-7] INFO  c.b.p.a.d.i.s.GestionInventarioService - Consultando cargas por vendedor: 86676371-8389-4969-89b4-6a10d3e65cbd
2026-05-10 12:03:38 [http-nio-3000-exec-7] DEBUG c.b.p.a.i.p.s.a.SupabaseAsignacionRepositoryAdapter - Consultando asignaciones por vendedor: 86676371-8389-4969-89b4-6a10d3e65cbd
2026-05-10 12:03:38 [http-nio-3000-exec-2] INFO  c.b.p.a.a.c.CierreJornadaRestAdapter - GET /cierres/vendedor/997e2337-32a6-4ba5-84fb-873ef1b6036f - Historial de cierres
2026-05-10 12:03:38 [http-nio-3000-exec-10] DEBUG c.b.p.a.d.a.s.AutorizacionAuthService - Obteniendo perfil por token
2026-05-10 12:03:38 [http-nio-3000-exec-4] INFO  c.b.p.a.a.ventas.VentaRestAdapter - GET /ventas/cierre-jornada - Obtener cierre de jornada para vendedor 997e2337-32a6-4ba5-84fb-873ef1b6036f y fecha 2026-05-10
2026-05-10 12:03:38 [http-nio-3000-exec-4] INFO  c.b.p.a.d.v.s.GestionVentasService - Obteniendo resumen de cierre de jornada para vendedor 997e2337-32a6-4ba5-84fb-873ef1b6036f en fecha 2026-05-10
2026-05-10 12:03:38 [http-nio-3000-exec-1] INFO  c.b.p.a.a.ventas.VentaRestAdapter - GET /ventas/cierre-jornada - Obtener cierre de jornada para vendedor c1cbc4b0-eafd-490a-be95-b1c42036ad16 y fecha 2026-05-10
2026-05-10 12:03:38 [http-nio-3000-exec-1] INFO  c.b.p.a.d.v.s.GestionVentasService - Obteniendo resumen de cierre de jornada para vendedor c1cbc4b0-eafd-490a-be95-b1c42036ad16 en fecha 2026-05-10
2026-05-10 12:03:38 [http-nio-3000-exec-7] DEBUG c.b.p.a.i.p.s.a.SupabaseAsignacionRepositoryAdapter - Asignaciones encontradas para vendedor 86676371-8389-4969-89b4-6a10d3e65cbd: 6
2026-05-10 12:03:38 [http-nio-3000-exec-5] DEBUG c.b.p.a.d.a.s.AutorizacionAuthService - Perfil obtenido exitosamente para usuario ID: f2dc5b92-7ded-4c42-9e5a-d8a22aaf4a3a
2026-05-10 12:03:38 [http-nio-3000-exec-5] INFO  c.b.p.a.a.i.c.InventarioRestAdapter - GET /inventario/vendedor/997e2337-32a6-4ba5-84fb-873ef1b6036f - consulta por mateovargas220705@gmail.com
2026-05-10 12:03:38 [http-nio-3000-exec-5] INFO  c.b.p.a.d.i.s.GestionInventarioService - Consultando cargas por vendedor: 997e2337-32a6-4ba5-84fb-873ef1b6036f
2026-05-10 12:03:38 [http-nio-3000-exec-5] DEBUG c.b.p.a.i.p.s.a.SupabaseAsignacionRepositoryAdapter - Consultando asignaciones por vendedor: 997e2337-32a6-4ba5-84fb-873ef1b6036f
2026-05-10 12:03:38 [http-nio-3000-exec-9] DEBUG c.b.p.a.a.c.c.ClientesRestAdapter - Obteniendo clientes; vendedorId=997e2337-32a6-4ba5-84fb-873ef1b6036f
2026-05-10 12:03:38 [http-nio-3000-exec-9] DEBUG c.b.p.a.d.c.s.GestionClientesService - Obteniendo clientes por vendedor: 997e2337-32a6-4ba5-84fb-873ef1b6036f
2026-05-10 12:03:38 [http-nio-3000-exec-9] DEBUG c.b.p.a.i.p.s.a.SupabaseClienteRepositoryAdapter - Obteniendo clientes por vendedorId=997e2337-32a6-4ba5-84fb-873ef1b6036f
2026-05-10 12:03:38 [http-nio-3000-exec-3] INFO  c.b.p.a.a.c.CierreJornadaRestAdapter - GET /cierres/vendedor/c1cbc4b0-eafd-490a-be95-b1c42036ad16 - Historial de cierres
2026-05-10 12:03:38 [http-nio-3000-exec-5] DEBUG c.b.p.a.i.p.s.a.SupabaseAsignacionRepositoryAdapter - Asignaciones encontradas para vendedor 997e2337-32a6-4ba5-84fb-873ef1b6036f: 1
2026-05-10 12:03:38 [http-nio-3000-exec-10] DEBUG c.b.p.a.d.a.s.AutorizacionAuthService - Perfil obtenido exitosamente para usuario ID: f2dc5b92-7ded-4c42-9e5a-d8a22aaf4a3a
2026-05-10 12:03:38 [http-nio-3000-exec-10] INFO  c.b.p.a.a.i.c.InventarioRestAdapter - GET /inventario/vendedor/c1cbc4b0-eafd-490a-be95-b1c42036ad16 - consulta por mateovargas220705@gmail.com
2026-05-10 12:03:38 [http-nio-3000-exec-10] INFO  c.b.p.a.d.i.s.GestionInventarioService - Consultando cargas por vendedor: c1cbc4b0-eafd-490a-be95-b1c42036ad16
2026-05-10 12:03:38 [http-nio-3000-exec-10] DEBUG c.b.p.a.i.p.s.a.SupabaseAsignacionRepositoryAdapter - Consultando asignaciones por vendedor: c1cbc4b0-eafd-490a-be95-b1c42036ad16
2026-05-10 12:03:38 [http-nio-3000-exec-8] INFO  c.b.p.a.a.ventas.VentaRestAdapter - GET /ventas - Listar ventas resumidas
2026-05-10 12:03:38 [http-nio-3000-exec-6] DEBUG c.b.p.a.a.c.c.ClientesRestAdapter - Obteniendo clientes; vendedorId=c1cbc4b0-eafd-490a-be95-b1c42036ad16
2026-05-10 12:03:38 [http-nio-3000-exec-8] INFO  c.b.p.a.d.v.s.GestionVentasService - Obteniendo listado de ventas resumidas
2026-05-10 12:03:38 [http-nio-3000-exec-6] DEBUG c.b.p.a.d.c.s.GestionClientesService - Obteniendo clientes por vendedor: c1cbc4b0-eafd-490a-be95-b1c42036ad16
2026-05-10 12:03:38 [http-nio-3000-exec-6] DEBUG c.b.p.a.i.p.s.a.SupabaseClienteRepositoryAdapter - Obteniendo clientes por vendedorId=c1cbc4b0-eafd-490a-be95-b1c42036ad16
2026-05-10 12:03:39 [http-nio-3000-exec-10] DEBUG c.b.p.a.i.p.s.a.SupabaseAsignacionRepositoryAdapter - Asignaciones encontradas para vendedor c1cbc4b0-eafd-490a-be95-b1c42036ad16: 1
2026-05-10 12:06:03 [http-nio-3000-exec-10] INFO  c.b.p.a.a.p.c.ProductosRestAdapter - GET /productos - Obtener todos los productos
2026-05-10 12:06:03 [http-nio-3000-exec-9] INFO  c.b.p.a.a.v.c.VendedoresRestAdapter - GET /vendedores - Obtener todos los vendedores
2026-05-10 12:06:03 [http-nio-3000-exec-10] DEBUG c.b.p.a.d.p.s.GestionProductosService - Obteniendo todos los productos
2026-05-10 12:06:03 [http-nio-3000-exec-9] DEBUG c.b.p.a.d.v.s.GestionVendedoresService - Obteniendo todos los vendedores
2026-05-10 12:06:03 [http-nio-3000-exec-9] DEBUG c.b.p.a.d.v.s.GestionVendedoresService - Se obtuvieron 10 vendedores
2026-05-10 12:06:03 [http-nio-3000-exec-10] DEBUG c.b.p.a.d.p.s.GestionProductosService - Se obtuvieron 25 productos
2026-05-10 12:06:03 [http-nio-3000-exec-10] DEBUG c.b.p.a.a.p.c.ProductosRestAdapter - Se obtuvieron 25 productos
2026-05-10 12:06:03 [http-nio-3000-exec-9] DEBUG c.b.p.a.a.v.c.VendedoresRestAdapter - Se obtuvieron 10 vendedores
2026-05-10 12:06:03 [http-nio-3000-exec-4] DEBUG c.b.p.a.d.a.s.AutorizacionAuthService - Obteniendo perfil por token
2026-05-10 12:06:03 [http-nio-3000-exec-1] DEBUG c.b.p.a.d.a.s.AutorizacionAuthService - Obteniendo perfil por token
2026-05-10 12:06:03 [http-nio-3000-exec-10] DEBUG c.b.p.a.d.a.s.AutorizacionAuthService - Obteniendo perfil por token
2026-05-10 12:06:03 [http-nio-3000-exec-2] DEBUG c.b.p.a.d.a.s.AutorizacionAuthService - Obteniendo perfil por token
2026-05-10 12:06:03 [http-nio-3000-exec-8] DEBUG c.b.p.a.d.a.s.AutorizacionAuthService - Obteniendo perfil por token
2026-05-10 12:06:03 [http-nio-3000-exec-9] DEBUG c.b.p.a.d.a.s.AutorizacionAuthService - Obteniendo perfil por token
2026-05-10 12:06:04 [http-nio-3000-exec-1] DEBUG c.b.p.a.d.a.s.AutorizacionAuthService - Perfil obtenido exitosamente para usuario ID: f2dc5b92-7ded-4c42-9e5a-d8a22aaf4a3a
2026-05-10 12:06:04 [http-nio-3000-exec-8] DEBUG c.b.p.a.d.a.s.AutorizacionAuthService - Perfil obtenido exitosamente para usuario ID: f2dc5b92-7ded-4c42-9e5a-d8a22aaf4a3a
2026-05-10 12:06:04 [http-nio-3000-exec-8] INFO  c.b.p.a.a.i.c.InventarioRestAdapter - GET /inventario/vendedor/6b0a5026-52f3-475a-a20f-5aacf94764f0 - consulta por mateovargas220705@gmail.com
2026-05-10 12:06:04 [http-nio-3000-exec-1] INFO  c.b.p.a.a.i.c.InventarioRestAdapter - GET /inventario/vendedor/5e0e4eff-aec3-46df-a77e-d4feeb19394c - consulta por mateovargas220705@gmail.com
2026-05-10 12:06:04 [http-nio-3000-exec-8] INFO  c.b.p.a.d.i.s.GestionInventarioService - Consultando cargas por vendedor: 6b0a5026-52f3-475a-a20f-5aacf94764f0
2026-05-10 12:06:04 [http-nio-3000-exec-1] INFO  c.b.p.a.d.i.s.GestionInventarioService - Consultando cargas por vendedor: 5e0e4eff-aec3-46df-a77e-d4feeb19394c
2026-05-10 12:06:04 [http-nio-3000-exec-8] DEBUG c.b.p.a.i.p.s.a.SupabaseAsignacionRepositoryAdapter - Consultando asignaciones por vendedor: 6b0a5026-52f3-475a-a20f-5aacf94764f0
2026-05-10 12:06:04 [http-nio-3000-exec-1] DEBUG c.b.p.a.i.p.s.a.SupabaseAsignacionRepositoryAdapter - Consultando asignaciones por vendedor: 5e0e4eff-aec3-46df-a77e-d4feeb19394c
2026-05-10 12:06:04 [http-nio-3000-exec-4] DEBUG c.b.p.a.d.a.s.AutorizacionAuthService - Perfil obtenido exitosamente para usuario ID: f2dc5b92-7ded-4c42-9e5a-d8a22aaf4a3a
2026-05-10 12:06:04 [http-nio-3000-exec-4] INFO  c.b.p.a.a.i.c.InventarioRestAdapter - GET /inventario/vendedor/0b9544ca-bfbe-4335-821c-5c8eb4b553b2 - consulta por mateovargas220705@gmail.com
2026-05-10 12:06:04 [http-nio-3000-exec-4] INFO  c.b.p.a.d.i.s.GestionInventarioService - Consultando cargas por vendedor: 0b9544ca-bfbe-4335-821c-5c8eb4b553b2
2026-05-10 12:06:04 [http-nio-3000-exec-4] DEBUG c.b.p.a.i.p.s.a.SupabaseAsignacionRepositoryAdapter - Consultando asignaciones por vendedor: 0b9544ca-bfbe-4335-821c-5c8eb4b553b2
2026-05-10 12:06:04 [http-nio-3000-exec-2] DEBUG c.b.p.a.d.a.s.AutorizacionAuthService - Perfil obtenido exitosamente para usuario ID: f2dc5b92-7ded-4c42-9e5a-d8a22aaf4a3a
2026-05-10 12:06:04 [http-nio-3000-exec-2] INFO  c.b.p.a.a.i.c.InventarioRestAdapter - GET /inventario/vendedor/2ab0631c-da17-4bd8-b9b9-237de54711c6 - consulta por mateovargas220705@gmail.com
2026-05-10 12:06:04 [http-nio-3000-exec-2] INFO  c.b.p.a.d.i.s.GestionInventarioService - Consultando cargas por vendedor: 2ab0631c-da17-4bd8-b9b9-237de54711c6
2026-05-10 12:06:04 [http-nio-3000-exec-2] DEBUG c.b.p.a.i.p.s.a.SupabaseAsignacionRepositoryAdapter - Consultando asignaciones por vendedor: 2ab0631c-da17-4bd8-b9b9-237de54711c6
2026-05-10 12:06:04 [http-nio-3000-exec-9] DEBUG c.b.p.a.d.a.s.AutorizacionAuthService - Perfil obtenido exitosamente para usuario ID: f2dc5b92-7ded-4c42-9e5a-d8a22aaf4a3a
2026-05-10 12:06:04 [http-nio-3000-exec-9] INFO  c.b.p.a.a.i.c.InventarioRestAdapter - GET /inventario/vendedor/7ca8780f-864c-4179-8c8a-9d8ae55b6df8 - consulta por mateovargas220705@gmail.com
2026-05-10 12:06:04 [http-nio-3000-exec-9] INFO  c.b.p.a.d.i.s.GestionInventarioService - Consultando cargas por vendedor: 7ca8780f-864c-4179-8c8a-9d8ae55b6df8
2026-05-10 12:06:04 [http-nio-3000-exec-9] DEBUG c.b.p.a.i.p.s.a.SupabaseAsignacionRepositoryAdapter - Consultando asignaciones por vendedor: 7ca8780f-864c-4179-8c8a-9d8ae55b6df8
2026-05-10 12:06:04 [http-nio-3000-exec-10] DEBUG c.b.p.a.d.a.s.AutorizacionAuthService - Perfil obtenido exitosamente para usuario ID: f2dc5b92-7ded-4c42-9e5a-d8a22aaf4a3a
2026-05-10 12:06:04 [http-nio-3000-exec-10] INFO  c.b.p.a.a.i.c.InventarioRestAdapter - GET /inventario/vendedor/73ed0c2b-851c-44c8-a08b-ded6f61924f9 - consulta por mateovargas220705@gmail.com
2026-05-10 12:06:04 [http-nio-3000-exec-10] INFO  c.b.p.a.d.i.s.GestionInventarioService - Consultando cargas por vendedor: 73ed0c2b-851c-44c8-a08b-ded6f61924f9
2026-05-10 12:06:04 [http-nio-3000-exec-10] DEBUG c.b.p.a.i.p.s.a.SupabaseAsignacionRepositoryAdapter - Consultando asignaciones por vendedor: 73ed0c2b-851c-44c8-a08b-ded6f61924f9
2026-05-10 12:06:04 [http-nio-3000-exec-1] DEBUG c.b.p.a.i.p.s.a.SupabaseAsignacionRepositoryAdapter - Asignaciones encontradas para vendedor 5e0e4eff-aec3-46df-a77e-d4feeb19394c: 4
2026-05-10 12:06:04 [http-nio-3000-exec-4] DEBUG c.b.p.a.i.p.s.a.SupabaseAsignacionRepositoryAdapter - Asignaciones encontradas para vendedor 0b9544ca-bfbe-4335-821c-5c8eb4b553b2: 1
2026-05-10 12:06:04 [http-nio-3000-exec-8] DEBUG c.b.p.a.i.p.s.a.SupabaseAsignacionRepositoryAdapter - Asignaciones encontradas para vendedor 6b0a5026-52f3-475a-a20f-5aacf94764f0: 31
2026-05-10 12:06:04 [http-nio-3000-exec-2] DEBUG c.b.p.a.i.p.s.a.SupabaseAsignacionRepositoryAdapter - Asignaciones encontradas para vendedor 2ab0631c-da17-4bd8-b9b9-237de54711c6: 9
2026-05-10 12:06:04 [http-nio-3000-exec-10] DEBUG c.b.p.a.i.p.s.a.SupabaseAsignacionRepositoryAdapter - Asignaciones encontradas para vendedor 73ed0c2b-851c-44c8-a08b-ded6f61924f9: 4
2026-05-10 12:06:04 [http-nio-3000-exec-9] DEBUG c.b.p.a.i.p.s.a.SupabaseAsignacionRepositoryAdapter - Asignaciones encontradas para vendedor 7ca8780f-864c-4179-8c8a-9d8ae55b6df8: 3
2026-05-10 12:06:04 [http-nio-3000-exec-5] DEBUG c.b.p.a.d.a.s.AutorizacionAuthService - Obteniendo perfil por token
2026-05-10 12:06:04 [http-nio-3000-exec-6] DEBUG c.b.p.a.d.a.s.AutorizacionAuthService - Obteniendo perfil por token
2026-05-10 12:06:04 [http-nio-3000-exec-7] DEBUG c.b.p.a.d.a.s.AutorizacionAuthService - Obteniendo perfil por token
2026-05-10 12:06:04 [http-nio-3000-exec-3] DEBUG c.b.p.a.d.a.s.AutorizacionAuthService - Obteniendo perfil por token
2026-05-10 12:06:05 [http-nio-3000-exec-5] DEBUG c.b.p.a.d.a.s.AutorizacionAuthService - Perfil obtenido exitosamente para usuario ID: f2dc5b92-7ded-4c42-9e5a-d8a22aaf4a3a
2026-05-10 12:06:05 [http-nio-3000-exec-5] INFO  c.b.p.a.a.i.c.InventarioRestAdapter - GET /inventario/vendedor/7dec6fc9-8ddc-48c6-86a3-a1dbfc46f80e - consulta por mateovargas220705@gmail.com
2026-05-10 12:06:05 [http-nio-3000-exec-3] DEBUG c.b.p.a.d.a.s.AutorizacionAuthService - Perfil obtenido exitosamente para usuario ID: f2dc5b92-7ded-4c42-9e5a-d8a22aaf4a3a
2026-05-10 12:06:05 [http-nio-3000-exec-3] INFO  c.b.p.a.a.i.c.InventarioRestAdapter - GET /inventario/vendedor/c1cbc4b0-eafd-490a-be95-b1c42036ad16 - consulta por mateovargas220705@gmail.com
2026-05-10 12:06:05 [http-nio-3000-exec-6] DEBUG c.b.p.a.d.a.s.AutorizacionAuthService - Perfil obtenido exitosamente para usuario ID: f2dc5b92-7ded-4c42-9e5a-d8a22aaf4a3a
2026-05-10 12:06:05 [http-nio-3000-exec-7] DEBUG c.b.p.a.d.a.s.AutorizacionAuthService - Perfil obtenido exitosamente para usuario ID: f2dc5b92-7ded-4c42-9e5a-d8a22aaf4a3a
2026-05-10 12:06:05 [http-nio-3000-exec-5] INFO  c.b.p.a.d.i.s.GestionInventarioService - Consultando cargas por vendedor: 7dec6fc9-8ddc-48c6-86a3-a1dbfc46f80e
2026-05-10 12:06:05 [http-nio-3000-exec-3] INFO  c.b.p.a.d.i.s.GestionInventarioService - Consultando cargas por vendedor: c1cbc4b0-eafd-490a-be95-b1c42036ad16
2026-05-10 12:06:05 [http-nio-3000-exec-6] INFO  c.b.p.a.a.i.c.InventarioRestAdapter - GET /inventario/vendedor/86676371-8389-4969-89b4-6a10d3e65cbd - consulta por mateovargas220705@gmail.com
2026-05-10 12:06:05 [http-nio-3000-exec-6] INFO  c.b.p.a.d.i.s.GestionInventarioService - Consultando cargas por vendedor: 86676371-8389-4969-89b4-6a10d3e65cbd
2026-05-10 12:06:05 [http-nio-3000-exec-6] DEBUG c.b.p.a.i.p.s.a.SupabaseAsignacionRepositoryAdapter - Consultando asignaciones por vendedor: 86676371-8389-4969-89b4-6a10d3e65cbd
2026-05-10 12:06:05 [http-nio-3000-exec-7] INFO  c.b.p.a.a.i.c.InventarioRestAdapter - GET /inventario/vendedor/997e2337-32a6-4ba5-84fb-873ef1b6036f - consulta por mateovargas220705@gmail.com
2026-05-10 12:06:05 [http-nio-3000-exec-7] INFO  c.b.p.a.d.i.s.GestionInventarioService - Consultando cargas por vendedor: 997e2337-32a6-4ba5-84fb-873ef1b6036f
2026-05-10 12:06:05 [http-nio-3000-exec-5] DEBUG c.b.p.a.i.p.s.a.SupabaseAsignacionRepositoryAdapter - Consultando asignaciones por vendedor: 7dec6fc9-8ddc-48c6-86a3-a1dbfc46f80e
2026-05-10 12:06:05 [http-nio-3000-exec-3] DEBUG c.b.p.a.i.p.s.a.SupabaseAsignacionRepositoryAdapter - Consultando asignaciones por vendedor: c1cbc4b0-eafd-490a-be95-b1c42036ad16
2026-05-10 12:06:05 [http-nio-3000-exec-7] DEBUG c.b.p.a.i.p.s.a.SupabaseAsignacionRepositoryAdapter - Consultando asignaciones por vendedor: 997e2337-32a6-4ba5-84fb-873ef1b6036f
2026-05-10 12:06:05 [http-nio-3000-exec-6] DEBUG c.b.p.a.i.p.s.a.SupabaseAsignacionRepositoryAdapter - Asignaciones encontradas para vendedor 86676371-8389-4969-89b4-6a10d3e65cbd: 6
2026-05-10 12:06:05 [http-nio-3000-exec-5] DEBUG c.b.p.a.i.p.s.a.SupabaseAsignacionRepositoryAdapter - Asignaciones encontradas para vendedor 7dec6fc9-8ddc-48c6-86a3-a1dbfc46f80e: 1
2026-05-10 12:06:05 [http-nio-3000-exec-3] DEBUG c.b.p.a.i.p.s.a.SupabaseAsignacionRepositoryAdapter - Asignaciones encontradas para vendedor c1cbc4b0-eafd-490a-be95-b1c42036ad16: 1
2026-05-10 12:06:05 [http-nio-3000-exec-7] DEBUG c.b.p.a.i.p.s.a.SupabaseAsignacionRepositoryAdapter - Asignaciones encontradas para vendedor 997e2337-32a6-4ba5-84fb-873ef1b6036f: 1
2026-05-10 12:06:48 [http-nio-3000-exec-1] INFO  c.b.p.a.a.v.c.VendedoresRestAdapter - GET /vendedores - Obtener todos los vendedores
2026-05-10 12:06:48 [http-nio-3000-exec-1] DEBUG c.b.p.a.d.v.s.GestionVendedoresService - Obteniendo todos los vendedores
2026-05-10 12:06:48 [http-nio-3000-exec-1] DEBUG c.b.p.a.d.v.s.GestionVendedoresService - Se obtuvieron 10 vendedores
2026-05-10 12:06:48 [http-nio-3000-exec-1] DEBUG c.b.p.a.a.v.c.VendedoresRestAdapter - Se obtuvieron 10 vendedores
2026-05-10 12:06:48 [http-nio-3000-exec-9] DEBUG c.b.p.a.d.a.s.AutorizacionAuthService - Obteniendo perfil por token
2026-05-10 12:06:48 [http-nio-3000-exec-10] DEBUG c.b.p.a.d.a.s.AutorizacionAuthService - Obteniendo perfil por token
2026-05-10 12:06:48 [http-nio-3000-exec-5] DEBUG c.b.p.a.a.c.c.ClientesRestAdapter - Obteniendo clientes; vendedorId=0b9544ca-bfbe-4335-821c-5c8eb4b553b2
2026-05-10 12:06:48 [http-nio-3000-exec-5] DEBUG c.b.p.a.d.c.s.GestionClientesService - Obteniendo clientes por vendedor: 0b9544ca-bfbe-4335-821c-5c8eb4b553b2
2026-05-10 12:06:48 [http-nio-3000-exec-5] DEBUG c.b.p.a.i.p.s.a.SupabaseClienteRepositoryAdapter - Obteniendo clientes por vendedorId=0b9544ca-bfbe-4335-821c-5c8eb4b553b2
2026-05-10 12:06:48 [http-nio-3000-exec-7] INFO  c.b.p.a.a.ventas.VentaRestAdapter - GET /ventas/cierre-jornada - Obtener cierre de jornada para vendedor 0b9544ca-bfbe-4335-821c-5c8eb4b553b2 y fecha 2026-05-10
2026-05-10 12:06:48 [http-nio-3000-exec-7] INFO  c.b.p.a.d.v.s.GestionVentasService - Obteniendo resumen de cierre de jornada para vendedor 0b9544ca-bfbe-4335-821c-5c8eb4b553b2 en fecha 2026-05-10
2026-05-10 12:06:48 [http-nio-3000-exec-3] INFO  c.b.p.a.a.c.CierreJornadaRestAdapter - GET /cierres/vendedor/0b9544ca-bfbe-4335-821c-5c8eb4b553b2 - Historial de cierres
2026-05-10 12:06:48 [http-nio-3000-exec-4] DEBUG c.b.p.a.a.c.c.ClientesRestAdapter - Obteniendo clientes; vendedorId=2ab0631c-da17-4bd8-b9b9-237de54711c6
2026-05-10 12:06:48 [http-nio-3000-exec-4] DEBUG c.b.p.a.d.c.s.GestionClientesService - Obteniendo clientes por vendedor: 2ab0631c-da17-4bd8-b9b9-237de54711c6
2026-05-10 12:06:48 [http-nio-3000-exec-4] DEBUG c.b.p.a.i.p.s.a.SupabaseClienteRepositoryAdapter - Obteniendo clientes por vendedorId=2ab0631c-da17-4bd8-b9b9-237de54711c6
2026-05-10 12:06:48 [http-nio-3000-exec-2] DEBUG c.b.p.a.d.a.s.AutorizacionAuthService - Obteniendo perfil por token
2026-05-10 12:06:48 [http-nio-3000-exec-1] DEBUG c.b.p.a.a.c.c.ClientesRestAdapter - Obteniendo clientes; vendedorId=5e0e4eff-aec3-46df-a77e-d4feeb19394c
2026-05-10 12:06:48 [http-nio-3000-exec-1] DEBUG c.b.p.a.d.c.s.GestionClientesService - Obteniendo clientes por vendedor: 5e0e4eff-aec3-46df-a77e-d4feeb19394c
2026-05-10 12:06:48 [http-nio-3000-exec-1] DEBUG c.b.p.a.i.p.s.a.SupabaseClienteRepositoryAdapter - Obteniendo clientes por vendedorId=5e0e4eff-aec3-46df-a77e-d4feeb19394c
2026-05-10 12:06:48 [http-nio-3000-exec-3] DEBUG c.b.p.a.d.a.s.AutorizacionAuthService - Obteniendo perfil por token
2026-05-10 12:06:48 [http-nio-3000-exec-10] DEBUG c.b.p.a.d.a.s.AutorizacionAuthService - Perfil obtenido exitosamente para usuario ID: f2dc5b92-7ded-4c42-9e5a-d8a22aaf4a3a
2026-05-10 12:06:48 [http-nio-3000-exec-10] INFO  c.b.p.a.a.i.c.InventarioRestAdapter - GET /inventario/vendedor/2ab0631c-da17-4bd8-b9b9-237de54711c6 - consulta por mateovargas220705@gmail.com
2026-05-10 12:06:48 [http-nio-3000-exec-10] INFO  c.b.p.a.d.i.s.GestionInventarioService - Consultando cargas por vendedor: 2ab0631c-da17-4bd8-b9b9-237de54711c6
2026-05-10 12:06:48 [http-nio-3000-exec-10] DEBUG c.b.p.a.i.p.s.a.SupabaseAsignacionRepositoryAdapter - Consultando asignaciones por vendedor: 2ab0631c-da17-4bd8-b9b9-237de54711c6
2026-05-10 12:06:48 [http-nio-3000-exec-9] DEBUG c.b.p.a.d.a.s.AutorizacionAuthService - Perfil obtenido exitosamente para usuario ID: f2dc5b92-7ded-4c42-9e5a-d8a22aaf4a3a
2026-05-10 12:06:48 [http-nio-3000-exec-9] INFO  c.b.p.a.a.i.c.InventarioRestAdapter - GET /inventario/vendedor/0b9544ca-bfbe-4335-821c-5c8eb4b553b2 - consulta por mateovargas220705@gmail.com
2026-05-10 12:06:48 [http-nio-3000-exec-9] INFO  c.b.p.a.d.i.s.GestionInventarioService - Consultando cargas por vendedor: 0b9544ca-bfbe-4335-821c-5c8eb4b553b2
2026-05-10 12:06:48 [http-nio-3000-exec-9] DEBUG c.b.p.a.i.p.s.a.SupabaseAsignacionRepositoryAdapter - Consultando asignaciones por vendedor: 0b9544ca-bfbe-4335-821c-5c8eb4b553b2
2026-05-10 12:06:48 [http-nio-3000-exec-6] DEBUG c.b.p.a.a.c.c.ClientesRestAdapter - Obteniendo clientes; vendedorId=6b0a5026-52f3-475a-a20f-5aacf94764f0
2026-05-10 12:06:48 [http-nio-3000-exec-6] DEBUG c.b.p.a.d.c.s.GestionClientesService - Obteniendo clientes por vendedor: 6b0a5026-52f3-475a-a20f-5aacf94764f0
2026-05-10 12:06:48 [http-nio-3000-exec-6] DEBUG c.b.p.a.i.p.s.a.SupabaseClienteRepositoryAdapter - Obteniendo clientes por vendedorId=6b0a5026-52f3-475a-a20f-5aacf94764f0
2026-05-10 12:06:48 [http-nio-3000-exec-7] DEBUG c.b.p.a.d.a.s.AutorizacionAuthService - Obteniendo perfil por token
2026-05-10 12:06:48 [http-nio-3000-exec-2] DEBUG c.b.p.a.d.a.s.AutorizacionAuthService - Perfil obtenido exitosamente para usuario ID: f2dc5b92-7ded-4c42-9e5a-d8a22aaf4a3a
2026-05-10 12:06:48 [http-nio-3000-exec-2] INFO  c.b.p.a.a.i.c.InventarioRestAdapter - GET /inventario/vendedor/5e0e4eff-aec3-46df-a77e-d4feeb19394c - consulta por mateovargas220705@gmail.com
2026-05-10 12:06:48 [http-nio-3000-exec-2] INFO  c.b.p.a.d.i.s.GestionInventarioService - Consultando cargas por vendedor: 5e0e4eff-aec3-46df-a77e-d4feeb19394c
2026-05-10 12:06:48 [http-nio-3000-exec-2] DEBUG c.b.p.a.i.p.s.a.SupabaseAsignacionRepositoryAdapter - Consultando asignaciones por vendedor: 5e0e4eff-aec3-46df-a77e-d4feeb19394c
2026-05-10 12:06:48 [http-nio-3000-exec-3] DEBUG c.b.p.a.d.a.s.AutorizacionAuthService - Perfil obtenido exitosamente para usuario ID: f2dc5b92-7ded-4c42-9e5a-d8a22aaf4a3a
2026-05-10 12:06:48 [http-nio-3000-exec-9] DEBUG c.b.p.a.i.p.s.a.SupabaseAsignacionRepositoryAdapter - Asignaciones encontradas para vendedor 0b9544ca-bfbe-4335-821c-5c8eb4b553b2: 1
2026-05-10 12:06:48 [http-nio-3000-exec-3] INFO  c.b.p.a.a.i.c.InventarioRestAdapter - GET /inventario/vendedor/6b0a5026-52f3-475a-a20f-5aacf94764f0 - consulta por mateovargas220705@gmail.com
2026-05-10 12:06:48 [http-nio-3000-exec-3] INFO  c.b.p.a.d.i.s.GestionInventarioService - Consultando cargas por vendedor: 6b0a5026-52f3-475a-a20f-5aacf94764f0
2026-05-10 12:06:48 [http-nio-3000-exec-3] DEBUG c.b.p.a.i.p.s.a.SupabaseAsignacionRepositoryAdapter - Consultando asignaciones por vendedor: 6b0a5026-52f3-475a-a20f-5aacf94764f0
2026-05-10 12:06:48 [http-nio-3000-exec-5] DEBUG c.b.p.a.a.c.c.ClientesRestAdapter - Obteniendo clientes; vendedorId=73ed0c2b-851c-44c8-a08b-ded6f61924f9
2026-05-10 12:06:48 [http-nio-3000-exec-10] DEBUG c.b.p.a.i.p.s.a.SupabaseAsignacionRepositoryAdapter - Asignaciones encontradas para vendedor 2ab0631c-da17-4bd8-b9b9-237de54711c6: 9
2026-05-10 12:06:48 [http-nio-3000-exec-5] DEBUG c.b.p.a.d.c.s.GestionClientesService - Obteniendo clientes por vendedor: 73ed0c2b-851c-44c8-a08b-ded6f61924f9
2026-05-10 12:06:48 [http-nio-3000-exec-5] DEBUG c.b.p.a.i.p.s.a.SupabaseClienteRepositoryAdapter - Obteniendo clientes por vendedorId=73ed0c2b-851c-44c8-a08b-ded6f61924f9
2026-05-10 12:06:48 [http-nio-3000-exec-4] DEBUG c.b.p.a.d.a.s.AutorizacionAuthService - Obteniendo perfil por token
2026-05-10 12:06:49 [http-nio-3000-exec-6] DEBUG c.b.p.a.a.c.c.ClientesRestAdapter - Obteniendo clientes; vendedorId=7ca8780f-864c-4179-8c8a-9d8ae55b6df8
2026-05-10 12:06:49 [http-nio-3000-exec-6] DEBUG c.b.p.a.d.c.s.GestionClientesService - Obteniendo clientes por vendedor: 7ca8780f-864c-4179-8c8a-9d8ae55b6df8
2026-05-10 12:06:49 [http-nio-3000-exec-6] DEBUG c.b.p.a.i.p.s.a.SupabaseClienteRepositoryAdapter - Obteniendo clientes por vendedorId=7ca8780f-864c-4179-8c8a-9d8ae55b6df8
2026-05-10 12:06:49 [http-nio-3000-exec-2] DEBUG c.b.p.a.i.p.s.a.SupabaseAsignacionRepositoryAdapter - Asignaciones encontradas para vendedor 5e0e4eff-aec3-46df-a77e-d4feeb19394c: 4
2026-05-10 12:06:49 [http-nio-3000-exec-9] DEBUG c.b.p.a.d.a.s.AutorizacionAuthService - Obteniendo perfil por token
2026-05-10 12:06:49 [http-nio-3000-exec-7] DEBUG c.b.p.a.d.a.s.AutorizacionAuthService - Perfil obtenido exitosamente para usuario ID: f2dc5b92-7ded-4c42-9e5a-d8a22aaf4a3a
2026-05-10 12:06:49 [http-nio-3000-exec-7] INFO  c.b.p.a.a.i.c.InventarioRestAdapter - GET /inventario/vendedor/73ed0c2b-851c-44c8-a08b-ded6f61924f9 - consulta por mateovargas220705@gmail.com
2026-05-10 12:06:49 [http-nio-3000-exec-7] INFO  c.b.p.a.d.i.s.GestionInventarioService - Consultando cargas por vendedor: 73ed0c2b-851c-44c8-a08b-ded6f61924f9
2026-05-10 12:06:49 [http-nio-3000-exec-7] DEBUG c.b.p.a.i.p.s.a.SupabaseAsignacionRepositoryAdapter - Consultando asignaciones por vendedor: 73ed0c2b-851c-44c8-a08b-ded6f61924f9
2026-05-10 12:06:49 [http-nio-3000-exec-3] DEBUG c.b.p.a.i.p.s.a.SupabaseAsignacionRepositoryAdapter - Asignaciones encontradas para vendedor 6b0a5026-52f3-475a-a20f-5aacf94764f0: 31
2026-05-10 12:06:49 [http-nio-3000-exec-1] INFO  c.b.p.a.a.ventas.VentaRestAdapter - GET /ventas/cierre-jornada - Obtener cierre de jornada para vendedor 2ab0631c-da17-4bd8-b9b9-237de54711c6 y fecha 2026-05-10
2026-05-10 12:06:49 [http-nio-3000-exec-1] INFO  c.b.p.a.d.v.s.GestionVentasService - Obteniendo resumen de cierre de jornada para vendedor 2ab0631c-da17-4bd8-b9b9-237de54711c6 en fecha 2026-05-10
2026-05-10 12:06:49 [http-nio-3000-exec-10] INFO  c.b.p.a.a.c.CierreJornadaRestAdapter - GET /cierres/vendedor/2ab0631c-da17-4bd8-b9b9-237de54711c6 - Historial de cierres
2026-05-10 12:06:49 [http-nio-3000-exec-5] DEBUG c.b.p.a.a.c.c.ClientesRestAdapter - Obteniendo clientes; vendedorId=7dec6fc9-8ddc-48c6-86a3-a1dbfc46f80e
2026-05-10 12:06:49 [http-nio-3000-exec-5] DEBUG c.b.p.a.d.c.s.GestionClientesService - Obteniendo clientes por vendedor: 7dec6fc9-8ddc-48c6-86a3-a1dbfc46f80e
2026-05-10 12:06:49 [http-nio-3000-exec-5] DEBUG c.b.p.a.i.p.s.a.SupabaseClienteRepositoryAdapter - Obteniendo clientes por vendedorId=7dec6fc9-8ddc-48c6-86a3-a1dbfc46f80e
2026-05-10 12:06:49 [http-nio-3000-exec-7] DEBUG c.b.p.a.i.p.s.a.SupabaseAsignacionRepositoryAdapter - Asignaciones encontradas para vendedor 73ed0c2b-851c-44c8-a08b-ded6f61924f9: 4
2026-05-10 12:06:49 [http-nio-3000-exec-8] DEBUG c.b.p.a.d.a.s.AutorizacionAuthService - Obteniendo perfil por token
2026-05-10 12:06:49 [http-nio-3000-exec-2] INFO  c.b.p.a.a.ventas.VentaRestAdapter - GET /ventas/cierre-jornada - Obtener cierre de jornada para vendedor 5e0e4eff-aec3-46df-a77e-d4feeb19394c y fecha 2026-05-10
2026-05-10 12:06:49 [http-nio-3000-exec-2] INFO  c.b.p.a.d.v.s.GestionVentasService - Obteniendo resumen de cierre de jornada para vendedor 5e0e4eff-aec3-46df-a77e-d4feeb19394c en fecha 2026-05-10
2026-05-10 12:06:49 [http-nio-3000-exec-4] DEBUG c.b.p.a.d.a.s.AutorizacionAuthService - Perfil obtenido exitosamente para usuario ID: f2dc5b92-7ded-4c42-9e5a-d8a22aaf4a3a
2026-05-10 12:06:49 [http-nio-3000-exec-4] INFO  c.b.p.a.a.i.c.InventarioRestAdapter - GET /inventario/vendedor/7ca8780f-864c-4179-8c8a-9d8ae55b6df8 - consulta por mateovargas220705@gmail.com
2026-05-10 12:06:49 [http-nio-3000-exec-4] INFO  c.b.p.a.d.i.s.GestionInventarioService - Consultando cargas por vendedor: 7ca8780f-864c-4179-8c8a-9d8ae55b6df8
2026-05-10 12:06:49 [http-nio-3000-exec-4] DEBUG c.b.p.a.i.p.s.a.SupabaseAsignacionRepositoryAdapter - Consultando asignaciones por vendedor: 7ca8780f-864c-4179-8c8a-9d8ae55b6df8
2026-05-10 12:06:49 [http-nio-3000-exec-7] DEBUG c.b.p.a.a.c.c.ClientesRestAdapter - Obteniendo clientes; vendedorId=86676371-8389-4969-89b4-6a10d3e65cbd
2026-05-10 12:06:49 [http-nio-3000-exec-7] DEBUG c.b.p.a.d.c.s.GestionClientesService - Obteniendo clientes por vendedor: 86676371-8389-4969-89b4-6a10d3e65cbd
2026-05-10 12:06:49 [http-nio-3000-exec-7] DEBUG c.b.p.a.i.p.s.a.SupabaseClienteRepositoryAdapter - Obteniendo clientes por vendedorId=86676371-8389-4969-89b4-6a10d3e65cbd
2026-05-10 12:06:49 [http-nio-3000-exec-9] DEBUG c.b.p.a.d.a.s.AutorizacionAuthService - Perfil obtenido exitosamente para usuario ID: f2dc5b92-7ded-4c42-9e5a-d8a22aaf4a3a
2026-05-10 12:06:49 [http-nio-3000-exec-9] INFO  c.b.p.a.a.i.c.InventarioRestAdapter - GET /inventario/vendedor/7dec6fc9-8ddc-48c6-86a3-a1dbfc46f80e - consulta por mateovargas220705@gmail.com
2026-05-10 12:06:49 [http-nio-3000-exec-9] INFO  c.b.p.a.d.i.s.GestionInventarioService - Consultando cargas por vendedor: 7dec6fc9-8ddc-48c6-86a3-a1dbfc46f80e
2026-05-10 12:06:49 [http-nio-3000-exec-9] DEBUG c.b.p.a.i.p.s.a.SupabaseAsignacionRepositoryAdapter - Consultando asignaciones por vendedor: 7dec6fc9-8ddc-48c6-86a3-a1dbfc46f80e
2026-05-10 12:06:49 [http-nio-3000-exec-6] DEBUG c.b.p.a.d.a.s.AutorizacionAuthService - Obteniendo perfil por token
2026-05-10 12:06:49 [http-nio-3000-exec-4] DEBUG c.b.p.a.i.p.s.a.SupabaseAsignacionRepositoryAdapter - Asignaciones encontradas para vendedor 7ca8780f-864c-4179-8c8a-9d8ae55b6df8: 3
2026-05-10 12:06:49 [http-nio-3000-exec-1] DEBUG c.b.p.a.a.c.c.ClientesRestAdapter - Obteniendo clientes; vendedorId=997e2337-32a6-4ba5-84fb-873ef1b6036f
2026-05-10 12:06:49 [http-nio-3000-exec-1] DEBUG c.b.p.a.d.c.s.GestionClientesService - Obteniendo clientes por vendedor: 997e2337-32a6-4ba5-84fb-873ef1b6036f
2026-05-10 12:06:49 [http-nio-3000-exec-1] DEBUG c.b.p.a.i.p.s.a.SupabaseClienteRepositoryAdapter - Obteniendo clientes por vendedorId=997e2337-32a6-4ba5-84fb-873ef1b6036f
2026-05-10 12:06:49 [http-nio-3000-exec-9] DEBUG c.b.p.a.i.p.s.a.SupabaseAsignacionRepositoryAdapter - Asignaciones encontradas para vendedor 7dec6fc9-8ddc-48c6-86a3-a1dbfc46f80e: 1
2026-05-10 12:06:49 [http-nio-3000-exec-10] DEBUG c.b.p.a.d.a.s.AutorizacionAuthService - Obteniendo perfil por token
2026-05-10 12:06:49 [http-nio-3000-exec-4] DEBUG c.b.p.a.a.c.c.ClientesRestAdapter - Obteniendo clientes; vendedorId=c1cbc4b0-eafd-490a-be95-b1c42036ad16
2026-05-10 12:06:49 [http-nio-3000-exec-4] DEBUG c.b.p.a.d.c.s.GestionClientesService - Obteniendo clientes por vendedor: c1cbc4b0-eafd-490a-be95-b1c42036ad16
2026-05-10 12:06:49 [http-nio-3000-exec-4] DEBUG c.b.p.a.i.p.s.a.SupabaseClienteRepositoryAdapter - Obteniendo clientes por vendedorId=c1cbc4b0-eafd-490a-be95-b1c42036ad16
2026-05-10 12:06:49 [http-nio-3000-exec-8] DEBUG c.b.p.a.d.a.s.AutorizacionAuthService - Perfil obtenido exitosamente para usuario ID: f2dc5b92-7ded-4c42-9e5a-d8a22aaf4a3a
2026-05-10 12:06:49 [http-nio-3000-exec-8] INFO  c.b.p.a.a.i.c.InventarioRestAdapter - GET /inventario/vendedor/86676371-8389-4969-89b4-6a10d3e65cbd - consulta por mateovargas220705@gmail.com
2026-05-10 12:06:49 [http-nio-3000-exec-8] INFO  c.b.p.a.d.i.s.GestionInventarioService - Consultando cargas por vendedor: 86676371-8389-4969-89b4-6a10d3e65cbd
2026-05-10 12:06:49 [http-nio-3000-exec-8] DEBUG c.b.p.a.i.p.s.a.SupabaseAsignacionRepositoryAdapter - Consultando asignaciones por vendedor: 86676371-8389-4969-89b4-6a10d3e65cbd
2026-05-10 12:06:49 [http-nio-3000-exec-5] INFO  c.b.p.a.a.ventas.VentaRestAdapter - GET /ventas - Listar ventas resumidas
2026-05-10 12:06:49 [http-nio-3000-exec-5] INFO  c.b.p.a.d.v.s.GestionVentasService - Obteniendo listado de ventas resumidas
2026-05-10 12:06:49 [http-nio-3000-exec-8] DEBUG c.b.p.a.i.p.s.a.SupabaseAsignacionRepositoryAdapter - Asignaciones encontradas para vendedor 86676371-8389-4969-89b4-6a10d3e65cbd: 6
2026-05-10 12:06:49 [http-nio-3000-exec-3] INFO  c.b.p.a.a.c.CierreJornadaRestAdapter - GET /cierres/vendedor/5e0e4eff-aec3-46df-a77e-d4feeb19394c - Historial de cierres
2026-05-10 12:06:49 [http-nio-3000-exec-7] INFO  c.b.p.a.a.ventas.VentaRestAdapter - GET /ventas/cierre-jornada - Obtener cierre de jornada para vendedor 6b0a5026-52f3-475a-a20f-5aacf94764f0 y fecha 2026-05-10
2026-05-10 12:06:49 [http-nio-3000-exec-7] INFO  c.b.p.a.d.v.s.GestionVentasService - Obteniendo resumen de cierre de jornada para vendedor 6b0a5026-52f3-475a-a20f-5aacf94764f0 en fecha 2026-05-10
2026-05-10 12:06:49 [http-nio-3000-exec-6] DEBUG c.b.p.a.d.a.s.AutorizacionAuthService - Perfil obtenido exitosamente para usuario ID: f2dc5b92-7ded-4c42-9e5a-d8a22aaf4a3a
2026-05-10 12:06:49 [http-nio-3000-exec-6] INFO  c.b.p.a.a.i.c.InventarioRestAdapter - GET /inventario/vendedor/997e2337-32a6-4ba5-84fb-873ef1b6036f - consulta por mateovargas220705@gmail.com
2026-05-10 12:06:49 [http-nio-3000-exec-6] INFO  c.b.p.a.d.i.s.GestionInventarioService - Consultando cargas por vendedor: 997e2337-32a6-4ba5-84fb-873ef1b6036f
2026-05-10 12:06:49 [http-nio-3000-exec-6] DEBUG c.b.p.a.i.p.s.a.SupabaseAsignacionRepositoryAdapter - Consultando asignaciones por vendedor: 997e2337-32a6-4ba5-84fb-873ef1b6036f
2026-05-10 12:06:49 [http-nio-3000-exec-9] INFO  c.b.p.a.a.ventas.VentaRestAdapter - GET /ventas/cierre-jornada - Obtener cierre de jornada para vendedor 73ed0c2b-851c-44c8-a08b-ded6f61924f9 y fecha 2026-05-10
2026-05-10 12:06:49 [http-nio-3000-exec-9] INFO  c.b.p.a.d.v.s.GestionVentasService - Obteniendo resumen de cierre de jornada para vendedor 73ed0c2b-851c-44c8-a08b-ded6f61924f9 en fecha 2026-05-10
2026-05-10 12:06:49 [http-nio-3000-exec-10] DEBUG c.b.p.a.d.a.s.AutorizacionAuthService - Perfil obtenido exitosamente para usuario ID: f2dc5b92-7ded-4c42-9e5a-d8a22aaf4a3a
2026-05-10 12:06:49 [http-nio-3000-exec-10] INFO  c.b.p.a.a.i.c.InventarioRestAdapter - GET /inventario/vendedor/c1cbc4b0-eafd-490a-be95-b1c42036ad16 - consulta por mateovargas220705@gmail.com
2026-05-10 12:06:49 [http-nio-3000-exec-10] INFO  c.b.p.a.d.i.s.GestionInventarioService - Consultando cargas por vendedor: c1cbc4b0-eafd-490a-be95-b1c42036ad16
2026-05-10 12:06:49 [http-nio-3000-exec-10] DEBUG c.b.p.a.i.p.s.a.SupabaseAsignacionRepositoryAdapter - Consultando asignaciones por vendedor: c1cbc4b0-eafd-490a-be95-b1c42036ad16
2026-05-10 12:06:49 [http-nio-3000-exec-1] INFO  c.b.p.a.a.c.CierreJornadaRestAdapter - GET /cierres/vendedor/6b0a5026-52f3-475a-a20f-5aacf94764f0 - Historial de cierres
2026-05-10 12:06:49 [http-nio-3000-exec-6] DEBUG c.b.p.a.i.p.s.a.SupabaseAsignacionRepositoryAdapter - Asignaciones encontradas para vendedor 997e2337-32a6-4ba5-84fb-873ef1b6036f: 1
2026-05-10 12:06:49 [http-nio-3000-exec-4] INFO  c.b.p.a.a.c.CierreJornadaRestAdapter - GET /cierres/vendedor/73ed0c2b-851c-44c8-a08b-ded6f61924f9 - Historial de cierres
2026-05-10 12:06:49 [http-nio-3000-exec-8] INFO  c.b.p.a.a.ventas.VentaRestAdapter - GET /ventas/cierre-jornada - Obtener cierre de jornada para vendedor 7ca8780f-864c-4179-8c8a-9d8ae55b6df8 y fecha 2026-05-10
2026-05-10 12:06:49 [http-nio-3000-exec-8] INFO  c.b.p.a.d.v.s.GestionVentasService - Obteniendo resumen de cierre de jornada para vendedor 7ca8780f-864c-4179-8c8a-9d8ae55b6df8 en fecha 2026-05-10
2026-05-10 12:06:50 [http-nio-3000-exec-10] DEBUG c.b.p.a.i.p.s.a.SupabaseAsignacionRepositoryAdapter - Asignaciones encontradas para vendedor c1cbc4b0-eafd-490a-be95-b1c42036ad16: 1
2026-05-10 12:06:50 [http-nio-3000-exec-5] INFO  c.b.p.a.a.c.CierreJornadaRestAdapter - GET /cierres/vendedor/7ca8780f-864c-4179-8c8a-9d8ae55b6df8 - Historial de cierres
2026-05-10 12:06:50 [http-nio-3000-exec-3] INFO  c.b.p.a.a.ventas.VentaRestAdapter - GET /ventas/cierre-jornada - Obtener cierre de jornada para vendedor 7dec6fc9-8ddc-48c6-86a3-a1dbfc46f80e y fecha 2026-05-10
2026-05-10 12:06:50 [http-nio-3000-exec-3] INFO  c.b.p.a.d.v.s.GestionVentasService - Obteniendo resumen de cierre de jornada para vendedor 7dec6fc9-8ddc-48c6-86a3-a1dbfc46f80e en fecha 2026-05-10
2026-05-10 12:06:50 [http-nio-3000-exec-6] INFO  c.b.p.a.a.c.CierreJornadaRestAdapter - GET /cierres/vendedor/7dec6fc9-8ddc-48c6-86a3-a1dbfc46f80e - Historial de cierres
2026-05-10 12:06:50 [http-nio-3000-exec-2] INFO  c.b.p.a.a.ventas.VentaRestAdapter - GET /ventas/cierre-jornada - Obtener cierre de jornada para vendedor 86676371-8389-4969-89b4-6a10d3e65cbd y fecha 2026-05-10
2026-05-10 12:06:50 [http-nio-3000-exec-2] INFO  c.b.p.a.d.v.s.GestionVentasService - Obteniendo resumen de cierre de jornada para vendedor 86676371-8389-4969-89b4-6a10d3e65cbd en fecha 2026-05-10
2026-05-10 12:06:50 [http-nio-3000-exec-4] INFO  c.b.p.a.a.ventas.VentaRestAdapter - GET /ventas/cierre-jornada - Obtener cierre de jornada para vendedor 997e2337-32a6-4ba5-84fb-873ef1b6036f y fecha 2026-05-10
2026-05-10 12:06:50 [http-nio-3000-exec-1] INFO  c.b.p.a.a.c.CierreJornadaRestAdapter - GET /cierres/vendedor/86676371-8389-4969-89b4-6a10d3e65cbd - Historial de cierres
2026-05-10 12:06:50 [http-nio-3000-exec-4] INFO  c.b.p.a.d.v.s.GestionVentasService - Obteniendo resumen de cierre de jornada para vendedor 997e2337-32a6-4ba5-84fb-873ef1b6036f en fecha 2026-05-10
2026-05-10 12:06:50 [http-nio-3000-exec-10] INFO  c.b.p.a.a.c.CierreJornadaRestAdapter - GET /cierres/vendedor/997e2337-32a6-4ba5-84fb-873ef1b6036f - Historial de cierres
2026-05-10 12:06:50 [http-nio-3000-exec-9] INFO  c.b.p.a.a.ventas.VentaRestAdapter - GET /ventas/cierre-jornada - Obtener cierre de jornada para vendedor c1cbc4b0-eafd-490a-be95-b1c42036ad16 y fecha 2026-05-10
2026-05-10 12:06:50 [http-nio-3000-exec-9] INFO  c.b.p.a.d.v.s.GestionVentasService - Obteniendo resumen de cierre de jornada para vendedor c1cbc4b0-eafd-490a-be95-b1c42036ad16 en fecha 2026-05-10
2026-05-10 12:06:50 [http-nio-3000-exec-8] INFO  c.b.p.a.a.c.CierreJornadaRestAdapter - GET /cierres/vendedor/c1cbc4b0-eafd-490a-be95-b1c42036ad16 - Historial de cierres
2026-05-10 12:08:28 [http-nio-3000-exec-2] INFO  c.b.p.a.a.v.c.VendedoresRestAdapter - GET /vendedores - Obtener todos los vendedores
2026-05-10 12:08:28 [http-nio-3000-exec-2] DEBUG c.b.p.a.d.v.s.GestionVendedoresService - Obteniendo todos los vendedores
2026-05-10 12:08:29 [http-nio-3000-exec-2] DEBUG c.b.p.a.d.v.s.GestionVendedoresService - Se obtuvieron 10 vendedores
2026-05-10 12:08:29 [http-nio-3000-exec-2] DEBUG c.b.p.a.a.v.c.VendedoresRestAdapter - Se obtuvieron 10 vendedores
2026-05-10 12:08:29 [http-nio-3000-exec-9] INFO  c.b.p.a.a.c.CierreJornadaRestAdapter - GET /cierres/vendedor/0b9544ca-bfbe-4335-821c-5c8eb4b553b2 - Historial de cierres
2026-05-10 12:08:29 [http-nio-3000-exec-8] INFO  c.b.p.a.a.ventas.VentaRestAdapter - GET /ventas/cierre-jornada - Obtener cierre de jornada para vendedor 0b9544ca-bfbe-4335-821c-5c8eb4b553b2 y fecha 2026-05-10
2026-05-10 12:08:29 [http-nio-3000-exec-8] INFO  c.b.p.a.d.v.s.GestionVentasService - Obteniendo resumen de cierre de jornada para vendedor 0b9544ca-bfbe-4335-821c-5c8eb4b553b2 en fecha 2026-05-10
2026-05-10 12:08:29 [http-nio-3000-exec-4] DEBUG c.b.p.a.d.a.s.AutorizacionAuthService - Obteniendo perfil por token
2026-05-10 12:08:29 [http-nio-3000-exec-1] DEBUG c.b.p.a.a.c.c.ClientesRestAdapter - Obteniendo clientes; vendedorId=0b9544ca-bfbe-4335-821c-5c8eb4b553b2
2026-05-10 12:08:29 [http-nio-3000-exec-1] DEBUG c.b.p.a.d.c.s.GestionClientesService - Obteniendo clientes por vendedor: 0b9544ca-bfbe-4335-821c-5c8eb4b553b2
2026-05-10 12:08:29 [http-nio-3000-exec-1] DEBUG c.b.p.a.i.p.s.a.SupabaseClienteRepositoryAdapter - Obteniendo clientes por vendedorId=0b9544ca-bfbe-4335-821c-5c8eb4b553b2
2026-05-10 12:08:29 [http-nio-3000-exec-3] DEBUG c.b.p.a.d.a.s.AutorizacionAuthService - Obteniendo perfil por token
2026-05-10 12:08:29 [http-nio-3000-exec-6] INFO  c.b.p.a.a.ventas.VentaRestAdapter - GET /ventas/cierre-jornada - Obtener cierre de jornada para vendedor 2ab0631c-da17-4bd8-b9b9-237de54711c6 y fecha 2026-05-10
2026-05-10 12:08:29 [http-nio-3000-exec-6] INFO  c.b.p.a.d.v.s.GestionVentasService - Obteniendo resumen de cierre de jornada para vendedor 2ab0631c-da17-4bd8-b9b9-237de54711c6 en fecha 2026-05-10
2026-05-10 12:08:29 [http-nio-3000-exec-10] INFO  c.b.p.a.a.c.CierreJornadaRestAdapter - GET /cierres/vendedor/2ab0631c-da17-4bd8-b9b9-237de54711c6 - Historial de cierres
2026-05-10 12:08:29 [http-nio-3000-exec-7] DEBUG c.b.p.a.a.c.c.ClientesRestAdapter - Obteniendo clientes; vendedorId=2ab0631c-da17-4bd8-b9b9-237de54711c6
2026-05-10 12:08:29 [http-nio-3000-exec-7] DEBUG c.b.p.a.d.c.s.GestionClientesService - Obteniendo clientes por vendedor: 2ab0631c-da17-4bd8-b9b9-237de54711c6
2026-05-10 12:08:29 [http-nio-3000-exec-7] DEBUG c.b.p.a.i.p.s.a.SupabaseClienteRepositoryAdapter - Obteniendo clientes por vendedorId=2ab0631c-da17-4bd8-b9b9-237de54711c6
2026-05-10 12:08:29 [http-nio-3000-exec-5] DEBUG c.b.p.a.d.a.s.AutorizacionAuthService - Obteniendo perfil por token
2026-05-10 12:08:29 [http-nio-3000-exec-3] DEBUG c.b.p.a.d.a.s.AutorizacionAuthService - Perfil obtenido exitosamente para usuario ID: f2dc5b92-7ded-4c42-9e5a-d8a22aaf4a3a
2026-05-10 12:08:29 [http-nio-3000-exec-3] INFO  c.b.p.a.a.i.c.InventarioRestAdapter - GET /inventario/vendedor/2ab0631c-da17-4bd8-b9b9-237de54711c6 - consulta por mateovargas220705@gmail.com
2026-05-10 12:08:29 [http-nio-3000-exec-3] INFO  c.b.p.a.d.i.s.GestionInventarioService - Consultando cargas por vendedor: 2ab0631c-da17-4bd8-b9b9-237de54711c6
2026-05-10 12:08:29 [http-nio-3000-exec-3] DEBUG c.b.p.a.i.p.s.a.SupabaseAsignacionRepositoryAdapter - Consultando asignaciones por vendedor: 2ab0631c-da17-4bd8-b9b9-237de54711c6
2026-05-10 12:08:29 [http-nio-3000-exec-4] DEBUG c.b.p.a.d.a.s.AutorizacionAuthService - Perfil obtenido exitosamente para usuario ID: f2dc5b92-7ded-4c42-9e5a-d8a22aaf4a3a
2026-05-10 12:08:29 [http-nio-3000-exec-4] INFO  c.b.p.a.a.i.c.InventarioRestAdapter - GET /inventario/vendedor/0b9544ca-bfbe-4335-821c-5c8eb4b553b2 - consulta por mateovargas220705@gmail.com
2026-05-10 12:08:29 [http-nio-3000-exec-4] INFO  c.b.p.a.d.i.s.GestionInventarioService - Consultando cargas por vendedor: 0b9544ca-bfbe-4335-821c-5c8eb4b553b2
2026-05-10 12:08:29 [http-nio-3000-exec-4] DEBUG c.b.p.a.i.p.s.a.SupabaseAsignacionRepositoryAdapter - Consultando asignaciones por vendedor: 0b9544ca-bfbe-4335-821c-5c8eb4b553b2
2026-05-10 12:08:29 [http-nio-3000-exec-2] INFO  c.b.p.a.a.ventas.VentaRestAdapter - GET /ventas/cierre-jornada - Obtener cierre de jornada para vendedor 5e0e4eff-aec3-46df-a77e-d4feeb19394c y fecha 2026-05-10
2026-05-10 12:08:29 [http-nio-3000-exec-2] INFO  c.b.p.a.d.v.s.GestionVentasService - Obteniendo resumen de cierre de jornada para vendedor 5e0e4eff-aec3-46df-a77e-d4feeb19394c en fecha 2026-05-10
2026-05-10 12:08:29 [http-nio-3000-exec-1] INFO  c.b.p.a.a.c.CierreJornadaRestAdapter - GET /cierres/vendedor/5e0e4eff-aec3-46df-a77e-d4feeb19394c - Historial de cierres
2026-05-10 12:08:29 [http-nio-3000-exec-9] DEBUG c.b.p.a.a.c.c.ClientesRestAdapter - Obteniendo clientes; vendedorId=5e0e4eff-aec3-46df-a77e-d4feeb19394c
2026-05-10 12:08:29 [http-nio-3000-exec-9] DEBUG c.b.p.a.d.c.s.GestionClientesService - Obteniendo clientes por vendedor: 5e0e4eff-aec3-46df-a77e-d4feeb19394c
2026-05-10 12:08:29 [http-nio-3000-exec-9] DEBUG c.b.p.a.i.p.s.a.SupabaseClienteRepositoryAdapter - Obteniendo clientes por vendedorId=5e0e4eff-aec3-46df-a77e-d4feeb19394c
2026-05-10 12:08:29 [http-nio-3000-exec-3] DEBUG c.b.p.a.i.p.s.a.SupabaseAsignacionRepositoryAdapter - Asignaciones encontradas para vendedor 2ab0631c-da17-4bd8-b9b9-237de54711c6: 9
2026-05-10 12:08:29 [http-nio-3000-exec-4] DEBUG c.b.p.a.i.p.s.a.SupabaseAsignacionRepositoryAdapter - Asignaciones encontradas para vendedor 0b9544ca-bfbe-4335-821c-5c8eb4b553b2: 1
2026-05-10 12:08:29 [http-nio-3000-exec-10] DEBUG c.b.p.a.d.a.s.AutorizacionAuthService - Obteniendo perfil por token
2026-05-10 12:08:29 [http-nio-3000-exec-7] INFO  c.b.p.a.a.ventas.VentaRestAdapter - GET /ventas/cierre-jornada - Obtener cierre de jornada para vendedor 6b0a5026-52f3-475a-a20f-5aacf94764f0 y fecha 2026-05-10
2026-05-10 12:08:29 [http-nio-3000-exec-7] INFO  c.b.p.a.d.v.s.GestionVentasService - Obteniendo resumen de cierre de jornada para vendedor 6b0a5026-52f3-475a-a20f-5aacf94764f0 en fecha 2026-05-10
2026-05-10 12:08:29 [http-nio-3000-exec-6] INFO  c.b.p.a.a.c.CierreJornadaRestAdapter - GET /cierres/vendedor/6b0a5026-52f3-475a-a20f-5aacf94764f0 - Historial de cierres
2026-05-10 12:08:29 [http-nio-3000-exec-8] DEBUG c.b.p.a.a.c.c.ClientesRestAdapter - Obteniendo clientes; vendedorId=6b0a5026-52f3-475a-a20f-5aacf94764f0
2026-05-10 12:08:29 [http-nio-3000-exec-8] DEBUG c.b.p.a.d.c.s.GestionClientesService - Obteniendo clientes por vendedor: 6b0a5026-52f3-475a-a20f-5aacf94764f0
2026-05-10 12:08:29 [http-nio-3000-exec-8] DEBUG c.b.p.a.i.p.s.a.SupabaseClienteRepositoryAdapter - Obteniendo clientes por vendedorId=6b0a5026-52f3-475a-a20f-5aacf94764f0
2026-05-10 12:08:30 [http-nio-3000-exec-5] DEBUG c.b.p.a.d.a.s.AutorizacionAuthService - Perfil obtenido exitosamente para usuario ID: f2dc5b92-7ded-4c42-9e5a-d8a22aaf4a3a
2026-05-10 12:08:30 [http-nio-3000-exec-5] INFO  c.b.p.a.a.i.c.InventarioRestAdapter - GET /inventario/vendedor/5e0e4eff-aec3-46df-a77e-d4feeb19394c - consulta por mateovargas220705@gmail.com
2026-05-10 12:08:30 [http-nio-3000-exec-5] INFO  c.b.p.a.d.i.s.GestionInventarioService - Consultando cargas por vendedor: 5e0e4eff-aec3-46df-a77e-d4feeb19394c
2026-05-10 12:08:30 [http-nio-3000-exec-5] DEBUG c.b.p.a.i.p.s.a.SupabaseAsignacionRepositoryAdapter - Consultando asignaciones por vendedor: 5e0e4eff-aec3-46df-a77e-d4feeb19394c
2026-05-10 12:08:30 [http-nio-3000-exec-3] DEBUG c.b.p.a.d.a.s.AutorizacionAuthService - Obteniendo perfil por token
2026-05-10 12:08:30 [http-nio-3000-exec-4] INFO  c.b.p.a.a.ventas.VentaRestAdapter - GET /ventas/cierre-jornada - Obtener cierre de jornada para vendedor 73ed0c2b-851c-44c8-a08b-ded6f61924f9 y fecha 2026-05-10
2026-05-10 12:08:30 [http-nio-3000-exec-4] INFO  c.b.p.a.d.v.s.GestionVentasService - Obteniendo resumen de cierre de jornada para vendedor 73ed0c2b-851c-44c8-a08b-ded6f61924f9 en fecha 2026-05-10
2026-05-10 12:08:30 [http-nio-3000-exec-5] DEBUG c.b.p.a.i.p.s.a.SupabaseAsignacionRepositoryAdapter - Asignaciones encontradas para vendedor 5e0e4eff-aec3-46df-a77e-d4feeb19394c: 4
2026-05-10 12:08:30 [http-nio-3000-exec-9] INFO  c.b.p.a.a.c.CierreJornadaRestAdapter - GET /cierres/vendedor/73ed0c2b-851c-44c8-a08b-ded6f61924f9 - Historial de cierres
2026-05-10 12:08:30 [http-nio-3000-exec-10] DEBUG c.b.p.a.d.a.s.AutorizacionAuthService - Perfil obtenido exitosamente para usuario ID: f2dc5b92-7ded-4c42-9e5a-d8a22aaf4a3a
2026-05-10 12:08:30 [http-nio-3000-exec-10] INFO  c.b.p.a.a.i.c.InventarioRestAdapter - GET /inventario/vendedor/6b0a5026-52f3-475a-a20f-5aacf94764f0 - consulta por mateovargas220705@gmail.com
2026-05-10 12:08:30 [http-nio-3000-exec-10] INFO  c.b.p.a.d.i.s.GestionInventarioService - Consultando cargas por vendedor: 6b0a5026-52f3-475a-a20f-5aacf94764f0
2026-05-10 12:08:30 [http-nio-3000-exec-10] DEBUG c.b.p.a.i.p.s.a.SupabaseAsignacionRepositoryAdapter - Consultando asignaciones por vendedor: 6b0a5026-52f3-475a-a20f-5aacf94764f0
2026-05-10 12:08:30 [http-nio-3000-exec-1] DEBUG c.b.p.a.a.c.c.ClientesRestAdapter - Obteniendo clientes; vendedorId=73ed0c2b-851c-44c8-a08b-ded6f61924f9
2026-05-10 12:08:30 [http-nio-3000-exec-1] DEBUG c.b.p.a.d.c.s.GestionClientesService - Obteniendo clientes por vendedor: 73ed0c2b-851c-44c8-a08b-ded6f61924f9
2026-05-10 12:08:30 [http-nio-3000-exec-1] DEBUG c.b.p.a.i.p.s.a.SupabaseClienteRepositoryAdapter - Obteniendo clientes por vendedorId=73ed0c2b-851c-44c8-a08b-ded6f61924f9
2026-05-10 12:08:30 [http-nio-3000-exec-6] DEBUG c.b.p.a.d.a.s.AutorizacionAuthService - Obteniendo perfil por token
2026-05-10 12:08:30 [http-nio-3000-exec-10] DEBUG c.b.p.a.i.p.s.a.SupabaseAsignacionRepositoryAdapter - Asignaciones encontradas para vendedor 6b0a5026-52f3-475a-a20f-5aacf94764f0: 31
2026-05-10 12:08:30 [http-nio-3000-exec-8] INFO  c.b.p.a.a.ventas.VentaRestAdapter - GET /ventas/cierre-jornada - Obtener cierre de jornada para vendedor 7ca8780f-864c-4179-8c8a-9d8ae55b6df8 y fecha 2026-05-10
2026-05-10 12:08:30 [http-nio-3000-exec-8] INFO  c.b.p.a.d.v.s.GestionVentasService - Obteniendo resumen de cierre de jornada para vendedor 7ca8780f-864c-4179-8c8a-9d8ae55b6df8 en fecha 2026-05-10
2026-05-10 12:08:30 [http-nio-3000-exec-3] DEBUG c.b.p.a.d.a.s.AutorizacionAuthService - Perfil obtenido exitosamente para usuario ID: f2dc5b92-7ded-4c42-9e5a-d8a22aaf4a3a
2026-05-10 12:08:30 [http-nio-3000-exec-3] INFO  c.b.p.a.a.i.c.InventarioRestAdapter - GET /inventario/vendedor/73ed0c2b-851c-44c8-a08b-ded6f61924f9 - consulta por mateovargas220705@gmail.com
2026-05-10 12:08:30 [http-nio-3000-exec-3] INFO  c.b.p.a.d.i.s.GestionInventarioService - Consultando cargas por vendedor: 73ed0c2b-851c-44c8-a08b-ded6f61924f9
2026-05-10 12:08:30 [http-nio-3000-exec-3] DEBUG c.b.p.a.i.p.s.a.SupabaseAsignacionRepositoryAdapter - Consultando asignaciones por vendedor: 73ed0c2b-851c-44c8-a08b-ded6f61924f9
2026-05-10 12:08:30 [http-nio-3000-exec-5] INFO  c.b.p.a.a.c.CierreJornadaRestAdapter - GET /cierres/vendedor/7ca8780f-864c-4179-8c8a-9d8ae55b6df8 - Historial de cierres
2026-05-10 12:08:30 [http-nio-3000-exec-9] DEBUG c.b.p.a.a.c.c.ClientesRestAdapter - Obteniendo clientes; vendedorId=7ca8780f-864c-4179-8c8a-9d8ae55b6df8
2026-05-10 12:08:30 [http-nio-3000-exec-9] DEBUG c.b.p.a.d.c.s.GestionClientesService - Obteniendo clientes por vendedor: 7ca8780f-864c-4179-8c8a-9d8ae55b6df8
2026-05-10 12:08:30 [http-nio-3000-exec-9] DEBUG c.b.p.a.i.p.s.a.SupabaseClienteRepositoryAdapter - Obteniendo clientes por vendedorId=7ca8780f-864c-4179-8c8a-9d8ae55b6df8
2026-05-10 12:08:30 [http-nio-3000-exec-2] DEBUG c.b.p.a.d.a.s.AutorizacionAuthService - Obteniendo perfil por token
2026-05-10 12:08:30 [http-nio-3000-exec-3] DEBUG c.b.p.a.i.p.s.a.SupabaseAsignacionRepositoryAdapter - Asignaciones encontradas para vendedor 73ed0c2b-851c-44c8-a08b-ded6f61924f9: 4
2026-05-10 12:08:30 [http-nio-3000-exec-10] INFO  c.b.p.a.a.ventas.VentaRestAdapter - GET /ventas/cierre-jornada - Obtener cierre de jornada para vendedor 7dec6fc9-8ddc-48c6-86a3-a1dbfc46f80e y fecha 2026-05-10
2026-05-10 12:08:30 [http-nio-3000-exec-10] INFO  c.b.p.a.d.v.s.GestionVentasService - Obteniendo resumen de cierre de jornada para vendedor 7dec6fc9-8ddc-48c6-86a3-a1dbfc46f80e en fecha 2026-05-10
2026-05-10 12:08:30 [http-nio-3000-exec-4] INFO  c.b.p.a.a.c.CierreJornadaRestAdapter - GET /cierres/vendedor/7dec6fc9-8ddc-48c6-86a3-a1dbfc46f80e - Historial de cierres
2026-05-10 12:08:30 [http-nio-3000-exec-6] DEBUG c.b.p.a.d.a.s.AutorizacionAuthService - Perfil obtenido exitosamente para usuario ID: f2dc5b92-7ded-4c42-9e5a-d8a22aaf4a3a
2026-05-10 12:08:30 [http-nio-3000-exec-6] INFO  c.b.p.a.a.i.c.InventarioRestAdapter - GET /inventario/vendedor/7ca8780f-864c-4179-8c8a-9d8ae55b6df8 - consulta por mateovargas220705@gmail.com
2026-05-10 12:08:30 [http-nio-3000-exec-6] INFO  c.b.p.a.d.i.s.GestionInventarioService - Consultando cargas por vendedor: 7ca8780f-864c-4179-8c8a-9d8ae55b6df8
2026-05-10 12:08:30 [http-nio-3000-exec-6] DEBUG c.b.p.a.i.p.s.a.SupabaseAsignacionRepositoryAdapter - Consultando asignaciones por vendedor: 7ca8780f-864c-4179-8c8a-9d8ae55b6df8
2026-05-10 12:08:30 [http-nio-3000-exec-1] DEBUG c.b.p.a.a.c.c.ClientesRestAdapter - Obteniendo clientes; vendedorId=7dec6fc9-8ddc-48c6-86a3-a1dbfc46f80e
2026-05-10 12:08:30 [http-nio-3000-exec-1] DEBUG c.b.p.a.d.c.s.GestionClientesService - Obteniendo clientes por vendedor: 7dec6fc9-8ddc-48c6-86a3-a1dbfc46f80e
2026-05-10 12:08:30 [http-nio-3000-exec-1] DEBUG c.b.p.a.i.p.s.a.SupabaseClienteRepositoryAdapter - Obteniendo clientes por vendedorId=7dec6fc9-8ddc-48c6-86a3-a1dbfc46f80e
2026-05-10 12:08:30 [http-nio-3000-exec-7] DEBUG c.b.p.a.d.a.s.AutorizacionAuthService - Obteniendo perfil por token
2026-05-10 12:08:30 [http-nio-3000-exec-3] INFO  c.b.p.a.a.ventas.VentaRestAdapter - GET /ventas/cierre-jornada - Obtener cierre de jornada para vendedor 86676371-8389-4969-89b4-6a10d3e65cbd y fecha 2026-05-10
2026-05-10 12:08:30 [http-nio-3000-exec-3] INFO  c.b.p.a.d.v.s.GestionVentasService - Obteniendo resumen de cierre de jornada para vendedor 86676371-8389-4969-89b4-6a10d3e65cbd en fecha 2026-05-10
2026-05-10 12:08:30 [http-nio-3000-exec-6] DEBUG c.b.p.a.i.p.s.a.SupabaseAsignacionRepositoryAdapter - Asignaciones encontradas para vendedor 7ca8780f-864c-4179-8c8a-9d8ae55b6df8: 3
2026-05-10 12:08:30 [http-nio-3000-exec-5] INFO  c.b.p.a.a.c.CierreJornadaRestAdapter - GET /cierres/vendedor/86676371-8389-4969-89b4-6a10d3e65cbd - Historial de cierres
2026-05-10 12:08:30 [http-nio-3000-exec-2] DEBUG c.b.p.a.d.a.s.AutorizacionAuthService - Perfil obtenido exitosamente para usuario ID: f2dc5b92-7ded-4c42-9e5a-d8a22aaf4a3a
2026-05-10 12:08:30 [http-nio-3000-exec-2] INFO  c.b.p.a.a.i.c.InventarioRestAdapter - GET /inventario/vendedor/7dec6fc9-8ddc-48c6-86a3-a1dbfc46f80e - consulta por mateovargas220705@gmail.com
2026-05-10 12:08:30 [http-nio-3000-exec-2] INFO  c.b.p.a.d.i.s.GestionInventarioService - Consultando cargas por vendedor: 7dec6fc9-8ddc-48c6-86a3-a1dbfc46f80e
2026-05-10 12:08:30 [http-nio-3000-exec-2] DEBUG c.b.p.a.i.p.s.a.SupabaseAsignacionRepositoryAdapter - Consultando asignaciones por vendedor: 7dec6fc9-8ddc-48c6-86a3-a1dbfc46f80e
2026-05-10 12:08:30 [http-nio-3000-exec-8] DEBUG c.b.p.a.a.c.c.ClientesRestAdapter - Obteniendo clientes; vendedorId=86676371-8389-4969-89b4-6a10d3e65cbd
2026-05-10 12:08:30 [http-nio-3000-exec-8] DEBUG c.b.p.a.d.c.s.GestionClientesService - Obteniendo clientes por vendedor: 86676371-8389-4969-89b4-6a10d3e65cbd
2026-05-10 12:08:30 [http-nio-3000-exec-8] DEBUG c.b.p.a.i.p.s.a.SupabaseClienteRepositoryAdapter - Obteniendo clientes por vendedorId=86676371-8389-4969-89b4-6a10d3e65cbd
2026-05-10 12:08:30 [http-nio-3000-exec-9] DEBUG c.b.p.a.d.a.s.AutorizacionAuthService - Obteniendo perfil por token
2026-05-10 12:08:30 [http-nio-3000-exec-2] DEBUG c.b.p.a.i.p.s.a.SupabaseAsignacionRepositoryAdapter - Asignaciones encontradas para vendedor 7dec6fc9-8ddc-48c6-86a3-a1dbfc46f80e: 1
2026-05-10 12:08:30 [http-nio-3000-exec-7] DEBUG c.b.p.a.d.a.s.AutorizacionAuthService - Perfil obtenido exitosamente para usuario ID: f2dc5b92-7ded-4c42-9e5a-d8a22aaf4a3a
2026-05-10 12:08:30 [http-nio-3000-exec-7] INFO  c.b.p.a.a.i.c.InventarioRestAdapter - GET /inventario/vendedor/86676371-8389-4969-89b4-6a10d3e65cbd - consulta por mateovargas220705@gmail.com
2026-05-10 12:08:30 [http-nio-3000-exec-7] INFO  c.b.p.a.d.i.s.GestionInventarioService - Consultando cargas por vendedor: 86676371-8389-4969-89b4-6a10d3e65cbd
2026-05-10 12:08:30 [http-nio-3000-exec-7] DEBUG c.b.p.a.i.p.s.a.SupabaseAsignacionRepositoryAdapter - Consultando asignaciones por vendedor: 86676371-8389-4969-89b4-6a10d3e65cbd
2026-05-10 12:08:30 [http-nio-3000-exec-6] INFO  c.b.p.a.a.c.CierreJornadaRestAdapter - GET /cierres/vendedor/997e2337-32a6-4ba5-84fb-873ef1b6036f - Historial de cierres
2026-05-10 12:08:30 [http-nio-3000-exec-4] INFO  c.b.p.a.a.ventas.VentaRestAdapter - GET /ventas/cierre-jornada - Obtener cierre de jornada para vendedor 997e2337-32a6-4ba5-84fb-873ef1b6036f y fecha 2026-05-10
2026-05-10 12:08:30 [http-nio-3000-exec-4] INFO  c.b.p.a.d.v.s.GestionVentasService - Obteniendo resumen de cierre de jornada para vendedor 997e2337-32a6-4ba5-84fb-873ef1b6036f en fecha 2026-05-10
2026-05-10 12:08:30 [http-nio-3000-exec-1] DEBUG c.b.p.a.a.c.c.ClientesRestAdapter - Obteniendo clientes; vendedorId=997e2337-32a6-4ba5-84fb-873ef1b6036f
2026-05-10 12:08:30 [http-nio-3000-exec-10] DEBUG c.b.p.a.d.a.s.AutorizacionAuthService - Obteniendo perfil por token
2026-05-10 12:08:30 [http-nio-3000-exec-1] DEBUG c.b.p.a.d.c.s.GestionClientesService - Obteniendo clientes por vendedor: 997e2337-32a6-4ba5-84fb-873ef1b6036f
2026-05-10 12:08:30 [http-nio-3000-exec-1] DEBUG c.b.p.a.i.p.s.a.SupabaseClienteRepositoryAdapter - Obteniendo clientes por vendedorId=997e2337-32a6-4ba5-84fb-873ef1b6036f
2026-05-10 12:08:31 [http-nio-3000-exec-9] DEBUG c.b.p.a.d.a.s.AutorizacionAuthService - Perfil obtenido exitosamente para usuario ID: f2dc5b92-7ded-4c42-9e5a-d8a22aaf4a3a
2026-05-10 12:08:31 [http-nio-3000-exec-9] INFO  c.b.p.a.a.i.c.InventarioRestAdapter - GET /inventario/vendedor/997e2337-32a6-4ba5-84fb-873ef1b6036f - consulta por mateovargas220705@gmail.com
2026-05-10 12:08:31 [http-nio-3000-exec-9] INFO  c.b.p.a.d.i.s.GestionInventarioService - Consultando cargas por vendedor: 997e2337-32a6-4ba5-84fb-873ef1b6036f
2026-05-10 12:08:31 [http-nio-3000-exec-9] DEBUG c.b.p.a.i.p.s.a.SupabaseAsignacionRepositoryAdapter - Consultando asignaciones por vendedor: 997e2337-32a6-4ba5-84fb-873ef1b6036f
2026-05-10 12:08:31 [http-nio-3000-exec-7] DEBUG c.b.p.a.i.p.s.a.SupabaseAsignacionRepositoryAdapter - Asignaciones encontradas para vendedor 86676371-8389-4969-89b4-6a10d3e65cbd: 6
2026-05-10 12:08:31 [http-nio-3000-exec-1] INFO  c.b.p.a.a.ventas.VentaRestAdapter - GET /ventas/cierre-jornada - Obtener cierre de jornada para vendedor c1cbc4b0-eafd-490a-be95-b1c42036ad16 y fecha 2026-05-10
2026-05-10 12:08:31 [http-nio-3000-exec-1] INFO  c.b.p.a.d.v.s.GestionVentasService - Obteniendo resumen de cierre de jornada para vendedor c1cbc4b0-eafd-490a-be95-b1c42036ad16 en fecha 2026-05-10
2026-05-10 12:08:31 [http-nio-3000-exec-5] INFO  c.b.p.a.a.c.CierreJornadaRestAdapter - GET /cierres/vendedor/c1cbc4b0-eafd-490a-be95-b1c42036ad16 - Historial de cierres
2026-05-10 12:08:31 [http-nio-3000-exec-8] DEBUG c.b.p.a.a.c.c.ClientesRestAdapter - Obteniendo clientes; vendedorId=c1cbc4b0-eafd-490a-be95-b1c42036ad16
2026-05-10 12:08:31 [http-nio-3000-exec-8] DEBUG c.b.p.a.d.c.s.GestionClientesService - Obteniendo clientes por vendedor: c1cbc4b0-eafd-490a-be95-b1c42036ad16
2026-05-10 12:08:31 [http-nio-3000-exec-8] DEBUG c.b.p.a.i.p.s.a.SupabaseClienteRepositoryAdapter - Obteniendo clientes por vendedorId=c1cbc4b0-eafd-490a-be95-b1c42036ad16
2026-05-10 12:08:31 [http-nio-3000-exec-9] DEBUG c.b.p.a.i.p.s.a.SupabaseAsignacionRepositoryAdapter - Asignaciones encontradas para vendedor 997e2337-32a6-4ba5-84fb-873ef1b6036f: 1
2026-05-10 12:08:31 [http-nio-3000-exec-3] INFO  c.b.p.a.a.ventas.VentaRestAdapter - GET /ventas - Listar ventas resumidas
2026-05-10 12:08:31 [http-nio-3000-exec-3] INFO  c.b.p.a.d.v.s.GestionVentasService - Obteniendo listado de ventas resumidas
2026-05-10 12:08:31 [http-nio-3000-exec-10] DEBUG c.b.p.a.d.a.s.AutorizacionAuthService - Perfil obtenido exitosamente para usuario ID: f2dc5b92-7ded-4c42-9e5a-d8a22aaf4a3a
2026-05-10 12:08:31 [http-nio-3000-exec-10] INFO  c.b.p.a.a.i.c.InventarioRestAdapter - GET /inventario/vendedor/c1cbc4b0-eafd-490a-be95-b1c42036ad16 - consulta por mateovargas220705@gmail.com
2026-05-10 12:08:31 [http-nio-3000-exec-10] INFO  c.b.p.a.d.i.s.GestionInventarioService - Consultando cargas por vendedor: c1cbc4b0-eafd-490a-be95-b1c42036ad16
2026-05-10 12:08:31 [http-nio-3000-exec-10] DEBUG c.b.p.a.i.p.s.a.SupabaseAsignacionRepositoryAdapter - Consultando asignaciones por vendedor: c1cbc4b0-eafd-490a-be95-b1c42036ad16
2026-05-10 12:08:31 [http-nio-3000-exec-10] DEBUG c.b.p.a.i.p.s.a.SupabaseAsignacionRepositoryAdapter - Asignaciones encontradas para vendedor c1cbc4b0-eafd-490a-be95-b1c42036ad16: 1
2026-05-10 12:17:32 [http-nio-3000-exec-3] INFO  c.b.p.a.a.a.c.AuthRestAdapter - POST /auth/signin - Intento de autenticación para email: andres@gmail.com
2026-05-10 12:17:32 [http-nio-3000-exec-3] DEBUG c.b.p.a.d.a.s.AutorizacionAuthService - Autenticando usuario con email: andres@gmail.com
2026-05-10 12:17:34 [http-nio-3000-exec-3] DEBUG c.b.p.a.d.a.s.AutorizacionAuthService - Autenticación completada para email: andres@gmail.com
2026-05-10 12:17:34 [http-nio-3000-exec-3] INFO  c.b.p.a.a.a.c.AuthRestAdapter - Autenticación exitosa para email: andres@gmail.com
2026-05-10 12:17:34 [http-nio-3000-exec-10] INFO  c.b.p.a.a.a.c.AuthRestAdapter - GET /auth/me - Obtener perfil del usuario actual
2026-05-10 12:17:34 [http-nio-3000-exec-10] DEBUG c.b.p.a.d.a.s.AutorizacionAuthService - Obteniendo perfil por token
2026-05-10 12:17:34 [http-nio-3000-exec-10] DEBUG c.b.p.a.d.a.s.AutorizacionAuthService - Perfil obtenido exitosamente para usuario ID: 6b0a5026-52f3-475a-a20f-5aacf94764f0
2026-05-10 12:17:34 [http-nio-3000-exec-10] DEBUG c.b.p.a.a.a.c.AuthRestAdapter - Perfil obtenido para usuario: andres@gmail.com
2026-05-10 12:17:35 [http-nio-3000-exec-6] INFO  c.b.p.a.a.p.c.ProductosRestAdapter - GET /productos - Obtener todos los productos
2026-05-10 12:17:35 [http-nio-3000-exec-6] DEBUG c.b.p.a.d.p.s.GestionProductosService - Obteniendo todos los productos
2026-05-10 12:17:35 [http-nio-3000-exec-2] DEBUG c.b.p.a.d.a.s.AutorizacionAuthService - Obteniendo perfil por token
2026-05-10 12:17:35 [http-nio-3000-exec-9] INFO  c.b.p.a.a.ventas.VentaRestAdapter - GET /ventas/cierre-jornada - Obtener cierre de jornada para vendedor 6b0a5026-52f3-475a-a20f-5aacf94764f0 y fecha 2026-05-10
2026-05-10 12:17:35 [http-nio-3000-exec-9] INFO  c.b.p.a.d.v.s.GestionVentasService - Obteniendo resumen de cierre de jornada para vendedor 6b0a5026-52f3-475a-a20f-5aacf94764f0 en fecha 2026-05-10
2026-05-10 12:17:35 [http-nio-3000-exec-6] DEBUG c.b.p.a.d.p.s.GestionProductosService - Se obtuvieron 25 productos
2026-05-10 12:17:35 [http-nio-3000-exec-6] DEBUG c.b.p.a.a.p.c.ProductosRestAdapter - Se obtuvieron 25 productos
2026-05-10 12:17:35 [http-nio-3000-exec-2] DEBUG c.b.p.a.d.a.s.AutorizacionAuthService - Perfil obtenido exitosamente para usuario ID: 6b0a5026-52f3-475a-a20f-5aacf94764f0
2026-05-10 12:17:35 [http-nio-3000-exec-2] INFO  c.b.p.a.a.i.c.InventarioRestAdapter - GET /inventario/vendedor/6b0a5026-52f3-475a-a20f-5aacf94764f0 - consulta por andres@gmail.com
2026-05-10 12:17:35 [http-nio-3000-exec-2] INFO  c.b.p.a.d.i.s.GestionInventarioService - Consultando cargas por vendedor: 6b0a5026-52f3-475a-a20f-5aacf94764f0
2026-05-10 12:17:35 [http-nio-3000-exec-2] DEBUG c.b.p.a.i.p.s.a.SupabaseAsignacionRepositoryAdapter - Consultando asignaciones por vendedor: 6b0a5026-52f3-475a-a20f-5aacf94764f0
2026-05-10 12:17:35 [http-nio-3000-exec-2] DEBUG c.b.p.a.i.p.s.a.SupabaseAsignacionRepositoryAdapter - Asignaciones encontradas para vendedor 6b0a5026-52f3-475a-a20f-5aacf94764f0: 31
2026-05-10 12:17:39 [http-nio-3000-exec-4] INFO  c.b.p.a.a.a.c.AuthRestAdapter - GET /auth/me - Obtener perfil del usuario actual
2026-05-10 12:17:39 [http-nio-3000-exec-4] DEBUG c.b.p.a.d.a.s.AutorizacionAuthService - Obteniendo perfil por token
2026-05-10 12:17:39 [http-nio-3000-exec-4] DEBUG c.b.p.a.d.a.s.AutorizacionAuthService - Perfil obtenido exitosamente para usuario ID: 6b0a5026-52f3-475a-a20f-5aacf94764f0
2026-05-10 12:17:39 [http-nio-3000-exec-4] DEBUG c.b.p.a.a.a.c.AuthRestAdapter - Perfil obtenido para usuario: andres@gmail.com
2026-05-10 12:17:39 [http-nio-3000-exec-8] DEBUG c.b.p.a.a.c.c.ClientesRestAdapter - Obteniendo clientes; vendedorId=6b0a5026-52f3-475a-a20f-5aacf94764f0
2026-05-10 12:17:39 [http-nio-3000-exec-8] DEBUG c.b.p.a.d.c.s.GestionClientesService - Obteniendo clientes por vendedor: 6b0a5026-52f3-475a-a20f-5aacf94764f0
2026-05-10 12:17:39 [http-nio-3000-exec-8] DEBUG c.b.p.a.i.p.s.a.SupabaseClienteRepositoryAdapter - Obteniendo clientes por vendedorId=6b0a5026-52f3-475a-a20f-5aacf94764f0
2026-05-10 12:17:40 [http-nio-3000-exec-3] INFO  c.b.p.a.a.c.CierreJornadaRestAdapter - GET /cierres/vendedor/6b0a5026-52f3-475a-a20f-5aacf94764f0 - Historial de cierres
2026-05-10 12:17:40 [http-nio-3000-exec-1] DEBUG c.b.p.a.d.a.s.AutorizacionAuthService - Obteniendo perfil por token
2026-05-10 12:17:40 [http-nio-3000-exec-10] INFO  c.b.p.a.a.p.c.ProductosRestAdapter - GET /productos - Obtener todos los productos
2026-05-10 12:17:40 [http-nio-3000-exec-10] DEBUG c.b.p.a.d.p.s.GestionProductosService - Obteniendo todos los productos
2026-05-10 12:17:40 [http-nio-3000-exec-6] DEBUG c.b.p.a.a.c.c.ClientesRestAdapter - Obteniendo clientes; vendedorId=6b0a5026-52f3-475a-a20f-5aacf94764f0
2026-05-10 12:17:40 [http-nio-3000-exec-6] DEBUG c.b.p.a.d.c.s.GestionClientesService - Obteniendo clientes por vendedor: 6b0a5026-52f3-475a-a20f-5aacf94764f0
2026-05-10 12:17:40 [http-nio-3000-exec-7] INFO  c.b.p.a.a.ventas.VentaRestAdapter - GET /ventas/cierre-jornada - Obtener cierre de jornada para vendedor 6b0a5026-52f3-475a-a20f-5aacf94764f0 y fecha 2026-05-10
2026-05-10 12:17:40 [http-nio-3000-exec-6] DEBUG c.b.p.a.i.p.s.a.SupabaseClienteRepositoryAdapter - Obteniendo clientes por vendedorId=6b0a5026-52f3-475a-a20f-5aacf94764f0
2026-05-10 12:17:40 [http-nio-3000-exec-7] INFO  c.b.p.a.d.v.s.GestionVentasService - Obteniendo resumen de cierre de jornada para vendedor 6b0a5026-52f3-475a-a20f-5aacf94764f0 en fecha 2026-05-10
2026-05-10 12:17:40 [http-nio-3000-exec-10] DEBUG c.b.p.a.d.p.s.GestionProductosService - Se obtuvieron 25 productos
2026-05-10 12:17:40 [http-nio-3000-exec-10] DEBUG c.b.p.a.a.p.c.ProductosRestAdapter - Se obtuvieron 25 productos
2026-05-10 12:17:41 [http-nio-3000-exec-1] DEBUG c.b.p.a.d.a.s.AutorizacionAuthService - Perfil obtenido exitosamente para usuario ID: 6b0a5026-52f3-475a-a20f-5aacf94764f0
2026-05-10 12:17:41 [http-nio-3000-exec-1] INFO  c.b.p.a.a.i.c.InventarioRestAdapter - GET /inventario/vendedor/6b0a5026-52f3-475a-a20f-5aacf94764f0 - consulta por andres@gmail.com
2026-05-10 12:17:41 [http-nio-3000-exec-1] INFO  c.b.p.a.d.i.s.GestionInventarioService - Consultando cargas por vendedor: 6b0a5026-52f3-475a-a20f-5aacf94764f0
2026-05-10 12:17:41 [http-nio-3000-exec-1] DEBUG c.b.p.a.i.p.s.a.SupabaseAsignacionRepositoryAdapter - Consultando asignaciones por vendedor: 6b0a5026-52f3-475a-a20f-5aacf94764f0
2026-05-10 12:17:41 [http-nio-3000-exec-1] DEBUG c.b.p.a.i.p.s.a.SupabaseAsignacionRepositoryAdapter - Asignaciones encontradas para vendedor 6b0a5026-52f3-475a-a20f-5aacf94764f0: 31
2026-05-10 12:17:57 [http-nio-3000-exec-2] INFO  c.b.p.a.a.ventas.VentaRestAdapter - POST /ventas - Crear nueva venta
2026-05-10 12:17:57 [http-nio-3000-exec-2] INFO  c.b.p.a.d.v.s.GestionVentasService - Procesando solicitud de venta. Cliente: 11, Vendedor: 6b0a5026-52f3-475a-a20f-5aacf94764f0, ID Local: b36e89de-5f93-4615-add3-bd2cc41b1b4b
2026-05-10 12:17:58 [http-nio-3000-exec-2] WARN  c.b.p.a.d.v.s.GestionVentasService - Stock insuficiente para producto 9000109: disponible 0, solicitado 2
2026-05-10 12:17:58 [http-nio-3000-exec-2] WARN  c.b.p.a.a.ventas.VentaRestAdapter - Error de dominio al crear venta: Stock insuficiente para producto Ajinomoto 1 Kg
2026-05-10 12:17:58 [http-nio-3000-exec-2] WARN  o.s.w.s.m.m.a.ExceptionHandlerExceptionResolver - Resolved [com.back.puntoventa.app.common.ApiException: Stock insuficiente para producto Ajinomoto 1 Kg]
2026-05-10 12:18:08 [http-nio-3000-exec-9] INFO  c.b.p.a.a.ventas.VentaRestAdapter - POST /ventas - Crear nueva venta
2026-05-10 12:18:08 [http-nio-3000-exec-9] INFO  c.b.p.a.d.v.s.GestionVentasService - Procesando solicitud de venta. Cliente: 11, Vendedor: 6b0a5026-52f3-475a-a20f-5aacf94764f0, ID Local: 2113bd00-03e2-4462-8c59-edf4e0a59cc0
2026-05-10 12:18:08 [http-nio-3000-exec-9] WARN  c.b.p.a.d.v.s.GestionVentasService - Stock insuficiente para producto 9000109: disponible 0, solicitado 1
2026-05-10 12:18:08 [http-nio-3000-exec-9] WARN  c.b.p.a.a.ventas.VentaRestAdapter - Error de dominio al crear venta: Stock insuficiente para producto Ajinomoto 1 Kg
2026-05-10 12:18:08 [http-nio-3000-exec-9] WARN  o.s.w.s.m.m.a.ExceptionHandlerExceptionResolver - Resolved [com.back.puntoventa.app.common.ApiException: Stock insuficiente para producto Ajinomoto 1 Kg]
2026-05-10 12:18:13 [http-nio-3000-exec-4] INFO  c.b.p.a.a.ventas.VentaRestAdapter - POST /ventas - Crear nueva venta
2026-05-10 12:18:13 [http-nio-3000-exec-4] INFO  c.b.p.a.d.v.s.GestionVentasService - Procesando solicitud de venta. Cliente: 11, Vendedor: 6b0a5026-52f3-475a-a20f-5aacf94764f0, ID Local: 4c575432-e166-4e28-9a5e-7caaadfa28ce
2026-05-10 12:18:13 [http-nio-3000-exec-4] WARN  c.b.p.a.d.v.s.GestionVentasService - Stock insuficiente para producto 9000109: disponible 0, solicitado 1
2026-05-10 12:18:13 [http-nio-3000-exec-4] WARN  c.b.p.a.a.ventas.VentaRestAdapter - Error de dominio al crear venta: Stock insuficiente para producto Ajinomoto 1 Kg
2026-05-10 12:18:13 [http-nio-3000-exec-4] WARN  o.s.w.s.m.m.a.ExceptionHandlerExceptionResolver - Resolved [com.back.puntoventa.app.common.ApiException: Stock insuficiente para producto Ajinomoto 1 Kg]
2026-05-10 12:21:09 [http-nio-3000-exec-8] INFO  c.b.p.a.a.ventas.VentaRestAdapter - POST /ventas - Crear nueva venta
2026-05-10 12:21:09 [http-nio-3000-exec-8] INFO  c.b.p.a.d.v.s.GestionVentasService - Procesando solicitud de venta. Cliente: 11, Vendedor: 6b0a5026-52f3-475a-a20f-5aacf94764f0, ID Local: f9004d2d-4992-4830-be31-3d0bdec43056
2026-05-10 12:21:10 [http-nio-3000-exec-8] INFO  c.b.p.a.d.v.s.GestionVentasService - Venta creada con ID: 32
2026-05-10 12:21:10 [http-nio-3000-exec-8] DEBUG c.b.p.a.d.v.s.GestionVentasService - Detalles de venta creados: 1
2026-05-10 12:21:11 [http-nio-3000-exec-8] DEBUG c.b.p.a.d.v.s.GestionVentasService - Stock actualizado para producto 9000100: 1
2026-05-10 12:21:11 [http-nio-3000-exec-8] INFO  c.b.p.a.d.v.s.GestionVentasService - Venta completada exitosamente - ID: 32, Total: 20.5
2026-05-10 12:21:11 [http-nio-3000-exec-8] INFO  c.b.p.a.a.ventas.VentaRestAdapter - Venta creada exitosamente - ID: 32
2026-05-10 12:21:12 [http-nio-3000-exec-6] INFO  c.b.p.a.a.p.c.ProductosRestAdapter - GET /productos - Obtener todos los productos
2026-05-10 12:21:12 [http-nio-3000-exec-6] DEBUG c.b.p.a.d.p.s.GestionProductosService - Obteniendo todos los productos
2026-05-10 12:21:12 [http-nio-3000-exec-10] INFO  c.b.p.a.a.ventas.VentaRestAdapter - GET /ventas/cierre-jornada - Obtener cierre de jornada para vendedor 6b0a5026-52f3-475a-a20f-5aacf94764f0 y fecha 2026-05-10
2026-05-10 12:21:12 [http-nio-3000-exec-10] INFO  c.b.p.a.d.v.s.GestionVentasService - Obteniendo resumen de cierre de jornada para vendedor 6b0a5026-52f3-475a-a20f-5aacf94764f0 en fecha 2026-05-10
2026-05-10 12:21:12 [http-nio-3000-exec-3] DEBUG c.b.p.a.d.a.s.AutorizacionAuthService - Obteniendo perfil por token
2026-05-10 12:21:12 [http-nio-3000-exec-6] DEBUG c.b.p.a.d.p.s.GestionProductosService - Se obtuvieron 25 productos
2026-05-10 12:21:12 [http-nio-3000-exec-6] DEBUG c.b.p.a.a.p.c.ProductosRestAdapter - Se obtuvieron 25 productos
2026-05-10 12:21:12 [http-nio-3000-exec-3] DEBUG c.b.p.a.d.a.s.AutorizacionAuthService - Perfil obtenido exitosamente para usuario ID: 6b0a5026-52f3-475a-a20f-5aacf94764f0
2026-05-10 12:21:12 [http-nio-3000-exec-3] INFO  c.b.p.a.a.i.c.InventarioRestAdapter - GET /inventario/vendedor/6b0a5026-52f3-475a-a20f-5aacf94764f0 - consulta por andres@gmail.com
2026-05-10 12:21:12 [http-nio-3000-exec-3] INFO  c.b.p.a.d.i.s.GestionInventarioService - Consultando cargas por vendedor: 6b0a5026-52f3-475a-a20f-5aacf94764f0
2026-05-10 12:21:12 [http-nio-3000-exec-3] DEBUG c.b.p.a.i.p.s.a.SupabaseAsignacionRepositoryAdapter - Consultando asignaciones por vendedor: 6b0a5026-52f3-475a-a20f-5aacf94764f0
2026-05-10 12:21:12 [http-nio-3000-exec-3] DEBUG c.b.p.a.i.p.s.a.SupabaseAsignacionRepositoryAdapter - Asignaciones encontradas para vendedor 6b0a5026-52f3-475a-a20f-5aacf94764f0: 31
2026-05-10 12:21:29 [http-nio-3000-exec-1] INFO  c.b.p.a.a.ventas.VentaRestAdapter - POST /ventas - Crear nueva venta
2026-05-10 12:21:29 [http-nio-3000-exec-1] INFO  c.b.p.a.d.v.s.GestionVentasService - Procesando solicitud de venta. Cliente: 19, Vendedor: 6b0a5026-52f3-475a-a20f-5aacf94764f0, ID Local: 10444601-d139-4d32-aad8-076f770482a1
2026-05-10 12:21:30 [http-nio-3000-exec-1] WARN  c.b.p.a.d.v.s.GestionVentasService - Stock insuficiente para producto 9000111: disponible 0, solicitado 2
2026-05-10 12:21:30 [http-nio-3000-exec-1] WARN  c.b.p.a.a.ventas.VentaRestAdapter - Error de dominio al crear venta: Stock insuficiente para producto Ajinosillao de 150 Ml
2026-05-10 12:21:30 [http-nio-3000-exec-1] WARN  o.s.w.s.m.m.a.ExceptionHandlerExceptionResolver - Resolved [com.back.puntoventa.app.common.ApiException: Stock insuficiente para producto Ajinosillao de 150 Ml]
2026-05-10 12:21:38 [http-nio-3000-exec-7] INFO  c.b.p.a.a.ventas.VentaRestAdapter - POST /ventas - Crear nueva venta
2026-05-10 12:21:38 [http-nio-3000-exec-7] INFO  c.b.p.a.d.v.s.GestionVentasService - Procesando solicitud de venta. Cliente: 19, Vendedor: 6b0a5026-52f3-475a-a20f-5aacf94764f0, ID Local: c4656d9f-586d-4afc-b33f-1ec407d6e7e1
2026-05-10 12:21:39 [http-nio-3000-exec-7] INFO  c.b.p.a.d.v.s.GestionVentasService - Venta creada con ID: 33
2026-05-10 12:21:39 [http-nio-3000-exec-7] DEBUG c.b.p.a.d.v.s.GestionVentasService - Detalles de venta creados: 1
2026-05-10 12:21:39 [http-nio-3000-exec-7] DEBUG c.b.p.a.d.v.s.GestionVentasService - Stock actualizado para producto 9000115: 2
2026-05-10 12:21:39 [http-nio-3000-exec-7] INFO  c.b.p.a.d.v.s.GestionVentasService - Venta completada exitosamente - ID: 33, Total: 109.0
2026-05-10 12:21:39 [http-nio-3000-exec-7] INFO  c.b.p.a.a.ventas.VentaRestAdapter - Venta creada exitosamente - ID: 33
2026-05-10 12:21:41 [http-nio-3000-exec-9] INFO  c.b.p.a.a.p.c.ProductosRestAdapter - GET /productos - Obtener todos los productos
2026-05-10 12:21:41 [http-nio-3000-exec-2] DEBUG c.b.p.a.d.a.s.AutorizacionAuthService - Obteniendo perfil por token
2026-05-10 12:21:41 [http-nio-3000-exec-9] DEBUG c.b.p.a.d.p.s.GestionProductosService - Obteniendo todos los productos
2026-05-10 12:21:41 [http-nio-3000-exec-4] INFO  c.b.p.a.a.ventas.VentaRestAdapter - GET /ventas/cierre-jornada - Obtener cierre de jornada para vendedor 6b0a5026-52f3-475a-a20f-5aacf94764f0 y fecha 2026-05-10
2026-05-10 12:21:41 [http-nio-3000-exec-4] INFO  c.b.p.a.d.v.s.GestionVentasService - Obteniendo resumen de cierre de jornada para vendedor 6b0a5026-52f3-475a-a20f-5aacf94764f0 en fecha 2026-05-10
2026-05-10 12:21:41 [http-nio-3000-exec-9] DEBUG c.b.p.a.d.p.s.GestionProductosService - Se obtuvieron 25 productos
2026-05-10 12:21:41 [http-nio-3000-exec-9] DEBUG c.b.p.a.a.p.c.ProductosRestAdapter - Se obtuvieron 25 productos
2026-05-10 12:21:41 [http-nio-3000-exec-2] DEBUG c.b.p.a.d.a.s.AutorizacionAuthService - Perfil obtenido exitosamente para usuario ID: 6b0a5026-52f3-475a-a20f-5aacf94764f0
2026-05-10 12:21:41 [http-nio-3000-exec-2] INFO  c.b.p.a.a.i.c.InventarioRestAdapter - GET /inventario/vendedor/6b0a5026-52f3-475a-a20f-5aacf94764f0 - consulta por andres@gmail.com
2026-05-10 12:21:41 [http-nio-3000-exec-2] INFO  c.b.p.a.d.i.s.GestionInventarioService - Consultando cargas por vendedor: 6b0a5026-52f3-475a-a20f-5aacf94764f0
2026-05-10 12:21:41 [http-nio-3000-exec-2] DEBUG c.b.p.a.i.p.s.a.SupabaseAsignacionRepositoryAdapter - Consultando asignaciones por vendedor: 6b0a5026-52f3-475a-a20f-5aacf94764f0
2026-05-10 12:21:41 [http-nio-3000-exec-2] DEBUG c.b.p.a.i.p.s.a.SupabaseAsignacionRepositoryAdapter - Asignaciones encontradas para vendedor 6b0a5026-52f3-475a-a20f-5aacf94764f0: 31
2026-05-10 12:21:42 [http-nio-3000-exec-8] DEBUG c.b.p.a.d.a.s.AutorizacionAuthService - Obteniendo perfil por token
2026-05-10 12:21:42 [http-nio-3000-exec-5] INFO  c.b.p.a.a.ventas.VentaRestAdapter - GET /ventas/cierre-jornada - Obtener cierre de jornada para vendedor 6b0a5026-52f3-475a-a20f-5aacf94764f0 y fecha 2026-05-10
2026-05-10 12:21:42 [http-nio-3000-exec-6] INFO  c.b.p.a.a.c.CierreJornadaRestAdapter - GET /cierres/vendedor/6b0a5026-52f3-475a-a20f-5aacf94764f0 - Historial de cierres
2026-05-10 12:21:42 [http-nio-3000-exec-5] INFO  c.b.p.a.d.v.s.GestionVentasService - Obteniendo resumen de cierre de jornada para vendedor 6b0a5026-52f3-475a-a20f-5aacf94764f0 en fecha 2026-05-10
2026-05-10 12:21:42 [http-nio-3000-exec-8] DEBUG c.b.p.a.d.a.s.AutorizacionAuthService - Perfil obtenido exitosamente para usuario ID: 6b0a5026-52f3-475a-a20f-5aacf94764f0
2026-05-10 12:21:42 [http-nio-3000-exec-8] INFO  c.b.p.a.a.i.c.InventarioRestAdapter - GET /inventario/vendedor/6b0a5026-52f3-475a-a20f-5aacf94764f0 - consulta por andres@gmail.com
2026-05-10 12:21:42 [http-nio-3000-exec-8] INFO  c.b.p.a.d.i.s.GestionInventarioService - Consultando cargas por vendedor: 6b0a5026-52f3-475a-a20f-5aacf94764f0
2026-05-10 12:21:42 [http-nio-3000-exec-8] DEBUG c.b.p.a.i.p.s.a.SupabaseAsignacionRepositoryAdapter - Consultando asignaciones por vendedor: 6b0a5026-52f3-475a-a20f-5aacf94764f0
2026-05-10 12:21:43 [http-nio-3000-exec-8] DEBUG c.b.p.a.i.p.s.a.SupabaseAsignacionRepositoryAdapter - Asignaciones encontradas para vendedor 6b0a5026-52f3-475a-a20f-5aacf94764f0: 31
2026-05-10 12:21:48 [http-nio-3000-exec-10] WARN  o.s.w.s.m.m.a.ExceptionHandlerExceptionResolver - Resolved [org.springframework.web.bind.MissingServletRequestParameterException: Required request parameter 'userId' for method parameter type String is not present]
2026-05-10 12:21:53 [http-nio-3000-exec-1] INFO  c.b.p.a.a.a.c.AuthRestAdapter - POST /auth/signin - Intento de autenticación para email: mateovargas220705@gmail.com
2026-05-10 12:21:53 [http-nio-3000-exec-1] DEBUG c.b.p.a.d.a.s.AutorizacionAuthService - Autenticando usuario con email: mateovargas220705@gmail.com
2026-05-10 12:21:53 [http-nio-3000-exec-1] DEBUG c.b.p.a.d.a.s.AutorizacionAuthService - Autenticación completada para email: mateovargas220705@gmail.com
2026-05-10 12:21:53 [http-nio-3000-exec-1] INFO  c.b.p.a.a.a.c.AuthRestAdapter - Autenticación exitosa para email: mateovargas220705@gmail.com
2026-05-10 12:21:53 [http-nio-3000-exec-9] INFO  c.b.p.a.a.p.c.ProductosRestAdapter - GET /productos - Obtener todos los productos
2026-05-10 12:21:53 [http-nio-3000-exec-9] DEBUG c.b.p.a.d.p.s.GestionProductosService - Obteniendo todos los productos
2026-05-10 12:21:53 [http-nio-3000-exec-2] INFO  c.b.p.a.a.v.c.VendedoresRestAdapter - GET /vendedores - Obtener todos los vendedores
2026-05-10 12:21:53 [http-nio-3000-exec-2] DEBUG c.b.p.a.d.v.s.GestionVendedoresService - Obteniendo todos los vendedores
2026-05-10 12:21:53 [http-nio-3000-exec-6] INFO  c.b.p.a.a.p.c.ProductosRestAdapter - GET /productos/stock-bajo - Consultando alertas con umbral: 100
2026-05-10 12:21:53 [http-nio-3000-exec-6] DEBUG c.b.p.a.d.p.s.GestionProductosService - Obteniendo productos con stock bajo. Umbral: 100
2026-05-10 12:21:53 [http-nio-3000-exec-9] DEBUG c.b.p.a.d.p.s.GestionProductosService - Se obtuvieron 25 productos
2026-05-10 12:21:53 [http-nio-3000-exec-9] DEBUG c.b.p.a.a.p.c.ProductosRestAdapter - Se obtuvieron 25 productos
2026-05-10 12:21:53 [http-nio-3000-exec-2] DEBUG c.b.p.a.d.v.s.GestionVendedoresService - Se obtuvieron 10 vendedores
2026-05-10 12:21:53 [http-nio-3000-exec-2] DEBUG c.b.p.a.a.v.c.VendedoresRestAdapter - Se obtuvieron 10 vendedores
2026-05-10 12:21:53 [http-nio-3000-exec-6] DEBUG c.b.p.a.d.p.s.GestionProductosService - Se encontraron 24 productos con stock bajo
2026-05-10 12:21:58 [http-nio-3000-exec-8] INFO  c.b.p.a.a.v.c.VendedoresRestAdapter - GET /vendedores - Obtener todos los vendedores
2026-05-10 12:21:58 [http-nio-3000-exec-8] DEBUG c.b.p.a.d.v.s.GestionVendedoresService - Obteniendo todos los vendedores
2026-05-10 12:21:58 [http-nio-3000-exec-8] DEBUG c.b.p.a.d.v.s.GestionVendedoresService - Se obtuvieron 10 vendedores
2026-05-10 12:21:58 [http-nio-3000-exec-8] DEBUG c.b.p.a.a.v.c.VendedoresRestAdapter - Se obtuvieron 10 vendedores
2026-05-10 12:21:58 [http-nio-3000-exec-3] DEBUG c.b.p.a.d.a.s.AutorizacionAuthService - Obteniendo perfil por token
2026-05-10 12:21:58 [http-nio-3000-exec-10] INFO  c.b.p.a.a.ventas.VentaRestAdapter - GET /ventas/cierre-jornada - Obtener cierre de jornada para vendedor 0b9544ca-bfbe-4335-821c-5c8eb4b553b2 y fecha 2026-05-10
2026-05-10 12:21:58 [http-nio-3000-exec-10] INFO  c.b.p.a.d.v.s.GestionVentasService - Obteniendo resumen de cierre de jornada para vendedor 0b9544ca-bfbe-4335-821c-5c8eb4b553b2 en fecha 2026-05-10
2026-05-10 12:21:58 [http-nio-3000-exec-4] DEBUG c.b.p.a.d.a.s.AutorizacionAuthService - Obteniendo perfil por token
2026-05-10 12:21:58 [http-nio-3000-exec-1] INFO  c.b.p.a.a.c.CierreJornadaRestAdapter - GET /cierres/vendedor/0b9544ca-bfbe-4335-821c-5c8eb4b553b2 - Historial de cierres
2026-05-10 12:21:58 [http-nio-3000-exec-9] DEBUG c.b.p.a.a.c.c.ClientesRestAdapter - Obteniendo clientes; vendedorId=0b9544ca-bfbe-4335-821c-5c8eb4b553b2
2026-05-10 12:21:58 [http-nio-3000-exec-9] DEBUG c.b.p.a.d.c.s.GestionClientesService - Obteniendo clientes por vendedor: 0b9544ca-bfbe-4335-821c-5c8eb4b553b2
2026-05-10 12:21:58 [http-nio-3000-exec-9] DEBUG c.b.p.a.i.p.s.a.SupabaseClienteRepositoryAdapter - Obteniendo clientes por vendedorId=0b9544ca-bfbe-4335-821c-5c8eb4b553b2
2026-05-10 12:21:58 [http-nio-3000-exec-2] INFO  c.b.p.a.a.ventas.VentaRestAdapter - GET /ventas/cierre-jornada - Obtener cierre de jornada para vendedor 2ab0631c-da17-4bd8-b9b9-237de54711c6 y fecha 2026-05-10
2026-05-10 12:21:58 [http-nio-3000-exec-2] INFO  c.b.p.a.d.v.s.GestionVentasService - Obteniendo resumen de cierre de jornada para vendedor 2ab0631c-da17-4bd8-b9b9-237de54711c6 en fecha 2026-05-10
2026-05-10 12:21:58 [http-nio-3000-exec-6] INFO  c.b.p.a.a.c.CierreJornadaRestAdapter - GET /cierres/vendedor/2ab0631c-da17-4bd8-b9b9-237de54711c6 - Historial de cierres
2026-05-10 12:21:58 [http-nio-3000-exec-8] DEBUG c.b.p.a.d.a.s.AutorizacionAuthService - Obteniendo perfil por token
2026-05-10 12:21:58 [http-nio-3000-exec-3] DEBUG c.b.p.a.d.a.s.AutorizacionAuthService - Perfil obtenido exitosamente para usuario ID: f2dc5b92-7ded-4c42-9e5a-d8a22aaf4a3a
2026-05-10 12:21:58 [http-nio-3000-exec-3] INFO  c.b.p.a.a.i.c.InventarioRestAdapter - GET /inventario/vendedor/0b9544ca-bfbe-4335-821c-5c8eb4b553b2 - consulta por mateovargas220705@gmail.com
2026-05-10 12:21:58 [http-nio-3000-exec-3] INFO  c.b.p.a.d.i.s.GestionInventarioService - Consultando cargas por vendedor: 0b9544ca-bfbe-4335-821c-5c8eb4b553b2
2026-05-10 12:21:58 [http-nio-3000-exec-3] DEBUG c.b.p.a.i.p.s.a.SupabaseAsignacionRepositoryAdapter - Consultando asignaciones por vendedor: 0b9544ca-bfbe-4335-821c-5c8eb4b553b2
2026-05-10 12:21:58 [http-nio-3000-exec-4] DEBUG c.b.p.a.d.a.s.AutorizacionAuthService - Perfil obtenido exitosamente para usuario ID: f2dc5b92-7ded-4c42-9e5a-d8a22aaf4a3a
2026-05-10 12:21:58 [http-nio-3000-exec-4] INFO  c.b.p.a.a.i.c.InventarioRestAdapter - GET /inventario/vendedor/2ab0631c-da17-4bd8-b9b9-237de54711c6 - consulta por mateovargas220705@gmail.com
2026-05-10 12:21:58 [http-nio-3000-exec-4] INFO  c.b.p.a.d.i.s.GestionInventarioService - Consultando cargas por vendedor: 2ab0631c-da17-4bd8-b9b9-237de54711c6
2026-05-10 12:21:58 [http-nio-3000-exec-4] DEBUG c.b.p.a.i.p.s.a.SupabaseAsignacionRepositoryAdapter - Consultando asignaciones por vendedor: 2ab0631c-da17-4bd8-b9b9-237de54711c6
2026-05-10 12:21:58 [http-nio-3000-exec-7] DEBUG c.b.p.a.a.c.c.ClientesRestAdapter - Obteniendo clientes; vendedorId=2ab0631c-da17-4bd8-b9b9-237de54711c6
2026-05-10 12:21:58 [http-nio-3000-exec-7] DEBUG c.b.p.a.d.c.s.GestionClientesService - Obteniendo clientes por vendedor: 2ab0631c-da17-4bd8-b9b9-237de54711c6
2026-05-10 12:21:58 [http-nio-3000-exec-7] DEBUG c.b.p.a.i.p.s.a.SupabaseClienteRepositoryAdapter - Obteniendo clientes por vendedorId=2ab0631c-da17-4bd8-b9b9-237de54711c6
2026-05-10 12:21:58 [http-nio-3000-exec-1] DEBUG c.b.p.a.d.a.s.AutorizacionAuthService - Obteniendo perfil por token
2026-05-10 12:21:58 [http-nio-3000-exec-9] INFO  c.b.p.a.a.ventas.VentaRestAdapter - GET /ventas/cierre-jornada - Obtener cierre de jornada para vendedor 6b0a5026-52f3-475a-a20f-5aacf94764f0 y fecha 2026-05-10
2026-05-10 12:21:58 [http-nio-3000-exec-9] INFO  c.b.p.a.d.v.s.GestionVentasService - Obteniendo resumen de cierre de jornada para vendedor 6b0a5026-52f3-475a-a20f-5aacf94764f0 en fecha 2026-05-10
2026-05-10 12:21:59 [http-nio-3000-exec-3] DEBUG c.b.p.a.i.p.s.a.SupabaseAsignacionRepositoryAdapter - Asignaciones encontradas para vendedor 0b9544ca-bfbe-4335-821c-5c8eb4b553b2: 1
2026-05-10 12:21:59 [http-nio-3000-exec-4] DEBUG c.b.p.a.i.p.s.a.SupabaseAsignacionRepositoryAdapter - Asignaciones encontradas para vendedor 2ab0631c-da17-4bd8-b9b9-237de54711c6: 9
2026-05-10 12:21:59 [http-nio-3000-exec-10] INFO  c.b.p.a.a.c.CierreJornadaRestAdapter - GET /cierres/vendedor/6b0a5026-52f3-475a-a20f-5aacf94764f0 - Historial de cierres
2026-05-10 12:21:59 [http-nio-3000-exec-2] INFO  c.b.p.a.a.ventas.VentaRestAdapter - GET /ventas/cierre-jornada - Obtener cierre de jornada para vendedor 5e0e4eff-aec3-46df-a77e-d4feeb19394c y fecha 2026-05-10
2026-05-10 12:21:59 [http-nio-3000-exec-2] INFO  c.b.p.a.d.v.s.GestionVentasService - Obteniendo resumen de cierre de jornada para vendedor 5e0e4eff-aec3-46df-a77e-d4feeb19394c en fecha 2026-05-10
2026-05-10 12:21:59 [http-nio-3000-exec-5] INFO  c.b.p.a.a.c.CierreJornadaRestAdapter - GET /cierres/vendedor/5e0e4eff-aec3-46df-a77e-d4feeb19394c - Historial de cierres
2026-05-10 12:21:59 [http-nio-3000-exec-8] DEBUG c.b.p.a.d.a.s.AutorizacionAuthService - Perfil obtenido exitosamente para usuario ID: f2dc5b92-7ded-4c42-9e5a-d8a22aaf4a3a
2026-05-10 12:21:59 [http-nio-3000-exec-8] INFO  c.b.p.a.a.i.c.InventarioRestAdapter - GET /inventario/vendedor/5e0e4eff-aec3-46df-a77e-d4feeb19394c - consulta por mateovargas220705@gmail.com
2026-05-10 12:21:59 [http-nio-3000-exec-8] INFO  c.b.p.a.d.i.s.GestionInventarioService - Consultando cargas por vendedor: 5e0e4eff-aec3-46df-a77e-d4feeb19394c
2026-05-10 12:21:59 [http-nio-3000-exec-8] DEBUG c.b.p.a.i.p.s.a.SupabaseAsignacionRepositoryAdapter - Consultando asignaciones por vendedor: 5e0e4eff-aec3-46df-a77e-d4feeb19394c
2026-05-10 12:21:59 [http-nio-3000-exec-3] DEBUG c.b.p.a.a.c.c.ClientesRestAdapter - Obteniendo clientes; vendedorId=6b0a5026-52f3-475a-a20f-5aacf94764f0
2026-05-10 12:21:59 [http-nio-3000-exec-3] DEBUG c.b.p.a.d.c.s.GestionClientesService - Obteniendo clientes por vendedor: 6b0a5026-52f3-475a-a20f-5aacf94764f0
2026-05-10 12:21:59 [http-nio-3000-exec-3] DEBUG c.b.p.a.i.p.s.a.SupabaseClienteRepositoryAdapter - Obteniendo clientes por vendedorId=6b0a5026-52f3-475a-a20f-5aacf94764f0
2026-05-10 12:21:59 [http-nio-3000-exec-4] INFO  c.b.p.a.a.c.CierreJornadaRestAdapter - GET /cierres/vendedor/73ed0c2b-851c-44c8-a08b-ded6f61924f9 - Historial de cierres
2026-05-10 12:21:59 [http-nio-3000-exec-1] DEBUG c.b.p.a.d.a.s.AutorizacionAuthService - Perfil obtenido exitosamente para usuario ID: f2dc5b92-7ded-4c42-9e5a-d8a22aaf4a3a
2026-05-10 12:21:59 [http-nio-3000-exec-1] INFO  c.b.p.a.a.i.c.InventarioRestAdapter - GET /inventario/vendedor/6b0a5026-52f3-475a-a20f-5aacf94764f0 - consulta por mateovargas220705@gmail.com
2026-05-10 12:21:59 [http-nio-3000-exec-1] INFO  c.b.p.a.d.i.s.GestionInventarioService - Consultando cargas por vendedor: 6b0a5026-52f3-475a-a20f-5aacf94764f0
2026-05-10 12:21:59 [http-nio-3000-exec-1] DEBUG c.b.p.a.i.p.s.a.SupabaseAsignacionRepositoryAdapter - Consultando asignaciones por vendedor: 6b0a5026-52f3-475a-a20f-5aacf94764f0
2026-05-10 12:21:59 [http-nio-3000-exec-8] DEBUG c.b.p.a.i.p.s.a.SupabaseAsignacionRepositoryAdapter - Asignaciones encontradas para vendedor 5e0e4eff-aec3-46df-a77e-d4feeb19394c: 4
2026-05-10 12:21:59 [http-nio-3000-exec-7] INFO  c.b.p.a.a.ventas.VentaRestAdapter - GET /ventas/cierre-jornada - Obtener cierre de jornada para vendedor 73ed0c2b-851c-44c8-a08b-ded6f61924f9 y fecha 2026-05-10
2026-05-10 12:21:59 [http-nio-3000-exec-7] INFO  c.b.p.a.d.v.s.GestionVentasService - Obteniendo resumen de cierre de jornada para vendedor 73ed0c2b-851c-44c8-a08b-ded6f61924f9 en fecha 2026-05-10
2026-05-10 12:21:59 [http-nio-3000-exec-6] DEBUG c.b.p.a.d.a.s.AutorizacionAuthService - Obteniendo perfil por token
2026-05-10 12:21:59 [http-nio-3000-exec-1] DEBUG c.b.p.a.i.p.s.a.SupabaseAsignacionRepositoryAdapter - Asignaciones encontradas para vendedor 6b0a5026-52f3-475a-a20f-5aacf94764f0: 31
2026-05-10 12:21:59 [http-nio-3000-exec-5] DEBUG c.b.p.a.d.a.s.AutorizacionAuthService - Obteniendo perfil por token
2026-05-10 12:21:59 [http-nio-3000-exec-8] INFO  c.b.p.a.a.ventas.VentaRestAdapter - GET /ventas/cierre-jornada - Obtener cierre de jornada para vendedor 7ca8780f-864c-4179-8c8a-9d8ae55b6df8 y fecha 2026-05-10
2026-05-10 12:21:59 [http-nio-3000-exec-8] INFO  c.b.p.a.d.v.s.GestionVentasService - Obteniendo resumen de cierre de jornada para vendedor 7ca8780f-864c-4179-8c8a-9d8ae55b6df8 en fecha 2026-05-10
2026-05-10 12:21:59 [http-nio-3000-exec-3] INFO  c.b.p.a.a.c.CierreJornadaRestAdapter - GET /cierres/vendedor/7ca8780f-864c-4179-8c8a-9d8ae55b6df8 - Historial de cierres
2026-05-10 12:21:59 [http-nio-3000-exec-10] DEBUG c.b.p.a.d.a.s.AutorizacionAuthService - Obteniendo perfil por token
2026-05-10 12:21:59 [http-nio-3000-exec-1] INFO  c.b.p.a.a.c.CierreJornadaRestAdapter - GET /cierres/vendedor/7dec6fc9-8ddc-48c6-86a3-a1dbfc46f80e - Historial de cierres
2026-05-10 12:22:00 [http-nio-3000-exec-5] DEBUG c.b.p.a.d.a.s.AutorizacionAuthService - Perfil obtenido exitosamente para usuario ID: f2dc5b92-7ded-4c42-9e5a-d8a22aaf4a3a
2026-05-10 12:22:00 [http-nio-3000-exec-5] INFO  c.b.p.a.a.i.c.InventarioRestAdapter - GET /inventario/vendedor/7ca8780f-864c-4179-8c8a-9d8ae55b6df8 - consulta por mateovargas220705@gmail.com
2026-05-10 12:22:00 [http-nio-3000-exec-5] INFO  c.b.p.a.d.i.s.GestionInventarioService - Consultando cargas por vendedor: 7ca8780f-864c-4179-8c8a-9d8ae55b6df8
2026-05-10 12:22:00 [http-nio-3000-exec-5] DEBUG c.b.p.a.i.p.s.a.SupabaseAsignacionRepositoryAdapter - Consultando asignaciones por vendedor: 7ca8780f-864c-4179-8c8a-9d8ae55b6df8
2026-05-10 12:22:00 [http-nio-3000-exec-10] DEBUG c.b.p.a.d.a.s.AutorizacionAuthService - Perfil obtenido exitosamente para usuario ID: f2dc5b92-7ded-4c42-9e5a-d8a22aaf4a3a
2026-05-10 12:22:00 [http-nio-3000-exec-6] DEBUG c.b.p.a.d.a.s.AutorizacionAuthService - Perfil obtenido exitosamente para usuario ID: f2dc5b92-7ded-4c42-9e5a-d8a22aaf4a3a
2026-05-10 12:22:00 [http-nio-3000-exec-9] INFO  c.b.p.a.a.ventas.VentaRestAdapter - GET /ventas/cierre-jornada - Obtener cierre de jornada para vendedor 7dec6fc9-8ddc-48c6-86a3-a1dbfc46f80e y fecha 2026-05-10
2026-05-10 12:22:00 [http-nio-3000-exec-10] INFO  c.b.p.a.a.i.c.InventarioRestAdapter - GET /inventario/vendedor/7dec6fc9-8ddc-48c6-86a3-a1dbfc46f80e - consulta por mateovargas220705@gmail.com
2026-05-10 12:22:00 [http-nio-3000-exec-6] INFO  c.b.p.a.a.i.c.InventarioRestAdapter - GET /inventario/vendedor/73ed0c2b-851c-44c8-a08b-ded6f61924f9 - consulta por mateovargas220705@gmail.com
2026-05-10 12:22:00 [http-nio-3000-exec-9] INFO  c.b.p.a.d.v.s.GestionVentasService - Obteniendo resumen de cierre de jornada para vendedor 7dec6fc9-8ddc-48c6-86a3-a1dbfc46f80e en fecha 2026-05-10
2026-05-10 12:22:00 [http-nio-3000-exec-10] INFO  c.b.p.a.d.i.s.GestionInventarioService - Consultando cargas por vendedor: 7dec6fc9-8ddc-48c6-86a3-a1dbfc46f80e
2026-05-10 12:22:00 [http-nio-3000-exec-6] INFO  c.b.p.a.d.i.s.GestionInventarioService - Consultando cargas por vendedor: 73ed0c2b-851c-44c8-a08b-ded6f61924f9
2026-05-10 12:22:00 [http-nio-3000-exec-6] DEBUG c.b.p.a.i.p.s.a.SupabaseAsignacionRepositoryAdapter - Consultando asignaciones por vendedor: 73ed0c2b-851c-44c8-a08b-ded6f61924f9
2026-05-10 12:22:00 [http-nio-3000-exec-10] DEBUG c.b.p.a.i.p.s.a.SupabaseAsignacionRepositoryAdapter - Consultando asignaciones por vendedor: 7dec6fc9-8ddc-48c6-86a3-a1dbfc46f80e
2026-05-10 12:22:00 [http-nio-3000-exec-4] DEBUG c.b.p.a.d.a.s.AutorizacionAuthService - Obteniendo perfil por token
2026-05-10 12:22:00 [http-nio-3000-exec-3] INFO  c.b.p.a.a.ventas.VentaRestAdapter - GET /ventas/cierre-jornada - Obtener cierre de jornada para vendedor 86676371-8389-4969-89b4-6a10d3e65cbd y fecha 2026-05-10
2026-05-10 12:22:00 [http-nio-3000-exec-3] INFO  c.b.p.a.d.v.s.GestionVentasService - Obteniendo resumen de cierre de jornada para vendedor 86676371-8389-4969-89b4-6a10d3e65cbd en fecha 2026-05-10
2026-05-10 12:22:00 [http-nio-3000-exec-5] DEBUG c.b.p.a.i.p.s.a.SupabaseAsignacionRepositoryAdapter - Asignaciones encontradas para vendedor 7ca8780f-864c-4179-8c8a-9d8ae55b6df8: 3
2026-05-10 12:22:00 [http-nio-3000-exec-1] INFO  c.b.p.a.a.c.CierreJornadaRestAdapter - GET /cierres/vendedor/86676371-8389-4969-89b4-6a10d3e65cbd - Historial de cierres
2026-05-10 12:22:00 [http-nio-3000-exec-6] DEBUG c.b.p.a.i.p.s.a.SupabaseAsignacionRepositoryAdapter - Asignaciones encontradas para vendedor 73ed0c2b-851c-44c8-a08b-ded6f61924f9: 4
2026-05-10 12:22:00 [http-nio-3000-exec-10] DEBUG c.b.p.a.i.p.s.a.SupabaseAsignacionRepositoryAdapter - Asignaciones encontradas para vendedor 7dec6fc9-8ddc-48c6-86a3-a1dbfc46f80e: 1
2026-05-10 12:22:00 [http-nio-3000-exec-8] DEBUG c.b.p.a.d.a.s.AutorizacionAuthService - Obteniendo perfil por token
2026-05-10 12:22:00 [http-nio-3000-exec-2] INFO  c.b.p.a.a.ventas.VentaRestAdapter - GET /ventas/cierre-jornada - Obtener cierre de jornada para vendedor 997e2337-32a6-4ba5-84fb-873ef1b6036f y fecha 2026-05-10
2026-05-10 12:22:00 [http-nio-3000-exec-2] INFO  c.b.p.a.d.v.s.GestionVentasService - Obteniendo resumen de cierre de jornada para vendedor 997e2337-32a6-4ba5-84fb-873ef1b6036f en fecha 2026-05-10
2026-05-10 12:22:00 [http-nio-3000-exec-5] INFO  c.b.p.a.a.c.CierreJornadaRestAdapter - GET /cierres/vendedor/997e2337-32a6-4ba5-84fb-873ef1b6036f - Historial de cierres
2026-05-10 12:22:00 [http-nio-3000-exec-6] INFO  c.b.p.a.a.c.CierreJornadaRestAdapter - GET /cierres/vendedor/c1cbc4b0-eafd-490a-be95-b1c42036ad16 - Historial de cierres
2026-05-10 12:22:00 [http-nio-3000-exec-10] INFO  c.b.p.a.a.ventas.VentaRestAdapter - GET /ventas - Listar ventas resumidas
2026-05-10 12:22:00 [http-nio-3000-exec-10] INFO  c.b.p.a.d.v.s.GestionVentasService - Obteniendo listado de ventas resumidas
2026-05-10 12:22:00 [http-nio-3000-exec-4] DEBUG c.b.p.a.d.a.s.AutorizacionAuthService - Perfil obtenido exitosamente para usuario ID: f2dc5b92-7ded-4c42-9e5a-d8a22aaf4a3a
2026-05-10 12:22:00 [http-nio-3000-exec-4] INFO  c.b.p.a.a.i.c.InventarioRestAdapter - GET /inventario/vendedor/86676371-8389-4969-89b4-6a10d3e65cbd - consulta por mateovargas220705@gmail.com
2026-05-10 12:22:00 [http-nio-3000-exec-4] INFO  c.b.p.a.d.i.s.GestionInventarioService - Consultando cargas por vendedor: 86676371-8389-4969-89b4-6a10d3e65cbd
2026-05-10 12:22:00 [http-nio-3000-exec-4] DEBUG c.b.p.a.i.p.s.a.SupabaseAsignacionRepositoryAdapter - Consultando asignaciones por vendedor: 86676371-8389-4969-89b4-6a10d3e65cbd
2026-05-10 12:22:00 [http-nio-3000-exec-7] DEBUG c.b.p.a.d.a.s.AutorizacionAuthService - Obteniendo perfil por token
2026-05-10 12:22:00 [http-nio-3000-exec-9] INFO  c.b.p.a.a.ventas.VentaRestAdapter - GET /ventas/cierre-jornada - Obtener cierre de jornada para vendedor c1cbc4b0-eafd-490a-be95-b1c42036ad16 y fecha 2026-05-10
2026-05-10 12:22:00 [http-nio-3000-exec-9] INFO  c.b.p.a.d.v.s.GestionVentasService - Obteniendo resumen de cierre de jornada para vendedor c1cbc4b0-eafd-490a-be95-b1c42036ad16 en fecha 2026-05-10
2026-05-10 12:22:00 [http-nio-3000-exec-8] DEBUG c.b.p.a.d.a.s.AutorizacionAuthService - Perfil obtenido exitosamente para usuario ID: f2dc5b92-7ded-4c42-9e5a-d8a22aaf4a3a
2026-05-10 12:22:00 [http-nio-3000-exec-8] INFO  c.b.p.a.a.i.c.InventarioRestAdapter - GET /inventario/vendedor/997e2337-32a6-4ba5-84fb-873ef1b6036f - consulta por mateovargas220705@gmail.com
2026-05-10 12:22:00 [http-nio-3000-exec-8] INFO  c.b.p.a.d.i.s.GestionInventarioService - Consultando cargas por vendedor: 997e2337-32a6-4ba5-84fb-873ef1b6036f
2026-05-10 12:22:00 [http-nio-3000-exec-8] DEBUG c.b.p.a.i.p.s.a.SupabaseAsignacionRepositoryAdapter - Consultando asignaciones por vendedor: 997e2337-32a6-4ba5-84fb-873ef1b6036f
2026-05-10 12:22:00 [http-nio-3000-exec-1] DEBUG c.b.p.a.a.c.c.ClientesRestAdapter - Obteniendo clientes; vendedorId=5e0e4eff-aec3-46df-a77e-d4feeb19394c
2026-05-10 12:22:00 [http-nio-3000-exec-1] DEBUG c.b.p.a.d.c.s.GestionClientesService - Obteniendo clientes por vendedor: 5e0e4eff-aec3-46df-a77e-d4feeb19394c
2026-05-10 12:22:00 [http-nio-3000-exec-1] DEBUG c.b.p.a.i.p.s.a.SupabaseClienteRepositoryAdapter - Obteniendo clientes por vendedorId=5e0e4eff-aec3-46df-a77e-d4feeb19394c
2026-05-10 12:22:00 [http-nio-3000-exec-4] DEBUG c.b.p.a.i.p.s.a.SupabaseAsignacionRepositoryAdapter - Asignaciones encontradas para vendedor 86676371-8389-4969-89b4-6a10d3e65cbd: 6
2026-05-10 12:22:00 [http-nio-3000-exec-3] DEBUG c.b.p.a.a.c.c.ClientesRestAdapter - Obteniendo clientes; vendedorId=73ed0c2b-851c-44c8-a08b-ded6f61924f9
2026-05-10 12:22:00 [http-nio-3000-exec-3] DEBUG c.b.p.a.d.c.s.GestionClientesService - Obteniendo clientes por vendedor: 73ed0c2b-851c-44c8-a08b-ded6f61924f9
2026-05-10 12:22:00 [http-nio-3000-exec-3] DEBUG c.b.p.a.i.p.s.a.SupabaseClienteRepositoryAdapter - Obteniendo clientes por vendedorId=73ed0c2b-851c-44c8-a08b-ded6f61924f9
2026-05-10 12:22:00 [http-nio-3000-exec-6] DEBUG c.b.p.a.a.c.c.ClientesRestAdapter - Obteniendo clientes; vendedorId=7ca8780f-864c-4179-8c8a-9d8ae55b6df8
2026-05-10 12:22:00 [http-nio-3000-exec-6] DEBUG c.b.p.a.d.c.s.GestionClientesService - Obteniendo clientes por vendedor: 7ca8780f-864c-4179-8c8a-9d8ae55b6df8
2026-05-10 12:22:00 [http-nio-3000-exec-6] DEBUG c.b.p.a.i.p.s.a.SupabaseClienteRepositoryAdapter - Obteniendo clientes por vendedorId=7ca8780f-864c-4179-8c8a-9d8ae55b6df8
2026-05-10 12:22:00 [http-nio-3000-exec-8] DEBUG c.b.p.a.i.p.s.a.SupabaseAsignacionRepositoryAdapter - Asignaciones encontradas para vendedor 997e2337-32a6-4ba5-84fb-873ef1b6036f: 1
2026-05-10 12:22:00 [http-nio-3000-exec-5] DEBUG c.b.p.a.a.c.c.ClientesRestAdapter - Obteniendo clientes; vendedorId=7dec6fc9-8ddc-48c6-86a3-a1dbfc46f80e
2026-05-10 12:22:00 [http-nio-3000-exec-5] DEBUG c.b.p.a.d.c.s.GestionClientesService - Obteniendo clientes por vendedor: 7dec6fc9-8ddc-48c6-86a3-a1dbfc46f80e
2026-05-10 12:22:00 [http-nio-3000-exec-5] DEBUG c.b.p.a.i.p.s.a.SupabaseClienteRepositoryAdapter - Obteniendo clientes por vendedorId=7dec6fc9-8ddc-48c6-86a3-a1dbfc46f80e
2026-05-10 12:22:00 [http-nio-3000-exec-2] DEBUG c.b.p.a.a.c.c.ClientesRestAdapter - Obteniendo clientes; vendedorId=86676371-8389-4969-89b4-6a10d3e65cbd
2026-05-10 12:22:00 [http-nio-3000-exec-2] DEBUG c.b.p.a.d.c.s.GestionClientesService - Obteniendo clientes por vendedor: 86676371-8389-4969-89b4-6a10d3e65cbd
2026-05-10 12:22:00 [http-nio-3000-exec-2] DEBUG c.b.p.a.i.p.s.a.SupabaseClienteRepositoryAdapter - Obteniendo clientes por vendedorId=86676371-8389-4969-89b4-6a10d3e65cbd
2026-05-10 12:22:00 [http-nio-3000-exec-10] DEBUG c.b.p.a.a.c.c.ClientesRestAdapter - Obteniendo clientes; vendedorId=997e2337-32a6-4ba5-84fb-873ef1b6036f
2026-05-10 12:22:00 [http-nio-3000-exec-10] DEBUG c.b.p.a.d.c.s.GestionClientesService - Obteniendo clientes por vendedor: 997e2337-32a6-4ba5-84fb-873ef1b6036f
2026-05-10 12:22:00 [http-nio-3000-exec-10] DEBUG c.b.p.a.i.p.s.a.SupabaseClienteRepositoryAdapter - Obteniendo clientes por vendedorId=997e2337-32a6-4ba5-84fb-873ef1b6036f
2026-05-10 12:22:00 [http-nio-3000-exec-4] DEBUG c.b.p.a.a.c.c.ClientesRestAdapter - Obteniendo clientes; vendedorId=c1cbc4b0-eafd-490a-be95-b1c42036ad16
2026-05-10 12:22:00 [http-nio-3000-exec-4] DEBUG c.b.p.a.d.c.s.GestionClientesService - Obteniendo clientes por vendedor: c1cbc4b0-eafd-490a-be95-b1c42036ad16
2026-05-10 12:22:00 [http-nio-3000-exec-4] DEBUG c.b.p.a.i.p.s.a.SupabaseClienteRepositoryAdapter - Obteniendo clientes por vendedorId=c1cbc4b0-eafd-490a-be95-b1c42036ad16
2026-05-10 12:22:00 [http-nio-3000-exec-7] DEBUG c.b.p.a.d.a.s.AutorizacionAuthService - Perfil obtenido exitosamente para usuario ID: f2dc5b92-7ded-4c42-9e5a-d8a22aaf4a3a
2026-05-10 12:22:00 [http-nio-3000-exec-7] INFO  c.b.p.a.a.i.c.InventarioRestAdapter - GET /inventario/vendedor/c1cbc4b0-eafd-490a-be95-b1c42036ad16 - consulta por mateovargas220705@gmail.com
2026-05-10 12:22:00 [http-nio-3000-exec-7] INFO  c.b.p.a.d.i.s.GestionInventarioService - Consultando cargas por vendedor: c1cbc4b0-eafd-490a-be95-b1c42036ad16
2026-05-10 12:22:00 [http-nio-3000-exec-7] DEBUG c.b.p.a.i.p.s.a.SupabaseAsignacionRepositoryAdapter - Consultando asignaciones por vendedor: c1cbc4b0-eafd-490a-be95-b1c42036ad16
2026-05-10 12:22:01 [http-nio-3000-exec-7] DEBUG c.b.p.a.i.p.s.a.SupabaseAsignacionRepositoryAdapter - Asignaciones encontradas para vendedor c1cbc4b0-eafd-490a-be95-b1c42036ad16: 1
2026-05-10 12:22:09 [http-nio-3000-exec-1] INFO  c.b.p.a.a.v.c.VendedoresRestAdapter - GET /vendedores - Obtener todos los vendedores
2026-05-10 12:22:09 [http-nio-3000-exec-8] INFO  c.b.p.a.a.p.c.ProductosRestAdapter - GET /productos - Obtener todos los productos
2026-05-10 12:22:09 [http-nio-3000-exec-1] DEBUG c.b.p.a.d.v.s.GestionVendedoresService - Obteniendo todos los vendedores
2026-05-10 12:22:09 [http-nio-3000-exec-8] DEBUG c.b.p.a.d.p.s.GestionProductosService - Obteniendo todos los productos
2026-05-10 12:22:09 [http-nio-3000-exec-3] INFO  c.b.p.a.a.p.c.ProductosRestAdapter - GET /productos/stock-bajo - Consultando alertas con umbral: 100
2026-05-10 12:22:09 [http-nio-3000-exec-3] DEBUG c.b.p.a.d.p.s.GestionProductosService - Obteniendo productos con stock bajo. Umbral: 100
2026-05-10 12:22:09 [http-nio-3000-exec-1] DEBUG c.b.p.a.d.v.s.GestionVendedoresService - Se obtuvieron 10 vendedores
2026-05-10 12:22:09 [http-nio-3000-exec-1] DEBUG c.b.p.a.a.v.c.VendedoresRestAdapter - Se obtuvieron 10 vendedores
2026-05-10 12:22:09 [http-nio-3000-exec-8] DEBUG c.b.p.a.d.p.s.GestionProductosService - Se obtuvieron 25 productos
2026-05-10 12:22:09 [http-nio-3000-exec-8] DEBUG c.b.p.a.a.p.c.ProductosRestAdapter - Se obtuvieron 25 productos
2026-05-10 12:22:09 [http-nio-3000-exec-3] DEBUG c.b.p.a.d.p.s.GestionProductosService - Se encontraron 24 productos con stock bajo
2026-05-10 12:22:11 [http-nio-3000-exec-6] INFO  c.b.p.a.a.v.c.VendedoresRestAdapter - GET /vendedores - Obtener todos los vendedores
2026-05-10 12:22:11 [http-nio-3000-exec-6] DEBUG c.b.p.a.d.v.s.GestionVendedoresService - Obteniendo todos los vendedores
2026-05-10 12:22:11 [http-nio-3000-exec-6] DEBUG c.b.p.a.d.v.s.GestionVendedoresService - Se obtuvieron 10 vendedores
2026-05-10 12:22:11 [http-nio-3000-exec-6] DEBUG c.b.p.a.a.v.c.VendedoresRestAdapter - Se obtuvieron 10 vendedores
2026-05-10 12:22:11 [http-nio-3000-exec-5] DEBUG c.b.p.a.d.a.s.AutorizacionAuthService - Obteniendo perfil por token
2026-05-10 12:22:11 [http-nio-3000-exec-9] INFO  c.b.p.a.a.ventas.VentaRestAdapter - GET /ventas/cierre-jornada - Obtener cierre de jornada para vendedor 0b9544ca-bfbe-4335-821c-5c8eb4b553b2 y fecha 2026-05-10
2026-05-10 12:22:11 [http-nio-3000-exec-2] INFO  c.b.p.a.a.c.CierreJornadaRestAdapter - GET /cierres/vendedor/0b9544ca-bfbe-4335-821c-5c8eb4b553b2 - Historial de cierres
2026-05-10 12:22:11 [http-nio-3000-exec-9] INFO  c.b.p.a.d.v.s.GestionVentasService - Obteniendo resumen de cierre de jornada para vendedor 0b9544ca-bfbe-4335-821c-5c8eb4b553b2 en fecha 2026-05-10
2026-05-10 12:22:11 [http-nio-3000-exec-10] DEBUG c.b.p.a.a.c.c.ClientesRestAdapter - Obteniendo clientes; vendedorId=0b9544ca-bfbe-4335-821c-5c8eb4b553b2
2026-05-10 12:22:11 [http-nio-3000-exec-10] DEBUG c.b.p.a.d.c.s.GestionClientesService - Obteniendo clientes por vendedor: 0b9544ca-bfbe-4335-821c-5c8eb4b553b2
2026-05-10 12:22:11 [http-nio-3000-exec-4] DEBUG c.b.p.a.d.a.s.AutorizacionAuthService - Obteniendo perfil por token
2026-05-10 12:22:11 [http-nio-3000-exec-7] INFO  c.b.p.a.a.ventas.VentaRestAdapter - GET /ventas/cierre-jornada - Obtener cierre de jornada para vendedor 2ab0631c-da17-4bd8-b9b9-237de54711c6 y fecha 2026-05-10
2026-05-10 12:22:11 [http-nio-3000-exec-10] DEBUG c.b.p.a.i.p.s.a.SupabaseClienteRepositoryAdapter - Obteniendo clientes por vendedorId=0b9544ca-bfbe-4335-821c-5c8eb4b553b2
2026-05-10 12:22:11 [http-nio-3000-exec-7] INFO  c.b.p.a.d.v.s.GestionVentasService - Obteniendo resumen de cierre de jornada para vendedor 2ab0631c-da17-4bd8-b9b9-237de54711c6 en fecha 2026-05-10
2026-05-10 12:22:11 [http-nio-3000-exec-1] INFO  c.b.p.a.a.c.CierreJornadaRestAdapter - GET /cierres/vendedor/2ab0631c-da17-4bd8-b9b9-237de54711c6 - Historial de cierres
2026-05-10 12:22:11 [http-nio-3000-exec-8] DEBUG c.b.p.a.a.c.c.ClientesRestAdapter - Obteniendo clientes; vendedorId=2ab0631c-da17-4bd8-b9b9-237de54711c6
2026-05-10 12:22:11 [http-nio-3000-exec-8] DEBUG c.b.p.a.d.c.s.GestionClientesService - Obteniendo clientes por vendedor: 2ab0631c-da17-4bd8-b9b9-237de54711c6
2026-05-10 12:22:11 [http-nio-3000-exec-8] DEBUG c.b.p.a.i.p.s.a.SupabaseClienteRepositoryAdapter - Obteniendo clientes por vendedorId=2ab0631c-da17-4bd8-b9b9-237de54711c6
2026-05-10 12:22:11 [http-nio-3000-exec-3] DEBUG c.b.p.a.d.a.s.AutorizacionAuthService - Obteniendo perfil por token
2026-05-10 12:22:11 [http-nio-3000-exec-5] DEBUG c.b.p.a.d.a.s.AutorizacionAuthService - Perfil obtenido exitosamente para usuario ID: f2dc5b92-7ded-4c42-9e5a-d8a22aaf4a3a
2026-05-10 12:22:11 [http-nio-3000-exec-5] INFO  c.b.p.a.a.i.c.InventarioRestAdapter - GET /inventario/vendedor/0b9544ca-bfbe-4335-821c-5c8eb4b553b2 - consulta por mateovargas220705@gmail.com
2026-05-10 12:22:11 [http-nio-3000-exec-5] INFO  c.b.p.a.d.i.s.GestionInventarioService - Consultando cargas por vendedor: 0b9544ca-bfbe-4335-821c-5c8eb4b553b2
2026-05-10 12:22:11 [http-nio-3000-exec-5] DEBUG c.b.p.a.i.p.s.a.SupabaseAsignacionRepositoryAdapter - Consultando asignaciones por vendedor: 0b9544ca-bfbe-4335-821c-5c8eb4b553b2
2026-05-10 12:22:11 [http-nio-3000-exec-4] DEBUG c.b.p.a.d.a.s.AutorizacionAuthService - Perfil obtenido exitosamente para usuario ID: f2dc5b92-7ded-4c42-9e5a-d8a22aaf4a3a
2026-05-10 12:22:11 [http-nio-3000-exec-6] INFO  c.b.p.a.a.ventas.VentaRestAdapter - GET /ventas/cierre-jornada - Obtener cierre de jornada para vendedor 5e0e4eff-aec3-46df-a77e-d4feeb19394c y fecha 2026-05-10
2026-05-10 12:22:11 [http-nio-3000-exec-4] INFO  c.b.p.a.a.i.c.InventarioRestAdapter - GET /inventario/vendedor/2ab0631c-da17-4bd8-b9b9-237de54711c6 - consulta por mateovargas220705@gmail.com
2026-05-10 12:22:11 [http-nio-3000-exec-6] INFO  c.b.p.a.d.v.s.GestionVentasService - Obteniendo resumen de cierre de jornada para vendedor 5e0e4eff-aec3-46df-a77e-d4feeb19394c en fecha 2026-05-10
2026-05-10 12:22:11 [http-nio-3000-exec-4] INFO  c.b.p.a.d.i.s.GestionInventarioService - Consultando cargas por vendedor: 2ab0631c-da17-4bd8-b9b9-237de54711c6
2026-05-10 12:22:11 [http-nio-3000-exec-4] DEBUG c.b.p.a.i.p.s.a.SupabaseAsignacionRepositoryAdapter - Consultando asignaciones por vendedor: 2ab0631c-da17-4bd8-b9b9-237de54711c6
2026-05-10 12:22:11 [http-nio-3000-exec-10] INFO  c.b.p.a.a.c.CierreJornadaRestAdapter - GET /cierres/vendedor/5e0e4eff-aec3-46df-a77e-d4feeb19394c - Historial de cierres
2026-05-10 12:22:11 [http-nio-3000-exec-2] DEBUG c.b.p.a.a.c.c.ClientesRestAdapter - Obteniendo clientes; vendedorId=5e0e4eff-aec3-46df-a77e-d4feeb19394c
2026-05-10 12:22:11 [http-nio-3000-exec-2] DEBUG c.b.p.a.d.c.s.GestionClientesService - Obteniendo clientes por vendedor: 5e0e4eff-aec3-46df-a77e-d4feeb19394c
2026-05-10 12:22:11 [http-nio-3000-exec-2] DEBUG c.b.p.a.i.p.s.a.SupabaseClienteRepositoryAdapter - Obteniendo clientes por vendedorId=5e0e4eff-aec3-46df-a77e-d4feeb19394c
2026-05-10 12:22:11 [http-nio-3000-exec-5] DEBUG c.b.p.a.i.p.s.a.SupabaseAsignacionRepositoryAdapter - Asignaciones encontradas para vendedor 0b9544ca-bfbe-4335-821c-5c8eb4b553b2: 1
2026-05-10 12:22:11 [http-nio-3000-exec-9] DEBUG c.b.p.a.d.a.s.AutorizacionAuthService - Obteniendo perfil por token
2026-05-10 12:22:11 [http-nio-3000-exec-4] DEBUG c.b.p.a.i.p.s.a.SupabaseAsignacionRepositoryAdapter - Asignaciones encontradas para vendedor 2ab0631c-da17-4bd8-b9b9-237de54711c6: 9
2026-05-10 12:22:11 [http-nio-3000-exec-7] INFO  c.b.p.a.a.ventas.VentaRestAdapter - GET /ventas/cierre-jornada - Obtener cierre de jornada para vendedor 6b0a5026-52f3-475a-a20f-5aacf94764f0 y fecha 2026-05-10
2026-05-10 12:22:11 [http-nio-3000-exec-7] INFO  c.b.p.a.d.v.s.GestionVentasService - Obteniendo resumen de cierre de jornada para vendedor 6b0a5026-52f3-475a-a20f-5aacf94764f0 en fecha 2026-05-10
2026-05-10 12:22:11 [http-nio-3000-exec-1] INFO  c.b.p.a.a.c.CierreJornadaRestAdapter - GET /cierres/vendedor/6b0a5026-52f3-475a-a20f-5aacf94764f0 - Historial de cierres
2026-05-10 12:22:11 [http-nio-3000-exec-8] DEBUG c.b.p.a.a.c.c.ClientesRestAdapter - Obteniendo clientes; vendedorId=6b0a5026-52f3-475a-a20f-5aacf94764f0
2026-05-10 12:22:11 [http-nio-3000-exec-8] DEBUG c.b.p.a.d.c.s.GestionClientesService - Obteniendo clientes por vendedor: 6b0a5026-52f3-475a-a20f-5aacf94764f0
2026-05-10 12:22:11 [http-nio-3000-exec-8] DEBUG c.b.p.a.i.p.s.a.SupabaseClienteRepositoryAdapter - Obteniendo clientes por vendedorId=6b0a5026-52f3-475a-a20f-5aacf94764f0
2026-05-10 12:22:11 [http-nio-3000-exec-3] DEBUG c.b.p.a.d.a.s.AutorizacionAuthService - Perfil obtenido exitosamente para usuario ID: f2dc5b92-7ded-4c42-9e5a-d8a22aaf4a3a
2026-05-10 12:22:11 [http-nio-3000-exec-3] INFO  c.b.p.a.a.i.c.InventarioRestAdapter - GET /inventario/vendedor/5e0e4eff-aec3-46df-a77e-d4feeb19394c - consulta por mateovargas220705@gmail.com
2026-05-10 12:22:11 [http-nio-3000-exec-3] INFO  c.b.p.a.d.i.s.GestionInventarioService - Consultando cargas por vendedor: 5e0e4eff-aec3-46df-a77e-d4feeb19394c
2026-05-10 12:22:11 [http-nio-3000-exec-3] DEBUG c.b.p.a.i.p.s.a.SupabaseAsignacionRepositoryAdapter - Consultando asignaciones por vendedor: 5e0e4eff-aec3-46df-a77e-d4feeb19394c
2026-05-10 12:22:12 [http-nio-3000-exec-5] DEBUG c.b.p.a.d.a.s.AutorizacionAuthService - Obteniendo perfil por token
2026-05-10 12:22:12 [http-nio-3000-exec-4] INFO  c.b.p.a.a.ventas.VentaRestAdapter - GET /ventas/cierre-jornada - Obtener cierre de jornada para vendedor 73ed0c2b-851c-44c8-a08b-ded6f61924f9 y fecha 2026-05-10
2026-05-10 12:22:12 [http-nio-3000-exec-4] INFO  c.b.p.a.d.v.s.GestionVentasService - Obteniendo resumen de cierre de jornada para vendedor 73ed0c2b-851c-44c8-a08b-ded6f61924f9 en fecha 2026-05-10
2026-05-10 12:22:12 [http-nio-3000-exec-3] DEBUG c.b.p.a.i.p.s.a.SupabaseAsignacionRepositoryAdapter - Asignaciones encontradas para vendedor 5e0e4eff-aec3-46df-a77e-d4feeb19394c: 4
2026-05-10 12:22:12 [http-nio-3000-exec-9] DEBUG c.b.p.a.d.a.s.AutorizacionAuthService - Perfil obtenido exitosamente para usuario ID: f2dc5b92-7ded-4c42-9e5a-d8a22aaf4a3a
2026-05-10 12:22:12 [http-nio-3000-exec-9] INFO  c.b.p.a.a.i.c.InventarioRestAdapter - GET /inventario/vendedor/6b0a5026-52f3-475a-a20f-5aacf94764f0 - consulta por mateovargas220705@gmail.com
2026-05-10 12:22:12 [http-nio-3000-exec-10] INFO  c.b.p.a.a.c.CierreJornadaRestAdapter - GET /cierres/vendedor/73ed0c2b-851c-44c8-a08b-ded6f61924f9 - Historial de cierres
2026-05-10 12:22:12 [http-nio-3000-exec-9] INFO  c.b.p.a.d.i.s.GestionInventarioService - Consultando cargas por vendedor: 6b0a5026-52f3-475a-a20f-5aacf94764f0
2026-05-10 12:22:12 [http-nio-3000-exec-9] DEBUG c.b.p.a.i.p.s.a.SupabaseAsignacionRepositoryAdapter - Consultando asignaciones por vendedor: 6b0a5026-52f3-475a-a20f-5aacf94764f0
2026-05-10 12:22:12 [http-nio-3000-exec-5] DEBUG c.b.p.a.d.a.s.AutorizacionAuthService - Perfil obtenido exitosamente para usuario ID: f2dc5b92-7ded-4c42-9e5a-d8a22aaf4a3a
2026-05-10 12:22:12 [http-nio-3000-exec-5] INFO  c.b.p.a.a.i.c.InventarioRestAdapter - GET /inventario/vendedor/73ed0c2b-851c-44c8-a08b-ded6f61924f9 - consulta por mateovargas220705@gmail.com
2026-05-10 12:22:12 [http-nio-3000-exec-5] INFO  c.b.p.a.d.i.s.GestionInventarioService - Consultando cargas por vendedor: 73ed0c2b-851c-44c8-a08b-ded6f61924f9
2026-05-10 12:22:12 [http-nio-3000-exec-5] DEBUG c.b.p.a.i.p.s.a.SupabaseAsignacionRepositoryAdapter - Consultando asignaciones por vendedor: 73ed0c2b-851c-44c8-a08b-ded6f61924f9
2026-05-10 12:22:12 [http-nio-3000-exec-9] DEBUG c.b.p.a.i.p.s.a.SupabaseAsignacionRepositoryAdapter - Asignaciones encontradas para vendedor 6b0a5026-52f3-475a-a20f-5aacf94764f0: 31
2026-05-10 12:22:12 [http-nio-3000-exec-2] DEBUG c.b.p.a.a.c.c.ClientesRestAdapter - Obteniendo clientes; vendedorId=73ed0c2b-851c-44c8-a08b-ded6f61924f9
2026-05-10 12:22:12 [http-nio-3000-exec-2] DEBUG c.b.p.a.d.c.s.GestionClientesService - Obteniendo clientes por vendedor: 73ed0c2b-851c-44c8-a08b-ded6f61924f9
2026-05-10 12:22:12 [http-nio-3000-exec-2] DEBUG c.b.p.a.i.p.s.a.SupabaseClienteRepositoryAdapter - Obteniendo clientes por vendedorId=73ed0c2b-851c-44c8-a08b-ded6f61924f9
2026-05-10 12:22:12 [http-nio-3000-exec-8] INFO  c.b.p.a.a.ventas.VentaRestAdapter - GET /ventas/cierre-jornada - Obtener cierre de jornada para vendedor 7ca8780f-864c-4179-8c8a-9d8ae55b6df8 y fecha 2026-05-10
2026-05-10 12:22:12 [http-nio-3000-exec-1] DEBUG c.b.p.a.d.a.s.AutorizacionAuthService - Obteniendo perfil por token
2026-05-10 12:22:12 [http-nio-3000-exec-3] INFO  c.b.p.a.a.c.CierreJornadaRestAdapter - GET /cierres/vendedor/7ca8780f-864c-4179-8c8a-9d8ae55b6df8 - Historial de cierres
2026-05-10 12:22:12 [http-nio-3000-exec-8] INFO  c.b.p.a.d.v.s.GestionVentasService - Obteniendo resumen de cierre de jornada para vendedor 7ca8780f-864c-4179-8c8a-9d8ae55b6df8 en fecha 2026-05-10
2026-05-10 12:22:12 [http-nio-3000-exec-5] DEBUG c.b.p.a.i.p.s.a.SupabaseAsignacionRepositoryAdapter - Asignaciones encontradas para vendedor 73ed0c2b-851c-44c8-a08b-ded6f61924f9: 4
2026-05-10 12:22:12 [http-nio-3000-exec-6] DEBUG c.b.p.a.a.c.c.ClientesRestAdapter - Obteniendo clientes; vendedorId=7ca8780f-864c-4179-8c8a-9d8ae55b6df8
2026-05-10 12:22:12 [http-nio-3000-exec-6] DEBUG c.b.p.a.d.c.s.GestionClientesService - Obteniendo clientes por vendedor: 7ca8780f-864c-4179-8c8a-9d8ae55b6df8
2026-05-10 12:22:12 [http-nio-3000-exec-6] DEBUG c.b.p.a.i.p.s.a.SupabaseClienteRepositoryAdapter - Obteniendo clientes por vendedorId=7ca8780f-864c-4179-8c8a-9d8ae55b6df8
2026-05-10 12:22:12 [http-nio-3000-exec-10] DEBUG c.b.p.a.d.a.s.AutorizacionAuthService - Obteniendo perfil por token
2026-05-10 12:22:12 [http-nio-3000-exec-4] INFO  c.b.p.a.a.ventas.VentaRestAdapter - GET /ventas/cierre-jornada - Obtener cierre de jornada para vendedor 7dec6fc9-8ddc-48c6-86a3-a1dbfc46f80e y fecha 2026-05-10
2026-05-10 12:22:12 [http-nio-3000-exec-4] INFO  c.b.p.a.d.v.s.GestionVentasService - Obteniendo resumen de cierre de jornada para vendedor 7dec6fc9-8ddc-48c6-86a3-a1dbfc46f80e en fecha 2026-05-10
2026-05-10 12:22:12 [http-nio-3000-exec-9] INFO  c.b.p.a.a.c.CierreJornadaRestAdapter - GET /cierres/vendedor/7dec6fc9-8ddc-48c6-86a3-a1dbfc46f80e - Historial de cierres
2026-05-10 12:22:12 [http-nio-3000-exec-5] DEBUG c.b.p.a.a.c.c.ClientesRestAdapter - Obteniendo clientes; vendedorId=7dec6fc9-8ddc-48c6-86a3-a1dbfc46f80e
2026-05-10 12:22:12 [http-nio-3000-exec-5] DEBUG c.b.p.a.d.c.s.GestionClientesService - Obteniendo clientes por vendedor: 7dec6fc9-8ddc-48c6-86a3-a1dbfc46f80e
2026-05-10 12:22:12 [http-nio-3000-exec-5] DEBUG c.b.p.a.i.p.s.a.SupabaseClienteRepositoryAdapter - Obteniendo clientes por vendedorId=7dec6fc9-8ddc-48c6-86a3-a1dbfc46f80e
2026-05-10 12:22:12 [http-nio-3000-exec-7] DEBUG c.b.p.a.d.a.s.AutorizacionAuthService - Obteniendo perfil por token
2026-05-10 12:22:12 [http-nio-3000-exec-3] INFO  c.b.p.a.a.ventas.VentaRestAdapter - GET /ventas/cierre-jornada - Obtener cierre de jornada para vendedor 86676371-8389-4969-89b4-6a10d3e65cbd y fecha 2026-05-10
2026-05-10 12:22:12 [http-nio-3000-exec-3] INFO  c.b.p.a.d.v.s.GestionVentasService - Obteniendo resumen de cierre de jornada para vendedor 86676371-8389-4969-89b4-6a10d3e65cbd en fecha 2026-05-10
2026-05-10 12:22:12 [http-nio-3000-exec-1] DEBUG c.b.p.a.d.a.s.AutorizacionAuthService - Perfil obtenido exitosamente para usuario ID: f2dc5b92-7ded-4c42-9e5a-d8a22aaf4a3a
2026-05-10 12:22:12 [http-nio-3000-exec-1] INFO  c.b.p.a.a.i.c.InventarioRestAdapter - GET /inventario/vendedor/7ca8780f-864c-4179-8c8a-9d8ae55b6df8 - consulta por mateovargas220705@gmail.com
2026-05-10 12:22:12 [http-nio-3000-exec-1] INFO  c.b.p.a.d.i.s.GestionInventarioService - Consultando cargas por vendedor: 7ca8780f-864c-4179-8c8a-9d8ae55b6df8
2026-05-10 12:22:12 [http-nio-3000-exec-1] DEBUG c.b.p.a.i.p.s.a.SupabaseAsignacionRepositoryAdapter - Consultando asignaciones por vendedor: 7ca8780f-864c-4179-8c8a-9d8ae55b6df8
2026-05-10 12:22:12 [http-nio-3000-exec-10] DEBUG c.b.p.a.d.a.s.AutorizacionAuthService - Perfil obtenido exitosamente para usuario ID: f2dc5b92-7ded-4c42-9e5a-d8a22aaf4a3a
2026-05-10 12:22:12 [http-nio-3000-exec-10] INFO  c.b.p.a.a.i.c.InventarioRestAdapter - GET /inventario/vendedor/7dec6fc9-8ddc-48c6-86a3-a1dbfc46f80e - consulta por mateovargas220705@gmail.com
2026-05-10 12:22:12 [http-nio-3000-exec-10] INFO  c.b.p.a.d.i.s.GestionInventarioService - Consultando cargas por vendedor: 7dec6fc9-8ddc-48c6-86a3-a1dbfc46f80e
2026-05-10 12:22:12 [http-nio-3000-exec-10] DEBUG c.b.p.a.i.p.s.a.SupabaseAsignacionRepositoryAdapter - Consultando asignaciones por vendedor: 7dec6fc9-8ddc-48c6-86a3-a1dbfc46f80e
2026-05-10 12:22:12 [http-nio-3000-exec-2] INFO  c.b.p.a.a.c.CierreJornadaRestAdapter - GET /cierres/vendedor/86676371-8389-4969-89b4-6a10d3e65cbd - Historial de cierres
2026-05-10 12:22:12 [http-nio-3000-exec-6] DEBUG c.b.p.a.a.c.c.ClientesRestAdapter - Obteniendo clientes; vendedorId=86676371-8389-4969-89b4-6a10d3e65cbd
2026-05-10 12:22:12 [http-nio-3000-exec-6] DEBUG c.b.p.a.d.c.s.GestionClientesService - Obteniendo clientes por vendedor: 86676371-8389-4969-89b4-6a10d3e65cbd
2026-05-10 12:22:12 [http-nio-3000-exec-6] DEBUG c.b.p.a.i.p.s.a.SupabaseClienteRepositoryAdapter - Obteniendo clientes por vendedorId=86676371-8389-4969-89b4-6a10d3e65cbd
2026-05-10 12:22:12 [http-nio-3000-exec-1] DEBUG c.b.p.a.i.p.s.a.SupabaseAsignacionRepositoryAdapter - Asignaciones encontradas para vendedor 7ca8780f-864c-4179-8c8a-9d8ae55b6df8: 3
2026-05-10 12:22:12 [http-nio-3000-exec-8] DEBUG c.b.p.a.d.a.s.AutorizacionAuthService - Obteniendo perfil por token
2026-05-10 12:22:13 [http-nio-3000-exec-10] DEBUG c.b.p.a.i.p.s.a.SupabaseAsignacionRepositoryAdapter - Asignaciones encontradas para vendedor 7dec6fc9-8ddc-48c6-86a3-a1dbfc46f80e: 1
2026-05-10 12:22:13 [http-nio-3000-exec-9] INFO  c.b.p.a.a.ventas.VentaRestAdapter - GET /ventas/cierre-jornada - Obtener cierre de jornada para vendedor 997e2337-32a6-4ba5-84fb-873ef1b6036f y fecha 2026-05-10
2026-05-10 12:22:13 [http-nio-3000-exec-9] INFO  c.b.p.a.d.v.s.GestionVentasService - Obteniendo resumen de cierre de jornada para vendedor 997e2337-32a6-4ba5-84fb-873ef1b6036f en fecha 2026-05-10
2026-05-10 12:22:13 [http-nio-3000-exec-4] INFO  c.b.p.a.a.c.CierreJornadaRestAdapter - GET /cierres/vendedor/997e2337-32a6-4ba5-84fb-873ef1b6036f - Historial de cierres
2026-05-10 12:22:13 [http-nio-3000-exec-5] DEBUG c.b.p.a.a.c.c.ClientesRestAdapter - Obteniendo clientes; vendedorId=997e2337-32a6-4ba5-84fb-873ef1b6036f
2026-05-10 12:22:13 [http-nio-3000-exec-5] DEBUG c.b.p.a.d.c.s.GestionClientesService - Obteniendo clientes por vendedor: 997e2337-32a6-4ba5-84fb-873ef1b6036f
2026-05-10 12:22:13 [http-nio-3000-exec-5] DEBUG c.b.p.a.i.p.s.a.SupabaseClienteRepositoryAdapter - Obteniendo clientes por vendedorId=997e2337-32a6-4ba5-84fb-873ef1b6036f
2026-05-10 12:22:13 [http-nio-3000-exec-1] DEBUG c.b.p.a.d.a.s.AutorizacionAuthService - Obteniendo perfil por token
2026-05-10 12:22:13 [http-nio-3000-exec-7] DEBUG c.b.p.a.d.a.s.AutorizacionAuthService - Perfil obtenido exitosamente para usuario ID: f2dc5b92-7ded-4c42-9e5a-d8a22aaf4a3a
2026-05-10 12:22:13 [http-nio-3000-exec-7] INFO  c.b.p.a.a.i.c.InventarioRestAdapter - GET /inventario/vendedor/86676371-8389-4969-89b4-6a10d3e65cbd - consulta por mateovargas220705@gmail.com
2026-05-10 12:22:13 [http-nio-3000-exec-7] INFO  c.b.p.a.d.i.s.GestionInventarioService - Consultando cargas por vendedor: 86676371-8389-4969-89b4-6a10d3e65cbd
2026-05-10 12:22:13 [http-nio-3000-exec-7] DEBUG c.b.p.a.i.p.s.a.SupabaseAsignacionRepositoryAdapter - Consultando asignaciones por vendedor: 86676371-8389-4969-89b4-6a10d3e65cbd
2026-05-10 12:22:13 [http-nio-3000-exec-10] INFO  c.b.p.a.a.ventas.VentaRestAdapter - GET /ventas/cierre-jornada - Obtener cierre de jornada para vendedor c1cbc4b0-eafd-490a-be95-b1c42036ad16 y fecha 2026-05-10
2026-05-10 12:22:13 [http-nio-3000-exec-10] INFO  c.b.p.a.d.v.s.GestionVentasService - Obteniendo resumen de cierre de jornada para vendedor c1cbc4b0-eafd-490a-be95-b1c42036ad16 en fecha 2026-05-10
2026-05-10 12:22:13 [http-nio-3000-exec-2] INFO  c.b.p.a.a.c.CierreJornadaRestAdapter - GET /cierres/vendedor/c1cbc4b0-eafd-490a-be95-b1c42036ad16 - Historial de cierres
2026-05-10 12:22:13 [http-nio-3000-exec-8] DEBUG c.b.p.a.d.a.s.AutorizacionAuthService - Perfil obtenido exitosamente para usuario ID: f2dc5b92-7ded-4c42-9e5a-d8a22aaf4a3a
2026-05-10 12:22:13 [http-nio-3000-exec-8] INFO  c.b.p.a.a.i.c.InventarioRestAdapter - GET /inventario/vendedor/997e2337-32a6-4ba5-84fb-873ef1b6036f - consulta por mateovargas220705@gmail.com
2026-05-10 12:22:13 [http-nio-3000-exec-8] INFO  c.b.p.a.d.i.s.GestionInventarioService - Consultando cargas por vendedor: 997e2337-32a6-4ba5-84fb-873ef1b6036f
2026-05-10 12:22:13 [http-nio-3000-exec-8] DEBUG c.b.p.a.i.p.s.a.SupabaseAsignacionRepositoryAdapter - Consultando asignaciones por vendedor: 997e2337-32a6-4ba5-84fb-873ef1b6036f
2026-05-10 12:22:13 [http-nio-3000-exec-7] DEBUG c.b.p.a.i.p.s.a.SupabaseAsignacionRepositoryAdapter - Asignaciones encontradas para vendedor 86676371-8389-4969-89b4-6a10d3e65cbd: 6
2026-05-10 12:22:13 [http-nio-3000-exec-6] DEBUG c.b.p.a.a.c.c.ClientesRestAdapter - Obteniendo clientes; vendedorId=c1cbc4b0-eafd-490a-be95-b1c42036ad16
2026-05-10 12:22:13 [http-nio-3000-exec-6] DEBUG c.b.p.a.d.c.s.GestionClientesService - Obteniendo clientes por vendedor: c1cbc4b0-eafd-490a-be95-b1c42036ad16
2026-05-10 12:22:13 [http-nio-3000-exec-6] DEBUG c.b.p.a.i.p.s.a.SupabaseClienteRepositoryAdapter - Obteniendo clientes por vendedorId=c1cbc4b0-eafd-490a-be95-b1c42036ad16
2026-05-10 12:22:13 [http-nio-3000-exec-8] DEBUG c.b.p.a.i.p.s.a.SupabaseAsignacionRepositoryAdapter - Asignaciones encontradas para vendedor 997e2337-32a6-4ba5-84fb-873ef1b6036f: 1
2026-05-10 12:22:13 [http-nio-3000-exec-3] INFO  c.b.p.a.a.ventas.VentaRestAdapter - GET /ventas - Listar ventas resumidas
2026-05-10 12:22:13 [http-nio-3000-exec-3] INFO  c.b.p.a.d.v.s.GestionVentasService - Obteniendo listado de ventas resumidas
2026-05-10 12:22:13 [http-nio-3000-exec-1] DEBUG c.b.p.a.d.a.s.AutorizacionAuthService - Perfil obtenido exitosamente para usuario ID: f2dc5b92-7ded-4c42-9e5a-d8a22aaf4a3a
2026-05-10 12:22:13 [http-nio-3000-exec-1] INFO  c.b.p.a.a.i.c.InventarioRestAdapter - GET /inventario/vendedor/c1cbc4b0-eafd-490a-be95-b1c42036ad16 - consulta por mateovargas220705@gmail.com
2026-05-10 12:22:13 [http-nio-3000-exec-1] INFO  c.b.p.a.d.i.s.GestionInventarioService - Consultando cargas por vendedor: c1cbc4b0-eafd-490a-be95-b1c42036ad16
2026-05-10 12:22:13 [http-nio-3000-exec-1] DEBUG c.b.p.a.i.p.s.a.SupabaseAsignacionRepositoryAdapter - Consultando asignaciones por vendedor: c1cbc4b0-eafd-490a-be95-b1c42036ad16
2026-05-10 12:22:14 [http-nio-3000-exec-1] DEBUG c.b.p.a.i.p.s.a.SupabaseAsignacionRepositoryAdapter - Asignaciones encontradas para vendedor c1cbc4b0-eafd-490a-be95-b1c42036ad16: 1
2026-05-10 12:30:19 [http-nio-3000-exec-6] INFO  c.b.p.a.a.v.c.VendedoresRestAdapter - GET /vendedores - Obtener todos los vendedores
2026-05-10 12:30:19 [http-nio-3000-exec-6] DEBUG c.b.p.a.d.v.s.GestionVendedoresService - Obteniendo todos los vendedores
2026-05-10 12:30:20 [http-nio-3000-exec-6] DEBUG c.b.p.a.d.v.s.GestionVendedoresService - Se obtuvieron 10 vendedores
2026-05-10 12:30:20 [http-nio-3000-exec-6] DEBUG c.b.p.a.a.v.c.VendedoresRestAdapter - Se obtuvieron 10 vendedores
2026-05-10 12:30:20 [http-nio-3000-exec-3] INFO  c.b.p.a.a.c.CierreJornadaRestAdapter - GET /cierres/vendedor/0b9544ca-bfbe-4335-821c-5c8eb4b553b2 - Historial de cierres
2026-05-10 12:30:20 [http-nio-3000-exec-1] INFO  c.b.p.a.a.ventas.VentaRestAdapter - GET /ventas/cierre-jornada - Obtener cierre de jornada para vendedor 0b9544ca-bfbe-4335-821c-5c8eb4b553b2 y fecha 2026-05-10
2026-05-10 12:30:20 [http-nio-3000-exec-5] INFO  c.b.p.a.a.ventas.VentaRestAdapter - GET /ventas/cierre-jornada - Obtener cierre de jornada para vendedor 2ab0631c-da17-4bd8-b9b9-237de54711c6 y fecha 2026-05-10
2026-05-10 12:30:20 [http-nio-3000-exec-1] INFO  c.b.p.a.d.v.s.GestionVentasService - Obteniendo resumen de cierre de jornada para vendedor 0b9544ca-bfbe-4335-821c-5c8eb4b553b2 en fecha 2026-05-10
2026-05-10 12:30:20 [http-nio-3000-exec-5] INFO  c.b.p.a.d.v.s.GestionVentasService - Obteniendo resumen de cierre de jornada para vendedor 2ab0631c-da17-4bd8-b9b9-237de54711c6 en fecha 2026-05-10
2026-05-10 12:30:20 [http-nio-3000-exec-7] DEBUG c.b.p.a.a.c.c.ClientesRestAdapter - Obteniendo clientes; vendedorId=0b9544ca-bfbe-4335-821c-5c8eb4b553b2
2026-05-10 12:30:20 [http-nio-3000-exec-10] DEBUG c.b.p.a.d.a.s.AutorizacionAuthService - Obteniendo perfil por token
2026-05-10 12:30:20 [http-nio-3000-exec-4] DEBUG c.b.p.a.d.a.s.AutorizacionAuthService - Obteniendo perfil por token
2026-05-10 12:30:20 [http-nio-3000-exec-7] DEBUG c.b.p.a.d.c.s.GestionClientesService - Obteniendo clientes por vendedor: 0b9544ca-bfbe-4335-821c-5c8eb4b553b2
2026-05-10 12:30:20 [http-nio-3000-exec-7] DEBUG c.b.p.a.i.p.s.a.SupabaseClienteRepositoryAdapter - Obteniendo clientes por vendedorId=0b9544ca-bfbe-4335-821c-5c8eb4b553b2
2026-05-10 12:30:21 [http-nio-3000-exec-9] INFO  c.b.p.a.a.c.CierreJornadaRestAdapter - GET /cierres/vendedor/2ab0631c-da17-4bd8-b9b9-237de54711c6 - Historial de cierres
2026-05-10 12:30:21 [http-nio-3000-exec-2] DEBUG c.b.p.a.a.c.c.ClientesRestAdapter - Obteniendo clientes; vendedorId=2ab0631c-da17-4bd8-b9b9-237de54711c6
2026-05-10 12:30:21 [http-nio-3000-exec-2] DEBUG c.b.p.a.d.c.s.GestionClientesService - Obteniendo clientes por vendedor: 2ab0631c-da17-4bd8-b9b9-237de54711c6
2026-05-10 12:30:21 [http-nio-3000-exec-2] DEBUG c.b.p.a.i.p.s.a.SupabaseClienteRepositoryAdapter - Obteniendo clientes por vendedorId=2ab0631c-da17-4bd8-b9b9-237de54711c6
2026-05-10 12:30:21 [http-nio-3000-exec-8] DEBUG c.b.p.a.d.a.s.AutorizacionAuthService - Obteniendo perfil por token
2026-05-10 12:30:21 [http-nio-3000-exec-6] INFO  c.b.p.a.a.ventas.VentaRestAdapter - GET /ventas/cierre-jornada - Obtener cierre de jornada para vendedor 5e0e4eff-aec3-46df-a77e-d4feeb19394c y fecha 2026-05-10
2026-05-10 12:30:21 [http-nio-3000-exec-6] INFO  c.b.p.a.d.v.s.GestionVentasService - Obteniendo resumen de cierre de jornada para vendedor 5e0e4eff-aec3-46df-a77e-d4feeb19394c en fecha 2026-05-10
2026-05-10 12:30:21 [http-nio-3000-exec-7] DEBUG c.b.p.a.a.c.c.ClientesRestAdapter - Obteniendo clientes; vendedorId=5e0e4eff-aec3-46df-a77e-d4feeb19394c
2026-05-10 12:30:21 [http-nio-3000-exec-7] DEBUG c.b.p.a.d.c.s.GestionClientesService - Obteniendo clientes por vendedor: 5e0e4eff-aec3-46df-a77e-d4feeb19394c
2026-05-10 12:30:21 [http-nio-3000-exec-7] DEBUG c.b.p.a.i.p.s.a.SupabaseClienteRepositoryAdapter - Obteniendo clientes por vendedorId=5e0e4eff-aec3-46df-a77e-d4feeb19394c
2026-05-10 12:30:21 [http-nio-3000-exec-4] DEBUG c.b.p.a.d.a.s.AutorizacionAuthService - Perfil obtenido exitosamente para usuario ID: f2dc5b92-7ded-4c42-9e5a-d8a22aaf4a3a
2026-05-10 12:30:21 [http-nio-3000-exec-4] INFO  c.b.p.a.a.i.c.InventarioRestAdapter - GET /inventario/vendedor/2ab0631c-da17-4bd8-b9b9-237de54711c6 - consulta por mateovargas220705@gmail.com
2026-05-10 12:30:21 [http-nio-3000-exec-3] INFO  c.b.p.a.a.c.CierreJornadaRestAdapter - GET /cierres/vendedor/5e0e4eff-aec3-46df-a77e-d4feeb19394c - Historial de cierres
2026-05-10 12:30:21 [http-nio-3000-exec-4] INFO  c.b.p.a.d.i.s.GestionInventarioService - Consultando cargas por vendedor: 2ab0631c-da17-4bd8-b9b9-237de54711c6
2026-05-10 12:30:21 [http-nio-3000-exec-4] DEBUG c.b.p.a.i.p.s.a.SupabaseAsignacionRepositoryAdapter - Consultando asignaciones por vendedor: 2ab0631c-da17-4bd8-b9b9-237de54711c6
2026-05-10 12:30:21 [http-nio-3000-exec-10] DEBUG c.b.p.a.d.a.s.AutorizacionAuthService - Perfil obtenido exitosamente para usuario ID: f2dc5b92-7ded-4c42-9e5a-d8a22aaf4a3a
2026-05-10 12:30:21 [http-nio-3000-exec-10] INFO  c.b.p.a.a.i.c.InventarioRestAdapter - GET /inventario/vendedor/0b9544ca-bfbe-4335-821c-5c8eb4b553b2 - consulta por mateovargas220705@gmail.com
2026-05-10 12:30:21 [http-nio-3000-exec-10] INFO  c.b.p.a.d.i.s.GestionInventarioService - Consultando cargas por vendedor: 0b9544ca-bfbe-4335-821c-5c8eb4b553b2
2026-05-10 12:30:21 [http-nio-3000-exec-10] DEBUG c.b.p.a.i.p.s.a.SupabaseAsignacionRepositoryAdapter - Consultando asignaciones por vendedor: 0b9544ca-bfbe-4335-821c-5c8eb4b553b2
2026-05-10 12:30:21 [http-nio-3000-exec-1] DEBUG c.b.p.a.d.a.s.AutorizacionAuthService - Obteniendo perfil por token
2026-05-10 12:30:21 [http-nio-3000-exec-4] DEBUG c.b.p.a.i.p.s.a.SupabaseAsignacionRepositoryAdapter - Asignaciones encontradas para vendedor 2ab0631c-da17-4bd8-b9b9-237de54711c6: 9
2026-05-10 12:30:21 [http-nio-3000-exec-10] DEBUG c.b.p.a.i.p.s.a.SupabaseAsignacionRepositoryAdapter - Asignaciones encontradas para vendedor 0b9544ca-bfbe-4335-821c-5c8eb4b553b2: 1
2026-05-10 12:30:21 [http-nio-3000-exec-2] INFO  c.b.p.a.a.ventas.VentaRestAdapter - GET /ventas/cierre-jornada - Obtener cierre de jornada para vendedor 6b0a5026-52f3-475a-a20f-5aacf94764f0 y fecha 2026-05-10
2026-05-10 12:30:21 [http-nio-3000-exec-2] INFO  c.b.p.a.d.v.s.GestionVentasService - Obteniendo resumen de cierre de jornada para vendedor 6b0a5026-52f3-475a-a20f-5aacf94764f0 en fecha 2026-05-10
2026-05-10 12:30:21 [http-nio-3000-exec-9] DEBUG c.b.p.a.a.c.c.ClientesRestAdapter - Obteniendo clientes; vendedorId=6b0a5026-52f3-475a-a20f-5aacf94764f0
2026-05-10 12:30:21 [http-nio-3000-exec-5] INFO  c.b.p.a.a.c.CierreJornadaRestAdapter - GET /cierres/vendedor/6b0a5026-52f3-475a-a20f-5aacf94764f0 - Historial de cierres
2026-05-10 12:30:21 [http-nio-3000-exec-9] DEBUG c.b.p.a.d.c.s.GestionClientesService - Obteniendo clientes por vendedor: 6b0a5026-52f3-475a-a20f-5aacf94764f0
2026-05-10 12:30:21 [http-nio-3000-exec-9] DEBUG c.b.p.a.i.p.s.a.SupabaseClienteRepositoryAdapter - Obteniendo clientes por vendedorId=6b0a5026-52f3-475a-a20f-5aacf94764f0
2026-05-10 12:30:21 [http-nio-3000-exec-8] DEBUG c.b.p.a.d.a.s.AutorizacionAuthService - Perfil obtenido exitosamente para usuario ID: f2dc5b92-7ded-4c42-9e5a-d8a22aaf4a3a
2026-05-10 12:30:21 [http-nio-3000-exec-8] INFO  c.b.p.a.a.i.c.InventarioRestAdapter - GET /inventario/vendedor/5e0e4eff-aec3-46df-a77e-d4feeb19394c - consulta por mateovargas220705@gmail.com
2026-05-10 12:30:21 [http-nio-3000-exec-8] INFO  c.b.p.a.d.i.s.GestionInventarioService - Consultando cargas por vendedor: 5e0e4eff-aec3-46df-a77e-d4feeb19394c
2026-05-10 12:30:21 [http-nio-3000-exec-8] DEBUG c.b.p.a.i.p.s.a.SupabaseAsignacionRepositoryAdapter - Consultando asignaciones por vendedor: 5e0e4eff-aec3-46df-a77e-d4feeb19394c
2026-05-10 12:30:21 [http-nio-3000-exec-8] DEBUG c.b.p.a.i.p.s.a.SupabaseAsignacionRepositoryAdapter - Asignaciones encontradas para vendedor 5e0e4eff-aec3-46df-a77e-d4feeb19394c: 4
2026-05-10 12:30:21 [http-nio-3000-exec-3] DEBUG c.b.p.a.d.a.s.AutorizacionAuthService - Obteniendo perfil por token
2026-05-10 12:30:21 [http-nio-3000-exec-7] INFO  c.b.p.a.a.ventas.VentaRestAdapter - GET /ventas/cierre-jornada - Obtener cierre de jornada para vendedor 73ed0c2b-851c-44c8-a08b-ded6f61924f9 y fecha 2026-05-10
2026-05-10 12:30:21 [http-nio-3000-exec-7] INFO  c.b.p.a.d.v.s.GestionVentasService - Obteniendo resumen de cierre de jornada para vendedor 73ed0c2b-851c-44c8-a08b-ded6f61924f9 en fecha 2026-05-10
2026-05-10 12:30:21 [http-nio-3000-exec-10] DEBUG c.b.p.a.d.a.s.AutorizacionAuthService - Obteniendo perfil por token
2026-05-10 12:30:22 [http-nio-3000-exec-1] DEBUG c.b.p.a.d.a.s.AutorizacionAuthService - Perfil obtenido exitosamente para usuario ID: f2dc5b92-7ded-4c42-9e5a-d8a22aaf4a3a
2026-05-10 12:30:22 [http-nio-3000-exec-1] INFO  c.b.p.a.a.i.c.InventarioRestAdapter - GET /inventario/vendedor/6b0a5026-52f3-475a-a20f-5aacf94764f0 - consulta por mateovargas220705@gmail.com
2026-05-10 12:30:22 [http-nio-3000-exec-1] INFO  c.b.p.a.d.i.s.GestionInventarioService - Consultando cargas por vendedor: 6b0a5026-52f3-475a-a20f-5aacf94764f0
2026-05-10 12:30:22 [http-nio-3000-exec-1] DEBUG c.b.p.a.i.p.s.a.SupabaseAsignacionRepositoryAdapter - Consultando asignaciones por vendedor: 6b0a5026-52f3-475a-a20f-5aacf94764f0
2026-05-10 12:30:22 [http-nio-3000-exec-4] INFO  c.b.p.a.a.c.CierreJornadaRestAdapter - GET /cierres/vendedor/73ed0c2b-851c-44c8-a08b-ded6f61924f9 - Historial de cierres
2026-05-10 12:30:22 [http-nio-3000-exec-1] DEBUG c.b.p.a.i.p.s.a.SupabaseAsignacionRepositoryAdapter - Asignaciones encontradas para vendedor 6b0a5026-52f3-475a-a20f-5aacf94764f0: 31
2026-05-10 12:30:22 [http-nio-3000-exec-9] DEBUG c.b.p.a.a.c.c.ClientesRestAdapter - Obteniendo clientes; vendedorId=73ed0c2b-851c-44c8-a08b-ded6f61924f9
2026-05-10 12:30:22 [http-nio-3000-exec-9] DEBUG c.b.p.a.d.c.s.GestionClientesService - Obteniendo clientes por vendedor: 73ed0c2b-851c-44c8-a08b-ded6f61924f9
2026-05-10 12:30:22 [http-nio-3000-exec-9] DEBUG c.b.p.a.i.p.s.a.SupabaseClienteRepositoryAdapter - Obteniendo clientes por vendedorId=73ed0c2b-851c-44c8-a08b-ded6f61924f9
2026-05-10 12:30:22 [http-nio-3000-exec-3] DEBUG c.b.p.a.d.a.s.AutorizacionAuthService - Perfil obtenido exitosamente para usuario ID: f2dc5b92-7ded-4c42-9e5a-d8a22aaf4a3a
2026-05-10 12:30:22 [http-nio-3000-exec-10] DEBUG c.b.p.a.d.a.s.AutorizacionAuthService - Perfil obtenido exitosamente para usuario ID: f2dc5b92-7ded-4c42-9e5a-d8a22aaf4a3a
2026-05-10 12:30:22 [http-nio-3000-exec-10] INFO  c.b.p.a.a.i.c.InventarioRestAdapter - GET /inventario/vendedor/7ca8780f-864c-4179-8c8a-9d8ae55b6df8 - consulta por mateovargas220705@gmail.com
2026-05-10 12:30:22 [http-nio-3000-exec-3] INFO  c.b.p.a.a.i.c.InventarioRestAdapter - GET /inventario/vendedor/73ed0c2b-851c-44c8-a08b-ded6f61924f9 - consulta por mateovargas220705@gmail.com
2026-05-10 12:30:22 [http-nio-3000-exec-10] INFO  c.b.p.a.d.i.s.GestionInventarioService - Consultando cargas por vendedor: 7ca8780f-864c-4179-8c8a-9d8ae55b6df8
2026-05-10 12:30:22 [http-nio-3000-exec-10] DEBUG c.b.p.a.i.p.s.a.SupabaseAsignacionRepositoryAdapter - Consultando asignaciones por vendedor: 7ca8780f-864c-4179-8c8a-9d8ae55b6df8
2026-05-10 12:30:22 [http-nio-3000-exec-3] INFO  c.b.p.a.d.i.s.GestionInventarioService - Consultando cargas por vendedor: 73ed0c2b-851c-44c8-a08b-ded6f61924f9
2026-05-10 12:30:22 [http-nio-3000-exec-3] DEBUG c.b.p.a.i.p.s.a.SupabaseAsignacionRepositoryAdapter - Consultando asignaciones por vendedor: 73ed0c2b-851c-44c8-a08b-ded6f61924f9
2026-05-10 12:30:22 [http-nio-3000-exec-8] INFO  c.b.p.a.a.c.CierreJornadaRestAdapter - GET /cierres/vendedor/7ca8780f-864c-4179-8c8a-9d8ae55b6df8 - Historial de cierres
2026-05-10 12:30:22 [http-nio-3000-exec-5] INFO  c.b.p.a.a.ventas.VentaRestAdapter - GET /ventas/cierre-jornada - Obtener cierre de jornada para vendedor 7ca8780f-864c-4179-8c8a-9d8ae55b6df8 y fecha 2026-05-10
2026-05-10 12:30:22 [http-nio-3000-exec-5] INFO  c.b.p.a.d.v.s.GestionVentasService - Obteniendo resumen de cierre de jornada para vendedor 7ca8780f-864c-4179-8c8a-9d8ae55b6df8 en fecha 2026-05-10
2026-05-10 12:30:22 [http-nio-3000-exec-6] DEBUG c.b.p.a.a.c.c.ClientesRestAdapter - Obteniendo clientes; vendedorId=7ca8780f-864c-4179-8c8a-9d8ae55b6df8
2026-05-10 12:30:22 [http-nio-3000-exec-6] DEBUG c.b.p.a.d.c.s.GestionClientesService - Obteniendo clientes por vendedor: 7ca8780f-864c-4179-8c8a-9d8ae55b6df8
2026-05-10 12:30:22 [http-nio-3000-exec-6] DEBUG c.b.p.a.i.p.s.a.SupabaseClienteRepositoryAdapter - Obteniendo clientes por vendedorId=7ca8780f-864c-4179-8c8a-9d8ae55b6df8
2026-05-10 12:30:22 [http-nio-3000-exec-1] DEBUG c.b.p.a.d.a.s.AutorizacionAuthService - Obteniendo perfil por token
2026-05-10 12:30:22 [http-nio-3000-exec-3] DEBUG c.b.p.a.i.p.s.a.SupabaseAsignacionRepositoryAdapter - Asignaciones encontradas para vendedor 73ed0c2b-851c-44c8-a08b-ded6f61924f9: 4
2026-05-10 12:30:22 [http-nio-3000-exec-10] DEBUG c.b.p.a.i.p.s.a.SupabaseAsignacionRepositoryAdapter - Asignaciones encontradas para vendedor 7ca8780f-864c-4179-8c8a-9d8ae55b6df8: 3
2026-05-10 12:30:22 [http-nio-3000-exec-7] INFO  c.b.p.a.a.ventas.VentaRestAdapter - GET /ventas/cierre-jornada - Obtener cierre de jornada para vendedor 7dec6fc9-8ddc-48c6-86a3-a1dbfc46f80e y fecha 2026-05-10
2026-05-10 12:30:22 [http-nio-3000-exec-7] INFO  c.b.p.a.d.v.s.GestionVentasService - Obteniendo resumen de cierre de jornada para vendedor 7dec6fc9-8ddc-48c6-86a3-a1dbfc46f80e en fecha 2026-05-10
2026-05-10 12:30:22 [http-nio-3000-exec-4] INFO  c.b.p.a.a.c.CierreJornadaRestAdapter - GET /cierres/vendedor/7dec6fc9-8ddc-48c6-86a3-a1dbfc46f80e - Historial de cierres
2026-05-10 12:30:22 [http-nio-3000-exec-9] DEBUG c.b.p.a.a.c.c.ClientesRestAdapter - Obteniendo clientes; vendedorId=7dec6fc9-8ddc-48c6-86a3-a1dbfc46f80e
2026-05-10 12:30:22 [http-nio-3000-exec-9] DEBUG c.b.p.a.d.c.s.GestionClientesService - Obteniendo clientes por vendedor: 7dec6fc9-8ddc-48c6-86a3-a1dbfc46f80e
2026-05-10 12:30:22 [http-nio-3000-exec-9] DEBUG c.b.p.a.i.p.s.a.SupabaseClienteRepositoryAdapter - Obteniendo clientes por vendedorId=7dec6fc9-8ddc-48c6-86a3-a1dbfc46f80e
2026-05-10 12:30:22 [http-nio-3000-exec-2] DEBUG c.b.p.a.d.a.s.AutorizacionAuthService - Obteniendo perfil por token
2026-05-10 12:30:22 [http-nio-3000-exec-10] INFO  c.b.p.a.a.c.CierreJornadaRestAdapter - GET /cierres/vendedor/86676371-8389-4969-89b4-6a10d3e65cbd - Historial de cierres
2026-05-10 12:30:22 [http-nio-3000-exec-8] DEBUG c.b.p.a.a.c.c.ClientesRestAdapter - Obteniendo clientes; vendedorId=86676371-8389-4969-89b4-6a10d3e65cbd
2026-05-10 12:30:22 [http-nio-3000-exec-8] DEBUG c.b.p.a.d.c.s.GestionClientesService - Obteniendo clientes por vendedor: 86676371-8389-4969-89b4-6a10d3e65cbd
2026-05-10 12:30:22 [http-nio-3000-exec-8] DEBUG c.b.p.a.i.p.s.a.SupabaseClienteRepositoryAdapter - Obteniendo clientes por vendedorId=86676371-8389-4969-89b4-6a10d3e65cbd
2026-05-10 12:30:22 [http-nio-3000-exec-3] INFO  c.b.p.a.a.ventas.VentaRestAdapter - GET /ventas/cierre-jornada - Obtener cierre de jornada para vendedor 86676371-8389-4969-89b4-6a10d3e65cbd y fecha 2026-05-10
2026-05-10 12:30:22 [http-nio-3000-exec-1] DEBUG c.b.p.a.d.a.s.AutorizacionAuthService - Perfil obtenido exitosamente para usuario ID: f2dc5b92-7ded-4c42-9e5a-d8a22aaf4a3a
2026-05-10 12:30:22 [http-nio-3000-exec-1] INFO  c.b.p.a.a.i.c.InventarioRestAdapter - GET /inventario/vendedor/7dec6fc9-8ddc-48c6-86a3-a1dbfc46f80e - consulta por mateovargas220705@gmail.com
2026-05-10 12:30:22 [http-nio-3000-exec-3] INFO  c.b.p.a.d.v.s.GestionVentasService - Obteniendo resumen de cierre de jornada para vendedor 86676371-8389-4969-89b4-6a10d3e65cbd en fecha 2026-05-10
2026-05-10 12:30:22 [http-nio-3000-exec-1] INFO  c.b.p.a.d.i.s.GestionInventarioService - Consultando cargas por vendedor: 7dec6fc9-8ddc-48c6-86a3-a1dbfc46f80e
2026-05-10 12:30:22 [http-nio-3000-exec-1] DEBUG c.b.p.a.i.p.s.a.SupabaseAsignacionRepositoryAdapter - Consultando asignaciones por vendedor: 7dec6fc9-8ddc-48c6-86a3-a1dbfc46f80e
2026-05-10 12:30:22 [http-nio-3000-exec-6] DEBUG c.b.p.a.d.a.s.AutorizacionAuthService - Obteniendo perfil por token
2026-05-10 12:30:22 [http-nio-3000-exec-4] INFO  c.b.p.a.a.ventas.VentaRestAdapter - GET /ventas/cierre-jornada - Obtener cierre de jornada para vendedor 997e2337-32a6-4ba5-84fb-873ef1b6036f y fecha 2026-05-10
2026-05-10 12:30:22 [http-nio-3000-exec-4] INFO  c.b.p.a.d.v.s.GestionVentasService - Obteniendo resumen de cierre de jornada para vendedor 997e2337-32a6-4ba5-84fb-873ef1b6036f en fecha 2026-05-10
2026-05-10 12:30:22 [http-nio-3000-exec-1] DEBUG c.b.p.a.i.p.s.a.SupabaseAsignacionRepositoryAdapter - Asignaciones encontradas para vendedor 7dec6fc9-8ddc-48c6-86a3-a1dbfc46f80e: 1
2026-05-10 12:30:22 [http-nio-3000-exec-2] DEBUG c.b.p.a.d.a.s.AutorizacionAuthService - Perfil obtenido exitosamente para usuario ID: f2dc5b92-7ded-4c42-9e5a-d8a22aaf4a3a
2026-05-10 12:30:22 [http-nio-3000-exec-2] INFO  c.b.p.a.a.i.c.InventarioRestAdapter - GET /inventario/vendedor/86676371-8389-4969-89b4-6a10d3e65cbd - consulta por mateovargas220705@gmail.com
2026-05-10 12:30:22 [http-nio-3000-exec-2] INFO  c.b.p.a.d.i.s.GestionInventarioService - Consultando cargas por vendedor: 86676371-8389-4969-89b4-6a10d3e65cbd
2026-05-10 12:30:22 [http-nio-3000-exec-2] DEBUG c.b.p.a.i.p.s.a.SupabaseAsignacionRepositoryAdapter - Consultando asignaciones por vendedor: 86676371-8389-4969-89b4-6a10d3e65cbd
2026-05-10 12:30:22 [http-nio-3000-exec-9] INFO  c.b.p.a.a.c.CierreJornadaRestAdapter - GET /cierres/vendedor/997e2337-32a6-4ba5-84fb-873ef1b6036f - Historial de cierres
2026-05-10 12:30:22 [http-nio-3000-exec-5] DEBUG c.b.p.a.a.c.c.ClientesRestAdapter - Obteniendo clientes; vendedorId=997e2337-32a6-4ba5-84fb-873ef1b6036f
2026-05-10 12:30:22 [http-nio-3000-exec-5] DEBUG c.b.p.a.d.c.s.GestionClientesService - Obteniendo clientes por vendedor: 997e2337-32a6-4ba5-84fb-873ef1b6036f
2026-05-10 12:30:22 [http-nio-3000-exec-5] DEBUG c.b.p.a.i.p.s.a.SupabaseClienteRepositoryAdapter - Obteniendo clientes por vendedorId=997e2337-32a6-4ba5-84fb-873ef1b6036f
2026-05-10 12:30:22 [http-nio-3000-exec-2] DEBUG c.b.p.a.i.p.s.a.SupabaseAsignacionRepositoryAdapter - Asignaciones encontradas para vendedor 86676371-8389-4969-89b4-6a10d3e65cbd: 6
2026-05-10 12:30:22 [http-nio-3000-exec-7] DEBUG c.b.p.a.d.a.s.AutorizacionAuthService - Obteniendo perfil por token
2026-05-10 12:30:22 [http-nio-3000-exec-1] INFO  c.b.p.a.a.c.CierreJornadaRestAdapter - GET /cierres/vendedor/c1cbc4b0-eafd-490a-be95-b1c42036ad16 - Historial de cierres
2026-05-10 12:30:22 [http-nio-3000-exec-10] DEBUG c.b.p.a.a.c.c.ClientesRestAdapter - Obteniendo clientes; vendedorId=c1cbc4b0-eafd-490a-be95-b1c42036ad16
2026-05-10 12:30:22 [http-nio-3000-exec-10] DEBUG c.b.p.a.d.c.s.GestionClientesService - Obteniendo clientes por vendedor: c1cbc4b0-eafd-490a-be95-b1c42036ad16
2026-05-10 12:30:22 [http-nio-3000-exec-10] DEBUG c.b.p.a.i.p.s.a.SupabaseClienteRepositoryAdapter - Obteniendo clientes por vendedorId=c1cbc4b0-eafd-490a-be95-b1c42036ad16
2026-05-10 12:30:22 [http-nio-3000-exec-2] INFO  c.b.p.a.a.ventas.VentaRestAdapter - GET /ventas/cierre-jornada - Obtener cierre de jornada para vendedor c1cbc4b0-eafd-490a-be95-b1c42036ad16 y fecha 2026-05-10
2026-05-10 12:30:22 [http-nio-3000-exec-2] INFO  c.b.p.a.d.v.s.GestionVentasService - Obteniendo resumen de cierre de jornada para vendedor c1cbc4b0-eafd-490a-be95-b1c42036ad16 en fecha 2026-05-10
2026-05-10 12:30:23 [http-nio-3000-exec-6] DEBUG c.b.p.a.d.a.s.AutorizacionAuthService - Perfil obtenido exitosamente para usuario ID: f2dc5b92-7ded-4c42-9e5a-d8a22aaf4a3a
2026-05-10 12:30:23 [http-nio-3000-exec-6] INFO  c.b.p.a.a.i.c.InventarioRestAdapter - GET /inventario/vendedor/997e2337-32a6-4ba5-84fb-873ef1b6036f - consulta por mateovargas220705@gmail.com
2026-05-10 12:30:23 [http-nio-3000-exec-6] INFO  c.b.p.a.d.i.s.GestionInventarioService - Consultando cargas por vendedor: 997e2337-32a6-4ba5-84fb-873ef1b6036f
2026-05-10 12:30:23 [http-nio-3000-exec-6] DEBUG c.b.p.a.i.p.s.a.SupabaseAsignacionRepositoryAdapter - Consultando asignaciones por vendedor: 997e2337-32a6-4ba5-84fb-873ef1b6036f
2026-05-10 12:30:23 [http-nio-3000-exec-3] INFO  c.b.p.a.a.ventas.VentaRestAdapter - GET /ventas - Listar ventas resumidas
2026-05-10 12:30:23 [http-nio-3000-exec-3] INFO  c.b.p.a.d.v.s.GestionVentasService - Obteniendo listado de ventas resumidas
2026-05-10 12:30:23 [http-nio-3000-exec-6] DEBUG c.b.p.a.i.p.s.a.SupabaseAsignacionRepositoryAdapter - Asignaciones encontradas para vendedor 997e2337-32a6-4ba5-84fb-873ef1b6036f: 1
2026-05-10 12:30:23 [http-nio-3000-exec-7] DEBUG c.b.p.a.d.a.s.AutorizacionAuthService - Perfil obtenido exitosamente para usuario ID: f2dc5b92-7ded-4c42-9e5a-d8a22aaf4a3a
2026-05-10 12:30:23 [http-nio-3000-exec-7] INFO  c.b.p.a.a.i.c.InventarioRestAdapter - GET /inventario/vendedor/c1cbc4b0-eafd-490a-be95-b1c42036ad16 - consulta por mateovargas220705@gmail.com
2026-05-10 12:30:23 [http-nio-3000-exec-7] INFO  c.b.p.a.d.i.s.GestionInventarioService - Consultando cargas por vendedor: c1cbc4b0-eafd-490a-be95-b1c42036ad16
2026-05-10 12:30:23 [http-nio-3000-exec-7] DEBUG c.b.p.a.i.p.s.a.SupabaseAsignacionRepositoryAdapter - Consultando asignaciones por vendedor: c1cbc4b0-eafd-490a-be95-b1c42036ad16
2026-05-10 12:30:23 [http-nio-3000-exec-7] DEBUG c.b.p.a.i.p.s.a.SupabaseAsignacionRepositoryAdapter - Asignaciones encontradas para vendedor c1cbc4b0-eafd-490a-be95-b1c42036ad16: 1
2026-05-10 12:30:28 [http-nio-3000-exec-9] INFO  c.b.p.a.a.v.c.VendedoresRestAdapter - GET /vendedores - Obtener todos los vendedores
2026-05-10 12:30:28 [http-nio-3000-exec-9] DEBUG c.b.p.a.d.v.s.GestionVendedoresService - Obteniendo todos los vendedores
2026-05-10 12:30:29 [http-nio-3000-exec-9] DEBUG c.b.p.a.d.v.s.GestionVendedoresService - Se obtuvieron 10 vendedores
2026-05-10 12:30:29 [http-nio-3000-exec-9] DEBUG c.b.p.a.a.v.c.VendedoresRestAdapter - Se obtuvieron 10 vendedores
2026-05-10 12:30:29 [http-nio-3000-exec-5] DEBUG c.b.p.a.a.c.c.ClientesRestAdapter - Obteniendo clientes; vendedorId=0b9544ca-bfbe-4335-821c-5c8eb4b553b2
2026-05-10 12:30:29 [http-nio-3000-exec-5] DEBUG c.b.p.a.d.c.s.GestionClientesService - Obteniendo clientes por vendedor: 0b9544ca-bfbe-4335-821c-5c8eb4b553b2
2026-05-10 12:30:29 [http-nio-3000-exec-5] DEBUG c.b.p.a.i.p.s.a.SupabaseClienteRepositoryAdapter - Obteniendo clientes por vendedorId=0b9544ca-bfbe-4335-821c-5c8eb4b553b2
2026-05-10 12:30:29 [http-nio-3000-exec-8] DEBUG c.b.p.a.a.c.c.ClientesRestAdapter - Obteniendo clientes; vendedorId=2ab0631c-da17-4bd8-b9b9-237de54711c6
2026-05-10 12:30:29 [http-nio-3000-exec-6] DEBUG c.b.p.a.a.c.c.ClientesRestAdapter - Obteniendo clientes; vendedorId=7ca8780f-864c-4179-8c8a-9d8ae55b6df8
2026-05-10 12:30:29 [http-nio-3000-exec-1] DEBUG c.b.p.a.a.c.c.ClientesRestAdapter - Obteniendo clientes; vendedorId=6b0a5026-52f3-475a-a20f-5aacf94764f0
2026-05-10 12:30:29 [http-nio-3000-exec-10] DEBUG c.b.p.a.a.c.c.ClientesRestAdapter - Obteniendo clientes; vendedorId=73ed0c2b-851c-44c8-a08b-ded6f61924f9
2026-05-10 12:30:29 [http-nio-3000-exec-8] DEBUG c.b.p.a.d.c.s.GestionClientesService - Obteniendo clientes por vendedor: 2ab0631c-da17-4bd8-b9b9-237de54711c6
2026-05-10 12:30:29 [http-nio-3000-exec-6] DEBUG c.b.p.a.d.c.s.GestionClientesService - Obteniendo clientes por vendedor: 7ca8780f-864c-4179-8c8a-9d8ae55b6df8
2026-05-10 12:30:29 [http-nio-3000-exec-1] DEBUG c.b.p.a.d.c.s.GestionClientesService - Obteniendo clientes por vendedor: 6b0a5026-52f3-475a-a20f-5aacf94764f0
2026-05-10 12:30:29 [http-nio-3000-exec-1] DEBUG c.b.p.a.i.p.s.a.SupabaseClienteRepositoryAdapter - Obteniendo clientes por vendedorId=6b0a5026-52f3-475a-a20f-5aacf94764f0
2026-05-10 12:30:29 [http-nio-3000-exec-10] DEBUG c.b.p.a.d.c.s.GestionClientesService - Obteniendo clientes por vendedor: 73ed0c2b-851c-44c8-a08b-ded6f61924f9
2026-05-10 12:30:29 [http-nio-3000-exec-10] DEBUG c.b.p.a.i.p.s.a.SupabaseClienteRepositoryAdapter - Obteniendo clientes por vendedorId=73ed0c2b-851c-44c8-a08b-ded6f61924f9
2026-05-10 12:30:29 [http-nio-3000-exec-8] DEBUG c.b.p.a.i.p.s.a.SupabaseClienteRepositoryAdapter - Obteniendo clientes por vendedorId=2ab0631c-da17-4bd8-b9b9-237de54711c6
2026-05-10 12:30:29 [http-nio-3000-exec-6] DEBUG c.b.p.a.i.p.s.a.SupabaseClienteRepositoryAdapter - Obteniendo clientes por vendedorId=7ca8780f-864c-4179-8c8a-9d8ae55b6df8
2026-05-10 12:30:29 [http-nio-3000-exec-4] DEBUG c.b.p.a.a.c.c.ClientesRestAdapter - Obteniendo clientes; vendedorId=5e0e4eff-aec3-46df-a77e-d4feeb19394c
2026-05-10 12:30:29 [http-nio-3000-exec-4] DEBUG c.b.p.a.d.c.s.GestionClientesService - Obteniendo clientes por vendedor: 5e0e4eff-aec3-46df-a77e-d4feeb19394c
2026-05-10 12:30:29 [http-nio-3000-exec-4] DEBUG c.b.p.a.i.p.s.a.SupabaseClienteRepositoryAdapter - Obteniendo clientes por vendedorId=5e0e4eff-aec3-46df-a77e-d4feeb19394c
2026-05-10 12:30:29 [http-nio-3000-exec-3] DEBUG c.b.p.a.a.c.c.ClientesRestAdapter - Obteniendo clientes; vendedorId=7dec6fc9-8ddc-48c6-86a3-a1dbfc46f80e
2026-05-10 12:30:29 [http-nio-3000-exec-3] DEBUG c.b.p.a.d.c.s.GestionClientesService - Obteniendo clientes por vendedor: 7dec6fc9-8ddc-48c6-86a3-a1dbfc46f80e
2026-05-10 12:30:29 [http-nio-3000-exec-3] DEBUG c.b.p.a.i.p.s.a.SupabaseClienteRepositoryAdapter - Obteniendo clientes por vendedorId=7dec6fc9-8ddc-48c6-86a3-a1dbfc46f80e
2026-05-10 12:30:29 [http-nio-3000-exec-2] DEBUG c.b.p.a.a.c.c.ClientesRestAdapter - Obteniendo clientes; vendedorId=86676371-8389-4969-89b4-6a10d3e65cbd
2026-05-10 12:30:29 [http-nio-3000-exec-2] DEBUG c.b.p.a.d.c.s.GestionClientesService - Obteniendo clientes por vendedor: 86676371-8389-4969-89b4-6a10d3e65cbd
2026-05-10 12:30:29 [http-nio-3000-exec-2] DEBUG c.b.p.a.i.p.s.a.SupabaseClienteRepositoryAdapter - Obteniendo clientes por vendedorId=86676371-8389-4969-89b4-6a10d3e65cbd
2026-05-10 12:30:29 [http-nio-3000-exec-7] DEBUG c.b.p.a.a.c.c.ClientesRestAdapter - Obteniendo clientes; vendedorId=997e2337-32a6-4ba5-84fb-873ef1b6036f
2026-05-10 12:30:29 [http-nio-3000-exec-7] DEBUG c.b.p.a.d.c.s.GestionClientesService - Obteniendo clientes por vendedor: 997e2337-32a6-4ba5-84fb-873ef1b6036f
2026-05-10 12:30:29 [http-nio-3000-exec-7] DEBUG c.b.p.a.i.p.s.a.SupabaseClienteRepositoryAdapter - Obteniendo clientes por vendedorId=997e2337-32a6-4ba5-84fb-873ef1b6036f
2026-05-10 12:30:29 [http-nio-3000-exec-9] DEBUG c.b.p.a.a.c.c.ClientesRestAdapter - Obteniendo clientes; vendedorId=c1cbc4b0-eafd-490a-be95-b1c42036ad16
2026-05-10 12:30:29 [http-nio-3000-exec-9] DEBUG c.b.p.a.d.c.s.GestionClientesService - Obteniendo clientes por vendedor: c1cbc4b0-eafd-490a-be95-b1c42036ad16
2026-05-10 12:30:29 [http-nio-3000-exec-9] DEBUG c.b.p.a.i.p.s.a.SupabaseClienteRepositoryAdapter - Obteniendo clientes por vendedorId=c1cbc4b0-eafd-490a-be95-b1c42036ad16
2026-05-10 12:30:40 [http-nio-3000-exec-5] INFO  c.b.p.a.a.v.c.VendedoresRestAdapter - GET /vendedores - Obtener todos los vendedores
2026-05-10 12:30:40 [http-nio-3000-exec-5] DEBUG c.b.p.a.d.v.s.GestionVendedoresService - Obteniendo todos los vendedores
2026-05-10 12:30:40 [http-nio-3000-exec-5] DEBUG c.b.p.a.d.v.s.GestionVendedoresService - Se obtuvieron 10 vendedores
2026-05-10 12:30:40 [http-nio-3000-exec-5] DEBUG c.b.p.a.a.v.c.VendedoresRestAdapter - Se obtuvieron 10 vendedores
2026-05-10 12:30:40 [http-nio-3000-exec-10] INFO  c.b.p.a.a.c.CierreJornadaRestAdapter - GET /cierres/vendedor/0b9544ca-bfbe-4335-821c-5c8eb4b553b2 - Historial de cierres
2026-05-10 12:30:40 [http-nio-3000-exec-1] INFO  c.b.p.a.a.ventas.VentaRestAdapter - GET /ventas/cierre-jornada - Obtener cierre de jornada para vendedor 0b9544ca-bfbe-4335-821c-5c8eb4b553b2 y fecha 2026-05-10
2026-05-10 12:30:40 [http-nio-3000-exec-1] INFO  c.b.p.a.d.v.s.GestionVentasService - Obteniendo resumen de cierre de jornada para vendedor 0b9544ca-bfbe-4335-821c-5c8eb4b553b2 en fecha 2026-05-10
2026-05-10 12:30:40 [http-nio-3000-exec-4] DEBUG c.b.p.a.a.c.c.ClientesRestAdapter - Obteniendo clientes; vendedorId=0b9544ca-bfbe-4335-821c-5c8eb4b553b2
2026-05-10 12:30:40 [http-nio-3000-exec-8] DEBUG c.b.p.a.d.a.s.AutorizacionAuthService - Obteniendo perfil por token
2026-05-10 12:30:40 [http-nio-3000-exec-6] DEBUG c.b.p.a.d.a.s.AutorizacionAuthService - Obteniendo perfil por token
2026-05-10 12:30:40 [http-nio-3000-exec-4] DEBUG c.b.p.a.d.c.s.GestionClientesService - Obteniendo clientes por vendedor: 0b9544ca-bfbe-4335-821c-5c8eb4b553b2
2026-05-10 12:30:40 [http-nio-3000-exec-3] INFO  c.b.p.a.a.ventas.VentaRestAdapter - GET /ventas/cierre-jornada - Obtener cierre de jornada para vendedor 2ab0631c-da17-4bd8-b9b9-237de54711c6 y fecha 2026-05-10
2026-05-10 12:30:40 [http-nio-3000-exec-4] DEBUG c.b.p.a.i.p.s.a.SupabaseClienteRepositoryAdapter - Obteniendo clientes por vendedorId=0b9544ca-bfbe-4335-821c-5c8eb4b553b2
2026-05-10 12:30:40 [http-nio-3000-exec-3] INFO  c.b.p.a.d.v.s.GestionVentasService - Obteniendo resumen de cierre de jornada para vendedor 2ab0631c-da17-4bd8-b9b9-237de54711c6 en fecha 2026-05-10
2026-05-10 12:30:40 [http-nio-3000-exec-10] INFO  c.b.p.a.a.c.CierreJornadaRestAdapter - GET /cierres/vendedor/2ab0631c-da17-4bd8-b9b9-237de54711c6 - Historial de cierres
2026-05-10 12:30:40 [http-nio-3000-exec-7] DEBUG c.b.p.a.a.c.c.ClientesRestAdapter - Obteniendo clientes; vendedorId=2ab0631c-da17-4bd8-b9b9-237de54711c6
2026-05-10 12:30:40 [http-nio-3000-exec-7] DEBUG c.b.p.a.d.c.s.GestionClientesService - Obteniendo clientes por vendedor: 2ab0631c-da17-4bd8-b9b9-237de54711c6
2026-05-10 12:30:40 [http-nio-3000-exec-7] DEBUG c.b.p.a.i.p.s.a.SupabaseClienteRepositoryAdapter - Obteniendo clientes por vendedorId=2ab0631c-da17-4bd8-b9b9-237de54711c6
2026-05-10 12:30:41 [http-nio-3000-exec-9] DEBUG c.b.p.a.d.a.s.AutorizacionAuthService - Obteniendo perfil por token
2026-05-10 12:30:41 [http-nio-3000-exec-5] INFO  c.b.p.a.a.ventas.VentaRestAdapter - GET /ventas/cierre-jornada - Obtener cierre de jornada para vendedor 5e0e4eff-aec3-46df-a77e-d4feeb19394c y fecha 2026-05-10
2026-05-10 12:30:41 [http-nio-3000-exec-4] INFO  c.b.p.a.a.c.CierreJornadaRestAdapter - GET /cierres/vendedor/5e0e4eff-aec3-46df-a77e-d4feeb19394c - Historial de cierres
2026-05-10 12:30:41 [http-nio-3000-exec-5] INFO  c.b.p.a.d.v.s.GestionVentasService - Obteniendo resumen de cierre de jornada para vendedor 5e0e4eff-aec3-46df-a77e-d4feeb19394c en fecha 2026-05-10
2026-05-10 12:30:41 [http-nio-3000-exec-6] DEBUG c.b.p.a.d.a.s.AutorizacionAuthService - Perfil obtenido exitosamente para usuario ID: f2dc5b92-7ded-4c42-9e5a-d8a22aaf4a3a
2026-05-10 12:30:41 [http-nio-3000-exec-6] INFO  c.b.p.a.a.i.c.InventarioRestAdapter - GET /inventario/vendedor/2ab0631c-da17-4bd8-b9b9-237de54711c6 - consulta por mateovargas220705@gmail.com
2026-05-10 12:30:41 [http-nio-3000-exec-6] INFO  c.b.p.a.d.i.s.GestionInventarioService - Consultando cargas por vendedor: 2ab0631c-da17-4bd8-b9b9-237de54711c6
2026-05-10 12:30:41 [http-nio-3000-exec-6] DEBUG c.b.p.a.i.p.s.a.SupabaseAsignacionRepositoryAdapter - Consultando asignaciones por vendedor: 2ab0631c-da17-4bd8-b9b9-237de54711c6
2026-05-10 12:30:41 [http-nio-3000-exec-8] DEBUG c.b.p.a.d.a.s.AutorizacionAuthService - Perfil obtenido exitosamente para usuario ID: f2dc5b92-7ded-4c42-9e5a-d8a22aaf4a3a
2026-05-10 12:30:41 [http-nio-3000-exec-8] INFO  c.b.p.a.a.i.c.InventarioRestAdapter - GET /inventario/vendedor/0b9544ca-bfbe-4335-821c-5c8eb4b553b2 - consulta por mateovargas220705@gmail.com
2026-05-10 12:30:41 [http-nio-3000-exec-8] INFO  c.b.p.a.d.i.s.GestionInventarioService - Consultando cargas por vendedor: 0b9544ca-bfbe-4335-821c-5c8eb4b553b2
2026-05-10 12:30:41 [http-nio-3000-exec-8] DEBUG c.b.p.a.i.p.s.a.SupabaseAsignacionRepositoryAdapter - Consultando asignaciones por vendedor: 0b9544ca-bfbe-4335-821c-5c8eb4b553b2
2026-05-10 12:30:41 [http-nio-3000-exec-2] DEBUG c.b.p.a.a.c.c.ClientesRestAdapter - Obteniendo clientes; vendedorId=5e0e4eff-aec3-46df-a77e-d4feeb19394c
2026-05-10 12:30:41 [http-nio-3000-exec-2] DEBUG c.b.p.a.d.c.s.GestionClientesService - Obteniendo clientes por vendedor: 5e0e4eff-aec3-46df-a77e-d4feeb19394c
2026-05-10 12:30:41 [http-nio-3000-exec-2] DEBUG c.b.p.a.i.p.s.a.SupabaseClienteRepositoryAdapter - Obteniendo clientes por vendedorId=5e0e4eff-aec3-46df-a77e-d4feeb19394c
2026-05-10 12:30:41 [http-nio-3000-exec-6] DEBUG c.b.p.a.i.p.s.a.SupabaseAsignacionRepositoryAdapter - Asignaciones encontradas para vendedor 2ab0631c-da17-4bd8-b9b9-237de54711c6: 9
2026-05-10 12:30:41 [http-nio-3000-exec-8] DEBUG c.b.p.a.i.p.s.a.SupabaseAsignacionRepositoryAdapter - Asignaciones encontradas para vendedor 0b9544ca-bfbe-4335-821c-5c8eb4b553b2: 1
2026-05-10 12:30:41 [http-nio-3000-exec-3] DEBUG c.b.p.a.d.a.s.AutorizacionAuthService - Obteniendo perfil por token
2026-05-10 12:30:41 [http-nio-3000-exec-1] INFO  c.b.p.a.a.ventas.VentaRestAdapter - GET /ventas/cierre-jornada - Obtener cierre de jornada para vendedor 6b0a5026-52f3-475a-a20f-5aacf94764f0 y fecha 2026-05-10
2026-05-10 12:30:41 [http-nio-3000-exec-1] INFO  c.b.p.a.d.v.s.GestionVentasService - Obteniendo resumen de cierre de jornada para vendedor 6b0a5026-52f3-475a-a20f-5aacf94764f0 en fecha 2026-05-10
2026-05-10 12:30:41 [http-nio-3000-exec-7] DEBUG c.b.p.a.a.c.c.ClientesRestAdapter - Obteniendo clientes; vendedorId=6b0a5026-52f3-475a-a20f-5aacf94764f0
2026-05-10 12:30:41 [http-nio-3000-exec-10] INFO  c.b.p.a.a.c.CierreJornadaRestAdapter - GET /cierres/vendedor/6b0a5026-52f3-475a-a20f-5aacf94764f0 - Historial de cierres
2026-05-10 12:30:41 [http-nio-3000-exec-7] DEBUG c.b.p.a.d.c.s.GestionClientesService - Obteniendo clientes por vendedor: 6b0a5026-52f3-475a-a20f-5aacf94764f0
2026-05-10 12:30:41 [http-nio-3000-exec-7] DEBUG c.b.p.a.i.p.s.a.SupabaseClienteRepositoryAdapter - Obteniendo clientes por vendedorId=6b0a5026-52f3-475a-a20f-5aacf94764f0
2026-05-10 12:30:41 [http-nio-3000-exec-9] DEBUG c.b.p.a.d.a.s.AutorizacionAuthService - Perfil obtenido exitosamente para usuario ID: f2dc5b92-7ded-4c42-9e5a-d8a22aaf4a3a
2026-05-10 12:30:41 [http-nio-3000-exec-9] INFO  c.b.p.a.a.i.c.InventarioRestAdapter - GET /inventario/vendedor/5e0e4eff-aec3-46df-a77e-d4feeb19394c - consulta por mateovargas220705@gmail.com
2026-05-10 12:30:41 [http-nio-3000-exec-9] INFO  c.b.p.a.d.i.s.GestionInventarioService - Consultando cargas por vendedor: 5e0e4eff-aec3-46df-a77e-d4feeb19394c
2026-05-10 12:30:41 [http-nio-3000-exec-9] DEBUG c.b.p.a.i.p.s.a.SupabaseAsignacionRepositoryAdapter - Consultando asignaciones por vendedor: 5e0e4eff-aec3-46df-a77e-d4feeb19394c
2026-05-10 12:30:41 [http-nio-3000-exec-2] DEBUG c.b.p.a.d.a.s.AutorizacionAuthService - Obteniendo perfil por token
2026-05-10 12:30:41 [http-nio-3000-exec-4] INFO  c.b.p.a.a.ventas.VentaRestAdapter - GET /ventas/cierre-jornada - Obtener cierre de jornada para vendedor 73ed0c2b-851c-44c8-a08b-ded6f61924f9 y fecha 2026-05-10
2026-05-10 12:30:41 [http-nio-3000-exec-4] INFO  c.b.p.a.d.v.s.GestionVentasService - Obteniendo resumen de cierre de jornada para vendedor 73ed0c2b-851c-44c8-a08b-ded6f61924f9 en fecha 2026-05-10
2026-05-10 12:30:41 [http-nio-3000-exec-9] DEBUG c.b.p.a.i.p.s.a.SupabaseAsignacionRepositoryAdapter - Asignaciones encontradas para vendedor 5e0e4eff-aec3-46df-a77e-d4feeb19394c: 4
2026-05-10 12:30:41 [http-nio-3000-exec-6] INFO  c.b.p.a.a.c.CierreJornadaRestAdapter - GET /cierres/vendedor/73ed0c2b-851c-44c8-a08b-ded6f61924f9 - Historial de cierres
2026-05-10 12:30:41 [http-nio-3000-exec-3] DEBUG c.b.p.a.d.a.s.AutorizacionAuthService - Perfil obtenido exitosamente para usuario ID: f2dc5b92-7ded-4c42-9e5a-d8a22aaf4a3a
2026-05-10 12:30:41 [http-nio-3000-exec-3] INFO  c.b.p.a.a.i.c.InventarioRestAdapter - GET /inventario/vendedor/6b0a5026-52f3-475a-a20f-5aacf94764f0 - consulta por mateovargas220705@gmail.com
2026-05-10 12:30:41 [http-nio-3000-exec-3] INFO  c.b.p.a.d.i.s.GestionInventarioService - Consultando cargas por vendedor: 6b0a5026-52f3-475a-a20f-5aacf94764f0
2026-05-10 12:30:41 [http-nio-3000-exec-3] DEBUG c.b.p.a.i.p.s.a.SupabaseAsignacionRepositoryAdapter - Consultando asignaciones por vendedor: 6b0a5026-52f3-475a-a20f-5aacf94764f0
2026-05-10 12:30:41 [http-nio-3000-exec-8] DEBUG c.b.p.a.a.c.c.ClientesRestAdapter - Obteniendo clientes; vendedorId=73ed0c2b-851c-44c8-a08b-ded6f61924f9
2026-05-10 12:30:41 [http-nio-3000-exec-8] DEBUG c.b.p.a.d.c.s.GestionClientesService - Obteniendo clientes por vendedor: 73ed0c2b-851c-44c8-a08b-ded6f61924f9
2026-05-10 12:30:41 [http-nio-3000-exec-8] DEBUG c.b.p.a.i.p.s.a.SupabaseClienteRepositoryAdapter - Obteniendo clientes por vendedorId=73ed0c2b-851c-44c8-a08b-ded6f61924f9
2026-05-10 12:30:41 [http-nio-3000-exec-2] DEBUG c.b.p.a.d.a.s.AutorizacionAuthService - Perfil obtenido exitosamente para usuario ID: f2dc5b92-7ded-4c42-9e5a-d8a22aaf4a3a
2026-05-10 12:30:41 [http-nio-3000-exec-10] DEBUG c.b.p.a.d.a.s.AutorizacionAuthService - Obteniendo perfil por token
2026-05-10 12:30:41 [http-nio-3000-exec-2] INFO  c.b.p.a.a.i.c.InventarioRestAdapter - GET /inventario/vendedor/73ed0c2b-851c-44c8-a08b-ded6f61924f9 - consulta por mateovargas220705@gmail.com
2026-05-10 12:30:41 [http-nio-3000-exec-2] INFO  c.b.p.a.d.i.s.GestionInventarioService - Consultando cargas por vendedor: 73ed0c2b-851c-44c8-a08b-ded6f61924f9
2026-05-10 12:30:41 [http-nio-3000-exec-2] DEBUG c.b.p.a.i.p.s.a.SupabaseAsignacionRepositoryAdapter - Consultando asignaciones por vendedor: 73ed0c2b-851c-44c8-a08b-ded6f61924f9
2026-05-10 12:30:41 [http-nio-3000-exec-7] INFO  c.b.p.a.a.ventas.VentaRestAdapter - GET /ventas/cierre-jornada - Obtener cierre de jornada para vendedor 7ca8780f-864c-4179-8c8a-9d8ae55b6df8 y fecha 2026-05-10
2026-05-10 12:30:41 [http-nio-3000-exec-7] INFO  c.b.p.a.d.v.s.GestionVentasService - Obteniendo resumen de cierre de jornada para vendedor 7ca8780f-864c-4179-8c8a-9d8ae55b6df8 en fecha 2026-05-10
2026-05-10 12:30:41 [http-nio-3000-exec-3] DEBUG c.b.p.a.i.p.s.a.SupabaseAsignacionRepositoryAdapter - Asignaciones encontradas para vendedor 6b0a5026-52f3-475a-a20f-5aacf94764f0: 31
2026-05-10 12:30:41 [http-nio-3000-exec-9] INFO  c.b.p.a.a.c.CierreJornadaRestAdapter - GET /cierres/vendedor/7ca8780f-864c-4179-8c8a-9d8ae55b6df8 - Historial de cierres
2026-05-10 12:30:41 [http-nio-3000-exec-5] DEBUG c.b.p.a.a.c.c.ClientesRestAdapter - Obteniendo clientes; vendedorId=7ca8780f-864c-4179-8c8a-9d8ae55b6df8
2026-05-10 12:30:41 [http-nio-3000-exec-5] DEBUG c.b.p.a.d.c.s.GestionClientesService - Obteniendo clientes por vendedor: 7ca8780f-864c-4179-8c8a-9d8ae55b6df8
2026-05-10 12:30:41 [http-nio-3000-exec-5] DEBUG c.b.p.a.i.p.s.a.SupabaseClienteRepositoryAdapter - Obteniendo clientes por vendedorId=7ca8780f-864c-4179-8c8a-9d8ae55b6df8
2026-05-10 12:30:41 [http-nio-3000-exec-2] DEBUG c.b.p.a.i.p.s.a.SupabaseAsignacionRepositoryAdapter - Asignaciones encontradas para vendedor 73ed0c2b-851c-44c8-a08b-ded6f61924f9: 4
2026-05-10 12:30:41 [http-nio-3000-exec-6] DEBUG c.b.p.a.d.a.s.AutorizacionAuthService - Obteniendo perfil por token
2026-05-10 12:30:41 [http-nio-3000-exec-4] INFO  c.b.p.a.a.ventas.VentaRestAdapter - GET /ventas/cierre-jornada - Obtener cierre de jornada para vendedor 7dec6fc9-8ddc-48c6-86a3-a1dbfc46f80e y fecha 2026-05-10
2026-05-10 12:30:41 [http-nio-3000-exec-4] INFO  c.b.p.a.d.v.s.GestionVentasService - Obteniendo resumen de cierre de jornada para vendedor 7dec6fc9-8ddc-48c6-86a3-a1dbfc46f80e en fecha 2026-05-10
2026-05-10 12:30:41 [http-nio-3000-exec-3] INFO  c.b.p.a.a.c.CierreJornadaRestAdapter - GET /cierres/vendedor/7dec6fc9-8ddc-48c6-86a3-a1dbfc46f80e - Historial de cierres
2026-05-10 12:30:42 [http-nio-3000-exec-10] DEBUG c.b.p.a.d.a.s.AutorizacionAuthService - Perfil obtenido exitosamente para usuario ID: f2dc5b92-7ded-4c42-9e5a-d8a22aaf4a3a
2026-05-10 12:30:42 [http-nio-3000-exec-10] INFO  c.b.p.a.a.i.c.InventarioRestAdapter - GET /inventario/vendedor/7ca8780f-864c-4179-8c8a-9d8ae55b6df8 - consulta por mateovargas220705@gmail.com
2026-05-10 12:30:42 [http-nio-3000-exec-10] INFO  c.b.p.a.d.i.s.GestionInventarioService - Consultando cargas por vendedor: 7ca8780f-864c-4179-8c8a-9d8ae55b6df8
2026-05-10 12:30:42 [http-nio-3000-exec-10] DEBUG c.b.p.a.i.p.s.a.SupabaseAsignacionRepositoryAdapter - Consultando asignaciones por vendedor: 7ca8780f-864c-4179-8c8a-9d8ae55b6df8
2026-05-10 12:30:42 [http-nio-3000-exec-8] DEBUG c.b.p.a.a.c.c.ClientesRestAdapter - Obteniendo clientes; vendedorId=7dec6fc9-8ddc-48c6-86a3-a1dbfc46f80e
2026-05-10 12:30:42 [http-nio-3000-exec-8] DEBUG c.b.p.a.d.c.s.GestionClientesService - Obteniendo clientes por vendedor: 7dec6fc9-8ddc-48c6-86a3-a1dbfc46f80e
2026-05-10 12:30:42 [http-nio-3000-exec-8] DEBUG c.b.p.a.i.p.s.a.SupabaseClienteRepositoryAdapter - Obteniendo clientes por vendedorId=7dec6fc9-8ddc-48c6-86a3-a1dbfc46f80e
2026-05-10 12:30:42 [http-nio-3000-exec-2] DEBUG c.b.p.a.d.a.s.AutorizacionAuthService - Obteniendo perfil por token
2026-05-10 12:30:42 [http-nio-3000-exec-9] INFO  c.b.p.a.a.ventas.VentaRestAdapter - GET /ventas/cierre-jornada - Obtener cierre de jornada para vendedor 86676371-8389-4969-89b4-6a10d3e65cbd y fecha 2026-05-10
2026-05-10 12:30:42 [http-nio-3000-exec-9] INFO  c.b.p.a.d.v.s.GestionVentasService - Obteniendo resumen de cierre de jornada para vendedor 86676371-8389-4969-89b4-6a10d3e65cbd en fecha 2026-05-10
2026-05-10 12:30:42 [http-nio-3000-exec-6] DEBUG c.b.p.a.d.a.s.AutorizacionAuthService - Perfil obtenido exitosamente para usuario ID: f2dc5b92-7ded-4c42-9e5a-d8a22aaf4a3a
2026-05-10 12:30:42 [http-nio-3000-exec-6] INFO  c.b.p.a.a.i.c.InventarioRestAdapter - GET /inventario/vendedor/7dec6fc9-8ddc-48c6-86a3-a1dbfc46f80e - consulta por mateovargas220705@gmail.com
2026-05-10 12:30:42 [http-nio-3000-exec-6] INFO  c.b.p.a.d.i.s.GestionInventarioService - Consultando cargas por vendedor: 7dec6fc9-8ddc-48c6-86a3-a1dbfc46f80e
2026-05-10 12:30:42 [http-nio-3000-exec-6] DEBUG c.b.p.a.i.p.s.a.SupabaseAsignacionRepositoryAdapter - Consultando asignaciones por vendedor: 7dec6fc9-8ddc-48c6-86a3-a1dbfc46f80e
2026-05-10 12:30:42 [http-nio-3000-exec-10] DEBUG c.b.p.a.i.p.s.a.SupabaseAsignacionRepositoryAdapter - Asignaciones encontradas para vendedor 7ca8780f-864c-4179-8c8a-9d8ae55b6df8: 3
2026-05-10 12:30:42 [http-nio-3000-exec-1] INFO  c.b.p.a.a.c.CierreJornadaRestAdapter - GET /cierres/vendedor/86676371-8389-4969-89b4-6a10d3e65cbd - Historial de cierres
2026-05-10 12:30:42 [http-nio-3000-exec-5] DEBUG c.b.p.a.a.c.c.ClientesRestAdapter - Obteniendo clientes; vendedorId=86676371-8389-4969-89b4-6a10d3e65cbd
2026-05-10 12:30:42 [http-nio-3000-exec-5] DEBUG c.b.p.a.d.c.s.GestionClientesService - Obteniendo clientes por vendedor: 86676371-8389-4969-89b4-6a10d3e65cbd
2026-05-10 12:30:42 [http-nio-3000-exec-5] DEBUG c.b.p.a.i.p.s.a.SupabaseClienteRepositoryAdapter - Obteniendo clientes por vendedorId=86676371-8389-4969-89b4-6a10d3e65cbd
2026-05-10 12:30:42 [http-nio-3000-exec-7] DEBUG c.b.p.a.d.a.s.AutorizacionAuthService - Obteniendo perfil por token
2026-05-10 12:30:42 [http-nio-3000-exec-6] DEBUG c.b.p.a.i.p.s.a.SupabaseAsignacionRepositoryAdapter - Asignaciones encontradas para vendedor 7dec6fc9-8ddc-48c6-86a3-a1dbfc46f80e: 1
2026-05-10 12:30:42 [http-nio-3000-exec-3] INFO  c.b.p.a.a.ventas.VentaRestAdapter - GET /ventas/cierre-jornada - Obtener cierre de jornada para vendedor 997e2337-32a6-4ba5-84fb-873ef1b6036f y fecha 2026-05-10
2026-05-10 12:30:42 [http-nio-3000-exec-3] INFO  c.b.p.a.d.v.s.GestionVentasService - Obteniendo resumen de cierre de jornada para vendedor 997e2337-32a6-4ba5-84fb-873ef1b6036f en fecha 2026-05-10
2026-05-10 12:30:42 [http-nio-3000-exec-8] DEBUG c.b.p.a.a.c.c.ClientesRestAdapter - Obteniendo clientes; vendedorId=997e2337-32a6-4ba5-84fb-873ef1b6036f
2026-05-10 12:30:42 [http-nio-3000-exec-10] INFO  c.b.p.a.a.c.CierreJornadaRestAdapter - GET /cierres/vendedor/997e2337-32a6-4ba5-84fb-873ef1b6036f - Historial de cierres
2026-05-10 12:30:42 [http-nio-3000-exec-8] DEBUG c.b.p.a.d.c.s.GestionClientesService - Obteniendo clientes por vendedor: 997e2337-32a6-4ba5-84fb-873ef1b6036f
2026-05-10 12:30:42 [http-nio-3000-exec-8] DEBUG c.b.p.a.i.p.s.a.SupabaseClienteRepositoryAdapter - Obteniendo clientes por vendedorId=997e2337-32a6-4ba5-84fb-873ef1b6036f
2026-05-10 12:30:42 [http-nio-3000-exec-2] DEBUG c.b.p.a.d.a.s.AutorizacionAuthService - Perfil obtenido exitosamente para usuario ID: f2dc5b92-7ded-4c42-9e5a-d8a22aaf4a3a
2026-05-10 12:30:42 [http-nio-3000-exec-2] INFO  c.b.p.a.a.i.c.InventarioRestAdapter - GET /inventario/vendedor/86676371-8389-4969-89b4-6a10d3e65cbd - consulta por mateovargas220705@gmail.com
2026-05-10 12:30:42 [http-nio-3000-exec-2] INFO  c.b.p.a.d.i.s.GestionInventarioService - Consultando cargas por vendedor: 86676371-8389-4969-89b4-6a10d3e65cbd
2026-05-10 12:30:42 [http-nio-3000-exec-2] DEBUG c.b.p.a.i.p.s.a.SupabaseAsignacionRepositoryAdapter - Consultando asignaciones por vendedor: 86676371-8389-4969-89b4-6a10d3e65cbd
2026-05-10 12:30:42 [http-nio-3000-exec-4] DEBUG c.b.p.a.d.a.s.AutorizacionAuthService - Obteniendo perfil por token
2026-05-10 12:30:42 [http-nio-3000-exec-6] INFO  c.b.p.a.a.ventas.VentaRestAdapter - GET /ventas/cierre-jornada - Obtener cierre de jornada para vendedor c1cbc4b0-eafd-490a-be95-b1c42036ad16 y fecha 2026-05-10
2026-05-10 12:30:42 [http-nio-3000-exec-6] INFO  c.b.p.a.d.v.s.GestionVentasService - Obteniendo resumen de cierre de jornada para vendedor c1cbc4b0-eafd-490a-be95-b1c42036ad16 en fecha 2026-05-10
2026-05-10 12:30:42 [http-nio-3000-exec-1] INFO  c.b.p.a.a.c.CierreJornadaRestAdapter - GET /cierres/vendedor/c1cbc4b0-eafd-490a-be95-b1c42036ad16 - Historial de cierres
2026-05-10 12:30:42 [http-nio-3000-exec-2] DEBUG c.b.p.a.i.p.s.a.SupabaseAsignacionRepositoryAdapter - Asignaciones encontradas para vendedor 86676371-8389-4969-89b4-6a10d3e65cbd: 6
2026-05-10 12:30:42 [http-nio-3000-exec-5] DEBUG c.b.p.a.a.c.c.ClientesRestAdapter - Obteniendo clientes; vendedorId=c1cbc4b0-eafd-490a-be95-b1c42036ad16
2026-05-10 12:30:42 [http-nio-3000-exec-5] DEBUG c.b.p.a.d.c.s.GestionClientesService - Obteniendo clientes por vendedor: c1cbc4b0-eafd-490a-be95-b1c42036ad16
2026-05-10 12:30:42 [http-nio-3000-exec-5] DEBUG c.b.p.a.i.p.s.a.SupabaseClienteRepositoryAdapter - Obteniendo clientes por vendedorId=c1cbc4b0-eafd-490a-be95-b1c42036ad16
2026-05-10 12:30:42 [http-nio-3000-exec-7] DEBUG c.b.p.a.d.a.s.AutorizacionAuthService - Perfil obtenido exitosamente para usuario ID: f2dc5b92-7ded-4c42-9e5a-d8a22aaf4a3a
2026-05-10 12:30:42 [http-nio-3000-exec-7] INFO  c.b.p.a.a.i.c.InventarioRestAdapter - GET /inventario/vendedor/997e2337-32a6-4ba5-84fb-873ef1b6036f - consulta por mateovargas220705@gmail.com
2026-05-10 12:30:42 [http-nio-3000-exec-7] INFO  c.b.p.a.d.i.s.GestionInventarioService - Consultando cargas por vendedor: 997e2337-32a6-4ba5-84fb-873ef1b6036f
2026-05-10 12:30:42 [http-nio-3000-exec-7] DEBUG c.b.p.a.i.p.s.a.SupabaseAsignacionRepositoryAdapter - Consultando asignaciones por vendedor: 997e2337-32a6-4ba5-84fb-873ef1b6036f
2026-05-10 12:30:42 [http-nio-3000-exec-9] INFO  c.b.p.a.a.ventas.VentaRestAdapter - GET /ventas - Listar ventas resumidas
2026-05-10 12:30:42 [http-nio-3000-exec-9] INFO  c.b.p.a.d.v.s.GestionVentasService - Obteniendo listado de ventas resumidas
2026-05-10 12:30:42 [http-nio-3000-exec-4] DEBUG c.b.p.a.d.a.s.AutorizacionAuthService - Perfil obtenido exitosamente para usuario ID: f2dc5b92-7ded-4c42-9e5a-d8a22aaf4a3a
2026-05-10 12:30:42 [http-nio-3000-exec-4] INFO  c.b.p.a.a.i.c.InventarioRestAdapter - GET /inventario/vendedor/c1cbc4b0-eafd-490a-be95-b1c42036ad16 - consulta por mateovargas220705@gmail.com
2026-05-10 12:30:42 [http-nio-3000-exec-4] INFO  c.b.p.a.d.i.s.GestionInventarioService - Consultando cargas por vendedor: c1cbc4b0-eafd-490a-be95-b1c42036ad16
2026-05-10 12:30:42 [http-nio-3000-exec-4] DEBUG c.b.p.a.i.p.s.a.SupabaseAsignacionRepositoryAdapter - Consultando asignaciones por vendedor: c1cbc4b0-eafd-490a-be95-b1c42036ad16
2026-05-10 12:30:42 [http-nio-3000-exec-7] DEBUG c.b.p.a.i.p.s.a.SupabaseAsignacionRepositoryAdapter - Asignaciones encontradas para vendedor 997e2337-32a6-4ba5-84fb-873ef1b6036f: 1
2026-05-10 12:30:42 [http-nio-3000-exec-4] DEBUG c.b.p.a.i.p.s.a.SupabaseAsignacionRepositoryAdapter - Asignaciones encontradas para vendedor c1cbc4b0-eafd-490a-be95-b1c42036ad16: 1
2026-05-10 12:31:19 [http-nio-3000-exec-8] INFO  c.b.p.a.a.v.c.VendedoresRestAdapter - GET /vendedores - Obtener todos los vendedores
2026-05-10 12:31:19 [http-nio-3000-exec-8] DEBUG c.b.p.a.d.v.s.GestionVendedoresService - Obteniendo todos los vendedores
2026-05-10 12:31:19 [http-nio-3000-exec-8] DEBUG c.b.p.a.d.v.s.GestionVendedoresService - Se obtuvieron 10 vendedores
2026-05-10 12:31:19 [http-nio-3000-exec-8] DEBUG c.b.p.a.a.v.c.VendedoresRestAdapter - Se obtuvieron 10 vendedores
2026-05-10 12:31:19 [http-nio-3000-exec-3] INFO  c.b.p.a.a.c.CierreJornadaRestAdapter - GET /cierres/vendedor/0b9544ca-bfbe-4335-821c-5c8eb4b553b2 - Historial de cierres
2026-05-10 12:31:19 [http-nio-3000-exec-10] DEBUG c.b.p.a.d.a.s.AutorizacionAuthService - Obteniendo perfil por token
2026-05-10 12:31:19 [http-nio-3000-exec-5] DEBUG c.b.p.a.d.a.s.AutorizacionAuthService - Obteniendo perfil por token
2026-05-10 12:31:19 [http-nio-3000-exec-1] DEBUG c.b.p.a.a.c.c.ClientesRestAdapter - Obteniendo clientes; vendedorId=0b9544ca-bfbe-4335-821c-5c8eb4b553b2
2026-05-10 12:31:19 [http-nio-3000-exec-1] DEBUG c.b.p.a.d.c.s.GestionClientesService - Obteniendo clientes por vendedor: 0b9544ca-bfbe-4335-821c-5c8eb4b553b2
2026-05-10 12:31:19 [http-nio-3000-exec-7] INFO  c.b.p.a.a.ventas.VentaRestAdapter - GET /ventas/cierre-jornada - Obtener cierre de jornada para vendedor 2ab0631c-da17-4bd8-b9b9-237de54711c6 y fecha 2026-05-10
2026-05-10 12:31:19 [http-nio-3000-exec-2] INFO  c.b.p.a.a.ventas.VentaRestAdapter - GET /ventas/cierre-jornada - Obtener cierre de jornada para vendedor 0b9544ca-bfbe-4335-821c-5c8eb4b553b2 y fecha 2026-05-10
2026-05-10 12:31:19 [http-nio-3000-exec-1] DEBUG c.b.p.a.i.p.s.a.SupabaseClienteRepositoryAdapter - Obteniendo clientes por vendedorId=0b9544ca-bfbe-4335-821c-5c8eb4b553b2
2026-05-10 12:31:19 [http-nio-3000-exec-7] INFO  c.b.p.a.d.v.s.GestionVentasService - Obteniendo resumen de cierre de jornada para vendedor 2ab0631c-da17-4bd8-b9b9-237de54711c6 en fecha 2026-05-10
2026-05-10 12:31:19 [http-nio-3000-exec-2] INFO  c.b.p.a.d.v.s.GestionVentasService - Obteniendo resumen de cierre de jornada para vendedor 0b9544ca-bfbe-4335-821c-5c8eb4b553b2 en fecha 2026-05-10
2026-05-10 12:31:19 [http-nio-3000-exec-6] INFO  c.b.p.a.a.c.CierreJornadaRestAdapter - GET /cierres/vendedor/2ab0631c-da17-4bd8-b9b9-237de54711c6 - Historial de cierres
2026-05-10 12:31:19 [http-nio-3000-exec-9] DEBUG c.b.p.a.a.c.c.ClientesRestAdapter - Obteniendo clientes; vendedorId=2ab0631c-da17-4bd8-b9b9-237de54711c6
2026-05-10 12:31:19 [http-nio-3000-exec-9] DEBUG c.b.p.a.d.c.s.GestionClientesService - Obteniendo clientes por vendedor: 2ab0631c-da17-4bd8-b9b9-237de54711c6
2026-05-10 12:31:19 [http-nio-3000-exec-9] DEBUG c.b.p.a.i.p.s.a.SupabaseClienteRepositoryAdapter - Obteniendo clientes por vendedorId=2ab0631c-da17-4bd8-b9b9-237de54711c6
2026-05-10 12:31:20 [http-nio-3000-exec-10] DEBUG c.b.p.a.d.a.s.AutorizacionAuthService - Perfil obtenido exitosamente para usuario ID: f2dc5b92-7ded-4c42-9e5a-d8a22aaf4a3a
2026-05-10 12:31:20 [http-nio-3000-exec-10] INFO  c.b.p.a.a.i.c.InventarioRestAdapter - GET /inventario/vendedor/0b9544ca-bfbe-4335-821c-5c8eb4b553b2 - consulta por mateovargas220705@gmail.com
2026-05-10 12:31:20 [http-nio-3000-exec-10] INFO  c.b.p.a.d.i.s.GestionInventarioService - Consultando cargas por vendedor: 0b9544ca-bfbe-4335-821c-5c8eb4b553b2
2026-05-10 12:31:20 [http-nio-3000-exec-10] DEBUG c.b.p.a.i.p.s.a.SupabaseAsignacionRepositoryAdapter - Consultando asignaciones por vendedor: 0b9544ca-bfbe-4335-821c-5c8eb4b553b2
2026-05-10 12:31:20 [http-nio-3000-exec-4] DEBUG c.b.p.a.d.a.s.AutorizacionAuthService - Obteniendo perfil por token
2026-05-10 12:31:20 [http-nio-3000-exec-5] DEBUG c.b.p.a.d.a.s.AutorizacionAuthService - Perfil obtenido exitosamente para usuario ID: f2dc5b92-7ded-4c42-9e5a-d8a22aaf4a3a
2026-05-10 12:31:20 [http-nio-3000-exec-5] INFO  c.b.p.a.a.i.c.InventarioRestAdapter - GET /inventario/vendedor/2ab0631c-da17-4bd8-b9b9-237de54711c6 - consulta por mateovargas220705@gmail.com
2026-05-10 12:31:20 [http-nio-3000-exec-5] INFO  c.b.p.a.d.i.s.GestionInventarioService - Consultando cargas por vendedor: 2ab0631c-da17-4bd8-b9b9-237de54711c6
2026-05-10 12:31:20 [http-nio-3000-exec-5] DEBUG c.b.p.a.i.p.s.a.SupabaseAsignacionRepositoryAdapter - Consultando asignaciones por vendedor: 2ab0631c-da17-4bd8-b9b9-237de54711c6
2026-05-10 12:31:20 [http-nio-3000-exec-1] DEBUG c.b.p.a.d.a.s.AutorizacionAuthService - Obteniendo perfil por token
2026-05-10 12:31:20 [http-nio-3000-exec-8] INFO  c.b.p.a.a.ventas.VentaRestAdapter - GET /ventas/cierre-jornada - Obtener cierre de jornada para vendedor 5e0e4eff-aec3-46df-a77e-d4feeb19394c y fecha 2026-05-10
2026-05-10 12:31:20 [http-nio-3000-exec-8] INFO  c.b.p.a.d.v.s.GestionVentasService - Obteniendo resumen de cierre de jornada para vendedor 5e0e4eff-aec3-46df-a77e-d4feeb19394c en fecha 2026-05-10
2026-05-10 12:31:20 [http-nio-3000-exec-3] INFO  c.b.p.a.a.c.CierreJornadaRestAdapter - GET /cierres/vendedor/5e0e4eff-aec3-46df-a77e-d4feeb19394c - Historial de cierres
2026-05-10 12:31:20 [http-nio-3000-exec-10] DEBUG c.b.p.a.i.p.s.a.SupabaseAsignacionRepositoryAdapter - Asignaciones encontradas para vendedor 0b9544ca-bfbe-4335-821c-5c8eb4b553b2: 1
2026-05-10 12:31:20 [http-nio-3000-exec-7] INFO  c.b.p.a.a.ventas.VentaRestAdapter - GET /ventas/cierre-jornada - Obtener cierre de jornada para vendedor 6b0a5026-52f3-475a-a20f-5aacf94764f0 y fecha 2026-05-10
2026-05-10 12:31:20 [http-nio-3000-exec-7] INFO  c.b.p.a.d.v.s.GestionVentasService - Obteniendo resumen de cierre de jornada para vendedor 6b0a5026-52f3-475a-a20f-5aacf94764f0 en fecha 2026-05-10
2026-05-10 12:31:20 [http-nio-3000-exec-5] DEBUG c.b.p.a.i.p.s.a.SupabaseAsignacionRepositoryAdapter - Asignaciones encontradas para vendedor 2ab0631c-da17-4bd8-b9b9-237de54711c6: 9
2026-05-10 12:31:20 [http-nio-3000-exec-9] DEBUG c.b.p.a.a.c.c.ClientesRestAdapter - Obteniendo clientes; vendedorId=5e0e4eff-aec3-46df-a77e-d4feeb19394c
2026-05-10 12:31:20 [http-nio-3000-exec-2] INFO  c.b.p.a.a.c.CierreJornadaRestAdapter - GET /cierres/vendedor/6b0a5026-52f3-475a-a20f-5aacf94764f0 - Historial de cierres
2026-05-10 12:31:20 [http-nio-3000-exec-9] DEBUG c.b.p.a.d.c.s.GestionClientesService - Obteniendo clientes por vendedor: 5e0e4eff-aec3-46df-a77e-d4feeb19394c
2026-05-10 12:31:20 [http-nio-3000-exec-9] DEBUG c.b.p.a.i.p.s.a.SupabaseClienteRepositoryAdapter - Obteniendo clientes por vendedorId=5e0e4eff-aec3-46df-a77e-d4feeb19394c
2026-05-10 12:31:20 [http-nio-3000-exec-4] DEBUG c.b.p.a.d.a.s.AutorizacionAuthService - Perfil obtenido exitosamente para usuario ID: f2dc5b92-7ded-4c42-9e5a-d8a22aaf4a3a
2026-05-10 12:31:20 [http-nio-3000-exec-4] INFO  c.b.p.a.a.i.c.InventarioRestAdapter - GET /inventario/vendedor/5e0e4eff-aec3-46df-a77e-d4feeb19394c - consulta por mateovargas220705@gmail.com
2026-05-10 12:31:20 [http-nio-3000-exec-4] INFO  c.b.p.a.d.i.s.GestionInventarioService - Consultando cargas por vendedor: 5e0e4eff-aec3-46df-a77e-d4feeb19394c
2026-05-10 12:31:20 [http-nio-3000-exec-4] DEBUG c.b.p.a.i.p.s.a.SupabaseAsignacionRepositoryAdapter - Consultando asignaciones por vendedor: 5e0e4eff-aec3-46df-a77e-d4feeb19394c
2026-05-10 12:31:20 [http-nio-3000-exec-6] DEBUG c.b.p.a.a.c.c.ClientesRestAdapter - Obteniendo clientes; vendedorId=6b0a5026-52f3-475a-a20f-5aacf94764f0
2026-05-10 12:31:20 [http-nio-3000-exec-6] DEBUG c.b.p.a.d.c.s.GestionClientesService - Obteniendo clientes por vendedor: 6b0a5026-52f3-475a-a20f-5aacf94764f0
2026-05-10 12:31:20 [http-nio-3000-exec-6] DEBUG c.b.p.a.i.p.s.a.SupabaseClienteRepositoryAdapter - Obteniendo clientes por vendedorId=6b0a5026-52f3-475a-a20f-5aacf94764f0
2026-05-10 12:31:20 [http-nio-3000-exec-1] DEBUG c.b.p.a.d.a.s.AutorizacionAuthService - Perfil obtenido exitosamente para usuario ID: f2dc5b92-7ded-4c42-9e5a-d8a22aaf4a3a
2026-05-10 12:31:20 [http-nio-3000-exec-1] INFO  c.b.p.a.a.i.c.InventarioRestAdapter - GET /inventario/vendedor/6b0a5026-52f3-475a-a20f-5aacf94764f0 - consulta por mateovargas220705@gmail.com
2026-05-10 12:31:20 [http-nio-3000-exec-1] INFO  c.b.p.a.d.i.s.GestionInventarioService - Consultando cargas por vendedor: 6b0a5026-52f3-475a-a20f-5aacf94764f0
2026-05-10 12:31:20 [http-nio-3000-exec-1] DEBUG c.b.p.a.i.p.s.a.SupabaseAsignacionRepositoryAdapter - Consultando asignaciones por vendedor: 6b0a5026-52f3-475a-a20f-5aacf94764f0
2026-05-10 12:31:20 [http-nio-3000-exec-10] DEBUG c.b.p.a.d.a.s.AutorizacionAuthService - Obteniendo perfil por token
2026-05-10 12:31:20 [http-nio-3000-exec-4] DEBUG c.b.p.a.i.p.s.a.SupabaseAsignacionRepositoryAdapter - Asignaciones encontradas para vendedor 5e0e4eff-aec3-46df-a77e-d4feeb19394c: 4
2026-05-10 12:31:20 [http-nio-3000-exec-5] INFO  c.b.p.a.a.ventas.VentaRestAdapter - GET /ventas/cierre-jornada - Obtener cierre de jornada para vendedor 73ed0c2b-851c-44c8-a08b-ded6f61924f9 y fecha 2026-05-10
2026-05-10 12:31:20 [http-nio-3000-exec-5] INFO  c.b.p.a.d.v.s.GestionVentasService - Obteniendo resumen de cierre de jornada para vendedor 73ed0c2b-851c-44c8-a08b-ded6f61924f9 en fecha 2026-05-10
2026-05-10 12:31:20 [http-nio-3000-exec-3] INFO  c.b.p.a.a.c.CierreJornadaRestAdapter - GET /cierres/vendedor/73ed0c2b-851c-44c8-a08b-ded6f61924f9 - Historial de cierres
2026-05-10 12:31:20 [http-nio-3000-exec-1] DEBUG c.b.p.a.i.p.s.a.SupabaseAsignacionRepositoryAdapter - Asignaciones encontradas para vendedor 6b0a5026-52f3-475a-a20f-5aacf94764f0: 31
2026-05-10 12:31:20 [http-nio-3000-exec-2] DEBUG c.b.p.a.d.a.s.AutorizacionAuthService - Obteniendo perfil por token
2026-05-10 12:31:20 [http-nio-3000-exec-10] DEBUG c.b.p.a.d.a.s.AutorizacionAuthService - Perfil obtenido exitosamente para usuario ID: f2dc5b92-7ded-4c42-9e5a-d8a22aaf4a3a
2026-05-10 12:31:20 [http-nio-3000-exec-10] INFO  c.b.p.a.a.i.c.InventarioRestAdapter - GET /inventario/vendedor/73ed0c2b-851c-44c8-a08b-ded6f61924f9 - consulta por mateovargas220705@gmail.com
2026-05-10 12:31:20 [http-nio-3000-exec-10] INFO  c.b.p.a.d.i.s.GestionInventarioService - Consultando cargas por vendedor: 73ed0c2b-851c-44c8-a08b-ded6f61924f9
2026-05-10 12:31:20 [http-nio-3000-exec-10] DEBUG c.b.p.a.i.p.s.a.SupabaseAsignacionRepositoryAdapter - Consultando asignaciones por vendedor: 73ed0c2b-851c-44c8-a08b-ded6f61924f9
2026-05-10 12:31:20 [http-nio-3000-exec-9] DEBUG c.b.p.a.a.c.c.ClientesRestAdapter - Obteniendo clientes; vendedorId=73ed0c2b-851c-44c8-a08b-ded6f61924f9
2026-05-10 12:31:20 [http-nio-3000-exec-9] DEBUG c.b.p.a.d.c.s.GestionClientesService - Obteniendo clientes por vendedor: 73ed0c2b-851c-44c8-a08b-ded6f61924f9
2026-05-10 12:31:20 [http-nio-3000-exec-9] DEBUG c.b.p.a.i.p.s.a.SupabaseClienteRepositoryAdapter - Obteniendo clientes por vendedorId=73ed0c2b-851c-44c8-a08b-ded6f61924f9
2026-05-10 12:31:20 [http-nio-3000-exec-4] INFO  c.b.p.a.a.ventas.VentaRestAdapter - GET /ventas/cierre-jornada - Obtener cierre de jornada para vendedor 7ca8780f-864c-4179-8c8a-9d8ae55b6df8 y fecha 2026-05-10
2026-05-10 12:31:20 [http-nio-3000-exec-4] INFO  c.b.p.a.d.v.s.GestionVentasService - Obteniendo resumen de cierre de jornada para vendedor 7ca8780f-864c-4179-8c8a-9d8ae55b6df8 en fecha 2026-05-10
2026-05-10 12:31:20 [http-nio-3000-exec-6] INFO  c.b.p.a.a.c.CierreJornadaRestAdapter - GET /cierres/vendedor/7ca8780f-864c-4179-8c8a-9d8ae55b6df8 - Historial de cierres
2026-05-10 12:31:20 [http-nio-3000-exec-1] DEBUG c.b.p.a.a.c.c.ClientesRestAdapter - Obteniendo clientes; vendedorId=7ca8780f-864c-4179-8c8a-9d8ae55b6df8
2026-05-10 12:31:20 [http-nio-3000-exec-1] DEBUG c.b.p.a.d.c.s.GestionClientesService - Obteniendo clientes por vendedor: 7ca8780f-864c-4179-8c8a-9d8ae55b6df8
2026-05-10 12:31:20 [http-nio-3000-exec-1] DEBUG c.b.p.a.i.p.s.a.SupabaseClienteRepositoryAdapter - Obteniendo clientes por vendedorId=7ca8780f-864c-4179-8c8a-9d8ae55b6df8
2026-05-10 12:31:20 [http-nio-3000-exec-10] DEBUG c.b.p.a.i.p.s.a.SupabaseAsignacionRepositoryAdapter - Asignaciones encontradas para vendedor 73ed0c2b-851c-44c8-a08b-ded6f61924f9: 4
2026-05-10 12:31:20 [http-nio-3000-exec-8] DEBUG c.b.p.a.d.a.s.AutorizacionAuthService - Obteniendo perfil por token
2026-05-10 12:31:20 [http-nio-3000-exec-3] INFO  c.b.p.a.a.ventas.VentaRestAdapter - GET /ventas/cierre-jornada - Obtener cierre de jornada para vendedor 7dec6fc9-8ddc-48c6-86a3-a1dbfc46f80e y fecha 2026-05-10
2026-05-10 12:31:20 [http-nio-3000-exec-3] INFO  c.b.p.a.d.v.s.GestionVentasService - Obteniendo resumen de cierre de jornada para vendedor 7dec6fc9-8ddc-48c6-86a3-a1dbfc46f80e en fecha 2026-05-10
2026-05-10 12:31:20 [http-nio-3000-exec-2] DEBUG c.b.p.a.d.a.s.AutorizacionAuthService - Perfil obtenido exitosamente para usuario ID: f2dc5b92-7ded-4c42-9e5a-d8a22aaf4a3a
2026-05-10 12:31:20 [http-nio-3000-exec-2] INFO  c.b.p.a.a.i.c.InventarioRestAdapter - GET /inventario/vendedor/7ca8780f-864c-4179-8c8a-9d8ae55b6df8 - consulta por mateovargas220705@gmail.com
2026-05-10 12:31:20 [http-nio-3000-exec-2] INFO  c.b.p.a.d.i.s.GestionInventarioService - Consultando cargas por vendedor: 7ca8780f-864c-4179-8c8a-9d8ae55b6df8
2026-05-10 12:31:20 [http-nio-3000-exec-2] DEBUG c.b.p.a.i.p.s.a.SupabaseAsignacionRepositoryAdapter - Consultando asignaciones por vendedor: 7ca8780f-864c-4179-8c8a-9d8ae55b6df8
2026-05-10 12:31:20 [http-nio-3000-exec-7] INFO  c.b.p.a.a.c.CierreJornadaRestAdapter - GET /cierres/vendedor/7dec6fc9-8ddc-48c6-86a3-a1dbfc46f80e - Historial de cierres
2026-05-10 12:31:20 [http-nio-3000-exec-5] DEBUG c.b.p.a.a.c.c.ClientesRestAdapter - Obteniendo clientes; vendedorId=7dec6fc9-8ddc-48c6-86a3-a1dbfc46f80e
2026-05-10 12:31:20 [http-nio-3000-exec-5] DEBUG c.b.p.a.d.c.s.GestionClientesService - Obteniendo clientes por vendedor: 7dec6fc9-8ddc-48c6-86a3-a1dbfc46f80e
2026-05-10 12:31:20 [http-nio-3000-exec-5] DEBUG c.b.p.a.i.p.s.a.SupabaseClienteRepositoryAdapter - Obteniendo clientes por vendedorId=7dec6fc9-8ddc-48c6-86a3-a1dbfc46f80e
2026-05-10 12:31:21 [http-nio-3000-exec-9] DEBUG c.b.p.a.d.a.s.AutorizacionAuthService - Obteniendo perfil por token
2026-05-10 12:31:21 [http-nio-3000-exec-2] DEBUG c.b.p.a.i.p.s.a.SupabaseAsignacionRepositoryAdapter - Asignaciones encontradas para vendedor 7ca8780f-864c-4179-8c8a-9d8ae55b6df8: 3
2026-05-10 12:31:21 [http-nio-3000-exec-10] INFO  c.b.p.a.a.ventas.VentaRestAdapter - GET /ventas/cierre-jornada - Obtener cierre de jornada para vendedor 86676371-8389-4969-89b4-6a10d3e65cbd y fecha 2026-05-10
2026-05-10 12:31:21 [http-nio-3000-exec-10] INFO  c.b.p.a.d.v.s.GestionVentasService - Obteniendo resumen de cierre de jornada para vendedor 86676371-8389-4969-89b4-6a10d3e65cbd en fecha 2026-05-10
2026-05-10 12:31:21 [http-nio-3000-exec-1] DEBUG c.b.p.a.a.c.c.ClientesRestAdapter - Obteniendo clientes; vendedorId=86676371-8389-4969-89b4-6a10d3e65cbd
2026-05-10 12:31:21 [http-nio-3000-exec-6] INFO  c.b.p.a.a.c.CierreJornadaRestAdapter - GET /cierres/vendedor/86676371-8389-4969-89b4-6a10d3e65cbd - Historial de cierres
2026-05-10 12:31:21 [http-nio-3000-exec-1] DEBUG c.b.p.a.d.c.s.GestionClientesService - Obteniendo clientes por vendedor: 86676371-8389-4969-89b4-6a10d3e65cbd
2026-05-10 12:31:21 [http-nio-3000-exec-1] DEBUG c.b.p.a.i.p.s.a.SupabaseClienteRepositoryAdapter - Obteniendo clientes por vendedorId=86676371-8389-4969-89b4-6a10d3e65cbd
2026-05-10 12:31:21 [http-nio-3000-exec-8] DEBUG c.b.p.a.d.a.s.AutorizacionAuthService - Perfil obtenido exitosamente para usuario ID: f2dc5b92-7ded-4c42-9e5a-d8a22aaf4a3a
2026-05-10 12:31:21 [http-nio-3000-exec-8] INFO  c.b.p.a.a.i.c.InventarioRestAdapter - GET /inventario/vendedor/7dec6fc9-8ddc-48c6-86a3-a1dbfc46f80e - consulta por mateovargas220705@gmail.com
2026-05-10 12:31:21 [http-nio-3000-exec-8] INFO  c.b.p.a.d.i.s.GestionInventarioService - Consultando cargas por vendedor: 7dec6fc9-8ddc-48c6-86a3-a1dbfc46f80e
2026-05-10 12:31:21 [http-nio-3000-exec-8] DEBUG c.b.p.a.i.p.s.a.SupabaseAsignacionRepositoryAdapter - Consultando asignaciones por vendedor: 7dec6fc9-8ddc-48c6-86a3-a1dbfc46f80e
2026-05-10 12:31:21 [http-nio-3000-exec-4] DEBUG c.b.p.a.d.a.s.AutorizacionAuthService - Obteniendo perfil por token
2026-05-10 12:31:21 [http-nio-3000-exec-2] INFO  c.b.p.a.a.ventas.VentaRestAdapter - GET /ventas/cierre-jornada - Obtener cierre de jornada para vendedor 997e2337-32a6-4ba5-84fb-873ef1b6036f y fecha 2026-05-10
2026-05-10 12:31:21 [http-nio-3000-exec-2] INFO  c.b.p.a.d.v.s.GestionVentasService - Obteniendo resumen de cierre de jornada para vendedor 997e2337-32a6-4ba5-84fb-873ef1b6036f en fecha 2026-05-10
2026-05-10 12:31:21 [http-nio-3000-exec-7] INFO  c.b.p.a.a.c.CierreJornadaRestAdapter - GET /cierres/vendedor/997e2337-32a6-4ba5-84fb-873ef1b6036f - Historial de cierres
2026-05-10 12:31:21 [http-nio-3000-exec-8] DEBUG c.b.p.a.i.p.s.a.SupabaseAsignacionRepositoryAdapter - Asignaciones encontradas para vendedor 7dec6fc9-8ddc-48c6-86a3-a1dbfc46f80e: 1
2026-05-10 12:31:21 [http-nio-3000-exec-5] DEBUG c.b.p.a.a.c.c.ClientesRestAdapter - Obteniendo clientes; vendedorId=997e2337-32a6-4ba5-84fb-873ef1b6036f
2026-05-10 12:31:21 [http-nio-3000-exec-5] DEBUG c.b.p.a.d.c.s.GestionClientesService - Obteniendo clientes por vendedor: 997e2337-32a6-4ba5-84fb-873ef1b6036f
2026-05-10 12:31:21 [http-nio-3000-exec-5] DEBUG c.b.p.a.i.p.s.a.SupabaseClienteRepositoryAdapter - Obteniendo clientes por vendedorId=997e2337-32a6-4ba5-84fb-873ef1b6036f
2026-05-10 12:31:21 [http-nio-3000-exec-3] DEBUG c.b.p.a.d.a.s.AutorizacionAuthService - Obteniendo perfil por token
2026-05-10 12:31:21 [http-nio-3000-exec-6] INFO  c.b.p.a.a.ventas.VentaRestAdapter - GET /ventas/cierre-jornada - Obtener cierre de jornada para vendedor c1cbc4b0-eafd-490a-be95-b1c42036ad16 y fecha 2026-05-10
2026-05-10 12:31:21 [http-nio-3000-exec-6] INFO  c.b.p.a.d.v.s.GestionVentasService - Obteniendo resumen de cierre de jornada para vendedor c1cbc4b0-eafd-490a-be95-b1c42036ad16 en fecha 2026-05-10
2026-05-10 12:31:21 [http-nio-3000-exec-1] INFO  c.b.p.a.a.c.CierreJornadaRestAdapter - GET /cierres/vendedor/c1cbc4b0-eafd-490a-be95-b1c42036ad16 - Historial de cierres
2026-05-10 12:31:21 [http-nio-3000-exec-9] DEBUG c.b.p.a.d.a.s.AutorizacionAuthService - Perfil obtenido exitosamente para usuario ID: f2dc5b92-7ded-4c42-9e5a-d8a22aaf4a3a
2026-05-10 12:31:21 [http-nio-3000-exec-4] DEBUG c.b.p.a.d.a.s.AutorizacionAuthService - Perfil obtenido exitosamente para usuario ID: f2dc5b92-7ded-4c42-9e5a-d8a22aaf4a3a
2026-05-10 12:31:21 [http-nio-3000-exec-9] INFO  c.b.p.a.a.i.c.InventarioRestAdapter - GET /inventario/vendedor/86676371-8389-4969-89b4-6a10d3e65cbd - consulta por mateovargas220705@gmail.com
2026-05-10 12:31:21 [http-nio-3000-exec-9] INFO  c.b.p.a.d.i.s.GestionInventarioService - Consultando cargas por vendedor: 86676371-8389-4969-89b4-6a10d3e65cbd
2026-05-10 12:31:21 [http-nio-3000-exec-9] DEBUG c.b.p.a.i.p.s.a.SupabaseAsignacionRepositoryAdapter - Consultando asignaciones por vendedor: 86676371-8389-4969-89b4-6a10d3e65cbd
2026-05-10 12:31:21 [http-nio-3000-exec-4] INFO  c.b.p.a.a.i.c.InventarioRestAdapter - GET /inventario/vendedor/997e2337-32a6-4ba5-84fb-873ef1b6036f - consulta por mateovargas220705@gmail.com
2026-05-10 12:31:21 [http-nio-3000-exec-4] INFO  c.b.p.a.d.i.s.GestionInventarioService - Consultando cargas por vendedor: 997e2337-32a6-4ba5-84fb-873ef1b6036f
2026-05-10 12:31:21 [http-nio-3000-exec-4] DEBUG c.b.p.a.i.p.s.a.SupabaseAsignacionRepositoryAdapter - Consultando asignaciones por vendedor: 997e2337-32a6-4ba5-84fb-873ef1b6036f
2026-05-10 12:31:21 [http-nio-3000-exec-8] DEBUG c.b.p.a.a.c.c.ClientesRestAdapter - Obteniendo clientes; vendedorId=c1cbc4b0-eafd-490a-be95-b1c42036ad16
2026-05-10 12:31:21 [http-nio-3000-exec-8] DEBUG c.b.p.a.d.c.s.GestionClientesService - Obteniendo clientes por vendedor: c1cbc4b0-eafd-490a-be95-b1c42036ad16
2026-05-10 12:31:21 [http-nio-3000-exec-8] DEBUG c.b.p.a.i.p.s.a.SupabaseClienteRepositoryAdapter - Obteniendo clientes por vendedorId=c1cbc4b0-eafd-490a-be95-b1c42036ad16
2026-05-10 12:31:21 [http-nio-3000-exec-9] DEBUG c.b.p.a.i.p.s.a.SupabaseAsignacionRepositoryAdapter - Asignaciones encontradas para vendedor 86676371-8389-4969-89b4-6a10d3e65cbd: 6
2026-05-10 12:31:21 [http-nio-3000-exec-4] DEBUG c.b.p.a.i.p.s.a.SupabaseAsignacionRepositoryAdapter - Asignaciones encontradas para vendedor 997e2337-32a6-4ba5-84fb-873ef1b6036f: 1
2026-05-10 12:31:21 [http-nio-3000-exec-10] INFO  c.b.p.a.a.ventas.VentaRestAdapter - GET /ventas - Listar ventas resumidas
2026-05-10 12:31:21 [http-nio-3000-exec-10] INFO  c.b.p.a.d.v.s.GestionVentasService - Obteniendo listado de ventas resumidas
2026-05-10 12:31:21 [http-nio-3000-exec-3] DEBUG c.b.p.a.d.a.s.AutorizacionAuthService - Perfil obtenido exitosamente para usuario ID: f2dc5b92-7ded-4c42-9e5a-d8a22aaf4a3a
2026-05-10 12:31:21 [http-nio-3000-exec-3] INFO  c.b.p.a.a.i.c.InventarioRestAdapter - GET /inventario/vendedor/c1cbc4b0-eafd-490a-be95-b1c42036ad16 - consulta por mateovargas220705@gmail.com
2026-05-10 12:31:21 [http-nio-3000-exec-3] INFO  c.b.p.a.d.i.s.GestionInventarioService - Consultando cargas por vendedor: c1cbc4b0-eafd-490a-be95-b1c42036ad16
2026-05-10 12:31:21 [http-nio-3000-exec-3] DEBUG c.b.p.a.i.p.s.a.SupabaseAsignacionRepositoryAdapter - Consultando asignaciones por vendedor: c1cbc4b0-eafd-490a-be95-b1c42036ad16
2026-05-10 12:31:21 [http-nio-3000-exec-3] DEBUG c.b.p.a.i.p.s.a.SupabaseAsignacionRepositoryAdapter - Asignaciones encontradas para vendedor c1cbc4b0-eafd-490a-be95-b1c42036ad16: 1
2026-05-10 12:31:28 [http-nio-3000-exec-7] INFO  c.b.p.a.a.v.c.VendedoresRestAdapter - GET /vendedores - Obtener todos los vendedores
2026-05-10 12:31:28 [http-nio-3000-exec-7] DEBUG c.b.p.a.d.v.s.GestionVendedoresService - Obteniendo todos los vendedores
2026-05-10 12:31:28 [http-nio-3000-exec-7] DEBUG c.b.p.a.d.v.s.GestionVendedoresService - Se obtuvieron 10 vendedores
2026-05-10 12:31:28 [http-nio-3000-exec-7] DEBUG c.b.p.a.a.v.c.VendedoresRestAdapter - Se obtuvieron 10 vendedores
2026-05-10 12:31:28 [http-nio-3000-exec-5] DEBUG c.b.p.a.a.c.c.ClientesRestAdapter - Obteniendo clientes; vendedorId=0b9544ca-bfbe-4335-821c-5c8eb4b553b2
2026-05-10 12:31:28 [http-nio-3000-exec-2] DEBUG c.b.p.a.a.c.c.ClientesRestAdapter - Obteniendo clientes; vendedorId=2ab0631c-da17-4bd8-b9b9-237de54711c6
2026-05-10 12:31:28 [http-nio-3000-exec-5] DEBUG c.b.p.a.d.c.s.GestionClientesService - Obteniendo clientes por vendedor: 0b9544ca-bfbe-4335-821c-5c8eb4b553b2
2026-05-10 12:31:28 [http-nio-3000-exec-2] DEBUG c.b.p.a.d.c.s.GestionClientesService - Obteniendo clientes por vendedor: 2ab0631c-da17-4bd8-b9b9-237de54711c6
2026-05-10 12:31:28 [http-nio-3000-exec-5] DEBUG c.b.p.a.i.p.s.a.SupabaseClienteRepositoryAdapter - Obteniendo clientes por vendedorId=0b9544ca-bfbe-4335-821c-5c8eb4b553b2
2026-05-10 12:31:28 [http-nio-3000-exec-2] DEBUG c.b.p.a.i.p.s.a.SupabaseClienteRepositoryAdapter - Obteniendo clientes por vendedorId=2ab0631c-da17-4bd8-b9b9-237de54711c6
2026-05-10 12:31:28 [http-nio-3000-exec-1] DEBUG c.b.p.a.a.c.c.ClientesRestAdapter - Obteniendo clientes; vendedorId=5e0e4eff-aec3-46df-a77e-d4feeb19394c
2026-05-10 12:31:28 [http-nio-3000-exec-1] DEBUG c.b.p.a.d.c.s.GestionClientesService - Obteniendo clientes por vendedor: 5e0e4eff-aec3-46df-a77e-d4feeb19394c
2026-05-10 12:31:28 [http-nio-3000-exec-1] DEBUG c.b.p.a.i.p.s.a.SupabaseClienteRepositoryAdapter - Obteniendo clientes por vendedorId=5e0e4eff-aec3-46df-a77e-d4feeb19394c
2026-05-10 12:31:28 [http-nio-3000-exec-9] DEBUG c.b.p.a.a.c.c.ClientesRestAdapter - Obteniendo clientes; vendedorId=6b0a5026-52f3-475a-a20f-5aacf94764f0
2026-05-10 12:31:28 [http-nio-3000-exec-4] DEBUG c.b.p.a.a.c.c.ClientesRestAdapter - Obteniendo clientes; vendedorId=73ed0c2b-851c-44c8-a08b-ded6f61924f9
2026-05-10 12:31:28 [http-nio-3000-exec-8] DEBUG c.b.p.a.a.c.c.ClientesRestAdapter - Obteniendo clientes; vendedorId=7ca8780f-864c-4179-8c8a-9d8ae55b6df8
2026-05-10 12:31:28 [http-nio-3000-exec-8] DEBUG c.b.p.a.d.c.s.GestionClientesService - Obteniendo clientes por vendedor: 7ca8780f-864c-4179-8c8a-9d8ae55b6df8
2026-05-10 12:31:28 [http-nio-3000-exec-9] DEBUG c.b.p.a.d.c.s.GestionClientesService - Obteniendo clientes por vendedor: 6b0a5026-52f3-475a-a20f-5aacf94764f0
2026-05-10 12:31:28 [http-nio-3000-exec-4] DEBUG c.b.p.a.d.c.s.GestionClientesService - Obteniendo clientes por vendedor: 73ed0c2b-851c-44c8-a08b-ded6f61924f9
2026-05-10 12:31:28 [http-nio-3000-exec-8] DEBUG c.b.p.a.i.p.s.a.SupabaseClienteRepositoryAdapter - Obteniendo clientes por vendedorId=7ca8780f-864c-4179-8c8a-9d8ae55b6df8
2026-05-10 12:31:28 [http-nio-3000-exec-9] DEBUG c.b.p.a.i.p.s.a.SupabaseClienteRepositoryAdapter - Obteniendo clientes por vendedorId=6b0a5026-52f3-475a-a20f-5aacf94764f0
2026-05-10 12:31:28 [http-nio-3000-exec-4] DEBUG c.b.p.a.i.p.s.a.SupabaseClienteRepositoryAdapter - Obteniendo clientes por vendedorId=73ed0c2b-851c-44c8-a08b-ded6f61924f9
2026-05-10 12:31:28 [http-nio-3000-exec-6] DEBUG c.b.p.a.a.c.c.ClientesRestAdapter - Obteniendo clientes; vendedorId=7dec6fc9-8ddc-48c6-86a3-a1dbfc46f80e
2026-05-10 12:31:28 [http-nio-3000-exec-6] DEBUG c.b.p.a.d.c.s.GestionClientesService - Obteniendo clientes por vendedor: 7dec6fc9-8ddc-48c6-86a3-a1dbfc46f80e
2026-05-10 12:31:28 [http-nio-3000-exec-6] DEBUG c.b.p.a.i.p.s.a.SupabaseClienteRepositoryAdapter - Obteniendo clientes por vendedorId=7dec6fc9-8ddc-48c6-86a3-a1dbfc46f80e
2026-05-10 12:31:28 [http-nio-3000-exec-10] DEBUG c.b.p.a.a.c.c.ClientesRestAdapter - Obteniendo clientes; vendedorId=86676371-8389-4969-89b4-6a10d3e65cbd
2026-05-10 12:31:28 [http-nio-3000-exec-10] DEBUG c.b.p.a.d.c.s.GestionClientesService - Obteniendo clientes por vendedor: 86676371-8389-4969-89b4-6a10d3e65cbd
2026-05-10 12:31:28 [http-nio-3000-exec-10] DEBUG c.b.p.a.i.p.s.a.SupabaseClienteRepositoryAdapter - Obteniendo clientes por vendedorId=86676371-8389-4969-89b4-6a10d3e65cbd
2026-05-10 12:31:28 [http-nio-3000-exec-3] DEBUG c.b.p.a.a.c.c.ClientesRestAdapter - Obteniendo clientes; vendedorId=997e2337-32a6-4ba5-84fb-873ef1b6036f
2026-05-10 12:31:28 [http-nio-3000-exec-3] DEBUG c.b.p.a.d.c.s.GestionClientesService - Obteniendo clientes por vendedor: 997e2337-32a6-4ba5-84fb-873ef1b6036f
2026-05-10 12:31:28 [http-nio-3000-exec-3] DEBUG c.b.p.a.i.p.s.a.SupabaseClienteRepositoryAdapter - Obteniendo clientes por vendedorId=997e2337-32a6-4ba5-84fb-873ef1b6036f
2026-05-10 12:31:28 [http-nio-3000-exec-7] DEBUG c.b.p.a.a.c.c.ClientesRestAdapter - Obteniendo clientes; vendedorId=c1cbc4b0-eafd-490a-be95-b1c42036ad16
2026-05-10 12:31:28 [http-nio-3000-exec-7] DEBUG c.b.p.a.d.c.s.GestionClientesService - Obteniendo clientes por vendedor: c1cbc4b0-eafd-490a-be95-b1c42036ad16
2026-05-10 12:31:28 [http-nio-3000-exec-7] DEBUG c.b.p.a.i.p.s.a.SupabaseClienteRepositoryAdapter - Obteniendo clientes por vendedorId=c1cbc4b0-eafd-490a-be95-b1c42036ad16
2026-05-10 12:31:30 [http-nio-3000-exec-2] INFO  c.b.p.a.a.v.c.VendedoresRestAdapter - GET /vendedores - Obtener todos los vendedores
2026-05-10 12:31:30 [http-nio-3000-exec-2] DEBUG c.b.p.a.d.v.s.GestionVendedoresService - Obteniendo todos los vendedores
2026-05-10 12:31:30 [http-nio-3000-exec-2] DEBUG c.b.p.a.d.v.s.GestionVendedoresService - Se obtuvieron 10 vendedores
2026-05-10 12:31:30 [http-nio-3000-exec-2] DEBUG c.b.p.a.a.v.c.VendedoresRestAdapter - Se obtuvieron 10 vendedores
2026-05-10 12:31:30 [http-nio-3000-exec-8] INFO  c.b.p.a.a.c.CierreJornadaRestAdapter - GET /cierres/vendedor/0b9544ca-bfbe-4335-821c-5c8eb4b553b2 - Historial de cierres
2026-05-10 12:31:30 [http-nio-3000-exec-5] DEBUG c.b.p.a.d.a.s.AutorizacionAuthService - Obteniendo perfil por token
2026-05-10 12:31:30 [http-nio-3000-exec-9] INFO  c.b.p.a.a.ventas.VentaRestAdapter - GET /ventas/cierre-jornada - Obtener cierre de jornada para vendedor 0b9544ca-bfbe-4335-821c-5c8eb4b553b2 y fecha 2026-05-10
2026-05-10 12:31:30 [http-nio-3000-exec-4] DEBUG c.b.p.a.a.c.c.ClientesRestAdapter - Obteniendo clientes; vendedorId=0b9544ca-bfbe-4335-821c-5c8eb4b553b2
2026-05-10 12:31:30 [http-nio-3000-exec-9] INFO  c.b.p.a.d.v.s.GestionVentasService - Obteniendo resumen de cierre de jornada para vendedor 0b9544ca-bfbe-4335-821c-5c8eb4b553b2 en fecha 2026-05-10
2026-05-10 12:31:30 [http-nio-3000-exec-4] DEBUG c.b.p.a.d.c.s.GestionClientesService - Obteniendo clientes por vendedor: 0b9544ca-bfbe-4335-821c-5c8eb4b553b2
2026-05-10 12:31:30 [http-nio-3000-exec-4] DEBUG c.b.p.a.i.p.s.a.SupabaseClienteRepositoryAdapter - Obteniendo clientes por vendedorId=0b9544ca-bfbe-4335-821c-5c8eb4b553b2
2026-05-10 12:31:30 [http-nio-3000-exec-1] DEBUG c.b.p.a.d.a.s.AutorizacionAuthService - Obteniendo perfil por token
2026-05-10 12:31:30 [http-nio-3000-exec-6] INFO  c.b.p.a.a.ventas.VentaRestAdapter - GET /ventas/cierre-jornada - Obtener cierre de jornada para vendedor 2ab0631c-da17-4bd8-b9b9-237de54711c6 y fecha 2026-05-10
2026-05-10 12:31:30 [http-nio-3000-exec-6] INFO  c.b.p.a.d.v.s.GestionVentasService - Obteniendo resumen de cierre de jornada para vendedor 2ab0631c-da17-4bd8-b9b9-237de54711c6 en fecha 2026-05-10
2026-05-10 12:31:30 [http-nio-3000-exec-10] INFO  c.b.p.a.a.c.CierreJornadaRestAdapter - GET /cierres/vendedor/2ab0631c-da17-4bd8-b9b9-237de54711c6 - Historial de cierres
2026-05-10 12:31:30 [http-nio-3000-exec-3] DEBUG c.b.p.a.a.c.c.ClientesRestAdapter - Obteniendo clientes; vendedorId=2ab0631c-da17-4bd8-b9b9-237de54711c6
2026-05-10 12:31:30 [http-nio-3000-exec-3] DEBUG c.b.p.a.d.c.s.GestionClientesService - Obteniendo clientes por vendedor: 2ab0631c-da17-4bd8-b9b9-237de54711c6
2026-05-10 12:31:30 [http-nio-3000-exec-3] DEBUG c.b.p.a.i.p.s.a.SupabaseClienteRepositoryAdapter - Obteniendo clientes por vendedorId=2ab0631c-da17-4bd8-b9b9-237de54711c6
2026-05-10 12:31:30 [http-nio-3000-exec-1] DEBUG c.b.p.a.d.a.s.AutorizacionAuthService - Perfil obtenido exitosamente para usuario ID: f2dc5b92-7ded-4c42-9e5a-d8a22aaf4a3a
2026-05-10 12:31:30 [http-nio-3000-exec-1] INFO  c.b.p.a.a.i.c.InventarioRestAdapter - GET /inventario/vendedor/2ab0631c-da17-4bd8-b9b9-237de54711c6 - consulta por mateovargas220705@gmail.com
2026-05-10 12:31:30 [http-nio-3000-exec-5] DEBUG c.b.p.a.d.a.s.AutorizacionAuthService - Perfil obtenido exitosamente para usuario ID: f2dc5b92-7ded-4c42-9e5a-d8a22aaf4a3a
2026-05-10 12:31:30 [http-nio-3000-exec-5] INFO  c.b.p.a.a.i.c.InventarioRestAdapter - GET /inventario/vendedor/0b9544ca-bfbe-4335-821c-5c8eb4b553b2 - consulta por mateovargas220705@gmail.com
2026-05-10 12:31:30 [http-nio-3000-exec-1] INFO  c.b.p.a.d.i.s.GestionInventarioService - Consultando cargas por vendedor: 2ab0631c-da17-4bd8-b9b9-237de54711c6
2026-05-10 12:31:30 [http-nio-3000-exec-5] INFO  c.b.p.a.d.i.s.GestionInventarioService - Consultando cargas por vendedor: 0b9544ca-bfbe-4335-821c-5c8eb4b553b2
2026-05-10 12:31:30 [http-nio-3000-exec-1] DEBUG c.b.p.a.i.p.s.a.SupabaseAsignacionRepositoryAdapter - Consultando asignaciones por vendedor: 2ab0631c-da17-4bd8-b9b9-237de54711c6
2026-05-10 12:31:30 [http-nio-3000-exec-5] DEBUG c.b.p.a.i.p.s.a.SupabaseAsignacionRepositoryAdapter - Consultando asignaciones por vendedor: 0b9544ca-bfbe-4335-821c-5c8eb4b553b2
2026-05-10 12:31:30 [http-nio-3000-exec-7] DEBUG c.b.p.a.d.a.s.AutorizacionAuthService - Obteniendo perfil por token
2026-05-10 12:31:30 [http-nio-3000-exec-2] INFO  c.b.p.a.a.ventas.VentaRestAdapter - GET /ventas/cierre-jornada - Obtener cierre de jornada para vendedor 5e0e4eff-aec3-46df-a77e-d4feeb19394c y fecha 2026-05-10
2026-05-10 12:31:30 [http-nio-3000-exec-2] INFO  c.b.p.a.d.v.s.GestionVentasService - Obteniendo resumen de cierre de jornada para vendedor 5e0e4eff-aec3-46df-a77e-d4feeb19394c en fecha 2026-05-10
2026-05-10 12:31:30 [http-nio-3000-exec-8] DEBUG c.b.p.a.a.c.c.ClientesRestAdapter - Obteniendo clientes; vendedorId=5e0e4eff-aec3-46df-a77e-d4feeb19394c
2026-05-10 12:31:30 [http-nio-3000-exec-4] INFO  c.b.p.a.a.c.CierreJornadaRestAdapter - GET /cierres/vendedor/5e0e4eff-aec3-46df-a77e-d4feeb19394c - Historial de cierres
2026-05-10 12:31:30 [http-nio-3000-exec-8] DEBUG c.b.p.a.d.c.s.GestionClientesService - Obteniendo clientes por vendedor: 5e0e4eff-aec3-46df-a77e-d4feeb19394c
2026-05-10 12:31:30 [http-nio-3000-exec-8] DEBUG c.b.p.a.i.p.s.a.SupabaseClienteRepositoryAdapter - Obteniendo clientes por vendedorId=5e0e4eff-aec3-46df-a77e-d4feeb19394c
2026-05-10 12:31:30 [http-nio-3000-exec-5] DEBUG c.b.p.a.i.p.s.a.SupabaseAsignacionRepositoryAdapter - Asignaciones encontradas para vendedor 0b9544ca-bfbe-4335-821c-5c8eb4b553b2: 1
2026-05-10 12:31:30 [http-nio-3000-exec-1] DEBUG c.b.p.a.i.p.s.a.SupabaseAsignacionRepositoryAdapter - Asignaciones encontradas para vendedor 2ab0631c-da17-4bd8-b9b9-237de54711c6: 9
2026-05-10 12:31:30 [http-nio-3000-exec-6] DEBUG c.b.p.a.d.a.s.AutorizacionAuthService - Obteniendo perfil por token
2026-05-10 12:31:30 [http-nio-3000-exec-3] INFO  c.b.p.a.a.ventas.VentaRestAdapter - GET /ventas/cierre-jornada - Obtener cierre de jornada para vendedor 6b0a5026-52f3-475a-a20f-5aacf94764f0 y fecha 2026-05-10
2026-05-10 12:31:30 [http-nio-3000-exec-3] INFO  c.b.p.a.d.v.s.GestionVentasService - Obteniendo resumen de cierre de jornada para vendedor 6b0a5026-52f3-475a-a20f-5aacf94764f0 en fecha 2026-05-10
2026-05-10 12:31:30 [http-nio-3000-exec-10] INFO  c.b.p.a.a.c.CierreJornadaRestAdapter - GET /cierres/vendedor/6b0a5026-52f3-475a-a20f-5aacf94764f0 - Historial de cierres
2026-05-10 12:31:30 [http-nio-3000-exec-9] DEBUG c.b.p.a.a.c.c.ClientesRestAdapter - Obteniendo clientes; vendedorId=6b0a5026-52f3-475a-a20f-5aacf94764f0
2026-05-10 12:31:30 [http-nio-3000-exec-9] DEBUG c.b.p.a.d.c.s.GestionClientesService - Obteniendo clientes por vendedor: 6b0a5026-52f3-475a-a20f-5aacf94764f0
2026-05-10 12:31:30 [http-nio-3000-exec-9] DEBUG c.b.p.a.i.p.s.a.SupabaseClienteRepositoryAdapter - Obteniendo clientes por vendedorId=6b0a5026-52f3-475a-a20f-5aacf94764f0
2026-05-10 12:31:31 [http-nio-3000-exec-7] DEBUG c.b.p.a.d.a.s.AutorizacionAuthService - Perfil obtenido exitosamente para usuario ID: f2dc5b92-7ded-4c42-9e5a-d8a22aaf4a3a
2026-05-10 12:31:31 [http-nio-3000-exec-7] INFO  c.b.p.a.a.i.c.InventarioRestAdapter - GET /inventario/vendedor/5e0e4eff-aec3-46df-a77e-d4feeb19394c - consulta por mateovargas220705@gmail.com
2026-05-10 12:31:31 [http-nio-3000-exec-7] INFO  c.b.p.a.d.i.s.GestionInventarioService - Consultando cargas por vendedor: 5e0e4eff-aec3-46df-a77e-d4feeb19394c
2026-05-10 12:31:31 [http-nio-3000-exec-7] DEBUG c.b.p.a.i.p.s.a.SupabaseAsignacionRepositoryAdapter - Consultando asignaciones por vendedor: 5e0e4eff-aec3-46df-a77e-d4feeb19394c
2026-05-10 12:31:31 [http-nio-3000-exec-5] DEBUG c.b.p.a.d.a.s.AutorizacionAuthService - Obteniendo perfil por token
2026-05-10 12:31:31 [http-nio-3000-exec-1] INFO  c.b.p.a.a.ventas.VentaRestAdapter - GET /ventas/cierre-jornada - Obtener cierre de jornada para vendedor 73ed0c2b-851c-44c8-a08b-ded6f61924f9 y fecha 2026-05-10
2026-05-10 12:31:31 [http-nio-3000-exec-1] INFO  c.b.p.a.d.v.s.GestionVentasService - Obteniendo resumen de cierre de jornada para vendedor 73ed0c2b-851c-44c8-a08b-ded6f61924f9 en fecha 2026-05-10
2026-05-10 12:31:31 [http-nio-3000-exec-6] DEBUG c.b.p.a.d.a.s.AutorizacionAuthService - Perfil obtenido exitosamente para usuario ID: f2dc5b92-7ded-4c42-9e5a-d8a22aaf4a3a
2026-05-10 12:31:31 [http-nio-3000-exec-6] INFO  c.b.p.a.a.i.c.InventarioRestAdapter - GET /inventario/vendedor/6b0a5026-52f3-475a-a20f-5aacf94764f0 - consulta por mateovargas220705@gmail.com
2026-05-10 12:31:31 [http-nio-3000-exec-6] INFO  c.b.p.a.d.i.s.GestionInventarioService - Consultando cargas por vendedor: 6b0a5026-52f3-475a-a20f-5aacf94764f0
2026-05-10 12:31:31 [http-nio-3000-exec-6] DEBUG c.b.p.a.i.p.s.a.SupabaseAsignacionRepositoryAdapter - Consultando asignaciones por vendedor: 6b0a5026-52f3-475a-a20f-5aacf94764f0
2026-05-10 12:31:31 [http-nio-3000-exec-7] DEBUG c.b.p.a.i.p.s.a.SupabaseAsignacionRepositoryAdapter - Asignaciones encontradas para vendedor 5e0e4eff-aec3-46df-a77e-d4feeb19394c: 4
2026-05-10 12:31:31 [http-nio-3000-exec-4] INFO  c.b.p.a.a.c.CierreJornadaRestAdapter - GET /cierres/vendedor/73ed0c2b-851c-44c8-a08b-ded6f61924f9 - Historial de cierres
2026-05-10 12:31:31 [http-nio-3000-exec-6] DEBUG c.b.p.a.i.p.s.a.SupabaseAsignacionRepositoryAdapter - Asignaciones encontradas para vendedor 6b0a5026-52f3-475a-a20f-5aacf94764f0: 31
2026-05-10 12:31:31 [http-nio-3000-exec-8] DEBUG c.b.p.a.a.c.c.ClientesRestAdapter - Obteniendo clientes; vendedorId=73ed0c2b-851c-44c8-a08b-ded6f61924f9
2026-05-10 12:31:31 [http-nio-3000-exec-8] DEBUG c.b.p.a.d.c.s.GestionClientesService - Obteniendo clientes por vendedor: 73ed0c2b-851c-44c8-a08b-ded6f61924f9
2026-05-10 12:31:31 [http-nio-3000-exec-8] DEBUG c.b.p.a.i.p.s.a.SupabaseClienteRepositoryAdapter - Obteniendo clientes por vendedorId=73ed0c2b-851c-44c8-a08b-ded6f61924f9
2026-05-10 12:31:31 [http-nio-3000-exec-10] DEBUG c.b.p.a.d.a.s.AutorizacionAuthService - Obteniendo perfil por token
2026-05-10 12:31:31 [http-nio-3000-exec-9] INFO  c.b.p.a.a.ventas.VentaRestAdapter - GET /ventas/cierre-jornada - Obtener cierre de jornada para vendedor 7ca8780f-864c-4179-8c8a-9d8ae55b6df8 y fecha 2026-05-10
2026-05-10 12:31:31 [http-nio-3000-exec-9] INFO  c.b.p.a.d.v.s.GestionVentasService - Obteniendo resumen de cierre de jornada para vendedor 7ca8780f-864c-4179-8c8a-9d8ae55b6df8 en fecha 2026-05-10
2026-05-10 12:31:31 [http-nio-3000-exec-7] INFO  c.b.p.a.a.c.CierreJornadaRestAdapter - GET /cierres/vendedor/7ca8780f-864c-4179-8c8a-9d8ae55b6df8 - Historial de cierres
2026-05-10 12:31:31 [http-nio-3000-exec-5] DEBUG c.b.p.a.d.a.s.AutorizacionAuthService - Perfil obtenido exitosamente para usuario ID: f2dc5b92-7ded-4c42-9e5a-d8a22aaf4a3a
2026-05-10 12:31:31 [http-nio-3000-exec-5] INFO  c.b.p.a.a.i.c.InventarioRestAdapter - GET /inventario/vendedor/73ed0c2b-851c-44c8-a08b-ded6f61924f9 - consulta por mateovargas220705@gmail.com
2026-05-10 12:31:31 [http-nio-3000-exec-5] INFO  c.b.p.a.d.i.s.GestionInventarioService - Consultando cargas por vendedor: 73ed0c2b-851c-44c8-a08b-ded6f61924f9
2026-05-10 12:31:31 [http-nio-3000-exec-5] DEBUG c.b.p.a.i.p.s.a.SupabaseAsignacionRepositoryAdapter - Consultando asignaciones por vendedor: 73ed0c2b-851c-44c8-a08b-ded6f61924f9
2026-05-10 12:31:31 [http-nio-3000-exec-6] DEBUG c.b.p.a.a.c.c.ClientesRestAdapter - Obteniendo clientes; vendedorId=7ca8780f-864c-4179-8c8a-9d8ae55b6df8
2026-05-10 12:31:31 [http-nio-3000-exec-6] DEBUG c.b.p.a.d.c.s.GestionClientesService - Obteniendo clientes por vendedor: 7ca8780f-864c-4179-8c8a-9d8ae55b6df8
2026-05-10 12:31:31 [http-nio-3000-exec-6] DEBUG c.b.p.a.i.p.s.a.SupabaseClienteRepositoryAdapter - Obteniendo clientes por vendedorId=7ca8780f-864c-4179-8c8a-9d8ae55b6df8
2026-05-10 12:31:31 [http-nio-3000-exec-2] DEBUG c.b.p.a.d.a.s.AutorizacionAuthService - Obteniendo perfil por token
2026-05-10 12:31:31 [http-nio-3000-exec-4] INFO  c.b.p.a.a.ventas.VentaRestAdapter - GET /ventas/cierre-jornada - Obtener cierre de jornada para vendedor 7dec6fc9-8ddc-48c6-86a3-a1dbfc46f80e y fecha 2026-05-10
2026-05-10 12:31:31 [http-nio-3000-exec-4] INFO  c.b.p.a.d.v.s.GestionVentasService - Obteniendo resumen de cierre de jornada para vendedor 7dec6fc9-8ddc-48c6-86a3-a1dbfc46f80e en fecha 2026-05-10
2026-05-10 12:31:31 [http-nio-3000-exec-5] DEBUG c.b.p.a.i.p.s.a.SupabaseAsignacionRepositoryAdapter - Asignaciones encontradas para vendedor 73ed0c2b-851c-44c8-a08b-ded6f61924f9: 4
2026-05-10 12:31:31 [http-nio-3000-exec-1] INFO  c.b.p.a.a.c.CierreJornadaRestAdapter - GET /cierres/vendedor/7dec6fc9-8ddc-48c6-86a3-a1dbfc46f80e - Historial de cierres
2026-05-10 12:31:31 [http-nio-3000-exec-3] DEBUG c.b.p.a.a.c.c.ClientesRestAdapter - Obteniendo clientes; vendedorId=7dec6fc9-8ddc-48c6-86a3-a1dbfc46f80e
2026-05-10 12:31:31 [http-nio-3000-exec-3] DEBUG c.b.p.a.d.c.s.GestionClientesService - Obteniendo clientes por vendedor: 7dec6fc9-8ddc-48c6-86a3-a1dbfc46f80e
2026-05-10 12:31:31 [http-nio-3000-exec-3] DEBUG c.b.p.a.i.p.s.a.SupabaseClienteRepositoryAdapter - Obteniendo clientes por vendedorId=7dec6fc9-8ddc-48c6-86a3-a1dbfc46f80e
2026-05-10 12:31:31 [http-nio-3000-exec-10] DEBUG c.b.p.a.d.a.s.AutorizacionAuthService - Perfil obtenido exitosamente para usuario ID: f2dc5b92-7ded-4c42-9e5a-d8a22aaf4a3a
2026-05-10 12:31:31 [http-nio-3000-exec-10] INFO  c.b.p.a.a.i.c.InventarioRestAdapter - GET /inventario/vendedor/7ca8780f-864c-4179-8c8a-9d8ae55b6df8 - consulta por mateovargas220705@gmail.com
2026-05-10 12:31:31 [http-nio-3000-exec-10] INFO  c.b.p.a.d.i.s.GestionInventarioService - Consultando cargas por vendedor: 7ca8780f-864c-4179-8c8a-9d8ae55b6df8
2026-05-10 12:31:31 [http-nio-3000-exec-10] DEBUG c.b.p.a.i.p.s.a.SupabaseAsignacionRepositoryAdapter - Consultando asignaciones por vendedor: 7ca8780f-864c-4179-8c8a-9d8ae55b6df8
2026-05-10 12:31:31 [http-nio-3000-exec-8] DEBUG c.b.p.a.d.a.s.AutorizacionAuthService - Obteniendo perfil por token
2026-05-10 12:31:31 [http-nio-3000-exec-7] INFO  c.b.p.a.a.ventas.VentaRestAdapter - GET /ventas/cierre-jornada - Obtener cierre de jornada para vendedor 86676371-8389-4969-89b4-6a10d3e65cbd y fecha 2026-05-10
2026-05-10 12:31:31 [http-nio-3000-exec-7] INFO  c.b.p.a.d.v.s.GestionVentasService - Obteniendo resumen de cierre de jornada para vendedor 86676371-8389-4969-89b4-6a10d3e65cbd en fecha 2026-05-10
2026-05-10 12:31:31 [http-nio-3000-exec-2] DEBUG c.b.p.a.d.a.s.AutorizacionAuthService - Perfil obtenido exitosamente para usuario ID: f2dc5b92-7ded-4c42-9e5a-d8a22aaf4a3a
2026-05-10 12:31:31 [http-nio-3000-exec-2] INFO  c.b.p.a.a.i.c.InventarioRestAdapter - GET /inventario/vendedor/7dec6fc9-8ddc-48c6-86a3-a1dbfc46f80e - consulta por mateovargas220705@gmail.com
2026-05-10 12:31:31 [http-nio-3000-exec-2] INFO  c.b.p.a.d.i.s.GestionInventarioService - Consultando cargas por vendedor: 7dec6fc9-8ddc-48c6-86a3-a1dbfc46f80e
2026-05-10 12:31:31 [http-nio-3000-exec-2] DEBUG c.b.p.a.i.p.s.a.SupabaseAsignacionRepositoryAdapter - Consultando asignaciones por vendedor: 7dec6fc9-8ddc-48c6-86a3-a1dbfc46f80e
2026-05-10 12:31:31 [http-nio-3000-exec-5] INFO  c.b.p.a.a.c.CierreJornadaRestAdapter - GET /cierres/vendedor/86676371-8389-4969-89b4-6a10d3e65cbd - Historial de cierres
2026-05-10 12:31:31 [http-nio-3000-exec-10] DEBUG c.b.p.a.i.p.s.a.SupabaseAsignacionRepositoryAdapter - Asignaciones encontradas para vendedor 7ca8780f-864c-4179-8c8a-9d8ae55b6df8: 3
2026-05-10 12:31:31 [http-nio-3000-exec-6] DEBUG c.b.p.a.a.c.c.ClientesRestAdapter - Obteniendo clientes; vendedorId=86676371-8389-4969-89b4-6a10d3e65cbd
2026-05-10 12:31:31 [http-nio-3000-exec-6] DEBUG c.b.p.a.d.c.s.GestionClientesService - Obteniendo clientes por vendedor: 86676371-8389-4969-89b4-6a10d3e65cbd
2026-05-10 12:31:31 [http-nio-3000-exec-6] DEBUG c.b.p.a.i.p.s.a.SupabaseClienteRepositoryAdapter - Obteniendo clientes por vendedorId=86676371-8389-4969-89b4-6a10d3e65cbd
2026-05-10 12:31:31 [http-nio-3000-exec-9] DEBUG c.b.p.a.d.a.s.AutorizacionAuthService - Obteniendo perfil por token
2026-05-10 12:31:31 [http-nio-3000-exec-1] INFO  c.b.p.a.a.ventas.VentaRestAdapter - GET /ventas/cierre-jornada - Obtener cierre de jornada para vendedor 997e2337-32a6-4ba5-84fb-873ef1b6036f y fecha 2026-05-10
2026-05-10 12:31:31 [http-nio-3000-exec-1] INFO  c.b.p.a.d.v.s.GestionVentasService - Obteniendo resumen de cierre de jornada para vendedor 997e2337-32a6-4ba5-84fb-873ef1b6036f en fecha 2026-05-10
2026-05-10 12:31:31 [http-nio-3000-exec-2] DEBUG c.b.p.a.i.p.s.a.SupabaseAsignacionRepositoryAdapter - Asignaciones encontradas para vendedor 7dec6fc9-8ddc-48c6-86a3-a1dbfc46f80e: 1
2026-05-10 12:31:31 [http-nio-3000-exec-3] INFO  c.b.p.a.a.c.CierreJornadaRestAdapter - GET /cierres/vendedor/997e2337-32a6-4ba5-84fb-873ef1b6036f - Historial de cierres
2026-05-10 12:31:31 [http-nio-3000-exec-8] DEBUG c.b.p.a.d.a.s.AutorizacionAuthService - Perfil obtenido exitosamente para usuario ID: f2dc5b92-7ded-4c42-9e5a-d8a22aaf4a3a
2026-05-10 12:31:31 [http-nio-3000-exec-8] INFO  c.b.p.a.a.i.c.InventarioRestAdapter - GET /inventario/vendedor/86676371-8389-4969-89b4-6a10d3e65cbd - consulta por mateovargas220705@gmail.com
2026-05-10 12:31:31 [http-nio-3000-exec-8] INFO  c.b.p.a.d.i.s.GestionInventarioService - Consultando cargas por vendedor: 86676371-8389-4969-89b4-6a10d3e65cbd
2026-05-10 12:31:31 [http-nio-3000-exec-8] DEBUG c.b.p.a.i.p.s.a.SupabaseAsignacionRepositoryAdapter - Consultando asignaciones por vendedor: 86676371-8389-4969-89b4-6a10d3e65cbd
2026-05-10 12:31:31 [http-nio-3000-exec-10] DEBUG c.b.p.a.a.c.c.ClientesRestAdapter - Obteniendo clientes; vendedorId=997e2337-32a6-4ba5-84fb-873ef1b6036f
2026-05-10 12:31:31 [http-nio-3000-exec-10] DEBUG c.b.p.a.d.c.s.GestionClientesService - Obteniendo clientes por vendedor: 997e2337-32a6-4ba5-84fb-873ef1b6036f
2026-05-10 12:31:31 [http-nio-3000-exec-10] DEBUG c.b.p.a.i.p.s.a.SupabaseClienteRepositoryAdapter - Obteniendo clientes por vendedorId=997e2337-32a6-4ba5-84fb-873ef1b6036f
2026-05-10 12:31:32 [http-nio-3000-exec-4] DEBUG c.b.p.a.d.a.s.AutorizacionAuthService - Obteniendo perfil por token
2026-05-10 12:31:32 [http-nio-3000-exec-5] INFO  c.b.p.a.a.ventas.VentaRestAdapter - GET /ventas/cierre-jornada - Obtener cierre de jornada para vendedor c1cbc4b0-eafd-490a-be95-b1c42036ad16 y fecha 2026-05-10
2026-05-10 12:31:32 [http-nio-3000-exec-5] INFO  c.b.p.a.d.v.s.GestionVentasService - Obteniendo resumen de cierre de jornada para vendedor c1cbc4b0-eafd-490a-be95-b1c42036ad16 en fecha 2026-05-10
2026-05-10 12:31:32 [http-nio-3000-exec-8] DEBUG c.b.p.a.i.p.s.a.SupabaseAsignacionRepositoryAdapter - Asignaciones encontradas para vendedor 86676371-8389-4969-89b4-6a10d3e65cbd: 6
2026-05-10 12:31:32 [http-nio-3000-exec-6] DEBUG c.b.p.a.a.c.c.ClientesRestAdapter - Obteniendo clientes; vendedorId=c1cbc4b0-eafd-490a-be95-b1c42036ad16
2026-05-10 12:31:32 [http-nio-3000-exec-2] INFO  c.b.p.a.a.c.CierreJornadaRestAdapter - GET /cierres/vendedor/c1cbc4b0-eafd-490a-be95-b1c42036ad16 - Historial de cierres
2026-05-10 12:31:32 [http-nio-3000-exec-6] DEBUG c.b.p.a.d.c.s.GestionClientesService - Obteniendo clientes por vendedor: c1cbc4b0-eafd-490a-be95-b1c42036ad16
2026-05-10 12:31:32 [http-nio-3000-exec-6] DEBUG c.b.p.a.i.p.s.a.SupabaseClienteRepositoryAdapter - Obteniendo clientes por vendedorId=c1cbc4b0-eafd-490a-be95-b1c42036ad16
2026-05-10 12:31:32 [http-nio-3000-exec-9] DEBUG c.b.p.a.d.a.s.AutorizacionAuthService - Perfil obtenido exitosamente para usuario ID: f2dc5b92-7ded-4c42-9e5a-d8a22aaf4a3a
2026-05-10 12:31:32 [http-nio-3000-exec-9] INFO  c.b.p.a.a.i.c.InventarioRestAdapter - GET /inventario/vendedor/997e2337-32a6-4ba5-84fb-873ef1b6036f - consulta por mateovargas220705@gmail.com
2026-05-10 12:31:32 [http-nio-3000-exec-9] INFO  c.b.p.a.d.i.s.GestionInventarioService - Consultando cargas por vendedor: 997e2337-32a6-4ba5-84fb-873ef1b6036f
2026-05-10 12:31:32 [http-nio-3000-exec-9] DEBUG c.b.p.a.i.p.s.a.SupabaseAsignacionRepositoryAdapter - Consultando asignaciones por vendedor: 997e2337-32a6-4ba5-84fb-873ef1b6036f
2026-05-10 12:31:32 [http-nio-3000-exec-7] INFO  c.b.p.a.a.ventas.VentaRestAdapter - GET /ventas - Listar ventas resumidas
2026-05-10 12:31:32 [http-nio-3000-exec-7] INFO  c.b.p.a.d.v.s.GestionVentasService - Obteniendo listado de ventas resumidas
2026-05-10 12:31:32 [http-nio-3000-exec-9] DEBUG c.b.p.a.i.p.s.a.SupabaseAsignacionRepositoryAdapter - Asignaciones encontradas para vendedor 997e2337-32a6-4ba5-84fb-873ef1b6036f: 1
2026-05-10 12:31:32 [http-nio-3000-exec-4] DEBUG c.b.p.a.d.a.s.AutorizacionAuthService - Perfil obtenido exitosamente para usuario ID: f2dc5b92-7ded-4c42-9e5a-d8a22aaf4a3a
2026-05-10 12:31:32 [http-nio-3000-exec-4] INFO  c.b.p.a.a.i.c.InventarioRestAdapter - GET /inventario/vendedor/c1cbc4b0-eafd-490a-be95-b1c42036ad16 - consulta por mateovargas220705@gmail.com
2026-05-10 12:31:32 [http-nio-3000-exec-4] INFO  c.b.p.a.d.i.s.GestionInventarioService - Consultando cargas por vendedor: c1cbc4b0-eafd-490a-be95-b1c42036ad16
2026-05-10 12:31:32 [http-nio-3000-exec-4] DEBUG c.b.p.a.i.p.s.a.SupabaseAsignacionRepositoryAdapter - Consultando asignaciones por vendedor: c1cbc4b0-eafd-490a-be95-b1c42036ad16
2026-05-10 12:31:32 [http-nio-3000-exec-4] DEBUG c.b.p.a.i.p.s.a.SupabaseAsignacionRepositoryAdapter - Asignaciones encontradas para vendedor c1cbc4b0-eafd-490a-be95-b1c42036ad16: 1
2026-05-10 12:36:47 [http-nio-3000-exec-5] INFO  c.b.p.a.a.v.c.VendedoresRestAdapter - GET /vendedores - Obtener todos los vendedores
2026-05-10 12:36:47 [http-nio-3000-exec-5] DEBUG c.b.p.a.d.v.s.GestionVendedoresService - Obteniendo todos los vendedores
2026-05-10 12:36:47 [http-nio-3000-exec-5] DEBUG c.b.p.a.d.v.s.GestionVendedoresService - Se obtuvieron 10 vendedores
2026-05-10 12:36:47 [http-nio-3000-exec-5] DEBUG c.b.p.a.a.v.c.VendedoresRestAdapter - Se obtuvieron 10 vendedores
2026-05-10 12:36:47 [http-nio-3000-exec-3] INFO  c.b.p.a.a.c.CierreJornadaRestAdapter - GET /cierres/vendedor/0b9544ca-bfbe-4335-821c-5c8eb4b553b2 - Historial de cierres
2026-05-10 12:36:47 [http-nio-3000-exec-4] INFO  c.b.p.a.a.ventas.VentaRestAdapter - GET /ventas/cierre-jornada - Obtener cierre de jornada para vendedor 0b9544ca-bfbe-4335-821c-5c8eb4b553b2 y fecha 2026-05-10
2026-05-10 12:36:47 [http-nio-3000-exec-4] INFO  c.b.p.a.d.v.s.GestionVentasService - Obteniendo resumen de cierre de jornada para vendedor 0b9544ca-bfbe-4335-821c-5c8eb4b553b2 en fecha 2026-05-10
2026-05-10 12:36:47 [http-nio-3000-exec-10] DEBUG c.b.p.a.a.c.c.ClientesRestAdapter - Obteniendo clientes; vendedorId=0b9544ca-bfbe-4335-821c-5c8eb4b553b2
2026-05-10 12:36:47 [http-nio-3000-exec-6] INFO  c.b.p.a.a.ventas.VentaRestAdapter - GET /ventas/cierre-jornada - Obtener cierre de jornada para vendedor 2ab0631c-da17-4bd8-b9b9-237de54711c6 y fecha 2026-05-10
2026-05-10 12:36:47 [http-nio-3000-exec-8] INFO  c.b.p.a.a.c.CierreJornadaRestAdapter - GET /cierres/vendedor/2ab0631c-da17-4bd8-b9b9-237de54711c6 - Historial de cierres
2026-05-10 12:36:47 [http-nio-3000-exec-10] DEBUG c.b.p.a.d.c.s.GestionClientesService - Obteniendo clientes por vendedor: 0b9544ca-bfbe-4335-821c-5c8eb4b553b2
2026-05-10 12:36:47 [http-nio-3000-exec-6] INFO  c.b.p.a.d.v.s.GestionVentasService - Obteniendo resumen de cierre de jornada para vendedor 2ab0631c-da17-4bd8-b9b9-237de54711c6 en fecha 2026-05-10
2026-05-10 12:36:47 [http-nio-3000-exec-1] DEBUG c.b.p.a.a.c.c.ClientesRestAdapter - Obteniendo clientes; vendedorId=2ab0631c-da17-4bd8-b9b9-237de54711c6
2026-05-10 12:36:47 [http-nio-3000-exec-10] DEBUG c.b.p.a.i.p.s.a.SupabaseClienteRepositoryAdapter - Obteniendo clientes por vendedorId=0b9544ca-bfbe-4335-821c-5c8eb4b553b2
2026-05-10 12:36:47 [http-nio-3000-exec-1] DEBUG c.b.p.a.d.c.s.GestionClientesService - Obteniendo clientes por vendedor: 2ab0631c-da17-4bd8-b9b9-237de54711c6
2026-05-10 12:36:47 [http-nio-3000-exec-1] DEBUG c.b.p.a.i.p.s.a.SupabaseClienteRepositoryAdapter - Obteniendo clientes por vendedorId=2ab0631c-da17-4bd8-b9b9-237de54711c6
2026-05-10 12:36:47 [http-nio-3000-exec-7] INFO  c.b.p.a.a.c.CierreJornadaRestAdapter - GET /cierres/vendedor/5e0e4eff-aec3-46df-a77e-d4feeb19394c - Historial de cierres
2026-05-10 12:36:47 [http-nio-3000-exec-9] INFO  c.b.p.a.a.ventas.VentaRestAdapter - GET /ventas/cierre-jornada - Obtener cierre de jornada para vendedor 5e0e4eff-aec3-46df-a77e-d4feeb19394c y fecha 2026-05-10
2026-05-10 12:36:47 [http-nio-3000-exec-9] INFO  c.b.p.a.d.v.s.GestionVentasService - Obteniendo resumen de cierre de jornada para vendedor 5e0e4eff-aec3-46df-a77e-d4feeb19394c en fecha 2026-05-10
2026-05-10 12:36:47 [http-nio-3000-exec-2] DEBUG c.b.p.a.a.c.c.ClientesRestAdapter - Obteniendo clientes; vendedorId=5e0e4eff-aec3-46df-a77e-d4feeb19394c
2026-05-10 12:36:47 [http-nio-3000-exec-2] DEBUG c.b.p.a.d.c.s.GestionClientesService - Obteniendo clientes por vendedor: 5e0e4eff-aec3-46df-a77e-d4feeb19394c
2026-05-10 12:36:47 [http-nio-3000-exec-2] DEBUG c.b.p.a.i.p.s.a.SupabaseClienteRepositoryAdapter - Obteniendo clientes por vendedorId=5e0e4eff-aec3-46df-a77e-d4feeb19394c
2026-05-10 12:36:47 [http-nio-3000-exec-5] INFO  c.b.p.a.a.ventas.VentaRestAdapter - GET /ventas/cierre-jornada - Obtener cierre de jornada para vendedor 6b0a5026-52f3-475a-a20f-5aacf94764f0 y fecha 2026-05-10
2026-05-10 12:36:47 [http-nio-3000-exec-5] INFO  c.b.p.a.d.v.s.GestionVentasService - Obteniendo resumen de cierre de jornada para vendedor 6b0a5026-52f3-475a-a20f-5aacf94764f0 en fecha 2026-05-10
2026-05-10 12:36:48 [http-nio-3000-exec-3] INFO  c.b.p.a.a.c.CierreJornadaRestAdapter - GET /cierres/vendedor/6b0a5026-52f3-475a-a20f-5aacf94764f0 - Historial de cierres
2026-05-10 12:36:48 [http-nio-3000-exec-8] DEBUG c.b.p.a.a.c.c.ClientesRestAdapter - Obteniendo clientes; vendedorId=6b0a5026-52f3-475a-a20f-5aacf94764f0
2026-05-10 12:36:48 [http-nio-3000-exec-8] DEBUG c.b.p.a.d.c.s.GestionClientesService - Obteniendo clientes por vendedor: 6b0a5026-52f3-475a-a20f-5aacf94764f0
2026-05-10 12:36:48 [http-nio-3000-exec-8] DEBUG c.b.p.a.i.p.s.a.SupabaseClienteRepositoryAdapter - Obteniendo clientes por vendedorId=6b0a5026-52f3-475a-a20f-5aacf94764f0
2026-05-10 12:36:48 [http-nio-3000-exec-10] INFO  c.b.p.a.a.ventas.VentaRestAdapter - GET /ventas/cierre-jornada - Obtener cierre de jornada para vendedor 73ed0c2b-851c-44c8-a08b-ded6f61924f9 y fecha 2026-05-10
2026-05-10 12:36:48 [http-nio-3000-exec-10] INFO  c.b.p.a.d.v.s.GestionVentasService - Obteniendo resumen de cierre de jornada para vendedor 73ed0c2b-851c-44c8-a08b-ded6f61924f9 en fecha 2026-05-10
2026-05-10 12:36:48 [http-nio-3000-exec-1] INFO  c.b.p.a.a.c.CierreJornadaRestAdapter - GET /cierres/vendedor/73ed0c2b-851c-44c8-a08b-ded6f61924f9 - Historial de cierres
2026-05-10 12:36:48 [http-nio-3000-exec-7] DEBUG c.b.p.a.a.c.c.ClientesRestAdapter - Obteniendo clientes; vendedorId=73ed0c2b-851c-44c8-a08b-ded6f61924f9
2026-05-10 12:36:48 [http-nio-3000-exec-7] DEBUG c.b.p.a.d.c.s.GestionClientesService - Obteniendo clientes por vendedor: 73ed0c2b-851c-44c8-a08b-ded6f61924f9
2026-05-10 12:36:48 [http-nio-3000-exec-7] DEBUG c.b.p.a.i.p.s.a.SupabaseClienteRepositoryAdapter - Obteniendo clientes por vendedorId=73ed0c2b-851c-44c8-a08b-ded6f61924f9
2026-05-10 12:36:48 [http-nio-3000-exec-4] DEBUG c.b.p.a.d.a.s.AutorizacionAuthService - Obteniendo perfil por token
2026-05-10 12:36:48 [http-nio-3000-exec-2] DEBUG c.b.p.a.d.a.s.AutorizacionAuthService - Obteniendo perfil por token
2026-05-10 12:36:48 [http-nio-3000-exec-3] DEBUG c.b.p.a.d.a.s.AutorizacionAuthService - Obteniendo perfil por token
2026-05-10 12:36:48 [http-nio-3000-exec-1] DEBUG c.b.p.a.a.c.c.ClientesRestAdapter - Obteniendo clientes; vendedorId=7ca8780f-864c-4179-8c8a-9d8ae55b6df8
2026-05-10 12:36:48 [http-nio-3000-exec-1] DEBUG c.b.p.a.d.c.s.GestionClientesService - Obteniendo clientes por vendedor: 7ca8780f-864c-4179-8c8a-9d8ae55b6df8
2026-05-10 12:36:48 [http-nio-3000-exec-1] DEBUG c.b.p.a.i.p.s.a.SupabaseClienteRepositoryAdapter - Obteniendo clientes por vendedorId=7ca8780f-864c-4179-8c8a-9d8ae55b6df8
2026-05-10 12:36:48 [http-nio-3000-exec-6] INFO  c.b.p.a.a.ventas.VentaRestAdapter - GET /ventas/cierre-jornada - Obtener cierre de jornada para vendedor 7ca8780f-864c-4179-8c8a-9d8ae55b6df8 y fecha 2026-05-10
2026-05-10 12:36:48 [http-nio-3000-exec-6] INFO  c.b.p.a.d.v.s.GestionVentasService - Obteniendo resumen de cierre de jornada para vendedor 7ca8780f-864c-4179-8c8a-9d8ae55b6df8 en fecha 2026-05-10
2026-05-10 12:36:48 [http-nio-3000-exec-7] INFO  c.b.p.a.a.c.CierreJornadaRestAdapter - GET /cierres/vendedor/7ca8780f-864c-4179-8c8a-9d8ae55b6df8 - Historial de cierres
2026-05-10 12:36:48 [http-nio-3000-exec-10] INFO  c.b.p.a.a.c.CierreJornadaRestAdapter - GET /cierres/vendedor/7dec6fc9-8ddc-48c6-86a3-a1dbfc46f80e - Historial de cierres
2026-05-10 12:36:48 [http-nio-3000-exec-2] DEBUG c.b.p.a.d.a.s.AutorizacionAuthService - Perfil obtenido exitosamente para usuario ID: f2dc5b92-7ded-4c42-9e5a-d8a22aaf4a3a
2026-05-10 12:36:48 [http-nio-3000-exec-4] DEBUG c.b.p.a.d.a.s.AutorizacionAuthService - Perfil obtenido exitosamente para usuario ID: f2dc5b92-7ded-4c42-9e5a-d8a22aaf4a3a
2026-05-10 12:36:48 [http-nio-3000-exec-4] INFO  c.b.p.a.a.i.c.InventarioRestAdapter - GET /inventario/vendedor/2ab0631c-da17-4bd8-b9b9-237de54711c6 - consulta por mateovargas220705@gmail.com
2026-05-10 12:36:48 [http-nio-3000-exec-2] INFO  c.b.p.a.a.i.c.InventarioRestAdapter - GET /inventario/vendedor/0b9544ca-bfbe-4335-821c-5c8eb4b553b2 - consulta por mateovargas220705@gmail.com
2026-05-10 12:36:48 [http-nio-3000-exec-4] INFO  c.b.p.a.d.i.s.GestionInventarioService - Consultando cargas por vendedor: 2ab0631c-da17-4bd8-b9b9-237de54711c6
2026-05-10 12:36:48 [http-nio-3000-exec-2] INFO  c.b.p.a.d.i.s.GestionInventarioService - Consultando cargas por vendedor: 0b9544ca-bfbe-4335-821c-5c8eb4b553b2
2026-05-10 12:36:48 [http-nio-3000-exec-2] DEBUG c.b.p.a.i.p.s.a.SupabaseAsignacionRepositoryAdapter - Consultando asignaciones por vendedor: 0b9544ca-bfbe-4335-821c-5c8eb4b553b2
2026-05-10 12:36:48 [http-nio-3000-exec-4] DEBUG c.b.p.a.i.p.s.a.SupabaseAsignacionRepositoryAdapter - Consultando asignaciones por vendedor: 2ab0631c-da17-4bd8-b9b9-237de54711c6
2026-05-10 12:36:48 [http-nio-3000-exec-3] DEBUG c.b.p.a.d.a.s.AutorizacionAuthService - Perfil obtenido exitosamente para usuario ID: f2dc5b92-7ded-4c42-9e5a-d8a22aaf4a3a
2026-05-10 12:36:48 [http-nio-3000-exec-3] INFO  c.b.p.a.a.i.c.InventarioRestAdapter - GET /inventario/vendedor/5e0e4eff-aec3-46df-a77e-d4feeb19394c - consulta por mateovargas220705@gmail.com
2026-05-10 12:36:48 [http-nio-3000-exec-3] INFO  c.b.p.a.d.i.s.GestionInventarioService - Consultando cargas por vendedor: 5e0e4eff-aec3-46df-a77e-d4feeb19394c
2026-05-10 12:36:48 [http-nio-3000-exec-3] DEBUG c.b.p.a.i.p.s.a.SupabaseAsignacionRepositoryAdapter - Consultando asignaciones por vendedor: 5e0e4eff-aec3-46df-a77e-d4feeb19394c
2026-05-10 12:36:48 [http-nio-3000-exec-9] DEBUG c.b.p.a.a.c.c.ClientesRestAdapter - Obteniendo clientes; vendedorId=7dec6fc9-8ddc-48c6-86a3-a1dbfc46f80e
2026-05-10 12:36:48 [http-nio-3000-exec-9] DEBUG c.b.p.a.d.c.s.GestionClientesService - Obteniendo clientes por vendedor: 7dec6fc9-8ddc-48c6-86a3-a1dbfc46f80e
2026-05-10 12:36:48 [http-nio-3000-exec-9] DEBUG c.b.p.a.i.p.s.a.SupabaseClienteRepositoryAdapter - Obteniendo clientes por vendedorId=7dec6fc9-8ddc-48c6-86a3-a1dbfc46f80e
2026-05-10 12:36:48 [http-nio-3000-exec-5] INFO  c.b.p.a.a.ventas.VentaRestAdapter - GET /ventas/cierre-jornada - Obtener cierre de jornada para vendedor 7dec6fc9-8ddc-48c6-86a3-a1dbfc46f80e y fecha 2026-05-10
2026-05-10 12:36:48 [http-nio-3000-exec-5] INFO  c.b.p.a.d.v.s.GestionVentasService - Obteniendo resumen de cierre de jornada para vendedor 7dec6fc9-8ddc-48c6-86a3-a1dbfc46f80e en fecha 2026-05-10
2026-05-10 12:36:48 [http-nio-3000-exec-4] DEBUG c.b.p.a.i.p.s.a.SupabaseAsignacionRepositoryAdapter - Asignaciones encontradas para vendedor 2ab0631c-da17-4bd8-b9b9-237de54711c6: 9
2026-05-10 12:36:48 [http-nio-3000-exec-10] INFO  c.b.p.a.a.ventas.VentaRestAdapter - GET /ventas/cierre-jornada - Obtener cierre de jornada para vendedor 86676371-8389-4969-89b4-6a10d3e65cbd y fecha 2026-05-10
2026-05-10 12:36:48 [http-nio-3000-exec-10] INFO  c.b.p.a.d.v.s.GestionVentasService - Obteniendo resumen de cierre de jornada para vendedor 86676371-8389-4969-89b4-6a10d3e65cbd en fecha 2026-05-10
2026-05-10 12:36:48 [http-nio-3000-exec-2] DEBUG c.b.p.a.i.p.s.a.SupabaseAsignacionRepositoryAdapter - Asignaciones encontradas para vendedor 0b9544ca-bfbe-4335-821c-5c8eb4b553b2: 1
2026-05-10 12:36:48 [http-nio-3000-exec-7] INFO  c.b.p.a.a.c.CierreJornadaRestAdapter - GET /cierres/vendedor/86676371-8389-4969-89b4-6a10d3e65cbd - Historial de cierres
2026-05-10 12:36:48 [http-nio-3000-exec-4] DEBUG c.b.p.a.a.c.c.ClientesRestAdapter - Obteniendo clientes; vendedorId=86676371-8389-4969-89b4-6a10d3e65cbd
2026-05-10 12:36:48 [http-nio-3000-exec-4] DEBUG c.b.p.a.d.c.s.GestionClientesService - Obteniendo clientes por vendedor: 86676371-8389-4969-89b4-6a10d3e65cbd
2026-05-10 12:36:48 [http-nio-3000-exec-4] DEBUG c.b.p.a.i.p.s.a.SupabaseClienteRepositoryAdapter - Obteniendo clientes por vendedorId=86676371-8389-4969-89b4-6a10d3e65cbd
2026-05-10 12:36:48 [http-nio-3000-exec-3] DEBUG c.b.p.a.i.p.s.a.SupabaseAsignacionRepositoryAdapter - Asignaciones encontradas para vendedor 5e0e4eff-aec3-46df-a77e-d4feeb19394c: 4
2026-05-10 12:36:48 [http-nio-3000-exec-2] INFO  c.b.p.a.a.c.CierreJornadaRestAdapter - GET /cierres/vendedor/997e2337-32a6-4ba5-84fb-873ef1b6036f - Historial de cierres
2026-05-10 12:36:48 [http-nio-3000-exec-1] INFO  c.b.p.a.a.ventas.VentaRestAdapter - GET /ventas/cierre-jornada - Obtener cierre de jornada para vendedor 997e2337-32a6-4ba5-84fb-873ef1b6036f y fecha 2026-05-10
2026-05-10 12:36:48 [http-nio-3000-exec-1] INFO  c.b.p.a.d.v.s.GestionVentasService - Obteniendo resumen de cierre de jornada para vendedor 997e2337-32a6-4ba5-84fb-873ef1b6036f en fecha 2026-05-10
2026-05-10 12:36:48 [http-nio-3000-exec-8] DEBUG c.b.p.a.a.c.c.ClientesRestAdapter - Obteniendo clientes; vendedorId=997e2337-32a6-4ba5-84fb-873ef1b6036f
2026-05-10 12:36:48 [http-nio-3000-exec-8] DEBUG c.b.p.a.d.c.s.GestionClientesService - Obteniendo clientes por vendedor: 997e2337-32a6-4ba5-84fb-873ef1b6036f
2026-05-10 12:36:48 [http-nio-3000-exec-8] DEBUG c.b.p.a.i.p.s.a.SupabaseClienteRepositoryAdapter - Obteniendo clientes por vendedorId=997e2337-32a6-4ba5-84fb-873ef1b6036f
2026-05-10 12:36:48 [http-nio-3000-exec-6] INFO  c.b.p.a.a.c.CierreJornadaRestAdapter - GET /cierres/vendedor/c1cbc4b0-eafd-490a-be95-b1c42036ad16 - Historial de cierres
2026-05-10 12:36:49 [http-nio-3000-exec-2] INFO  c.b.p.a.a.ventas.VentaRestAdapter - GET /ventas/cierre-jornada - Obtener cierre de jornada para vendedor c1cbc4b0-eafd-490a-be95-b1c42036ad16 y fecha 2026-05-10
2026-05-10 12:36:49 [http-nio-3000-exec-2] INFO  c.b.p.a.d.v.s.GestionVentasService - Obteniendo resumen de cierre de jornada para vendedor c1cbc4b0-eafd-490a-be95-b1c42036ad16 en fecha 2026-05-10
2026-05-10 12:36:49 [http-nio-3000-exec-9] DEBUG c.b.p.a.a.c.c.ClientesRestAdapter - Obteniendo clientes; vendedorId=c1cbc4b0-eafd-490a-be95-b1c42036ad16
2026-05-10 12:36:49 [http-nio-3000-exec-9] DEBUG c.b.p.a.d.c.s.GestionClientesService - Obteniendo clientes por vendedor: c1cbc4b0-eafd-490a-be95-b1c42036ad16
2026-05-10 12:36:49 [http-nio-3000-exec-9] DEBUG c.b.p.a.i.p.s.a.SupabaseClienteRepositoryAdapter - Obteniendo clientes por vendedorId=c1cbc4b0-eafd-490a-be95-b1c42036ad16
2026-05-10 12:36:49 [http-nio-3000-exec-7] INFO  c.b.p.a.a.ventas.VentaRestAdapter - GET /ventas - Listar ventas resumidas
2026-05-10 12:36:49 [http-nio-3000-exec-7] INFO  c.b.p.a.d.v.s.GestionVentasService - Obteniendo listado de ventas resumidas
2026-05-10 12:36:49 [http-nio-3000-exec-4] DEBUG c.b.p.a.d.a.s.AutorizacionAuthService - Obteniendo perfil por token
2026-05-10 12:36:49 [http-nio-3000-exec-5] DEBUG c.b.p.a.d.a.s.AutorizacionAuthService - Obteniendo perfil por token
2026-05-10 12:36:49 [http-nio-3000-exec-3] DEBUG c.b.p.a.d.a.s.AutorizacionAuthService - Obteniendo perfil por token
2026-05-10 12:36:49 [http-nio-3000-exec-10] DEBUG c.b.p.a.d.a.s.AutorizacionAuthService - Obteniendo perfil por token
2026-05-10 12:36:49 [http-nio-3000-exec-8] DEBUG c.b.p.a.d.a.s.AutorizacionAuthService - Obteniendo perfil por token
2026-05-10 12:36:49 [http-nio-3000-exec-6] DEBUG c.b.p.a.d.a.s.AutorizacionAuthService - Obteniendo perfil por token
2026-05-10 12:36:49 [http-nio-3000-exec-5] DEBUG c.b.p.a.d.a.s.AutorizacionAuthService - Perfil obtenido exitosamente para usuario ID: f2dc5b92-7ded-4c42-9e5a-d8a22aaf4a3a
2026-05-10 12:36:49 [http-nio-3000-exec-5] INFO  c.b.p.a.a.i.c.InventarioRestAdapter - GET /inventario/vendedor/73ed0c2b-851c-44c8-a08b-ded6f61924f9 - consulta por mateovargas220705@gmail.com
2026-05-10 12:36:49 [http-nio-3000-exec-5] INFO  c.b.p.a.d.i.s.GestionInventarioService - Consultando cargas por vendedor: 73ed0c2b-851c-44c8-a08b-ded6f61924f9
2026-05-10 12:36:49 [http-nio-3000-exec-5] DEBUG c.b.p.a.i.p.s.a.SupabaseAsignacionRepositoryAdapter - Consultando asignaciones por vendedor: 73ed0c2b-851c-44c8-a08b-ded6f61924f9
2026-05-10 12:36:49 [http-nio-3000-exec-4] DEBUG c.b.p.a.d.a.s.AutorizacionAuthService - Perfil obtenido exitosamente para usuario ID: f2dc5b92-7ded-4c42-9e5a-d8a22aaf4a3a
2026-05-10 12:36:49 [http-nio-3000-exec-4] INFO  c.b.p.a.a.i.c.InventarioRestAdapter - GET /inventario/vendedor/6b0a5026-52f3-475a-a20f-5aacf94764f0 - consulta por mateovargas220705@gmail.com
2026-05-10 12:36:49 [http-nio-3000-exec-4] INFO  c.b.p.a.d.i.s.GestionInventarioService - Consultando cargas por vendedor: 6b0a5026-52f3-475a-a20f-5aacf94764f0
2026-05-10 12:36:49 [http-nio-3000-exec-4] DEBUG c.b.p.a.i.p.s.a.SupabaseAsignacionRepositoryAdapter - Consultando asignaciones por vendedor: 6b0a5026-52f3-475a-a20f-5aacf94764f0
2026-05-10 12:36:49 [http-nio-3000-exec-3] DEBUG c.b.p.a.d.a.s.AutorizacionAuthService - Perfil obtenido exitosamente para usuario ID: f2dc5b92-7ded-4c42-9e5a-d8a22aaf4a3a
2026-05-10 12:36:49 [http-nio-3000-exec-10] DEBUG c.b.p.a.d.a.s.AutorizacionAuthService - Perfil obtenido exitosamente para usuario ID: f2dc5b92-7ded-4c42-9e5a-d8a22aaf4a3a
2026-05-10 12:36:49 [http-nio-3000-exec-3] INFO  c.b.p.a.a.i.c.InventarioRestAdapter - GET /inventario/vendedor/7ca8780f-864c-4179-8c8a-9d8ae55b6df8 - consulta por mateovargas220705@gmail.com
2026-05-10 12:36:49 [http-nio-3000-exec-10] INFO  c.b.p.a.a.i.c.InventarioRestAdapter - GET /inventario/vendedor/7dec6fc9-8ddc-48c6-86a3-a1dbfc46f80e - consulta por mateovargas220705@gmail.com
2026-05-10 12:36:49 [http-nio-3000-exec-3] INFO  c.b.p.a.d.i.s.GestionInventarioService - Consultando cargas por vendedor: 7ca8780f-864c-4179-8c8a-9d8ae55b6df8
2026-05-10 12:36:49 [http-nio-3000-exec-10] INFO  c.b.p.a.d.i.s.GestionInventarioService - Consultando cargas por vendedor: 7dec6fc9-8ddc-48c6-86a3-a1dbfc46f80e
2026-05-10 12:36:49 [http-nio-3000-exec-10] DEBUG c.b.p.a.i.p.s.a.SupabaseAsignacionRepositoryAdapter - Consultando asignaciones por vendedor: 7dec6fc9-8ddc-48c6-86a3-a1dbfc46f80e
2026-05-10 12:36:49 [http-nio-3000-exec-3] DEBUG c.b.p.a.i.p.s.a.SupabaseAsignacionRepositoryAdapter - Consultando asignaciones por vendedor: 7ca8780f-864c-4179-8c8a-9d8ae55b6df8
2026-05-10 12:36:49 [http-nio-3000-exec-5] DEBUG c.b.p.a.i.p.s.a.SupabaseAsignacionRepositoryAdapter - Asignaciones encontradas para vendedor 73ed0c2b-851c-44c8-a08b-ded6f61924f9: 4
2026-05-10 12:36:49 [http-nio-3000-exec-4] DEBUG c.b.p.a.i.p.s.a.SupabaseAsignacionRepositoryAdapter - Asignaciones encontradas para vendedor 6b0a5026-52f3-475a-a20f-5aacf94764f0: 31
2026-05-10 12:36:49 [http-nio-3000-exec-8] DEBUG c.b.p.a.d.a.s.AutorizacionAuthService - Perfil obtenido exitosamente para usuario ID: f2dc5b92-7ded-4c42-9e5a-d8a22aaf4a3a
2026-05-10 12:36:49 [http-nio-3000-exec-8] INFO  c.b.p.a.a.i.c.InventarioRestAdapter - GET /inventario/vendedor/86676371-8389-4969-89b4-6a10d3e65cbd - consulta por mateovargas220705@gmail.com
2026-05-10 12:36:49 [http-nio-3000-exec-8] INFO  c.b.p.a.d.i.s.GestionInventarioService - Consultando cargas por vendedor: 86676371-8389-4969-89b4-6a10d3e65cbd
2026-05-10 12:36:49 [http-nio-3000-exec-8] DEBUG c.b.p.a.i.p.s.a.SupabaseAsignacionRepositoryAdapter - Consultando asignaciones por vendedor: 86676371-8389-4969-89b4-6a10d3e65cbd
2026-05-10 12:36:49 [http-nio-3000-exec-9] DEBUG c.b.p.a.d.a.s.AutorizacionAuthService - Obteniendo perfil por token
2026-05-10 12:36:49 [http-nio-3000-exec-3] DEBUG c.b.p.a.i.p.s.a.SupabaseAsignacionRepositoryAdapter - Asignaciones encontradas para vendedor 7ca8780f-864c-4179-8c8a-9d8ae55b6df8: 3
2026-05-10 12:36:49 [http-nio-3000-exec-10] DEBUG c.b.p.a.i.p.s.a.SupabaseAsignacionRepositoryAdapter - Asignaciones encontradas para vendedor 7dec6fc9-8ddc-48c6-86a3-a1dbfc46f80e: 1
2026-05-10 12:36:49 [http-nio-3000-exec-8] DEBUG c.b.p.a.i.p.s.a.SupabaseAsignacionRepositoryAdapter - Asignaciones encontradas para vendedor 86676371-8389-4969-89b4-6a10d3e65cbd: 6
2026-05-10 12:36:49 [http-nio-3000-exec-6] DEBUG c.b.p.a.d.a.s.AutorizacionAuthService - Perfil obtenido exitosamente para usuario ID: f2dc5b92-7ded-4c42-9e5a-d8a22aaf4a3a
2026-05-10 12:36:49 [http-nio-3000-exec-6] INFO  c.b.p.a.a.i.c.InventarioRestAdapter - GET /inventario/vendedor/997e2337-32a6-4ba5-84fb-873ef1b6036f - consulta por mateovargas220705@gmail.com
2026-05-10 12:36:49 [http-nio-3000-exec-6] INFO  c.b.p.a.d.i.s.GestionInventarioService - Consultando cargas por vendedor: 997e2337-32a6-4ba5-84fb-873ef1b6036f
2026-05-10 12:36:49 [http-nio-3000-exec-6] DEBUG c.b.p.a.i.p.s.a.SupabaseAsignacionRepositoryAdapter - Consultando asignaciones por vendedor: 997e2337-32a6-4ba5-84fb-873ef1b6036f
2026-05-10 12:36:49 [http-nio-3000-exec-6] DEBUG c.b.p.a.i.p.s.a.SupabaseAsignacionRepositoryAdapter - Asignaciones encontradas para vendedor 997e2337-32a6-4ba5-84fb-873ef1b6036f: 1
2026-05-10 12:36:49 [http-nio-3000-exec-9] DEBUG c.b.p.a.d.a.s.AutorizacionAuthService - Perfil obtenido exitosamente para usuario ID: f2dc5b92-7ded-4c42-9e5a-d8a22aaf4a3a
2026-05-10 12:36:49 [http-nio-3000-exec-9] INFO  c.b.p.a.a.i.c.InventarioRestAdapter - GET /inventario/vendedor/c1cbc4b0-eafd-490a-be95-b1c42036ad16 - consulta por mateovargas220705@gmail.com
2026-05-10 12:36:49 [http-nio-3000-exec-9] INFO  c.b.p.a.d.i.s.GestionInventarioService - Consultando cargas por vendedor: c1cbc4b0-eafd-490a-be95-b1c42036ad16
2026-05-10 12:36:49 [http-nio-3000-exec-9] DEBUG c.b.p.a.i.p.s.a.SupabaseAsignacionRepositoryAdapter - Consultando asignaciones por vendedor: c1cbc4b0-eafd-490a-be95-b1c42036ad16
2026-05-10 12:36:50 [http-nio-3000-exec-9] DEBUG c.b.p.a.i.p.s.a.SupabaseAsignacionRepositoryAdapter - Asignaciones encontradas para vendedor c1cbc4b0-eafd-490a-be95-b1c42036ad16: 1
2026-05-10 12:39:09 [http-nio-3000-exec-10] INFO  c.b.p.a.a.a.c.AuthRestAdapter - POST /auth/signin - Intento de autenticación para email: andres@gmail.com
2026-05-10 12:39:09 [http-nio-3000-exec-10] DEBUG c.b.p.a.d.a.s.AutorizacionAuthService - Autenticando usuario con email: andres@gmail.com
2026-05-10 12:39:09 [http-nio-3000-exec-10] DEBUG c.b.p.a.d.a.s.AutorizacionAuthService - Autenticación completada para email: andres@gmail.com
2026-05-10 12:39:09 [http-nio-3000-exec-10] INFO  c.b.p.a.a.a.c.AuthRestAdapter - Autenticación exitosa para email: andres@gmail.com
2026-05-10 12:39:09 [http-nio-3000-exec-8] INFO  c.b.p.a.a.a.c.AuthRestAdapter - GET /auth/me - Obtener perfil del usuario actual
2026-05-10 12:39:09 [http-nio-3000-exec-8] DEBUG c.b.p.a.d.a.s.AutorizacionAuthService - Obteniendo perfil por token
2026-05-10 12:39:10 [http-nio-3000-exec-8] DEBUG c.b.p.a.d.a.s.AutorizacionAuthService - Perfil obtenido exitosamente para usuario ID: 6b0a5026-52f3-475a-a20f-5aacf94764f0
2026-05-10 12:39:10 [http-nio-3000-exec-8] DEBUG c.b.p.a.a.a.c.AuthRestAdapter - Perfil obtenido para usuario: andres@gmail.com
2026-05-10 12:39:10 [http-nio-3000-exec-9] INFO  c.b.p.a.a.p.c.ProductosRestAdapter - GET /productos - Obtener todos los productos
2026-05-10 12:39:10 [http-nio-3000-exec-9] DEBUG c.b.p.a.d.p.s.GestionProductosService - Obteniendo todos los productos
2026-05-10 12:39:10 [http-nio-3000-exec-2] DEBUG c.b.p.a.d.a.s.AutorizacionAuthService - Obteniendo perfil por token
2026-05-10 12:39:10 [http-nio-3000-exec-4] INFO  c.b.p.a.a.ventas.VentaRestAdapter - GET /ventas/cierre-jornada - Obtener cierre de jornada para vendedor 6b0a5026-52f3-475a-a20f-5aacf94764f0 y fecha 2026-05-10
2026-05-10 12:39:10 [http-nio-3000-exec-4] INFO  c.b.p.a.d.v.s.GestionVentasService - Obteniendo resumen de cierre de jornada para vendedor 6b0a5026-52f3-475a-a20f-5aacf94764f0 en fecha 2026-05-10
2026-05-10 12:39:10 [http-nio-3000-exec-9] DEBUG c.b.p.a.d.p.s.GestionProductosService - Se obtuvieron 25 productos
2026-05-10 12:39:10 [http-nio-3000-exec-9] DEBUG c.b.p.a.a.p.c.ProductosRestAdapter - Se obtuvieron 25 productos
2026-05-10 12:39:11 [http-nio-3000-exec-2] DEBUG c.b.p.a.d.a.s.AutorizacionAuthService - Perfil obtenido exitosamente para usuario ID: 6b0a5026-52f3-475a-a20f-5aacf94764f0
2026-05-10 12:39:11 [http-nio-3000-exec-2] INFO  c.b.p.a.a.i.c.InventarioRestAdapter - GET /inventario/vendedor/6b0a5026-52f3-475a-a20f-5aacf94764f0 - consulta por andres@gmail.com
2026-05-10 12:39:11 [http-nio-3000-exec-2] INFO  c.b.p.a.d.i.s.GestionInventarioService - Consultando cargas por vendedor: 6b0a5026-52f3-475a-a20f-5aacf94764f0
2026-05-10 12:39:11 [http-nio-3000-exec-2] DEBUG c.b.p.a.i.p.s.a.SupabaseAsignacionRepositoryAdapter - Consultando asignaciones por vendedor: 6b0a5026-52f3-475a-a20f-5aacf94764f0
2026-05-10 12:39:11 [http-nio-3000-exec-2] DEBUG c.b.p.a.i.p.s.a.SupabaseAsignacionRepositoryAdapter - Asignaciones encontradas para vendedor 6b0a5026-52f3-475a-a20f-5aacf94764f0: 31
2026-05-10 12:39:11 [http-nio-3000-exec-1] INFO  c.b.p.a.a.a.c.AuthRestAdapter - GET /auth/me - Obtener perfil del usuario actual
2026-05-10 12:39:11 [http-nio-3000-exec-1] DEBUG c.b.p.a.d.a.s.AutorizacionAuthService - Obteniendo perfil por token
2026-05-10 12:39:11 [http-nio-3000-exec-1] DEBUG c.b.p.a.d.a.s.AutorizacionAuthService - Perfil obtenido exitosamente para usuario ID: 6b0a5026-52f3-475a-a20f-5aacf94764f0
2026-05-10 12:39:11 [http-nio-3000-exec-1] DEBUG c.b.p.a.a.a.c.AuthRestAdapter - Perfil obtenido para usuario: andres@gmail.com
2026-05-10 12:39:12 [http-nio-3000-exec-3] DEBUG c.b.p.a.a.c.c.ClientesRestAdapter - Obteniendo clientes; vendedorId=6b0a5026-52f3-475a-a20f-5aacf94764f0
2026-05-10 12:39:12 [http-nio-3000-exec-3] DEBUG c.b.p.a.d.c.s.GestionClientesService - Obteniendo clientes por vendedor: 6b0a5026-52f3-475a-a20f-5aacf94764f0
2026-05-10 12:39:12 [http-nio-3000-exec-3] DEBUG c.b.p.a.i.p.s.a.SupabaseClienteRepositoryAdapter - Obteniendo clientes por vendedorId=6b0a5026-52f3-475a-a20f-5aacf94764f0
2026-05-10 12:39:13 [http-nio-3000-exec-5] INFO  c.b.p.a.a.c.CierreJornadaRestAdapter - GET /cierres/vendedor/6b0a5026-52f3-475a-a20f-5aacf94764f0 - Historial de cierres
2026-05-10 12:39:13 [http-nio-3000-exec-8] INFO  c.b.p.a.a.p.c.ProductosRestAdapter - GET /productos - Obtener todos los productos
2026-05-10 12:39:13 [http-nio-3000-exec-6] INFO  c.b.p.a.a.ventas.VentaRestAdapter - GET /ventas/cierre-jornada - Obtener cierre de jornada para vendedor 6b0a5026-52f3-475a-a20f-5aacf94764f0 y fecha 2026-05-10
2026-05-10 12:39:13 [http-nio-3000-exec-10] DEBUG c.b.p.a.d.a.s.AutorizacionAuthService - Obteniendo perfil por token
2026-05-10 12:39:13 [http-nio-3000-exec-8] DEBUG c.b.p.a.d.p.s.GestionProductosService - Obteniendo todos los productos
2026-05-10 12:39:13 [http-nio-3000-exec-6] INFO  c.b.p.a.d.v.s.GestionVentasService - Obteniendo resumen de cierre de jornada para vendedor 6b0a5026-52f3-475a-a20f-5aacf94764f0 en fecha 2026-05-10
2026-05-10 12:39:13 [http-nio-3000-exec-9] DEBUG c.b.p.a.a.c.c.ClientesRestAdapter - Obteniendo clientes; vendedorId=6b0a5026-52f3-475a-a20f-5aacf94764f0
2026-05-10 12:39:13 [http-nio-3000-exec-9] DEBUG c.b.p.a.d.c.s.GestionClientesService - Obteniendo clientes por vendedor: 6b0a5026-52f3-475a-a20f-5aacf94764f0
2026-05-10 12:39:13 [http-nio-3000-exec-9] DEBUG c.b.p.a.i.p.s.a.SupabaseClienteRepositoryAdapter - Obteniendo clientes por vendedorId=6b0a5026-52f3-475a-a20f-5aacf94764f0
2026-05-10 12:39:13 [http-nio-3000-exec-8] DEBUG c.b.p.a.d.p.s.GestionProductosService - Se obtuvieron 25 productos
2026-05-10 12:39:13 [http-nio-3000-exec-8] DEBUG c.b.p.a.a.p.c.ProductosRestAdapter - Se obtuvieron 25 productos
2026-05-10 12:39:13 [http-nio-3000-exec-10] DEBUG c.b.p.a.d.a.s.AutorizacionAuthService - Perfil obtenido exitosamente para usuario ID: 6b0a5026-52f3-475a-a20f-5aacf94764f0
2026-05-10 12:39:13 [http-nio-3000-exec-10] INFO  c.b.p.a.a.i.c.InventarioRestAdapter - GET /inventario/vendedor/6b0a5026-52f3-475a-a20f-5aacf94764f0 - consulta por andres@gmail.com
2026-05-10 12:39:13 [http-nio-3000-exec-10] INFO  c.b.p.a.d.i.s.GestionInventarioService - Consultando cargas por vendedor: 6b0a5026-52f3-475a-a20f-5aacf94764f0
2026-05-10 12:39:13 [http-nio-3000-exec-10] DEBUG c.b.p.a.i.p.s.a.SupabaseAsignacionRepositoryAdapter - Consultando asignaciones por vendedor: 6b0a5026-52f3-475a-a20f-5aacf94764f0
2026-05-10 12:39:13 [http-nio-3000-exec-10] DEBUG c.b.p.a.i.p.s.a.SupabaseAsignacionRepositoryAdapter - Asignaciones encontradas para vendedor 6b0a5026-52f3-475a-a20f-5aacf94764f0: 31
2026-05-10 12:39:25 [http-nio-3000-exec-4] INFO  c.b.p.a.a.ventas.VentaRestAdapter - POST /ventas - Crear nueva venta
2026-05-10 12:39:25 [http-nio-3000-exec-4] INFO  c.b.p.a.d.v.s.GestionVentasService - Procesando solicitud de venta. Cliente: 20, Vendedor: 6b0a5026-52f3-475a-a20f-5aacf94764f0, ID Local: 2f489e55-c080-4520-ba87-c3b02c2019ff
2026-05-10 12:39:26 [http-nio-3000-exec-4] WARN  c.b.p.a.d.v.s.GestionVentasService - Stock insuficiente para producto 9000111: disponible 0, solicitado 1
2026-05-10 12:39:26 [http-nio-3000-exec-4] WARN  c.b.p.a.a.ventas.VentaRestAdapter - Error de dominio al crear venta: Stock insuficiente para producto Ajinosillao de 150 Ml
2026-05-10 12:39:26 [http-nio-3000-exec-4] WARN  o.s.w.s.m.m.a.ExceptionHandlerExceptionResolver - Resolved [com.back.puntoventa.app.common.ApiException: Stock insuficiente para producto Ajinosillao de 150 Ml]
2026-05-10 12:39:31 [http-nio-3000-exec-1] INFO  c.b.p.a.a.ventas.VentaRestAdapter - POST /ventas - Crear nueva venta
2026-05-10 12:39:31 [http-nio-3000-exec-1] INFO  c.b.p.a.d.v.s.GestionVentasService - Procesando solicitud de venta. Cliente: 20, Vendedor: 6b0a5026-52f3-475a-a20f-5aacf94764f0, ID Local: 77212e0c-bb81-4556-b502-a98b0266fcea
2026-05-10 12:39:32 [http-nio-3000-exec-1] WARN  c.b.p.a.d.v.s.GestionVentasService - Stock insuficiente para producto 9000117: disponible 0, solicitado 1
2026-05-10 12:39:32 [http-nio-3000-exec-1] WARN  c.b.p.a.a.ventas.VentaRestAdapter - Error de dominio al crear venta: Stock insuficiente para producto Doña Gusta Carne
2026-05-10 12:39:32 [http-nio-3000-exec-1] WARN  o.s.w.s.m.m.a.ExceptionHandlerExceptionResolver - Resolved [com.back.puntoventa.app.common.ApiException: Stock insuficiente para producto Doña Gusta Carne]
2026-05-10 12:41:50 [http-nio-3000-exec-5] INFO  c.b.p.a.a.c.CierreJornadaRestAdapter - GET /cierres/vendedor/6b0a5026-52f3-475a-a20f-5aacf94764f0 - Historial de cierres
2026-05-10 12:41:50 [http-nio-3000-exec-8] INFO  c.b.p.a.a.p.c.ProductosRestAdapter - GET /productos - Obtener todos los productos
2026-05-10 12:41:50 [http-nio-3000-exec-8] DEBUG c.b.p.a.d.p.s.GestionProductosService - Obteniendo todos los productos
2026-05-10 12:41:50 [http-nio-3000-exec-10] INFO  c.b.p.a.a.ventas.VentaRestAdapter - GET /ventas/cierre-jornada - Obtener cierre de jornada para vendedor 6b0a5026-52f3-475a-a20f-5aacf94764f0 y fecha 2026-05-10
2026-05-10 12:41:50 [http-nio-3000-exec-10] INFO  c.b.p.a.d.v.s.GestionVentasService - Obteniendo resumen de cierre de jornada para vendedor 6b0a5026-52f3-475a-a20f-5aacf94764f0 en fecha 2026-05-10
2026-05-10 12:41:50 [http-nio-3000-exec-6] DEBUG c.b.p.a.a.c.c.ClientesRestAdapter - Obteniendo clientes; vendedorId=6b0a5026-52f3-475a-a20f-5aacf94764f0
2026-05-10 12:41:50 [http-nio-3000-exec-9] DEBUG c.b.p.a.d.a.s.AutorizacionAuthService - Obteniendo perfil por token
2026-05-10 12:41:50 [http-nio-3000-exec-6] DEBUG c.b.p.a.d.c.s.GestionClientesService - Obteniendo clientes por vendedor: 6b0a5026-52f3-475a-a20f-5aacf94764f0
2026-05-10 12:41:50 [http-nio-3000-exec-6] DEBUG c.b.p.a.i.p.s.a.SupabaseClienteRepositoryAdapter - Obteniendo clientes por vendedorId=6b0a5026-52f3-475a-a20f-5aacf94764f0
2026-05-10 12:41:50 [http-nio-3000-exec-8] DEBUG c.b.p.a.d.p.s.GestionProductosService - Se obtuvieron 25 productos
2026-05-10 12:41:50 [http-nio-3000-exec-8] DEBUG c.b.p.a.a.p.c.ProductosRestAdapter - Se obtuvieron 25 productos
2026-05-10 12:41:51 [http-nio-3000-exec-9] DEBUG c.b.p.a.d.a.s.AutorizacionAuthService - Perfil obtenido exitosamente para usuario ID: 6b0a5026-52f3-475a-a20f-5aacf94764f0
2026-05-10 12:41:51 [http-nio-3000-exec-9] INFO  c.b.p.a.a.i.c.InventarioRestAdapter - GET /inventario/vendedor/6b0a5026-52f3-475a-a20f-5aacf94764f0 - consulta por andres@gmail.com
2026-05-10 12:41:51 [http-nio-3000-exec-9] INFO  c.b.p.a.d.i.s.GestionInventarioService - Consultando cargas por vendedor: 6b0a5026-52f3-475a-a20f-5aacf94764f0
2026-05-10 12:41:51 [http-nio-3000-exec-9] DEBUG c.b.p.a.i.p.s.a.SupabaseAsignacionRepositoryAdapter - Consultando asignaciones por vendedor: 6b0a5026-52f3-475a-a20f-5aacf94764f0
2026-05-10 12:41:51 [http-nio-3000-exec-9] DEBUG c.b.p.a.i.p.s.a.SupabaseAsignacionRepositoryAdapter - Asignaciones encontradas para vendedor 6b0a5026-52f3-475a-a20f-5aacf94764f0: 31
2026-05-10 12:42:01 [http-nio-3000-exec-2] WARN  o.s.w.s.m.m.a.ExceptionHandlerExceptionResolver - Resolved [org.springframework.web.bind.MissingServletRequestParameterException: Required request parameter 'userId' for method parameter type String is not present]
2026-05-10 12:42:06 [http-nio-3000-exec-4] INFO  c.b.p.a.a.a.c.AuthRestAdapter - POST /auth/signin - Intento de autenticación para email: mateovargas220705@gmail.com
2026-05-10 12:42:06 [http-nio-3000-exec-4] DEBUG c.b.p.a.d.a.s.AutorizacionAuthService - Autenticando usuario con email: mateovargas220705@gmail.com
2026-05-10 12:42:06 [http-nio-3000-exec-4] DEBUG c.b.p.a.d.a.s.AutorizacionAuthService - Autenticación completada para email: mateovargas220705@gmail.com
2026-05-10 12:42:06 [http-nio-3000-exec-4] INFO  c.b.p.a.a.a.c.AuthRestAdapter - Autenticación exitosa para email: mateovargas220705@gmail.com
2026-05-10 12:42:06 [http-nio-3000-exec-1] INFO  c.b.p.a.a.p.c.ProductosRestAdapter - GET /productos - Obtener todos los productos
2026-05-10 12:42:06 [http-nio-3000-exec-7] INFO  c.b.p.a.a.v.c.VendedoresRestAdapter - GET /vendedores - Obtener todos los vendedores
2026-05-10 12:42:06 [http-nio-3000-exec-1] DEBUG c.b.p.a.d.p.s.GestionProductosService - Obteniendo todos los productos
2026-05-10 12:42:06 [http-nio-3000-exec-7] DEBUG c.b.p.a.d.v.s.GestionVendedoresService - Obteniendo todos los vendedores
2026-05-10 12:42:06 [http-nio-3000-exec-3] INFO  c.b.p.a.a.p.c.ProductosRestAdapter - GET /productos/stock-bajo - Consultando alertas con umbral: 100
2026-05-10 12:42:06 [http-nio-3000-exec-3] DEBUG c.b.p.a.d.p.s.GestionProductosService - Obteniendo productos con stock bajo. Umbral: 100
2026-05-10 12:42:06 [http-nio-3000-exec-1] DEBUG c.b.p.a.d.p.s.GestionProductosService - Se obtuvieron 25 productos
2026-05-10 12:42:06 [http-nio-3000-exec-1] DEBUG c.b.p.a.a.p.c.ProductosRestAdapter - Se obtuvieron 25 productos
2026-05-10 12:42:06 [http-nio-3000-exec-7] DEBUG c.b.p.a.d.v.s.GestionVendedoresService - Se obtuvieron 10 vendedores
2026-05-10 12:42:06 [http-nio-3000-exec-7] DEBUG c.b.p.a.a.v.c.VendedoresRestAdapter - Se obtuvieron 10 vendedores
2026-05-10 12:42:06 [http-nio-3000-exec-3] DEBUG c.b.p.a.d.p.s.GestionProductosService - Se encontraron 24 productos con stock bajo
2026-05-10 12:42:11 [http-nio-3000-exec-5] INFO  c.b.p.a.a.v.c.VendedoresRestAdapter - GET /vendedores - Obtener todos los vendedores
2026-05-10 12:42:11 [http-nio-3000-exec-5] DEBUG c.b.p.a.d.v.s.GestionVendedoresService - Obteniendo todos los vendedores
2026-05-10 12:42:12 [http-nio-3000-exec-5] DEBUG c.b.p.a.d.v.s.GestionVendedoresService - Se obtuvieron 10 vendedores
2026-05-10 12:42:12 [http-nio-3000-exec-5] DEBUG c.b.p.a.a.v.c.VendedoresRestAdapter - Se obtuvieron 10 vendedores
2026-05-10 12:42:12 [http-nio-3000-exec-9] DEBUG c.b.p.a.a.c.c.ClientesRestAdapter - Obteniendo clientes; vendedorId=5e0e4eff-aec3-46df-a77e-d4feeb19394c
2026-05-10 12:42:12 [http-nio-3000-exec-8] DEBUG c.b.p.a.a.c.c.ClientesRestAdapter - Obteniendo clientes; vendedorId=2ab0631c-da17-4bd8-b9b9-237de54711c6
2026-05-10 12:42:12 [http-nio-3000-exec-6] DEBUG c.b.p.a.a.c.c.ClientesRestAdapter - Obteniendo clientes; vendedorId=0b9544ca-bfbe-4335-821c-5c8eb4b553b2
2026-05-10 12:42:12 [http-nio-3000-exec-9] DEBUG c.b.p.a.d.c.s.GestionClientesService - Obteniendo clientes por vendedor: 5e0e4eff-aec3-46df-a77e-d4feeb19394c
2026-05-10 12:42:12 [http-nio-3000-exec-8] DEBUG c.b.p.a.d.c.s.GestionClientesService - Obteniendo clientes por vendedor: 2ab0631c-da17-4bd8-b9b9-237de54711c6
2026-05-10 12:42:12 [http-nio-3000-exec-8] DEBUG c.b.p.a.i.p.s.a.SupabaseClienteRepositoryAdapter - Obteniendo clientes por vendedorId=2ab0631c-da17-4bd8-b9b9-237de54711c6
2026-05-10 12:42:12 [http-nio-3000-exec-10] DEBUG c.b.p.a.a.c.c.ClientesRestAdapter - Obteniendo clientes; vendedorId=6b0a5026-52f3-475a-a20f-5aacf94764f0
2026-05-10 12:42:12 [http-nio-3000-exec-10] DEBUG c.b.p.a.d.c.s.GestionClientesService - Obteniendo clientes por vendedor: 6b0a5026-52f3-475a-a20f-5aacf94764f0
2026-05-10 12:42:12 [http-nio-3000-exec-6] DEBUG c.b.p.a.d.c.s.GestionClientesService - Obteniendo clientes por vendedor: 0b9544ca-bfbe-4335-821c-5c8eb4b553b2
2026-05-10 12:42:12 [http-nio-3000-exec-6] DEBUG c.b.p.a.i.p.s.a.SupabaseClienteRepositoryAdapter - Obteniendo clientes por vendedorId=0b9544ca-bfbe-4335-821c-5c8eb4b553b2
2026-05-10 12:42:12 [http-nio-3000-exec-2] DEBUG c.b.p.a.a.c.c.ClientesRestAdapter - Obteniendo clientes; vendedorId=73ed0c2b-851c-44c8-a08b-ded6f61924f9
2026-05-10 12:42:12 [http-nio-3000-exec-2] DEBUG c.b.p.a.d.c.s.GestionClientesService - Obteniendo clientes por vendedor: 73ed0c2b-851c-44c8-a08b-ded6f61924f9
2026-05-10 12:42:12 [http-nio-3000-exec-9] DEBUG c.b.p.a.i.p.s.a.SupabaseClienteRepositoryAdapter - Obteniendo clientes por vendedorId=5e0e4eff-aec3-46df-a77e-d4feeb19394c
2026-05-10 12:42:12 [http-nio-3000-exec-10] DEBUG c.b.p.a.i.p.s.a.SupabaseClienteRepositoryAdapter - Obteniendo clientes por vendedorId=6b0a5026-52f3-475a-a20f-5aacf94764f0
2026-05-10 12:42:12 [http-nio-3000-exec-4] DEBUG c.b.p.a.a.c.c.ClientesRestAdapter - Obteniendo clientes; vendedorId=7ca8780f-864c-4179-8c8a-9d8ae55b6df8
2026-05-10 12:42:12 [http-nio-3000-exec-4] DEBUG c.b.p.a.d.c.s.GestionClientesService - Obteniendo clientes por vendedor: 7ca8780f-864c-4179-8c8a-9d8ae55b6df8
2026-05-10 12:42:12 [http-nio-3000-exec-4] DEBUG c.b.p.a.i.p.s.a.SupabaseClienteRepositoryAdapter - Obteniendo clientes por vendedorId=7ca8780f-864c-4179-8c8a-9d8ae55b6df8
2026-05-10 12:42:12 [http-nio-3000-exec-2] DEBUG c.b.p.a.i.p.s.a.SupabaseClienteRepositoryAdapter - Obteniendo clientes por vendedorId=73ed0c2b-851c-44c8-a08b-ded6f61924f9
2026-05-10 12:42:12 [http-nio-3000-exec-7] DEBUG c.b.p.a.a.c.c.ClientesRestAdapter - Obteniendo clientes; vendedorId=7dec6fc9-8ddc-48c6-86a3-a1dbfc46f80e
2026-05-10 12:42:12 [http-nio-3000-exec-7] DEBUG c.b.p.a.d.c.s.GestionClientesService - Obteniendo clientes por vendedor: 7dec6fc9-8ddc-48c6-86a3-a1dbfc46f80e
2026-05-10 12:42:12 [http-nio-3000-exec-7] DEBUG c.b.p.a.i.p.s.a.SupabaseClienteRepositoryAdapter - Obteniendo clientes por vendedorId=7dec6fc9-8ddc-48c6-86a3-a1dbfc46f80e
2026-05-10 12:42:12 [http-nio-3000-exec-1] DEBUG c.b.p.a.a.c.c.ClientesRestAdapter - Obteniendo clientes; vendedorId=86676371-8389-4969-89b4-6a10d3e65cbd
2026-05-10 12:42:12 [http-nio-3000-exec-1] DEBUG c.b.p.a.d.c.s.GestionClientesService - Obteniendo clientes por vendedor: 86676371-8389-4969-89b4-6a10d3e65cbd
2026-05-10 12:42:12 [http-nio-3000-exec-1] DEBUG c.b.p.a.i.p.s.a.SupabaseClienteRepositoryAdapter - Obteniendo clientes por vendedorId=86676371-8389-4969-89b4-6a10d3e65cbd
2026-05-10 12:42:12 [http-nio-3000-exec-5] DEBUG c.b.p.a.a.c.c.ClientesRestAdapter - Obteniendo clientes; vendedorId=c1cbc4b0-eafd-490a-be95-b1c42036ad16
2026-05-10 12:42:12 [http-nio-3000-exec-5] DEBUG c.b.p.a.d.c.s.GestionClientesService - Obteniendo clientes por vendedor: c1cbc4b0-eafd-490a-be95-b1c42036ad16
2026-05-10 12:42:12 [http-nio-3000-exec-5] DEBUG c.b.p.a.i.p.s.a.SupabaseClienteRepositoryAdapter - Obteniendo clientes por vendedorId=c1cbc4b0-eafd-490a-be95-b1c42036ad16
2026-05-10 12:42:12 [http-nio-3000-exec-3] DEBUG c.b.p.a.a.c.c.ClientesRestAdapter - Obteniendo clientes; vendedorId=997e2337-32a6-4ba5-84fb-873ef1b6036f
2026-05-10 12:42:12 [http-nio-3000-exec-3] DEBUG c.b.p.a.d.c.s.GestionClientesService - Obteniendo clientes por vendedor: 997e2337-32a6-4ba5-84fb-873ef1b6036f
2026-05-10 12:42:12 [http-nio-3000-exec-3] DEBUG c.b.p.a.i.p.s.a.SupabaseClienteRepositoryAdapter - Obteniendo clientes por vendedorId=997e2337-32a6-4ba5-84fb-873ef1b6036f
2026-05-10 12:44:41 [http-nio-3000-exec-7] INFO  c.b.p.a.a.v.c.VendedoresRestAdapter - GET /vendedores - Obtener todos los vendedores
2026-05-10 12:44:41 [http-nio-3000-exec-7] DEBUG c.b.p.a.d.v.s.GestionVendedoresService - Obteniendo todos los vendedores
2026-05-10 12:44:42 [http-nio-3000-exec-7] DEBUG c.b.p.a.d.v.s.GestionVendedoresService - Se obtuvieron 10 vendedores
2026-05-10 12:44:42 [http-nio-3000-exec-7] DEBUG c.b.p.a.a.v.c.VendedoresRestAdapter - Se obtuvieron 10 vendedores
2026-05-10 12:44:42 [http-nio-3000-exec-5] DEBUG c.b.p.a.a.c.c.ClientesRestAdapter - Obteniendo clientes; vendedorId=5e0e4eff-aec3-46df-a77e-d4feeb19394c
2026-05-10 12:44:42 [http-nio-3000-exec-3] DEBUG c.b.p.a.a.c.c.ClientesRestAdapter - Obteniendo clientes; vendedorId=0b9544ca-bfbe-4335-821c-5c8eb4b553b2
2026-05-10 12:44:42 [http-nio-3000-exec-4] DEBUG c.b.p.a.a.c.c.ClientesRestAdapter - Obteniendo clientes; vendedorId=7ca8780f-864c-4179-8c8a-9d8ae55b6df8
2026-05-10 12:44:42 [http-nio-3000-exec-9] DEBUG c.b.p.a.a.c.c.ClientesRestAdapter - Obteniendo clientes; vendedorId=73ed0c2b-851c-44c8-a08b-ded6f61924f9
2026-05-10 12:44:42 [http-nio-3000-exec-6] DEBUG c.b.p.a.a.c.c.ClientesRestAdapter - Obteniendo clientes; vendedorId=6b0a5026-52f3-475a-a20f-5aacf94764f0
2026-05-10 12:44:42 [http-nio-3000-exec-1] DEBUG c.b.p.a.a.c.c.ClientesRestAdapter - Obteniendo clientes; vendedorId=2ab0631c-da17-4bd8-b9b9-237de54711c6
2026-05-10 12:44:42 [http-nio-3000-exec-5] DEBUG c.b.p.a.d.c.s.GestionClientesService - Obteniendo clientes por vendedor: 5e0e4eff-aec3-46df-a77e-d4feeb19394c
2026-05-10 12:44:42 [http-nio-3000-exec-3] DEBUG c.b.p.a.d.c.s.GestionClientesService - Obteniendo clientes por vendedor: 0b9544ca-bfbe-4335-821c-5c8eb4b553b2
2026-05-10 12:44:42 [http-nio-3000-exec-4] DEBUG c.b.p.a.d.c.s.GestionClientesService - Obteniendo clientes por vendedor: 7ca8780f-864c-4179-8c8a-9d8ae55b6df8
2026-05-10 12:44:42 [http-nio-3000-exec-9] DEBUG c.b.p.a.d.c.s.GestionClientesService - Obteniendo clientes por vendedor: 73ed0c2b-851c-44c8-a08b-ded6f61924f9
2026-05-10 12:44:42 [http-nio-3000-exec-6] DEBUG c.b.p.a.d.c.s.GestionClientesService - Obteniendo clientes por vendedor: 6b0a5026-52f3-475a-a20f-5aacf94764f0
2026-05-10 12:44:42 [http-nio-3000-exec-1] DEBUG c.b.p.a.d.c.s.GestionClientesService - Obteniendo clientes por vendedor: 2ab0631c-da17-4bd8-b9b9-237de54711c6
2026-05-10 12:44:42 [http-nio-3000-exec-5] DEBUG c.b.p.a.i.p.s.a.SupabaseClienteRepositoryAdapter - Obteniendo clientes por vendedorId=5e0e4eff-aec3-46df-a77e-d4feeb19394c
2026-05-10 12:44:42 [http-nio-3000-exec-3] DEBUG c.b.p.a.i.p.s.a.SupabaseClienteRepositoryAdapter - Obteniendo clientes por vendedorId=0b9544ca-bfbe-4335-821c-5c8eb4b553b2
2026-05-10 12:44:42 [http-nio-3000-exec-4] DEBUG c.b.p.a.i.p.s.a.SupabaseClienteRepositoryAdapter - Obteniendo clientes por vendedorId=7ca8780f-864c-4179-8c8a-9d8ae55b6df8
2026-05-10 12:44:42 [http-nio-3000-exec-9] DEBUG c.b.p.a.i.p.s.a.SupabaseClienteRepositoryAdapter - Obteniendo clientes por vendedorId=73ed0c2b-851c-44c8-a08b-ded6f61924f9
2026-05-10 12:44:42 [http-nio-3000-exec-6] DEBUG c.b.p.a.i.p.s.a.SupabaseClienteRepositoryAdapter - Obteniendo clientes por vendedorId=6b0a5026-52f3-475a-a20f-5aacf94764f0
2026-05-10 12:44:42 [http-nio-3000-exec-1] DEBUG c.b.p.a.i.p.s.a.SupabaseClienteRepositoryAdapter - Obteniendo clientes por vendedorId=2ab0631c-da17-4bd8-b9b9-237de54711c6
2026-05-10 12:44:43 [http-nio-3000-exec-2] DEBUG c.b.p.a.a.c.c.ClientesRestAdapter - Obteniendo clientes; vendedorId=7dec6fc9-8ddc-48c6-86a3-a1dbfc46f80e
2026-05-10 12:44:43 [http-nio-3000-exec-2] DEBUG c.b.p.a.d.c.s.GestionClientesService - Obteniendo clientes por vendedor: 7dec6fc9-8ddc-48c6-86a3-a1dbfc46f80e
2026-05-10 12:44:43 [http-nio-3000-exec-2] DEBUG c.b.p.a.i.p.s.a.SupabaseClienteRepositoryAdapter - Obteniendo clientes por vendedorId=7dec6fc9-8ddc-48c6-86a3-a1dbfc46f80e
2026-05-10 12:44:43 [http-nio-3000-exec-8] DEBUG c.b.p.a.a.c.c.ClientesRestAdapter - Obteniendo clientes; vendedorId=86676371-8389-4969-89b4-6a10d3e65cbd
2026-05-10 12:44:43 [http-nio-3000-exec-8] DEBUG c.b.p.a.d.c.s.GestionClientesService - Obteniendo clientes por vendedor: 86676371-8389-4969-89b4-6a10d3e65cbd
2026-05-10 12:44:43 [http-nio-3000-exec-8] DEBUG c.b.p.a.i.p.s.a.SupabaseClienteRepositoryAdapter - Obteniendo clientes por vendedorId=86676371-8389-4969-89b4-6a10d3e65cbd
2026-05-10 12:44:43 [http-nio-3000-exec-10] DEBUG c.b.p.a.a.c.c.ClientesRestAdapter - Obteniendo clientes; vendedorId=997e2337-32a6-4ba5-84fb-873ef1b6036f
2026-05-10 12:44:43 [http-nio-3000-exec-10] DEBUG c.b.p.a.d.c.s.GestionClientesService - Obteniendo clientes por vendedor: 997e2337-32a6-4ba5-84fb-873ef1b6036f
2026-05-10 12:44:43 [http-nio-3000-exec-10] DEBUG c.b.p.a.i.p.s.a.SupabaseClienteRepositoryAdapter - Obteniendo clientes por vendedorId=997e2337-32a6-4ba5-84fb-873ef1b6036f
2026-05-10 12:44:43 [http-nio-3000-exec-7] DEBUG c.b.p.a.a.c.c.ClientesRestAdapter - Obteniendo clientes; vendedorId=c1cbc4b0-eafd-490a-be95-b1c42036ad16
2026-05-10 12:44:43 [http-nio-3000-exec-7] DEBUG c.b.p.a.d.c.s.GestionClientesService - Obteniendo clientes por vendedor: c1cbc4b0-eafd-490a-be95-b1c42036ad16
2026-05-10 12:44:43 [http-nio-3000-exec-7] DEBUG c.b.p.a.i.p.s.a.SupabaseClienteRepositoryAdapter - Obteniendo clientes por vendedorId=c1cbc4b0-eafd-490a-be95-b1c42036ad16
2026-05-10 12:44:48 [http-nio-3000-exec-5] INFO  c.b.p.a.a.v.c.VendedoresRestAdapter - GET /vendedores - Obtener todos los vendedores
2026-05-10 12:44:48 [http-nio-3000-exec-5] DEBUG c.b.p.a.d.v.s.GestionVendedoresService - Obteniendo todos los vendedores
2026-05-10 12:44:48 [http-nio-3000-exec-5] DEBUG c.b.p.a.d.v.s.GestionVendedoresService - Se obtuvieron 10 vendedores
2026-05-10 12:44:48 [http-nio-3000-exec-5] DEBUG c.b.p.a.a.v.c.VendedoresRestAdapter - Se obtuvieron 10 vendedores
2026-05-10 12:44:48 [http-nio-3000-exec-4] DEBUG c.b.p.a.d.a.s.AutorizacionAuthService - Obteniendo perfil por token
2026-05-10 12:44:48 [http-nio-3000-exec-9] DEBUG c.b.p.a.a.c.c.ClientesRestAdapter - Obteniendo clientes; vendedorId=0b9544ca-bfbe-4335-821c-5c8eb4b553b2
2026-05-10 12:44:48 [http-nio-3000-exec-9] DEBUG c.b.p.a.d.c.s.GestionClientesService - Obteniendo clientes por vendedor: 0b9544ca-bfbe-4335-821c-5c8eb4b553b2
2026-05-10 12:44:48 [http-nio-3000-exec-9] DEBUG c.b.p.a.i.p.s.a.SupabaseClienteRepositoryAdapter - Obteniendo clientes por vendedorId=0b9544ca-bfbe-4335-821c-5c8eb4b553b2
2026-05-10 12:44:48 [http-nio-3000-exec-5] DEBUG c.b.p.a.a.c.c.ClientesRestAdapter - Obteniendo clientes; vendedorId=2ab0631c-da17-4bd8-b9b9-237de54711c6
2026-05-10 12:44:48 [http-nio-3000-exec-8] DEBUG c.b.p.a.d.a.s.AutorizacionAuthService - Obteniendo perfil por token
2026-05-10 12:44:48 [http-nio-3000-exec-5] DEBUG c.b.p.a.d.c.s.GestionClientesService - Obteniendo clientes por vendedor: 2ab0631c-da17-4bd8-b9b9-237de54711c6
2026-05-10 12:44:48 [http-nio-3000-exec-5] DEBUG c.b.p.a.i.p.s.a.SupabaseClienteRepositoryAdapter - Obteniendo clientes por vendedorId=2ab0631c-da17-4bd8-b9b9-237de54711c6
2026-05-10 12:44:48 [http-nio-3000-exec-6] DEBUG c.b.p.a.d.a.s.AutorizacionAuthService - Obteniendo perfil por token
2026-05-10 12:44:48 [http-nio-3000-exec-2] DEBUG c.b.p.a.a.c.c.ClientesRestAdapter - Obteniendo clientes; vendedorId=5e0e4eff-aec3-46df-a77e-d4feeb19394c
2026-05-10 12:44:48 [http-nio-3000-exec-2] DEBUG c.b.p.a.d.c.s.GestionClientesService - Obteniendo clientes por vendedor: 5e0e4eff-aec3-46df-a77e-d4feeb19394c
2026-05-10 12:44:48 [http-nio-3000-exec-2] DEBUG c.b.p.a.i.p.s.a.SupabaseClienteRepositoryAdapter - Obteniendo clientes por vendedorId=5e0e4eff-aec3-46df-a77e-d4feeb19394c
2026-05-10 12:44:48 [http-nio-3000-exec-10] INFO  c.b.p.a.a.ventas.VentaRestAdapter - GET /ventas/cierre-jornada - Obtener cierre de jornada para vendedor 6b0a5026-52f3-475a-a20f-5aacf94764f0 y fecha 2026-05-10
2026-05-10 12:44:48 [http-nio-3000-exec-10] INFO  c.b.p.a.d.v.s.GestionVentasService - Obteniendo resumen de cierre de jornada para vendedor 6b0a5026-52f3-475a-a20f-5aacf94764f0 en fecha 2026-05-10
2026-05-10 12:44:48 [http-nio-3000-exec-7] DEBUG c.b.p.a.d.a.s.AutorizacionAuthService - Obteniendo perfil por token
2026-05-10 12:44:48 [http-nio-3000-exec-9] INFO  c.b.p.a.a.c.CierreJornadaRestAdapter - GET /cierres/vendedor/6b0a5026-52f3-475a-a20f-5aacf94764f0 - Historial de cierres
2026-05-10 12:44:49 [http-nio-3000-exec-1] DEBUG c.b.p.a.a.c.c.ClientesRestAdapter - Obteniendo clientes; vendedorId=6b0a5026-52f3-475a-a20f-5aacf94764f0
2026-05-10 12:44:49 [http-nio-3000-exec-1] DEBUG c.b.p.a.d.c.s.GestionClientesService - Obteniendo clientes por vendedor: 6b0a5026-52f3-475a-a20f-5aacf94764f0
2026-05-10 12:44:49 [http-nio-3000-exec-1] DEBUG c.b.p.a.i.p.s.a.SupabaseClienteRepositoryAdapter - Obteniendo clientes por vendedorId=6b0a5026-52f3-475a-a20f-5aacf94764f0
2026-05-10 12:44:49 [http-nio-3000-exec-8] DEBUG c.b.p.a.d.a.s.AutorizacionAuthService - Perfil obtenido exitosamente para usuario ID: f2dc5b92-7ded-4c42-9e5a-d8a22aaf4a3a
2026-05-10 12:44:49 [http-nio-3000-exec-8] INFO  c.b.p.a.a.i.c.InventarioRestAdapter - GET /inventario/vendedor/2ab0631c-da17-4bd8-b9b9-237de54711c6 - consulta por mateovargas220705@gmail.com
2026-05-10 12:44:49 [http-nio-3000-exec-8] INFO  c.b.p.a.d.i.s.GestionInventarioService - Consultando cargas por vendedor: 2ab0631c-da17-4bd8-b9b9-237de54711c6
2026-05-10 12:44:49 [http-nio-3000-exec-4] DEBUG c.b.p.a.d.a.s.AutorizacionAuthService - Perfil obtenido exitosamente para usuario ID: f2dc5b92-7ded-4c42-9e5a-d8a22aaf4a3a
2026-05-10 12:44:49 [http-nio-3000-exec-8] DEBUG c.b.p.a.i.p.s.a.SupabaseAsignacionRepositoryAdapter - Consultando asignaciones por vendedor: 2ab0631c-da17-4bd8-b9b9-237de54711c6
2026-05-10 12:44:49 [http-nio-3000-exec-4] INFO  c.b.p.a.a.i.c.InventarioRestAdapter - GET /inventario/vendedor/0b9544ca-bfbe-4335-821c-5c8eb4b553b2 - consulta por mateovargas220705@gmail.com
2026-05-10 12:44:49 [http-nio-3000-exec-4] INFO  c.b.p.a.d.i.s.GestionInventarioService - Consultando cargas por vendedor: 0b9544ca-bfbe-4335-821c-5c8eb4b553b2
2026-05-10 12:44:49 [http-nio-3000-exec-4] DEBUG c.b.p.a.i.p.s.a.SupabaseAsignacionRepositoryAdapter - Consultando asignaciones por vendedor: 0b9544ca-bfbe-4335-821c-5c8eb4b553b2
2026-05-10 12:44:49 [http-nio-3000-exec-6] DEBUG c.b.p.a.d.a.s.AutorizacionAuthService - Perfil obtenido exitosamente para usuario ID: f2dc5b92-7ded-4c42-9e5a-d8a22aaf4a3a
2026-05-10 12:44:49 [http-nio-3000-exec-6] INFO  c.b.p.a.a.i.c.InventarioRestAdapter - GET /inventario/vendedor/5e0e4eff-aec3-46df-a77e-d4feeb19394c - consulta por mateovargas220705@gmail.com
2026-05-10 12:44:49 [http-nio-3000-exec-7] DEBUG c.b.p.a.d.a.s.AutorizacionAuthService - Perfil obtenido exitosamente para usuario ID: f2dc5b92-7ded-4c42-9e5a-d8a22aaf4a3a
2026-05-10 12:44:49 [http-nio-3000-exec-6] INFO  c.b.p.a.d.i.s.GestionInventarioService - Consultando cargas por vendedor: 5e0e4eff-aec3-46df-a77e-d4feeb19394c
2026-05-10 12:44:49 [http-nio-3000-exec-7] INFO  c.b.p.a.a.i.c.InventarioRestAdapter - GET /inventario/vendedor/6b0a5026-52f3-475a-a20f-5aacf94764f0 - consulta por mateovargas220705@gmail.com
2026-05-10 12:44:49 [http-nio-3000-exec-6] DEBUG c.b.p.a.i.p.s.a.SupabaseAsignacionRepositoryAdapter - Consultando asignaciones por vendedor: 5e0e4eff-aec3-46df-a77e-d4feeb19394c
2026-05-10 12:44:49 [http-nio-3000-exec-7] INFO  c.b.p.a.d.i.s.GestionInventarioService - Consultando cargas por vendedor: 6b0a5026-52f3-475a-a20f-5aacf94764f0
2026-05-10 12:44:49 [http-nio-3000-exec-7] DEBUG c.b.p.a.i.p.s.a.SupabaseAsignacionRepositoryAdapter - Consultando asignaciones por vendedor: 6b0a5026-52f3-475a-a20f-5aacf94764f0
2026-05-10 12:44:49 [http-nio-3000-exec-3] DEBUG c.b.p.a.d.a.s.AutorizacionAuthService - Obteniendo perfil por token
2026-05-10 12:44:49 [http-nio-3000-exec-8] DEBUG c.b.p.a.i.p.s.a.SupabaseAsignacionRepositoryAdapter - Asignaciones encontradas para vendedor 2ab0631c-da17-4bd8-b9b9-237de54711c6: 9
2026-05-10 12:44:49 [http-nio-3000-exec-6] DEBUG c.b.p.a.i.p.s.a.SupabaseAsignacionRepositoryAdapter - Asignaciones encontradas para vendedor 5e0e4eff-aec3-46df-a77e-d4feeb19394c: 4
2026-05-10 12:44:49 [http-nio-3000-exec-7] DEBUG c.b.p.a.i.p.s.a.SupabaseAsignacionRepositoryAdapter - Asignaciones encontradas para vendedor 6b0a5026-52f3-475a-a20f-5aacf94764f0: 31
2026-05-10 12:44:49 [http-nio-3000-exec-4] DEBUG c.b.p.a.i.p.s.a.SupabaseAsignacionRepositoryAdapter - Asignaciones encontradas para vendedor 0b9544ca-bfbe-4335-821c-5c8eb4b553b2: 1
2026-05-10 12:44:49 [http-nio-3000-exec-2] DEBUG c.b.p.a.a.c.c.ClientesRestAdapter - Obteniendo clientes; vendedorId=73ed0c2b-851c-44c8-a08b-ded6f61924f9
2026-05-10 12:44:49 [http-nio-3000-exec-5] INFO  c.b.p.a.a.c.CierreJornadaRestAdapter - GET /cierres/vendedor/0b9544ca-bfbe-4335-821c-5c8eb4b553b2 - Historial de cierres
2026-05-10 12:44:49 [http-nio-3000-exec-2] DEBUG c.b.p.a.d.c.s.GestionClientesService - Obteniendo clientes por vendedor: 73ed0c2b-851c-44c8-a08b-ded6f61924f9
2026-05-10 12:44:49 [http-nio-3000-exec-2] DEBUG c.b.p.a.i.p.s.a.SupabaseClienteRepositoryAdapter - Obteniendo clientes por vendedorId=73ed0c2b-851c-44c8-a08b-ded6f61924f9
2026-05-10 12:44:49 [http-nio-3000-exec-6] INFO  c.b.p.a.a.c.CierreJornadaRestAdapter - GET /cierres/vendedor/2ab0631c-da17-4bd8-b9b9-237de54711c6 - Historial de cierres
2026-05-10 12:44:49 [http-nio-3000-exec-8] INFO  c.b.p.a.a.ventas.VentaRestAdapter - GET /ventas/cierre-jornada - Obtener cierre de jornada para vendedor 2ab0631c-da17-4bd8-b9b9-237de54711c6 y fecha 2026-05-10
2026-05-10 12:44:49 [http-nio-3000-exec-8] INFO  c.b.p.a.d.v.s.GestionVentasService - Obteniendo resumen de cierre de jornada para vendedor 2ab0631c-da17-4bd8-b9b9-237de54711c6 en fecha 2026-05-10
2026-05-10 12:44:49 [http-nio-3000-exec-3] DEBUG c.b.p.a.d.a.s.AutorizacionAuthService - Perfil obtenido exitosamente para usuario ID: f2dc5b92-7ded-4c42-9e5a-d8a22aaf4a3a
2026-05-10 12:44:49 [http-nio-3000-exec-3] INFO  c.b.p.a.a.i.c.InventarioRestAdapter - GET /inventario/vendedor/73ed0c2b-851c-44c8-a08b-ded6f61924f9 - consulta por mateovargas220705@gmail.com
2026-05-10 12:44:49 [http-nio-3000-exec-3] INFO  c.b.p.a.d.i.s.GestionInventarioService - Consultando cargas por vendedor: 73ed0c2b-851c-44c8-a08b-ded6f61924f9
2026-05-10 12:44:49 [http-nio-3000-exec-3] DEBUG c.b.p.a.i.p.s.a.SupabaseAsignacionRepositoryAdapter - Consultando asignaciones por vendedor: 73ed0c2b-851c-44c8-a08b-ded6f61924f9
2026-05-10 12:44:49 [http-nio-3000-exec-4] INFO  c.b.p.a.a.ventas.VentaRestAdapter - GET /ventas/cierre-jornada - Obtener cierre de jornada para vendedor 0b9544ca-bfbe-4335-821c-5c8eb4b553b2 y fecha 2026-05-10
2026-05-10 12:44:49 [http-nio-3000-exec-4] INFO  c.b.p.a.d.v.s.GestionVentasService - Obteniendo resumen de cierre de jornada para vendedor 0b9544ca-bfbe-4335-821c-5c8eb4b553b2 en fecha 2026-05-10
2026-05-10 12:44:49 [http-nio-3000-exec-1] DEBUG c.b.p.a.a.c.c.ClientesRestAdapter - Obteniendo clientes; vendedorId=7ca8780f-864c-4179-8c8a-9d8ae55b6df8
2026-05-10 12:44:49 [http-nio-3000-exec-1] DEBUG c.b.p.a.d.c.s.GestionClientesService - Obteniendo clientes por vendedor: 7ca8780f-864c-4179-8c8a-9d8ae55b6df8
2026-05-10 12:44:49 [http-nio-3000-exec-1] DEBUG c.b.p.a.i.p.s.a.SupabaseClienteRepositoryAdapter - Obteniendo clientes por vendedorId=7ca8780f-864c-4179-8c8a-9d8ae55b6df8
2026-05-10 12:44:49 [http-nio-3000-exec-10] DEBUG c.b.p.a.d.a.s.AutorizacionAuthService - Obteniendo perfil por token
2026-05-10 12:44:49 [http-nio-3000-exec-7] DEBUG c.b.p.a.a.c.c.ClientesRestAdapter - Obteniendo clientes; vendedorId=7dec6fc9-8ddc-48c6-86a3-a1dbfc46f80e
2026-05-10 12:44:49 [http-nio-3000-exec-7] DEBUG c.b.p.a.d.c.s.GestionClientesService - Obteniendo clientes por vendedor: 7dec6fc9-8ddc-48c6-86a3-a1dbfc46f80e
2026-05-10 12:44:49 [http-nio-3000-exec-7] DEBUG c.b.p.a.i.p.s.a.SupabaseClienteRepositoryAdapter - Obteniendo clientes por vendedorId=7dec6fc9-8ddc-48c6-86a3-a1dbfc46f80e
2026-05-10 12:44:49 [http-nio-3000-exec-3] DEBUG c.b.p.a.i.p.s.a.SupabaseAsignacionRepositoryAdapter - Asignaciones encontradas para vendedor 73ed0c2b-851c-44c8-a08b-ded6f61924f9: 4
2026-05-10 12:44:49 [http-nio-3000-exec-9] DEBUG c.b.p.a.d.a.s.AutorizacionAuthService - Obteniendo perfil por token
2026-05-10 12:44:49 [http-nio-3000-exec-5] DEBUG c.b.p.a.a.c.c.ClientesRestAdapter - Obteniendo clientes; vendedorId=86676371-8389-4969-89b4-6a10d3e65cbd
2026-05-10 12:44:49 [http-nio-3000-exec-5] DEBUG c.b.p.a.d.c.s.GestionClientesService - Obteniendo clientes por vendedor: 86676371-8389-4969-89b4-6a10d3e65cbd
2026-05-10 12:44:49 [http-nio-3000-exec-5] DEBUG c.b.p.a.i.p.s.a.SupabaseClienteRepositoryAdapter - Obteniendo clientes por vendedorId=86676371-8389-4969-89b4-6a10d3e65cbd
2026-05-10 12:44:49 [http-nio-3000-exec-6] DEBUG c.b.p.a.d.a.s.AutorizacionAuthService - Obteniendo perfil por token
2026-05-10 12:44:49 [http-nio-3000-exec-3] DEBUG c.b.p.a.d.a.s.AutorizacionAuthService - Obteniendo perfil por token
2026-05-10 12:44:50 [http-nio-3000-exec-10] DEBUG c.b.p.a.d.a.s.AutorizacionAuthService - Perfil obtenido exitosamente para usuario ID: f2dc5b92-7ded-4c42-9e5a-d8a22aaf4a3a
2026-05-10 12:44:50 [http-nio-3000-exec-10] INFO  c.b.p.a.a.i.c.InventarioRestAdapter - GET /inventario/vendedor/7ca8780f-864c-4179-8c8a-9d8ae55b6df8 - consulta por mateovargas220705@gmail.com
2026-05-10 12:44:50 [http-nio-3000-exec-10] INFO  c.b.p.a.d.i.s.GestionInventarioService - Consultando cargas por vendedor: 7ca8780f-864c-4179-8c8a-9d8ae55b6df8
2026-05-10 12:44:50 [http-nio-3000-exec-10] DEBUG c.b.p.a.i.p.s.a.SupabaseAsignacionRepositoryAdapter - Consultando asignaciones por vendedor: 7ca8780f-864c-4179-8c8a-9d8ae55b6df8
2026-05-10 12:44:50 [http-nio-3000-exec-7] DEBUG c.b.p.a.a.c.c.ClientesRestAdapter - Obteniendo clientes; vendedorId=997e2337-32a6-4ba5-84fb-873ef1b6036f
2026-05-10 12:44:50 [http-nio-3000-exec-7] DEBUG c.b.p.a.d.c.s.GestionClientesService - Obteniendo clientes por vendedor: 997e2337-32a6-4ba5-84fb-873ef1b6036f
2026-05-10 12:44:50 [http-nio-3000-exec-7] DEBUG c.b.p.a.i.p.s.a.SupabaseClienteRepositoryAdapter - Obteniendo clientes por vendedorId=997e2337-32a6-4ba5-84fb-873ef1b6036f
2026-05-10 12:44:50 [http-nio-3000-exec-2] INFO  c.b.p.a.a.ventas.VentaRestAdapter - GET /ventas/cierre-jornada - Obtener cierre de jornada para vendedor 5e0e4eff-aec3-46df-a77e-d4feeb19394c y fecha 2026-05-10
2026-05-10 12:44:50 [http-nio-3000-exec-2] INFO  c.b.p.a.d.v.s.GestionVentasService - Obteniendo resumen de cierre de jornada para vendedor 5e0e4eff-aec3-46df-a77e-d4feeb19394c en fecha 2026-05-10
2026-05-10 12:44:50 [http-nio-3000-exec-9] DEBUG c.b.p.a.d.a.s.AutorizacionAuthService - Perfil obtenido exitosamente para usuario ID: f2dc5b92-7ded-4c42-9e5a-d8a22aaf4a3a
2026-05-10 12:44:50 [http-nio-3000-exec-9] INFO  c.b.p.a.a.i.c.InventarioRestAdapter - GET /inventario/vendedor/86676371-8389-4969-89b4-6a10d3e65cbd - consulta por mateovargas220705@gmail.com
2026-05-10 12:44:50 [http-nio-3000-exec-9] INFO  c.b.p.a.d.i.s.GestionInventarioService - Consultando cargas por vendedor: 86676371-8389-4969-89b4-6a10d3e65cbd
2026-05-10 12:44:50 [http-nio-3000-exec-9] DEBUG c.b.p.a.i.p.s.a.SupabaseAsignacionRepositoryAdapter - Consultando asignaciones por vendedor: 86676371-8389-4969-89b4-6a10d3e65cbd
2026-05-10 12:44:50 [http-nio-3000-exec-10] DEBUG c.b.p.a.i.p.s.a.SupabaseAsignacionRepositoryAdapter - Asignaciones encontradas para vendedor 7ca8780f-864c-4179-8c8a-9d8ae55b6df8: 3
2026-05-10 12:44:50 [http-nio-3000-exec-5] INFO  c.b.p.a.a.c.CierreJornadaRestAdapter - GET /cierres/vendedor/5e0e4eff-aec3-46df-a77e-d4feeb19394c - Historial de cierres
2026-05-10 12:44:50 [http-nio-3000-exec-3] DEBUG c.b.p.a.d.a.s.AutorizacionAuthService - Perfil obtenido exitosamente para usuario ID: f2dc5b92-7ded-4c42-9e5a-d8a22aaf4a3a
2026-05-10 12:44:50 [http-nio-3000-exec-3] INFO  c.b.p.a.a.i.c.InventarioRestAdapter - GET /inventario/vendedor/997e2337-32a6-4ba5-84fb-873ef1b6036f - consulta por mateovargas220705@gmail.com
2026-05-10 12:44:50 [http-nio-3000-exec-3] INFO  c.b.p.a.d.i.s.GestionInventarioService - Consultando cargas por vendedor: 997e2337-32a6-4ba5-84fb-873ef1b6036f
2026-05-10 12:44:50 [http-nio-3000-exec-3] DEBUG c.b.p.a.i.p.s.a.SupabaseAsignacionRepositoryAdapter - Consultando asignaciones por vendedor: 997e2337-32a6-4ba5-84fb-873ef1b6036f
2026-05-10 12:44:50 [http-nio-3000-exec-1] DEBUG c.b.p.a.d.a.s.AutorizacionAuthService - Obteniendo perfil por token
2026-05-10 12:44:50 [http-nio-3000-exec-6] DEBUG c.b.p.a.d.a.s.AutorizacionAuthService - Perfil obtenido exitosamente para usuario ID: f2dc5b92-7ded-4c42-9e5a-d8a22aaf4a3a
2026-05-10 12:44:50 [http-nio-3000-exec-6] INFO  c.b.p.a.a.i.c.InventarioRestAdapter - GET /inventario/vendedor/7dec6fc9-8ddc-48c6-86a3-a1dbfc46f80e - consulta por mateovargas220705@gmail.com
2026-05-10 12:44:50 [http-nio-3000-exec-6] INFO  c.b.p.a.d.i.s.GestionInventarioService - Consultando cargas por vendedor: 7dec6fc9-8ddc-48c6-86a3-a1dbfc46f80e
2026-05-10 12:44:50 [http-nio-3000-exec-6] DEBUG c.b.p.a.i.p.s.a.SupabaseAsignacionRepositoryAdapter - Consultando asignaciones por vendedor: 7dec6fc9-8ddc-48c6-86a3-a1dbfc46f80e
2026-05-10 12:44:50 [http-nio-3000-exec-9] DEBUG c.b.p.a.i.p.s.a.SupabaseAsignacionRepositoryAdapter - Asignaciones encontradas para vendedor 86676371-8389-4969-89b4-6a10d3e65cbd: 6
2026-05-10 12:44:50 [http-nio-3000-exec-8] DEBUG c.b.p.a.a.c.c.ClientesRestAdapter - Obteniendo clientes; vendedorId=c1cbc4b0-eafd-490a-be95-b1c42036ad16
2026-05-10 12:44:50 [http-nio-3000-exec-8] DEBUG c.b.p.a.d.c.s.GestionClientesService - Obteniendo clientes por vendedor: c1cbc4b0-eafd-490a-be95-b1c42036ad16
2026-05-10 12:44:50 [http-nio-3000-exec-8] DEBUG c.b.p.a.i.p.s.a.SupabaseClienteRepositoryAdapter - Obteniendo clientes por vendedorId=c1cbc4b0-eafd-490a-be95-b1c42036ad16
2026-05-10 12:44:50 [http-nio-3000-exec-3] DEBUG c.b.p.a.i.p.s.a.SupabaseAsignacionRepositoryAdapter - Asignaciones encontradas para vendedor 997e2337-32a6-4ba5-84fb-873ef1b6036f: 1
2026-05-10 12:44:50 [http-nio-3000-exec-7] INFO  c.b.p.a.a.ventas.VentaRestAdapter - GET /ventas - Listar ventas resumidas
2026-05-10 12:44:50 [http-nio-3000-exec-7] INFO  c.b.p.a.d.v.s.GestionVentasService - Obteniendo listado de ventas resumidas
2026-05-10 12:44:50 [http-nio-3000-exec-10] INFO  c.b.p.a.a.c.CierreJornadaRestAdapter - GET /cierres/vendedor/73ed0c2b-851c-44c8-a08b-ded6f61924f9 - Historial de cierres
2026-05-10 12:44:50 [http-nio-3000-exec-6] DEBUG c.b.p.a.i.p.s.a.SupabaseAsignacionRepositoryAdapter - Asignaciones encontradas para vendedor 7dec6fc9-8ddc-48c6-86a3-a1dbfc46f80e: 1
2026-05-10 12:44:50 [http-nio-3000-exec-4] INFO  c.b.p.a.a.ventas.VentaRestAdapter - GET /ventas/cierre-jornada - Obtener cierre de jornada para vendedor 73ed0c2b-851c-44c8-a08b-ded6f61924f9 y fecha 2026-05-10
2026-05-10 12:44:50 [http-nio-3000-exec-4] INFO  c.b.p.a.d.v.s.GestionVentasService - Obteniendo resumen de cierre de jornada para vendedor 73ed0c2b-851c-44c8-a08b-ded6f61924f9 en fecha 2026-05-10
2026-05-10 12:44:50 [http-nio-3000-exec-9] INFO  c.b.p.a.a.ventas.VentaRestAdapter - GET /ventas/cierre-jornada - Obtener cierre de jornada para vendedor 7ca8780f-864c-4179-8c8a-9d8ae55b6df8 y fecha 2026-05-10
2026-05-10 12:44:50 [http-nio-3000-exec-9] INFO  c.b.p.a.d.v.s.GestionVentasService - Obteniendo resumen de cierre de jornada para vendedor 7ca8780f-864c-4179-8c8a-9d8ae55b6df8 en fecha 2026-05-10
2026-05-10 12:44:50 [http-nio-3000-exec-1] DEBUG c.b.p.a.d.a.s.AutorizacionAuthService - Perfil obtenido exitosamente para usuario ID: f2dc5b92-7ded-4c42-9e5a-d8a22aaf4a3a
2026-05-10 12:44:50 [http-nio-3000-exec-1] INFO  c.b.p.a.a.i.c.InventarioRestAdapter - GET /inventario/vendedor/c1cbc4b0-eafd-490a-be95-b1c42036ad16 - consulta por mateovargas220705@gmail.com
2026-05-10 12:44:50 [http-nio-3000-exec-1] INFO  c.b.p.a.d.i.s.GestionInventarioService - Consultando cargas por vendedor: c1cbc4b0-eafd-490a-be95-b1c42036ad16
2026-05-10 12:44:50 [http-nio-3000-exec-1] DEBUG c.b.p.a.i.p.s.a.SupabaseAsignacionRepositoryAdapter - Consultando asignaciones por vendedor: c1cbc4b0-eafd-490a-be95-b1c42036ad16
2026-05-10 12:44:50 [http-nio-3000-exec-5] INFO  c.b.p.a.a.c.CierreJornadaRestAdapter - GET /cierres/vendedor/7ca8780f-864c-4179-8c8a-9d8ae55b6df8 - Historial de cierres
2026-05-10 12:44:50 [http-nio-3000-exec-3] INFO  c.b.p.a.a.ventas.VentaRestAdapter - GET /ventas/cierre-jornada - Obtener cierre de jornada para vendedor 7dec6fc9-8ddc-48c6-86a3-a1dbfc46f80e y fecha 2026-05-10
2026-05-10 12:44:50 [http-nio-3000-exec-3] INFO  c.b.p.a.d.v.s.GestionVentasService - Obteniendo resumen de cierre de jornada para vendedor 7dec6fc9-8ddc-48c6-86a3-a1dbfc46f80e en fecha 2026-05-10
2026-05-10 12:44:50 [http-nio-3000-exec-1] DEBUG c.b.p.a.i.p.s.a.SupabaseAsignacionRepositoryAdapter - Asignaciones encontradas para vendedor c1cbc4b0-eafd-490a-be95-b1c42036ad16: 1
2026-05-10 12:44:50 [http-nio-3000-exec-6] INFO  c.b.p.a.a.c.CierreJornadaRestAdapter - GET /cierres/vendedor/7dec6fc9-8ddc-48c6-86a3-a1dbfc46f80e - Historial de cierres
2026-05-10 12:44:50 [http-nio-3000-exec-8] INFO  c.b.p.a.a.ventas.VentaRestAdapter - GET /ventas/cierre-jornada - Obtener cierre de jornada para vendedor 86676371-8389-4969-89b4-6a10d3e65cbd y fecha 2026-05-10
2026-05-10 12:44:50 [http-nio-3000-exec-8] INFO  c.b.p.a.d.v.s.GestionVentasService - Obteniendo resumen de cierre de jornada para vendedor 86676371-8389-4969-89b4-6a10d3e65cbd en fecha 2026-05-10
2026-05-10 12:44:50 [http-nio-3000-exec-10] INFO  c.b.p.a.a.c.CierreJornadaRestAdapter - GET /cierres/vendedor/86676371-8389-4969-89b4-6a10d3e65cbd - Historial de cierres
2026-05-10 12:44:50 [http-nio-3000-exec-7] INFO  c.b.p.a.a.ventas.VentaRestAdapter - GET /ventas/cierre-jornada - Obtener cierre de jornada para vendedor 997e2337-32a6-4ba5-84fb-873ef1b6036f y fecha 2026-05-10
2026-05-10 12:44:50 [http-nio-3000-exec-7] INFO  c.b.p.a.d.v.s.GestionVentasService - Obteniendo resumen de cierre de jornada para vendedor 997e2337-32a6-4ba5-84fb-873ef1b6036f en fecha 2026-05-10
2026-05-10 12:44:50 [http-nio-3000-exec-1] INFO  c.b.p.a.a.c.CierreJornadaRestAdapter - GET /cierres/vendedor/997e2337-32a6-4ba5-84fb-873ef1b6036f - Historial de cierres
2026-05-10 12:44:50 [http-nio-3000-exec-5] INFO  c.b.p.a.a.ventas.VentaRestAdapter - GET /ventas/cierre-jornada - Obtener cierre de jornada para vendedor c1cbc4b0-eafd-490a-be95-b1c42036ad16 y fecha 2026-05-10
2026-05-10 12:44:50 [http-nio-3000-exec-5] INFO  c.b.p.a.d.v.s.GestionVentasService - Obteniendo resumen de cierre de jornada para vendedor c1cbc4b0-eafd-490a-be95-b1c42036ad16 en fecha 2026-05-10
2026-05-10 12:44:50 [http-nio-3000-exec-4] INFO  c.b.p.a.a.c.CierreJornadaRestAdapter - GET /cierres/vendedor/c1cbc4b0-eafd-490a-be95-b1c42036ad16 - Historial de cierres
2026-05-10 12:45:17 [http-nio-3000-exec-2] INFO  c.b.p.a.a.v.c.VendedoresRestAdapter - GET /vendedores - Obtener todos los vendedores
2026-05-10 12:45:17 [http-nio-3000-exec-2] DEBUG c.b.p.a.d.v.s.GestionVendedoresService - Obteniendo todos los vendedores
2026-05-10 12:45:17 [http-nio-3000-exec-2] DEBUG c.b.p.a.d.v.s.GestionVendedoresService - Se obtuvieron 10 vendedores
2026-05-10 12:45:17 [http-nio-3000-exec-2] DEBUG c.b.p.a.a.v.c.VendedoresRestAdapter - Se obtuvieron 10 vendedores
2026-05-10 12:45:17 [http-nio-3000-exec-9] DEBUG c.b.p.a.a.c.c.ClientesRestAdapter - Obteniendo clientes; vendedorId=2ab0631c-da17-4bd8-b9b9-237de54711c6
2026-05-10 12:45:17 [http-nio-3000-exec-6] DEBUG c.b.p.a.a.c.c.ClientesRestAdapter - Obteniendo clientes; vendedorId=0b9544ca-bfbe-4335-821c-5c8eb4b553b2
2026-05-10 12:45:17 [http-nio-3000-exec-9] DEBUG c.b.p.a.d.c.s.GestionClientesService - Obteniendo clientes por vendedor: 2ab0631c-da17-4bd8-b9b9-237de54711c6
2026-05-10 12:45:17 [http-nio-3000-exec-3] DEBUG c.b.p.a.a.c.c.ClientesRestAdapter - Obteniendo clientes; vendedorId=5e0e4eff-aec3-46df-a77e-d4feeb19394c
2026-05-10 12:45:17 [http-nio-3000-exec-3] DEBUG c.b.p.a.d.c.s.GestionClientesService - Obteniendo clientes por vendedor: 5e0e4eff-aec3-46df-a77e-d4feeb19394c
2026-05-10 12:45:17 [http-nio-3000-exec-6] DEBUG c.b.p.a.d.c.s.GestionClientesService - Obteniendo clientes por vendedor: 0b9544ca-bfbe-4335-821c-5c8eb4b553b2
2026-05-10 12:45:17 [http-nio-3000-exec-3] DEBUG c.b.p.a.i.p.s.a.SupabaseClienteRepositoryAdapter - Obteniendo clientes por vendedorId=5e0e4eff-aec3-46df-a77e-d4feeb19394c
2026-05-10 12:45:17 [http-nio-3000-exec-9] DEBUG c.b.p.a.i.p.s.a.SupabaseClienteRepositoryAdapter - Obteniendo clientes por vendedorId=2ab0631c-da17-4bd8-b9b9-237de54711c6
2026-05-10 12:45:17 [http-nio-3000-exec-10] DEBUG c.b.p.a.a.c.c.ClientesRestAdapter - Obteniendo clientes; vendedorId=7ca8780f-864c-4179-8c8a-9d8ae55b6df8
2026-05-10 12:45:17 [http-nio-3000-exec-10] DEBUG c.b.p.a.d.c.s.GestionClientesService - Obteniendo clientes por vendedor: 7ca8780f-864c-4179-8c8a-9d8ae55b6df8
2026-05-10 12:45:17 [http-nio-3000-exec-6] DEBUG c.b.p.a.i.p.s.a.SupabaseClienteRepositoryAdapter - Obteniendo clientes por vendedorId=0b9544ca-bfbe-4335-821c-5c8eb4b553b2
2026-05-10 12:45:17 [http-nio-3000-exec-10] DEBUG c.b.p.a.i.p.s.a.SupabaseClienteRepositoryAdapter - Obteniendo clientes por vendedorId=7ca8780f-864c-4179-8c8a-9d8ae55b6df8
2026-05-10 12:45:17 [http-nio-3000-exec-1] DEBUG c.b.p.a.a.c.c.ClientesRestAdapter - Obteniendo clientes; vendedorId=73ed0c2b-851c-44c8-a08b-ded6f61924f9
2026-05-10 12:45:17 [http-nio-3000-exec-8] DEBUG c.b.p.a.a.c.c.ClientesRestAdapter - Obteniendo clientes; vendedorId=6b0a5026-52f3-475a-a20f-5aacf94764f0
2026-05-10 12:45:17 [http-nio-3000-exec-8] DEBUG c.b.p.a.d.c.s.GestionClientesService - Obteniendo clientes por vendedor: 6b0a5026-52f3-475a-a20f-5aacf94764f0
2026-05-10 12:45:17 [http-nio-3000-exec-1] DEBUG c.b.p.a.d.c.s.GestionClientesService - Obteniendo clientes por vendedor: 73ed0c2b-851c-44c8-a08b-ded6f61924f9
2026-05-10 12:45:17 [http-nio-3000-exec-1] DEBUG c.b.p.a.i.p.s.a.SupabaseClienteRepositoryAdapter - Obteniendo clientes por vendedorId=73ed0c2b-851c-44c8-a08b-ded6f61924f9
2026-05-10 12:45:17 [http-nio-3000-exec-8] DEBUG c.b.p.a.i.p.s.a.SupabaseClienteRepositoryAdapter - Obteniendo clientes por vendedorId=6b0a5026-52f3-475a-a20f-5aacf94764f0
2026-05-10 12:45:17 [http-nio-3000-exec-4] DEBUG c.b.p.a.a.c.c.ClientesRestAdapter - Obteniendo clientes; vendedorId=7dec6fc9-8ddc-48c6-86a3-a1dbfc46f80e
2026-05-10 12:45:17 [http-nio-3000-exec-4] DEBUG c.b.p.a.d.c.s.GestionClientesService - Obteniendo clientes por vendedor: 7dec6fc9-8ddc-48c6-86a3-a1dbfc46f80e
2026-05-10 12:45:17 [http-nio-3000-exec-4] DEBUG c.b.p.a.i.p.s.a.SupabaseClienteRepositoryAdapter - Obteniendo clientes por vendedorId=7dec6fc9-8ddc-48c6-86a3-a1dbfc46f80e
2026-05-10 12:45:17 [http-nio-3000-exec-5] DEBUG c.b.p.a.a.c.c.ClientesRestAdapter - Obteniendo clientes; vendedorId=997e2337-32a6-4ba5-84fb-873ef1b6036f
2026-05-10 12:45:17 [http-nio-3000-exec-7] DEBUG c.b.p.a.a.c.c.ClientesRestAdapter - Obteniendo clientes; vendedorId=86676371-8389-4969-89b4-6a10d3e65cbd
2026-05-10 12:45:17 [http-nio-3000-exec-5] DEBUG c.b.p.a.d.c.s.GestionClientesService - Obteniendo clientes por vendedor: 997e2337-32a6-4ba5-84fb-873ef1b6036f
2026-05-10 12:45:17 [http-nio-3000-exec-7] DEBUG c.b.p.a.d.c.s.GestionClientesService - Obteniendo clientes por vendedor: 86676371-8389-4969-89b4-6a10d3e65cbd
2026-05-10 12:45:17 [http-nio-3000-exec-5] DEBUG c.b.p.a.i.p.s.a.SupabaseClienteRepositoryAdapter - Obteniendo clientes por vendedorId=997e2337-32a6-4ba5-84fb-873ef1b6036f
2026-05-10 12:45:17 [http-nio-3000-exec-7] DEBUG c.b.p.a.i.p.s.a.SupabaseClienteRepositoryAdapter - Obteniendo clientes por vendedorId=86676371-8389-4969-89b4-6a10d3e65cbd
2026-05-10 12:45:17 [http-nio-3000-exec-2] DEBUG c.b.p.a.a.c.c.ClientesRestAdapter - Obteniendo clientes; vendedorId=c1cbc4b0-eafd-490a-be95-b1c42036ad16
2026-05-10 12:45:17 [http-nio-3000-exec-2] DEBUG c.b.p.a.d.c.s.GestionClientesService - Obteniendo clientes por vendedor: c1cbc4b0-eafd-490a-be95-b1c42036ad16
2026-05-10 12:45:17 [http-nio-3000-exec-2] DEBUG c.b.p.a.i.p.s.a.SupabaseClienteRepositoryAdapter - Obteniendo clientes por vendedorId=c1cbc4b0-eafd-490a-be95-b1c42036ad16
2026-05-10 12:45:19 [http-nio-3000-exec-3] INFO  c.b.p.a.a.v.c.VendedoresRestAdapter - GET /vendedores - Obtener todos los vendedores
2026-05-10 12:45:19 [http-nio-3000-exec-3] DEBUG c.b.p.a.d.v.s.GestionVendedoresService - Obteniendo todos los vendedores
2026-05-10 12:45:19 [http-nio-3000-exec-3] DEBUG c.b.p.a.d.v.s.GestionVendedoresService - Se obtuvieron 10 vendedores
2026-05-10 12:45:19 [http-nio-3000-exec-3] DEBUG c.b.p.a.a.v.c.VendedoresRestAdapter - Se obtuvieron 10 vendedores
2026-05-10 12:45:19 [http-nio-3000-exec-9] INFO  c.b.p.a.a.ventas.VentaRestAdapter - GET /ventas/cierre-jornada - Obtener cierre de jornada para vendedor 0b9544ca-bfbe-4335-821c-5c8eb4b553b2 y fecha 2026-05-10
2026-05-10 12:45:19 [http-nio-3000-exec-10] INFO  c.b.p.a.a.c.CierreJornadaRestAdapter - GET /cierres/vendedor/0b9544ca-bfbe-4335-821c-5c8eb4b553b2 - Historial de cierres
2026-05-10 12:45:19 [http-nio-3000-exec-2] INFO  c.b.p.a.a.c.CierreJornadaRestAdapter - GET /cierres/vendedor/2ab0631c-da17-4bd8-b9b9-237de54711c6 - Historial de cierres
2026-05-10 12:45:19 [http-nio-3000-exec-6] DEBUG c.b.p.a.a.c.c.ClientesRestAdapter - Obteniendo clientes; vendedorId=0b9544ca-bfbe-4335-821c-5c8eb4b553b2
2026-05-10 12:45:19 [http-nio-3000-exec-1] DEBUG c.b.p.a.a.c.c.ClientesRestAdapter - Obteniendo clientes; vendedorId=2ab0631c-da17-4bd8-b9b9-237de54711c6
2026-05-10 12:45:19 [http-nio-3000-exec-8] DEBUG c.b.p.a.d.a.s.AutorizacionAuthService - Obteniendo perfil por token
2026-05-10 12:45:19 [http-nio-3000-exec-9] INFO  c.b.p.a.d.v.s.GestionVentasService - Obteniendo resumen de cierre de jornada para vendedor 0b9544ca-bfbe-4335-821c-5c8eb4b553b2 en fecha 2026-05-10
2026-05-10 12:45:19 [http-nio-3000-exec-6] DEBUG c.b.p.a.d.c.s.GestionClientesService - Obteniendo clientes por vendedor: 0b9544ca-bfbe-4335-821c-5c8eb4b553b2
2026-05-10 12:45:19 [http-nio-3000-exec-1] DEBUG c.b.p.a.d.c.s.GestionClientesService - Obteniendo clientes por vendedor: 2ab0631c-da17-4bd8-b9b9-237de54711c6
2026-05-10 12:45:19 [http-nio-3000-exec-1] DEBUG c.b.p.a.i.p.s.a.SupabaseClienteRepositoryAdapter - Obteniendo clientes por vendedorId=2ab0631c-da17-4bd8-b9b9-237de54711c6
2026-05-10 12:45:19 [http-nio-3000-exec-6] DEBUG c.b.p.a.i.p.s.a.SupabaseClienteRepositoryAdapter - Obteniendo clientes por vendedorId=0b9544ca-bfbe-4335-821c-5c8eb4b553b2
2026-05-10 12:45:19 [http-nio-3000-exec-7] DEBUG c.b.p.a.d.a.s.AutorizacionAuthService - Obteniendo perfil por token
2026-05-10 12:45:19 [http-nio-3000-exec-5] INFO  c.b.p.a.a.c.CierreJornadaRestAdapter - GET /cierres/vendedor/5e0e4eff-aec3-46df-a77e-d4feeb19394c - Historial de cierres
2026-05-10 12:45:19 [http-nio-3000-exec-4] DEBUG c.b.p.a.a.c.c.ClientesRestAdapter - Obteniendo clientes; vendedorId=5e0e4eff-aec3-46df-a77e-d4feeb19394c
2026-05-10 12:45:19 [http-nio-3000-exec-4] DEBUG c.b.p.a.d.c.s.GestionClientesService - Obteniendo clientes por vendedor: 5e0e4eff-aec3-46df-a77e-d4feeb19394c
2026-05-10 12:45:19 [http-nio-3000-exec-4] DEBUG c.b.p.a.i.p.s.a.SupabaseClienteRepositoryAdapter - Obteniendo clientes por vendedorId=5e0e4eff-aec3-46df-a77e-d4feeb19394c
2026-05-10 12:45:19 [http-nio-3000-exec-3] INFO  c.b.p.a.a.ventas.VentaRestAdapter - GET /ventas/cierre-jornada - Obtener cierre de jornada para vendedor 6b0a5026-52f3-475a-a20f-5aacf94764f0 y fecha 2026-05-10
2026-05-10 12:45:19 [http-nio-3000-exec-3] INFO  c.b.p.a.d.v.s.GestionVentasService - Obteniendo resumen de cierre de jornada para vendedor 6b0a5026-52f3-475a-a20f-5aacf94764f0 en fecha 2026-05-10
2026-05-10 12:45:19 [http-nio-3000-exec-8] DEBUG c.b.p.a.d.a.s.AutorizacionAuthService - Perfil obtenido exitosamente para usuario ID: f2dc5b92-7ded-4c42-9e5a-d8a22aaf4a3a
2026-05-10 12:45:19 [http-nio-3000-exec-8] INFO  c.b.p.a.a.i.c.InventarioRestAdapter - GET /inventario/vendedor/0b9544ca-bfbe-4335-821c-5c8eb4b553b2 - consulta por mateovargas220705@gmail.com
2026-05-10 12:45:19 [http-nio-3000-exec-8] INFO  c.b.p.a.d.i.s.GestionInventarioService - Consultando cargas por vendedor: 0b9544ca-bfbe-4335-821c-5c8eb4b553b2
2026-05-10 12:45:19 [http-nio-3000-exec-8] DEBUG c.b.p.a.i.p.s.a.SupabaseAsignacionRepositoryAdapter - Consultando asignaciones por vendedor: 0b9544ca-bfbe-4335-821c-5c8eb4b553b2
2026-05-10 12:45:19 [http-nio-3000-exec-2] INFO  c.b.p.a.a.c.CierreJornadaRestAdapter - GET /cierres/vendedor/6b0a5026-52f3-475a-a20f-5aacf94764f0 - Historial de cierres
2026-05-10 12:45:19 [http-nio-3000-exec-10] DEBUG c.b.p.a.a.c.c.ClientesRestAdapter - Obteniendo clientes; vendedorId=6b0a5026-52f3-475a-a20f-5aacf94764f0
2026-05-10 12:45:19 [http-nio-3000-exec-10] DEBUG c.b.p.a.d.c.s.GestionClientesService - Obteniendo clientes por vendedor: 6b0a5026-52f3-475a-a20f-5aacf94764f0
2026-05-10 12:45:19 [http-nio-3000-exec-10] DEBUG c.b.p.a.i.p.s.a.SupabaseClienteRepositoryAdapter - Obteniendo clientes por vendedorId=6b0a5026-52f3-475a-a20f-5aacf94764f0
2026-05-10 12:45:19 [http-nio-3000-exec-1] DEBUG c.b.p.a.d.a.s.AutorizacionAuthService - Obteniendo perfil por token
2026-05-10 12:45:20 [http-nio-3000-exec-8] DEBUG c.b.p.a.i.p.s.a.SupabaseAsignacionRepositoryAdapter - Asignaciones encontradas para vendedor 0b9544ca-bfbe-4335-821c-5c8eb4b553b2: 1
2026-05-10 12:45:20 [http-nio-3000-exec-7] DEBUG c.b.p.a.d.a.s.AutorizacionAuthService - Perfil obtenido exitosamente para usuario ID: f2dc5b92-7ded-4c42-9e5a-d8a22aaf4a3a
2026-05-10 12:45:20 [http-nio-3000-exec-7] INFO  c.b.p.a.a.i.c.InventarioRestAdapter - GET /inventario/vendedor/5e0e4eff-aec3-46df-a77e-d4feeb19394c - consulta por mateovargas220705@gmail.com
2026-05-10 12:45:20 [http-nio-3000-exec-7] INFO  c.b.p.a.d.i.s.GestionInventarioService - Consultando cargas por vendedor: 5e0e4eff-aec3-46df-a77e-d4feeb19394c
2026-05-10 12:45:20 [http-nio-3000-exec-7] DEBUG c.b.p.a.i.p.s.a.SupabaseAsignacionRepositoryAdapter - Consultando asignaciones por vendedor: 5e0e4eff-aec3-46df-a77e-d4feeb19394c
2026-05-10 12:45:20 [http-nio-3000-exec-9] INFO  c.b.p.a.a.c.CierreJornadaRestAdapter - GET /cierres/vendedor/73ed0c2b-851c-44c8-a08b-ded6f61924f9 - Historial de cierres
2026-05-10 12:45:20 [http-nio-3000-exec-6] INFO  c.b.p.a.a.ventas.VentaRestAdapter - GET /ventas/cierre-jornada - Obtener cierre de jornada para vendedor 73ed0c2b-851c-44c8-a08b-ded6f61924f9 y fecha 2026-05-10
2026-05-10 12:45:20 [http-nio-3000-exec-6] INFO  c.b.p.a.d.v.s.GestionVentasService - Obteniendo resumen de cierre de jornada para vendedor 73ed0c2b-851c-44c8-a08b-ded6f61924f9 en fecha 2026-05-10
2026-05-10 12:45:20 [http-nio-3000-exec-4] DEBUG c.b.p.a.a.c.c.ClientesRestAdapter - Obteniendo clientes; vendedorId=73ed0c2b-851c-44c8-a08b-ded6f61924f9
2026-05-10 12:45:20 [http-nio-3000-exec-4] DEBUG c.b.p.a.d.c.s.GestionClientesService - Obteniendo clientes por vendedor: 73ed0c2b-851c-44c8-a08b-ded6f61924f9
2026-05-10 12:45:20 [http-nio-3000-exec-4] DEBUG c.b.p.a.i.p.s.a.SupabaseClienteRepositoryAdapter - Obteniendo clientes por vendedorId=73ed0c2b-851c-44c8-a08b-ded6f61924f9
2026-05-10 12:45:20 [http-nio-3000-exec-1] DEBUG c.b.p.a.d.a.s.AutorizacionAuthService - Perfil obtenido exitosamente para usuario ID: f2dc5b92-7ded-4c42-9e5a-d8a22aaf4a3a
2026-05-10 12:45:20 [http-nio-3000-exec-1] INFO  c.b.p.a.a.i.c.InventarioRestAdapter - GET /inventario/vendedor/73ed0c2b-851c-44c8-a08b-ded6f61924f9 - consulta por mateovargas220705@gmail.com
2026-05-10 12:45:20 [http-nio-3000-exec-1] INFO  c.b.p.a.d.i.s.GestionInventarioService - Consultando cargas por vendedor: 73ed0c2b-851c-44c8-a08b-ded6f61924f9
2026-05-10 12:45:20 [http-nio-3000-exec-1] DEBUG c.b.p.a.i.p.s.a.SupabaseAsignacionRepositoryAdapter - Consultando asignaciones por vendedor: 73ed0c2b-851c-44c8-a08b-ded6f61924f9
2026-05-10 12:45:20 [http-nio-3000-exec-7] DEBUG c.b.p.a.i.p.s.a.SupabaseAsignacionRepositoryAdapter - Asignaciones encontradas para vendedor 5e0e4eff-aec3-46df-a77e-d4feeb19394c: 4
2026-05-10 12:45:20 [http-nio-3000-exec-10] DEBUG c.b.p.a.a.c.c.ClientesRestAdapter - Obteniendo clientes; vendedorId=7ca8780f-864c-4179-8c8a-9d8ae55b6df8
2026-05-10 12:45:20 [http-nio-3000-exec-5] INFO  c.b.p.a.a.ventas.VentaRestAdapter - GET /ventas/cierre-jornada - Obtener cierre de jornada para vendedor 7ca8780f-864c-4179-8c8a-9d8ae55b6df8 y fecha 2026-05-10
2026-05-10 12:45:20 [http-nio-3000-exec-8] INFO  c.b.p.a.a.c.CierreJornadaRestAdapter - GET /cierres/vendedor/7ca8780f-864c-4179-8c8a-9d8ae55b6df8 - Historial de cierres
2026-05-10 12:45:20 [http-nio-3000-exec-10] DEBUG c.b.p.a.d.c.s.GestionClientesService - Obteniendo clientes por vendedor: 7ca8780f-864c-4179-8c8a-9d8ae55b6df8
2026-05-10 12:45:20 [http-nio-3000-exec-5] INFO  c.b.p.a.d.v.s.GestionVentasService - Obteniendo resumen de cierre de jornada para vendedor 7ca8780f-864c-4179-8c8a-9d8ae55b6df8 en fecha 2026-05-10
2026-05-10 12:45:20 [http-nio-3000-exec-10] DEBUG c.b.p.a.i.p.s.a.SupabaseClienteRepositoryAdapter - Obteniendo clientes por vendedorId=7ca8780f-864c-4179-8c8a-9d8ae55b6df8
2026-05-10 12:45:20 [http-nio-3000-exec-1] DEBUG c.b.p.a.i.p.s.a.SupabaseAsignacionRepositoryAdapter - Asignaciones encontradas para vendedor 73ed0c2b-851c-44c8-a08b-ded6f61924f9: 4
2026-05-10 12:45:20 [http-nio-3000-exec-2] DEBUG c.b.p.a.d.a.s.AutorizacionAuthService - Obteniendo perfil por token
2026-05-10 12:45:20 [http-nio-3000-exec-7] DEBUG c.b.p.a.d.a.s.AutorizacionAuthService - Obteniendo perfil por token
2026-05-10 12:45:20 [http-nio-3000-exec-9] INFO  c.b.p.a.a.ventas.VentaRestAdapter - GET /ventas/cierre-jornada - Obtener cierre de jornada para vendedor 2ab0631c-da17-4bd8-b9b9-237de54711c6 y fecha 2026-05-10
2026-05-10 12:45:20 [http-nio-3000-exec-9] INFO  c.b.p.a.d.v.s.GestionVentasService - Obteniendo resumen de cierre de jornada para vendedor 2ab0631c-da17-4bd8-b9b9-237de54711c6 en fecha 2026-05-10
2026-05-10 12:45:20 [http-nio-3000-exec-4] INFO  c.b.p.a.a.ventas.VentaRestAdapter - GET /ventas/cierre-jornada - Obtener cierre de jornada para vendedor 5e0e4eff-aec3-46df-a77e-d4feeb19394c y fecha 2026-05-10
2026-05-10 12:45:20 [http-nio-3000-exec-4] INFO  c.b.p.a.d.v.s.GestionVentasService - Obteniendo resumen de cierre de jornada para vendedor 5e0e4eff-aec3-46df-a77e-d4feeb19394c en fecha 2026-05-10
2026-05-10 12:45:20 [http-nio-3000-exec-6] DEBUG c.b.p.a.d.a.s.AutorizacionAuthService - Obteniendo perfil por token
2026-05-10 12:45:20 [http-nio-3000-exec-1] DEBUG c.b.p.a.d.a.s.AutorizacionAuthService - Obteniendo perfil por token
2026-05-10 12:45:20 [http-nio-3000-exec-7] DEBUG c.b.p.a.d.a.s.AutorizacionAuthService - Perfil obtenido exitosamente para usuario ID: f2dc5b92-7ded-4c42-9e5a-d8a22aaf4a3a
2026-05-10 12:45:20 [http-nio-3000-exec-2] DEBUG c.b.p.a.d.a.s.AutorizacionAuthService - Perfil obtenido exitosamente para usuario ID: f2dc5b92-7ded-4c42-9e5a-d8a22aaf4a3a
2026-05-10 12:45:20 [http-nio-3000-exec-7] INFO  c.b.p.a.a.i.c.InventarioRestAdapter - GET /inventario/vendedor/2ab0631c-da17-4bd8-b9b9-237de54711c6 - consulta por mateovargas220705@gmail.com
2026-05-10 12:45:20 [http-nio-3000-exec-2] INFO  c.b.p.a.a.i.c.InventarioRestAdapter - GET /inventario/vendedor/7dec6fc9-8ddc-48c6-86a3-a1dbfc46f80e - consulta por mateovargas220705@gmail.com
2026-05-10 12:45:20 [http-nio-3000-exec-7] INFO  c.b.p.a.d.i.s.GestionInventarioService - Consultando cargas por vendedor: 2ab0631c-da17-4bd8-b9b9-237de54711c6
2026-05-10 12:45:20 [http-nio-3000-exec-2] INFO  c.b.p.a.d.i.s.GestionInventarioService - Consultando cargas por vendedor: 7dec6fc9-8ddc-48c6-86a3-a1dbfc46f80e
2026-05-10 12:45:20 [http-nio-3000-exec-2] DEBUG c.b.p.a.i.p.s.a.SupabaseAsignacionRepositoryAdapter - Consultando asignaciones por vendedor: 7dec6fc9-8ddc-48c6-86a3-a1dbfc46f80e
2026-05-10 12:45:20 [http-nio-3000-exec-7] DEBUG c.b.p.a.i.p.s.a.SupabaseAsignacionRepositoryAdapter - Consultando asignaciones por vendedor: 2ab0631c-da17-4bd8-b9b9-237de54711c6
2026-05-10 12:45:20 [http-nio-3000-exec-3] INFO  c.b.p.a.a.ventas.VentaRestAdapter - GET /ventas/cierre-jornada - Obtener cierre de jornada para vendedor 7dec6fc9-8ddc-48c6-86a3-a1dbfc46f80e y fecha 2026-05-10
2026-05-10 12:45:20 [http-nio-3000-exec-3] INFO  c.b.p.a.d.v.s.GestionVentasService - Obteniendo resumen de cierre de jornada para vendedor 7dec6fc9-8ddc-48c6-86a3-a1dbfc46f80e en fecha 2026-05-10
2026-05-10 12:45:20 [http-nio-3000-exec-6] DEBUG c.b.p.a.d.a.s.AutorizacionAuthService - Perfil obtenido exitosamente para usuario ID: f2dc5b92-7ded-4c42-9e5a-d8a22aaf4a3a
2026-05-10 12:45:20 [http-nio-3000-exec-6] INFO  c.b.p.a.a.i.c.InventarioRestAdapter - GET /inventario/vendedor/6b0a5026-52f3-475a-a20f-5aacf94764f0 - consulta por mateovargas220705@gmail.com
2026-05-10 12:45:20 [http-nio-3000-exec-6] INFO  c.b.p.a.d.i.s.GestionInventarioService - Consultando cargas por vendedor: 6b0a5026-52f3-475a-a20f-5aacf94764f0
2026-05-10 12:45:20 [http-nio-3000-exec-6] DEBUG c.b.p.a.i.p.s.a.SupabaseAsignacionRepositoryAdapter - Consultando asignaciones por vendedor: 6b0a5026-52f3-475a-a20f-5aacf94764f0
2026-05-10 12:45:20 [http-nio-3000-exec-1] DEBUG c.b.p.a.d.a.s.AutorizacionAuthService - Perfil obtenido exitosamente para usuario ID: f2dc5b92-7ded-4c42-9e5a-d8a22aaf4a3a
2026-05-10 12:45:20 [http-nio-3000-exec-1] INFO  c.b.p.a.a.i.c.InventarioRestAdapter - GET /inventario/vendedor/7ca8780f-864c-4179-8c8a-9d8ae55b6df8 - consulta por mateovargas220705@gmail.com
2026-05-10 12:45:20 [http-nio-3000-exec-1] INFO  c.b.p.a.d.i.s.GestionInventarioService - Consultando cargas por vendedor: 7ca8780f-864c-4179-8c8a-9d8ae55b6df8
2026-05-10 12:45:20 [http-nio-3000-exec-1] DEBUG c.b.p.a.i.p.s.a.SupabaseAsignacionRepositoryAdapter - Consultando asignaciones por vendedor: 7ca8780f-864c-4179-8c8a-9d8ae55b6df8
2026-05-10 12:45:20 [http-nio-3000-exec-7] DEBUG c.b.p.a.i.p.s.a.SupabaseAsignacionRepositoryAdapter - Asignaciones encontradas para vendedor 2ab0631c-da17-4bd8-b9b9-237de54711c6: 9
2026-05-10 12:45:20 [http-nio-3000-exec-2] DEBUG c.b.p.a.i.p.s.a.SupabaseAsignacionRepositoryAdapter - Asignaciones encontradas para vendedor 7dec6fc9-8ddc-48c6-86a3-a1dbfc46f80e: 1
2026-05-10 12:45:20 [http-nio-3000-exec-6] DEBUG c.b.p.a.i.p.s.a.SupabaseAsignacionRepositoryAdapter - Asignaciones encontradas para vendedor 6b0a5026-52f3-475a-a20f-5aacf94764f0: 31
2026-05-10 12:45:20 [http-nio-3000-exec-10] DEBUG c.b.p.a.a.c.c.ClientesRestAdapter - Obteniendo clientes; vendedorId=7dec6fc9-8ddc-48c6-86a3-a1dbfc46f80e
2026-05-10 12:45:20 [http-nio-3000-exec-8] INFO  c.b.p.a.a.c.CierreJornadaRestAdapter - GET /cierres/vendedor/7dec6fc9-8ddc-48c6-86a3-a1dbfc46f80e - Historial de cierres
2026-05-10 12:45:20 [http-nio-3000-exec-10] DEBUG c.b.p.a.d.c.s.GestionClientesService - Obteniendo clientes por vendedor: 7dec6fc9-8ddc-48c6-86a3-a1dbfc46f80e
2026-05-10 12:45:20 [http-nio-3000-exec-5] DEBUG c.b.p.a.d.a.s.AutorizacionAuthService - Obteniendo perfil por token
2026-05-10 12:45:20 [http-nio-3000-exec-10] DEBUG c.b.p.a.i.p.s.a.SupabaseClienteRepositoryAdapter - Obteniendo clientes por vendedorId=7dec6fc9-8ddc-48c6-86a3-a1dbfc46f80e
2026-05-10 12:45:20 [http-nio-3000-exec-1] DEBUG c.b.p.a.i.p.s.a.SupabaseAsignacionRepositoryAdapter - Asignaciones encontradas para vendedor 7ca8780f-864c-4179-8c8a-9d8ae55b6df8: 3
2026-05-10 12:45:20 [http-nio-3000-exec-9] INFO  c.b.p.a.a.ventas.VentaRestAdapter - GET /ventas/cierre-jornada - Obtener cierre de jornada para vendedor 86676371-8389-4969-89b4-6a10d3e65cbd y fecha 2026-05-10
2026-05-10 12:45:20 [http-nio-3000-exec-9] INFO  c.b.p.a.d.v.s.GestionVentasService - Obteniendo resumen de cierre de jornada para vendedor 86676371-8389-4969-89b4-6a10d3e65cbd en fecha 2026-05-10
2026-05-10 12:45:21 [http-nio-3000-exec-7] INFO  c.b.p.a.a.c.CierreJornadaRestAdapter - GET /cierres/vendedor/86676371-8389-4969-89b4-6a10d3e65cbd - Historial de cierres
2026-05-10 12:45:21 [http-nio-3000-exec-2] DEBUG c.b.p.a.a.c.c.ClientesRestAdapter - Obteniendo clientes; vendedorId=86676371-8389-4969-89b4-6a10d3e65cbd
2026-05-10 12:45:21 [http-nio-3000-exec-6] DEBUG c.b.p.a.d.a.s.AutorizacionAuthService - Obteniendo perfil por token
2026-05-10 12:45:21 [http-nio-3000-exec-1] INFO  c.b.p.a.a.ventas.VentaRestAdapter - GET /ventas/cierre-jornada - Obtener cierre de jornada para vendedor 997e2337-32a6-4ba5-84fb-873ef1b6036f y fecha 2026-05-10
2026-05-10 12:45:21 [http-nio-3000-exec-2] DEBUG c.b.p.a.d.c.s.GestionClientesService - Obteniendo clientes por vendedor: 86676371-8389-4969-89b4-6a10d3e65cbd
2026-05-10 12:45:21 [http-nio-3000-exec-1] INFO  c.b.p.a.d.v.s.GestionVentasService - Obteniendo resumen de cierre de jornada para vendedor 997e2337-32a6-4ba5-84fb-873ef1b6036f en fecha 2026-05-10
2026-05-10 12:45:21 [http-nio-3000-exec-2] DEBUG c.b.p.a.i.p.s.a.SupabaseClienteRepositoryAdapter - Obteniendo clientes por vendedorId=86676371-8389-4969-89b4-6a10d3e65cbd
2026-05-10 12:45:21 [http-nio-3000-exec-5] DEBUG c.b.p.a.d.a.s.AutorizacionAuthService - Perfil obtenido exitosamente para usuario ID: f2dc5b92-7ded-4c42-9e5a-d8a22aaf4a3a
2026-05-10 12:45:21 [http-nio-3000-exec-5] INFO  c.b.p.a.a.i.c.InventarioRestAdapter - GET /inventario/vendedor/86676371-8389-4969-89b4-6a10d3e65cbd - consulta por mateovargas220705@gmail.com
2026-05-10 12:45:21 [http-nio-3000-exec-5] INFO  c.b.p.a.d.i.s.GestionInventarioService - Consultando cargas por vendedor: 86676371-8389-4969-89b4-6a10d3e65cbd
2026-05-10 12:45:21 [http-nio-3000-exec-5] DEBUG c.b.p.a.i.p.s.a.SupabaseAsignacionRepositoryAdapter - Consultando asignaciones por vendedor: 86676371-8389-4969-89b4-6a10d3e65cbd
2026-05-10 12:45:21 [http-nio-3000-exec-8] INFO  c.b.p.a.a.c.CierreJornadaRestAdapter - GET /cierres/vendedor/997e2337-32a6-4ba5-84fb-873ef1b6036f - Historial de cierres
2026-05-10 12:45:21 [http-nio-3000-exec-3] DEBUG c.b.p.a.a.c.c.ClientesRestAdapter - Obteniendo clientes; vendedorId=997e2337-32a6-4ba5-84fb-873ef1b6036f
2026-05-10 12:45:21 [http-nio-3000-exec-3] DEBUG c.b.p.a.d.c.s.GestionClientesService - Obteniendo clientes por vendedor: 997e2337-32a6-4ba5-84fb-873ef1b6036f
2026-05-10 12:45:21 [http-nio-3000-exec-3] DEBUG c.b.p.a.i.p.s.a.SupabaseClienteRepositoryAdapter - Obteniendo clientes por vendedorId=997e2337-32a6-4ba5-84fb-873ef1b6036f
2026-05-10 12:45:21 [http-nio-3000-exec-4] DEBUG c.b.p.a.d.a.s.AutorizacionAuthService - Obteniendo perfil por token
2026-05-10 12:45:21 [http-nio-3000-exec-5] DEBUG c.b.p.a.i.p.s.a.SupabaseAsignacionRepositoryAdapter - Asignaciones encontradas para vendedor 86676371-8389-4969-89b4-6a10d3e65cbd: 6
2026-05-10 12:45:21 [http-nio-3000-exec-6] DEBUG c.b.p.a.d.a.s.AutorizacionAuthService - Perfil obtenido exitosamente para usuario ID: f2dc5b92-7ded-4c42-9e5a-d8a22aaf4a3a
2026-05-10 12:45:21 [http-nio-3000-exec-6] INFO  c.b.p.a.a.i.c.InventarioRestAdapter - GET /inventario/vendedor/997e2337-32a6-4ba5-84fb-873ef1b6036f - consulta por mateovargas220705@gmail.com
2026-05-10 12:45:21 [http-nio-3000-exec-6] INFO  c.b.p.a.d.i.s.GestionInventarioService - Consultando cargas por vendedor: 997e2337-32a6-4ba5-84fb-873ef1b6036f
2026-05-10 12:45:21 [http-nio-3000-exec-6] DEBUG c.b.p.a.i.p.s.a.SupabaseAsignacionRepositoryAdapter - Consultando asignaciones por vendedor: 997e2337-32a6-4ba5-84fb-873ef1b6036f
2026-05-10 12:45:21 [http-nio-3000-exec-3] INFO  c.b.p.a.a.ventas.VentaRestAdapter - GET /ventas/cierre-jornada - Obtener cierre de jornada para vendedor c1cbc4b0-eafd-490a-be95-b1c42036ad16 y fecha 2026-05-10
2026-05-10 12:45:21 [http-nio-3000-exec-3] INFO  c.b.p.a.d.v.s.GestionVentasService - Obteniendo resumen de cierre de jornada para vendedor c1cbc4b0-eafd-490a-be95-b1c42036ad16 en fecha 2026-05-10
2026-05-10 12:45:21 [http-nio-3000-exec-2] DEBUG c.b.p.a.a.c.c.ClientesRestAdapter - Obteniendo clientes; vendedorId=c1cbc4b0-eafd-490a-be95-b1c42036ad16
2026-05-10 12:45:21 [http-nio-3000-exec-7] INFO  c.b.p.a.a.c.CierreJornadaRestAdapter - GET /cierres/vendedor/c1cbc4b0-eafd-490a-be95-b1c42036ad16 - Historial de cierres
2026-05-10 12:45:21 [http-nio-3000-exec-9] INFO  c.b.p.a.a.ventas.VentaRestAdapter - GET /ventas - Listar ventas resumidas
2026-05-10 12:45:21 [http-nio-3000-exec-2] DEBUG c.b.p.a.d.c.s.GestionClientesService - Obteniendo clientes por vendedor: c1cbc4b0-eafd-490a-be95-b1c42036ad16
2026-05-10 12:45:21 [http-nio-3000-exec-9] INFO  c.b.p.a.d.v.s.GestionVentasService - Obteniendo listado de ventas resumidas
2026-05-10 12:45:21 [http-nio-3000-exec-2] DEBUG c.b.p.a.i.p.s.a.SupabaseClienteRepositoryAdapter - Obteniendo clientes por vendedorId=c1cbc4b0-eafd-490a-be95-b1c42036ad16
2026-05-10 12:45:21 [http-nio-3000-exec-6] DEBUG c.b.p.a.i.p.s.a.SupabaseAsignacionRepositoryAdapter - Asignaciones encontradas para vendedor 997e2337-32a6-4ba5-84fb-873ef1b6036f: 1
2026-05-10 12:45:21 [http-nio-3000-exec-4] DEBUG c.b.p.a.d.a.s.AutorizacionAuthService - Perfil obtenido exitosamente para usuario ID: f2dc5b92-7ded-4c42-9e5a-d8a22aaf4a3a
2026-05-10 12:45:21 [http-nio-3000-exec-4] INFO  c.b.p.a.a.i.c.InventarioRestAdapter - GET /inventario/vendedor/c1cbc4b0-eafd-490a-be95-b1c42036ad16 - consulta por mateovargas220705@gmail.com
2026-05-10 12:45:21 [http-nio-3000-exec-4] INFO  c.b.p.a.d.i.s.GestionInventarioService - Consultando cargas por vendedor: c1cbc4b0-eafd-490a-be95-b1c42036ad16
2026-05-10 12:45:21 [http-nio-3000-exec-4] DEBUG c.b.p.a.i.p.s.a.SupabaseAsignacionRepositoryAdapter - Consultando asignaciones por vendedor: c1cbc4b0-eafd-490a-be95-b1c42036ad16
2026-05-10 12:45:21 [http-nio-3000-exec-4] DEBUG c.b.p.a.i.p.s.a.SupabaseAsignacionRepositoryAdapter - Asignaciones encontradas para vendedor c1cbc4b0-eafd-490a-be95-b1c42036ad16: 1
2026-05-10 12:45:48 [http-nio-3000-exec-1] INFO  c.b.p.a.a.v.c.VendedoresRestAdapter - GET /vendedores - Obtener todos los vendedores
2026-05-10 12:45:48 [http-nio-3000-exec-1] DEBUG c.b.p.a.d.v.s.GestionVendedoresService - Obteniendo todos los vendedores
2026-05-10 12:45:48 [http-nio-3000-exec-1] DEBUG c.b.p.a.d.v.s.GestionVendedoresService - Se obtuvieron 10 vendedores
2026-05-10 12:45:48 [http-nio-3000-exec-1] DEBUG c.b.p.a.a.v.c.VendedoresRestAdapter - Se obtuvieron 10 vendedores
2026-05-10 12:45:48 [http-nio-3000-exec-8] DEBUG c.b.p.a.a.c.c.ClientesRestAdapter - Obteniendo clientes; vendedorId=2ab0631c-da17-4bd8-b9b9-237de54711c6
2026-05-10 12:45:48 [http-nio-3000-exec-10] DEBUG c.b.p.a.a.c.c.ClientesRestAdapter - Obteniendo clientes; vendedorId=5e0e4eff-aec3-46df-a77e-d4feeb19394c
2026-05-10 12:45:48 [http-nio-3000-exec-7] DEBUG c.b.p.a.a.c.c.ClientesRestAdapter - Obteniendo clientes; vendedorId=73ed0c2b-851c-44c8-a08b-ded6f61924f9
2026-05-10 12:45:48 [http-nio-3000-exec-5] DEBUG c.b.p.a.a.c.c.ClientesRestAdapter - Obteniendo clientes; vendedorId=0b9544ca-bfbe-4335-821c-5c8eb4b553b2
2026-05-10 12:45:48 [http-nio-3000-exec-6] DEBUG c.b.p.a.a.c.c.ClientesRestAdapter - Obteniendo clientes; vendedorId=6b0a5026-52f3-475a-a20f-5aacf94764f0
2026-05-10 12:45:48 [http-nio-3000-exec-2] DEBUG c.b.p.a.a.c.c.ClientesRestAdapter - Obteniendo clientes; vendedorId=7ca8780f-864c-4179-8c8a-9d8ae55b6df8
2026-05-10 12:45:48 [http-nio-3000-exec-8] DEBUG c.b.p.a.d.c.s.GestionClientesService - Obteniendo clientes por vendedor: 2ab0631c-da17-4bd8-b9b9-237de54711c6
2026-05-10 12:45:48 [http-nio-3000-exec-10] DEBUG c.b.p.a.d.c.s.GestionClientesService - Obteniendo clientes por vendedor: 5e0e4eff-aec3-46df-a77e-d4feeb19394c
2026-05-10 12:45:48 [http-nio-3000-exec-7] DEBUG c.b.p.a.d.c.s.GestionClientesService - Obteniendo clientes por vendedor: 73ed0c2b-851c-44c8-a08b-ded6f61924f9
2026-05-10 12:45:48 [http-nio-3000-exec-5] DEBUG c.b.p.a.d.c.s.GestionClientesService - Obteniendo clientes por vendedor: 0b9544ca-bfbe-4335-821c-5c8eb4b553b2
2026-05-10 12:45:48 [http-nio-3000-exec-6] DEBUG c.b.p.a.d.c.s.GestionClientesService - Obteniendo clientes por vendedor: 6b0a5026-52f3-475a-a20f-5aacf94764f0
2026-05-10 12:45:48 [http-nio-3000-exec-2] DEBUG c.b.p.a.d.c.s.GestionClientesService - Obteniendo clientes por vendedor: 7ca8780f-864c-4179-8c8a-9d8ae55b6df8
2026-05-10 12:45:48 [http-nio-3000-exec-8] DEBUG c.b.p.a.i.p.s.a.SupabaseClienteRepositoryAdapter - Obteniendo clientes por vendedorId=2ab0631c-da17-4bd8-b9b9-237de54711c6
2026-05-10 12:45:48 [http-nio-3000-exec-10] DEBUG c.b.p.a.i.p.s.a.SupabaseClienteRepositoryAdapter - Obteniendo clientes por vendedorId=5e0e4eff-aec3-46df-a77e-d4feeb19394c
2026-05-10 12:45:48 [http-nio-3000-exec-7] DEBUG c.b.p.a.i.p.s.a.SupabaseClienteRepositoryAdapter - Obteniendo clientes por vendedorId=73ed0c2b-851c-44c8-a08b-ded6f61924f9
2026-05-10 12:45:48 [http-nio-3000-exec-5] DEBUG c.b.p.a.i.p.s.a.SupabaseClienteRepositoryAdapter - Obteniendo clientes por vendedorId=0b9544ca-bfbe-4335-821c-5c8eb4b553b2
2026-05-10 12:45:48 [http-nio-3000-exec-6] DEBUG c.b.p.a.i.p.s.a.SupabaseClienteRepositoryAdapter - Obteniendo clientes por vendedorId=6b0a5026-52f3-475a-a20f-5aacf94764f0
2026-05-10 12:45:48 [http-nio-3000-exec-2] DEBUG c.b.p.a.i.p.s.a.SupabaseClienteRepositoryAdapter - Obteniendo clientes por vendedorId=7ca8780f-864c-4179-8c8a-9d8ae55b6df8
2026-05-10 12:45:48 [http-nio-3000-exec-3] DEBUG c.b.p.a.a.c.c.ClientesRestAdapter - Obteniendo clientes; vendedorId=86676371-8389-4969-89b4-6a10d3e65cbd
2026-05-10 12:45:48 [http-nio-3000-exec-3] DEBUG c.b.p.a.d.c.s.GestionClientesService - Obteniendo clientes por vendedor: 86676371-8389-4969-89b4-6a10d3e65cbd
2026-05-10 12:45:48 [http-nio-3000-exec-3] DEBUG c.b.p.a.i.p.s.a.SupabaseClienteRepositoryAdapter - Obteniendo clientes por vendedorId=86676371-8389-4969-89b4-6a10d3e65cbd
2026-05-10 12:45:48 [http-nio-3000-exec-9] DEBUG c.b.p.a.a.c.c.ClientesRestAdapter - Obteniendo clientes; vendedorId=7dec6fc9-8ddc-48c6-86a3-a1dbfc46f80e
2026-05-10 12:45:48 [http-nio-3000-exec-4] DEBUG c.b.p.a.a.c.c.ClientesRestAdapter - Obteniendo clientes; vendedorId=997e2337-32a6-4ba5-84fb-873ef1b6036f
2026-05-10 12:45:48 [http-nio-3000-exec-9] DEBUG c.b.p.a.d.c.s.GestionClientesService - Obteniendo clientes por vendedor: 7dec6fc9-8ddc-48c6-86a3-a1dbfc46f80e
2026-05-10 12:45:48 [http-nio-3000-exec-1] DEBUG c.b.p.a.a.c.c.ClientesRestAdapter - Obteniendo clientes; vendedorId=c1cbc4b0-eafd-490a-be95-b1c42036ad16
2026-05-10 12:45:48 [http-nio-3000-exec-4] DEBUG c.b.p.a.d.c.s.GestionClientesService - Obteniendo clientes por vendedor: 997e2337-32a6-4ba5-84fb-873ef1b6036f
2026-05-10 12:45:48 [http-nio-3000-exec-9] DEBUG c.b.p.a.i.p.s.a.SupabaseClienteRepositoryAdapter - Obteniendo clientes por vendedorId=7dec6fc9-8ddc-48c6-86a3-a1dbfc46f80e
2026-05-10 12:45:48 [http-nio-3000-exec-1] DEBUG c.b.p.a.d.c.s.GestionClientesService - Obteniendo clientes por vendedor: c1cbc4b0-eafd-490a-be95-b1c42036ad16
2026-05-10 12:45:48 [http-nio-3000-exec-1] DEBUG c.b.p.a.i.p.s.a.SupabaseClienteRepositoryAdapter - Obteniendo clientes por vendedorId=c1cbc4b0-eafd-490a-be95-b1c42036ad16
2026-05-10 12:45:48 [http-nio-3000-exec-4] DEBUG c.b.p.a.i.p.s.a.SupabaseClienteRepositoryAdapter - Obteniendo clientes por vendedorId=997e2337-32a6-4ba5-84fb-873ef1b6036f
2026-05-10 12:45:54 [http-nio-3000-exec-2] INFO  c.b.p.a.a.c.c.ClientesRestAdapter - Actualizando cliente id=7; negocio=null, ciNit=null
2026-05-10 12:45:54 [http-nio-3000-exec-2] DEBUG c.b.p.a.d.c.s.GestionClientesService - Actualizando cliente - ID: 7
2026-05-10 12:45:54 [http-nio-3000-exec-2] DEBUG c.b.p.a.d.c.s.GestionClientesService - Obteniendo cliente por ID: 7
2026-05-10 12:45:54 [http-nio-3000-exec-2] DEBUG c.b.p.a.i.p.s.a.SupabaseClienteRepositoryAdapter - Obteniendo cliente por id=7
2026-05-10 12:45:54 [http-nio-3000-exec-2] INFO  c.b.p.a.i.p.s.a.SupabaseClienteRepositoryAdapter - Actualizando cliente en Supabase id=7
2026-05-10 12:45:54 [http-nio-3000-exec-2] INFO  c.b.p.a.d.c.s.GestionClientesService - Cliente actualizado exitosamente - ID: 7
2026-05-10 12:46:00 [http-nio-3000-exec-10] INFO  c.b.p.a.a.v.c.VendedoresRestAdapter - GET /vendedores - Obtener todos los vendedores
2026-05-10 12:46:00 [http-nio-3000-exec-10] DEBUG c.b.p.a.d.v.s.GestionVendedoresService - Obteniendo todos los vendedores
2026-05-10 12:46:00 [http-nio-3000-exec-10] DEBUG c.b.p.a.d.v.s.GestionVendedoresService - Se obtuvieron 10 vendedores
2026-05-10 12:46:00 [http-nio-3000-exec-10] DEBUG c.b.p.a.a.v.c.VendedoresRestAdapter - Se obtuvieron 10 vendedores
2026-05-10 12:46:00 [http-nio-3000-exec-5] INFO  c.b.p.a.a.c.CierreJornadaRestAdapter - GET /cierres/vendedor/0b9544ca-bfbe-4335-821c-5c8eb4b553b2 - Historial de cierres
2026-05-10 12:46:00 [http-nio-3000-exec-8] DEBUG c.b.p.a.d.a.s.AutorizacionAuthService - Obteniendo perfil por token
2026-05-10 12:46:00 [http-nio-3000-exec-6] INFO  c.b.p.a.a.ventas.VentaRestAdapter - GET /ventas/cierre-jornada - Obtener cierre de jornada para vendedor 0b9544ca-bfbe-4335-821c-5c8eb4b553b2 y fecha 2026-05-10
2026-05-10 12:46:00 [http-nio-3000-exec-6] INFO  c.b.p.a.d.v.s.GestionVentasService - Obteniendo resumen de cierre de jornada para vendedor 0b9544ca-bfbe-4335-821c-5c8eb4b553b2 en fecha 2026-05-10
2026-05-10 12:46:00 [http-nio-3000-exec-3] DEBUG c.b.p.a.a.c.c.ClientesRestAdapter - Obteniendo clientes; vendedorId=0b9544ca-bfbe-4335-821c-5c8eb4b553b2
2026-05-10 12:46:00 [http-nio-3000-exec-4] INFO  c.b.p.a.a.ventas.VentaRestAdapter - GET /ventas/cierre-jornada - Obtener cierre de jornada para vendedor 2ab0631c-da17-4bd8-b9b9-237de54711c6 y fecha 2026-05-10
2026-05-10 12:46:00 [http-nio-3000-exec-9] DEBUG c.b.p.a.d.a.s.AutorizacionAuthService - Obteniendo perfil por token
2026-05-10 12:46:00 [http-nio-3000-exec-3] DEBUG c.b.p.a.d.c.s.GestionClientesService - Obteniendo clientes por vendedor: 0b9544ca-bfbe-4335-821c-5c8eb4b553b2
2026-05-10 12:46:00 [http-nio-3000-exec-3] DEBUG c.b.p.a.i.p.s.a.SupabaseClienteRepositoryAdapter - Obteniendo clientes por vendedorId=0b9544ca-bfbe-4335-821c-5c8eb4b553b2
2026-05-10 12:46:00 [http-nio-3000-exec-4] INFO  c.b.p.a.d.v.s.GestionVentasService - Obteniendo resumen de cierre de jornada para vendedor 2ab0631c-da17-4bd8-b9b9-237de54711c6 en fecha 2026-05-10
2026-05-10 12:46:00 [http-nio-3000-exec-1] INFO  c.b.p.a.a.c.CierreJornadaRestAdapter - GET /cierres/vendedor/2ab0631c-da17-4bd8-b9b9-237de54711c6 - Historial de cierres
2026-05-10 12:46:00 [http-nio-3000-exec-7] DEBUG c.b.p.a.a.c.c.ClientesRestAdapter - Obteniendo clientes; vendedorId=2ab0631c-da17-4bd8-b9b9-237de54711c6
2026-05-10 12:46:00 [http-nio-3000-exec-7] DEBUG c.b.p.a.d.c.s.GestionClientesService - Obteniendo clientes por vendedor: 2ab0631c-da17-4bd8-b9b9-237de54711c6
2026-05-10 12:46:00 [http-nio-3000-exec-7] DEBUG c.b.p.a.i.p.s.a.SupabaseClienteRepositoryAdapter - Obteniendo clientes por vendedorId=2ab0631c-da17-4bd8-b9b9-237de54711c6
2026-05-10 12:46:00 [http-nio-3000-exec-8] DEBUG c.b.p.a.d.a.s.AutorizacionAuthService - Perfil obtenido exitosamente para usuario ID: f2dc5b92-7ded-4c42-9e5a-d8a22aaf4a3a
2026-05-10 12:46:00 [http-nio-3000-exec-8] INFO  c.b.p.a.a.i.c.InventarioRestAdapter - GET /inventario/vendedor/0b9544ca-bfbe-4335-821c-5c8eb4b553b2 - consulta por mateovargas220705@gmail.com
2026-05-10 12:46:00 [http-nio-3000-exec-8] INFO  c.b.p.a.d.i.s.GestionInventarioService - Consultando cargas por vendedor: 0b9544ca-bfbe-4335-821c-5c8eb4b553b2
2026-05-10 12:46:00 [http-nio-3000-exec-8] DEBUG c.b.p.a.i.p.s.a.SupabaseAsignacionRepositoryAdapter - Consultando asignaciones por vendedor: 0b9544ca-bfbe-4335-821c-5c8eb4b553b2
2026-05-10 12:46:00 [http-nio-3000-exec-2] DEBUG c.b.p.a.d.a.s.AutorizacionAuthService - Obteniendo perfil por token
2026-05-10 12:46:00 [http-nio-3000-exec-10] INFO  c.b.p.a.a.ventas.VentaRestAdapter - GET /ventas/cierre-jornada - Obtener cierre de jornada para vendedor 5e0e4eff-aec3-46df-a77e-d4feeb19394c y fecha 2026-05-10
2026-05-10 12:46:00 [http-nio-3000-exec-10] INFO  c.b.p.a.d.v.s.GestionVentasService - Obteniendo resumen de cierre de jornada para vendedor 5e0e4eff-aec3-46df-a77e-d4feeb19394c en fecha 2026-05-10
2026-05-10 12:46:00 [http-nio-3000-exec-9] DEBUG c.b.p.a.d.a.s.AutorizacionAuthService - Perfil obtenido exitosamente para usuario ID: f2dc5b92-7ded-4c42-9e5a-d8a22aaf4a3a
2026-05-10 12:46:00 [http-nio-3000-exec-9] INFO  c.b.p.a.a.i.c.InventarioRestAdapter - GET /inventario/vendedor/2ab0631c-da17-4bd8-b9b9-237de54711c6 - consulta por mateovargas220705@gmail.com
2026-05-10 12:46:00 [http-nio-3000-exec-9] INFO  c.b.p.a.d.i.s.GestionInventarioService - Consultando cargas por vendedor: 2ab0631c-da17-4bd8-b9b9-237de54711c6
2026-05-10 12:46:00 [http-nio-3000-exec-9] DEBUG c.b.p.a.i.p.s.a.SupabaseAsignacionRepositoryAdapter - Consultando asignaciones por vendedor: 2ab0631c-da17-4bd8-b9b9-237de54711c6
2026-05-10 12:46:00 [http-nio-3000-exec-5] INFO  c.b.p.a.a.c.CierreJornadaRestAdapter - GET /cierres/vendedor/5e0e4eff-aec3-46df-a77e-d4feeb19394c - Historial de cierres
2026-05-10 12:46:00 [http-nio-3000-exec-3] DEBUG c.b.p.a.a.c.c.ClientesRestAdapter - Obteniendo clientes; vendedorId=5e0e4eff-aec3-46df-a77e-d4feeb19394c
2026-05-10 12:46:00 [http-nio-3000-exec-3] DEBUG c.b.p.a.d.c.s.GestionClientesService - Obteniendo clientes por vendedor: 5e0e4eff-aec3-46df-a77e-d4feeb19394c
2026-05-10 12:46:00 [http-nio-3000-exec-3] DEBUG c.b.p.a.i.p.s.a.SupabaseClienteRepositoryAdapter - Obteniendo clientes por vendedorId=5e0e4eff-aec3-46df-a77e-d4feeb19394c
2026-05-10 12:46:01 [http-nio-3000-exec-8] DEBUG c.b.p.a.i.p.s.a.SupabaseAsignacionRepositoryAdapter - Asignaciones encontradas para vendedor 0b9544ca-bfbe-4335-821c-5c8eb4b553b2: 1
2026-05-10 12:46:01 [http-nio-3000-exec-9] DEBUG c.b.p.a.i.p.s.a.SupabaseAsignacionRepositoryAdapter - Asignaciones encontradas para vendedor 2ab0631c-da17-4bd8-b9b9-237de54711c6: 9
2026-05-10 12:46:01 [http-nio-3000-exec-1] DEBUG c.b.p.a.d.a.s.AutorizacionAuthService - Obteniendo perfil por token
2026-05-10 12:46:01 [http-nio-3000-exec-6] INFO  c.b.p.a.a.ventas.VentaRestAdapter - GET /ventas/cierre-jornada - Obtener cierre de jornada para vendedor 6b0a5026-52f3-475a-a20f-5aacf94764f0 y fecha 2026-05-10
2026-05-10 12:46:01 [http-nio-3000-exec-6] INFO  c.b.p.a.d.v.s.GestionVentasService - Obteniendo resumen de cierre de jornada para vendedor 6b0a5026-52f3-475a-a20f-5aacf94764f0 en fecha 2026-05-10
2026-05-10 12:46:01 [http-nio-3000-exec-4] INFO  c.b.p.a.a.c.CierreJornadaRestAdapter - GET /cierres/vendedor/6b0a5026-52f3-475a-a20f-5aacf94764f0 - Historial de cierres
2026-05-10 12:46:01 [http-nio-3000-exec-2] DEBUG c.b.p.a.d.a.s.AutorizacionAuthService - Perfil obtenido exitosamente para usuario ID: f2dc5b92-7ded-4c42-9e5a-d8a22aaf4a3a
2026-05-10 12:46:01 [http-nio-3000-exec-2] INFO  c.b.p.a.a.i.c.InventarioRestAdapter - GET /inventario/vendedor/5e0e4eff-aec3-46df-a77e-d4feeb19394c - consulta por mateovargas220705@gmail.com
2026-05-10 12:46:01 [http-nio-3000-exec-2] INFO  c.b.p.a.d.i.s.GestionInventarioService - Consultando cargas por vendedor: 5e0e4eff-aec3-46df-a77e-d4feeb19394c
2026-05-10 12:46:01 [http-nio-3000-exec-2] DEBUG c.b.p.a.i.p.s.a.SupabaseAsignacionRepositoryAdapter - Consultando asignaciones por vendedor: 5e0e4eff-aec3-46df-a77e-d4feeb19394c
2026-05-10 12:46:01 [http-nio-3000-exec-7] DEBUG c.b.p.a.a.c.c.ClientesRestAdapter - Obteniendo clientes; vendedorId=6b0a5026-52f3-475a-a20f-5aacf94764f0
2026-05-10 12:46:01 [http-nio-3000-exec-7] DEBUG c.b.p.a.d.c.s.GestionClientesService - Obteniendo clientes por vendedor: 6b0a5026-52f3-475a-a20f-5aacf94764f0
2026-05-10 12:46:01 [http-nio-3000-exec-7] DEBUG c.b.p.a.i.p.s.a.SupabaseClienteRepositoryAdapter - Obteniendo clientes por vendedorId=6b0a5026-52f3-475a-a20f-5aacf94764f0
2026-05-10 12:46:01 [http-nio-3000-exec-8] DEBUG c.b.p.a.d.a.s.AutorizacionAuthService - Obteniendo perfil por token
2026-05-10 12:46:01 [http-nio-3000-exec-2] DEBUG c.b.p.a.i.p.s.a.SupabaseAsignacionRepositoryAdapter - Asignaciones encontradas para vendedor 5e0e4eff-aec3-46df-a77e-d4feeb19394c: 4
2026-05-10 12:46:01 [http-nio-3000-exec-1] DEBUG c.b.p.a.d.a.s.AutorizacionAuthService - Perfil obtenido exitosamente para usuario ID: f2dc5b92-7ded-4c42-9e5a-d8a22aaf4a3a
2026-05-10 12:46:01 [http-nio-3000-exec-1] INFO  c.b.p.a.a.i.c.InventarioRestAdapter - GET /inventario/vendedor/6b0a5026-52f3-475a-a20f-5aacf94764f0 - consulta por mateovargas220705@gmail.com
2026-05-10 12:46:01 [http-nio-3000-exec-1] INFO  c.b.p.a.d.i.s.GestionInventarioService - Consultando cargas por vendedor: 6b0a5026-52f3-475a-a20f-5aacf94764f0
2026-05-10 12:46:01 [http-nio-3000-exec-1] DEBUG c.b.p.a.i.p.s.a.SupabaseAsignacionRepositoryAdapter - Consultando asignaciones por vendedor: 6b0a5026-52f3-475a-a20f-5aacf94764f0
2026-05-10 12:46:01 [http-nio-3000-exec-9] INFO  c.b.p.a.a.ventas.VentaRestAdapter - GET /ventas/cierre-jornada - Obtener cierre de jornada para vendedor 73ed0c2b-851c-44c8-a08b-ded6f61924f9 y fecha 2026-05-10
2026-05-10 12:46:01 [http-nio-3000-exec-9] INFO  c.b.p.a.d.v.s.GestionVentasService - Obteniendo resumen de cierre de jornada para vendedor 73ed0c2b-851c-44c8-a08b-ded6f61924f9 en fecha 2026-05-10
2026-05-10 12:46:01 [http-nio-3000-exec-5] INFO  c.b.p.a.a.c.CierreJornadaRestAdapter - GET /cierres/vendedor/73ed0c2b-851c-44c8-a08b-ded6f61924f9 - Historial de cierres
2026-05-10 12:46:01 [http-nio-3000-exec-8] DEBUG c.b.p.a.d.a.s.AutorizacionAuthService - Perfil obtenido exitosamente para usuario ID: f2dc5b92-7ded-4c42-9e5a-d8a22aaf4a3a
2026-05-10 12:46:01 [http-nio-3000-exec-8] INFO  c.b.p.a.a.i.c.InventarioRestAdapter - GET /inventario/vendedor/73ed0c2b-851c-44c8-a08b-ded6f61924f9 - consulta por mateovargas220705@gmail.com
2026-05-10 12:46:01 [http-nio-3000-exec-8] INFO  c.b.p.a.d.i.s.GestionInventarioService - Consultando cargas por vendedor: 73ed0c2b-851c-44c8-a08b-ded6f61924f9
2026-05-10 12:46:01 [http-nio-3000-exec-8] DEBUG c.b.p.a.i.p.s.a.SupabaseAsignacionRepositoryAdapter - Consultando asignaciones por vendedor: 73ed0c2b-851c-44c8-a08b-ded6f61924f9
2026-05-10 12:46:01 [http-nio-3000-exec-1] DEBUG c.b.p.a.i.p.s.a.SupabaseAsignacionRepositoryAdapter - Asignaciones encontradas para vendedor 6b0a5026-52f3-475a-a20f-5aacf94764f0: 31
2026-05-10 12:46:01 [http-nio-3000-exec-3] DEBUG c.b.p.a.a.c.c.ClientesRestAdapter - Obteniendo clientes; vendedorId=73ed0c2b-851c-44c8-a08b-ded6f61924f9
2026-05-10 12:46:01 [http-nio-3000-exec-3] DEBUG c.b.p.a.d.c.s.GestionClientesService - Obteniendo clientes por vendedor: 73ed0c2b-851c-44c8-a08b-ded6f61924f9
2026-05-10 12:46:01 [http-nio-3000-exec-3] DEBUG c.b.p.a.i.p.s.a.SupabaseClienteRepositoryAdapter - Obteniendo clientes por vendedorId=73ed0c2b-851c-44c8-a08b-ded6f61924f9
2026-05-10 12:46:01 [http-nio-3000-exec-4] DEBUG c.b.p.a.d.a.s.AutorizacionAuthService - Obteniendo perfil por token
2026-05-10 12:46:01 [http-nio-3000-exec-2] INFO  c.b.p.a.a.ventas.VentaRestAdapter - GET /ventas/cierre-jornada - Obtener cierre de jornada para vendedor 7ca8780f-864c-4179-8c8a-9d8ae55b6df8 y fecha 2026-05-10
2026-05-10 12:46:01 [http-nio-3000-exec-2] INFO  c.b.p.a.d.v.s.GestionVentasService - Obteniendo resumen de cierre de jornada para vendedor 7ca8780f-864c-4179-8c8a-9d8ae55b6df8 en fecha 2026-05-10
2026-05-10 12:46:01 [http-nio-3000-exec-8] DEBUG c.b.p.a.i.p.s.a.SupabaseAsignacionRepositoryAdapter - Asignaciones encontradas para vendedor 73ed0c2b-851c-44c8-a08b-ded6f61924f9: 4
2026-05-10 12:46:01 [http-nio-3000-exec-7] INFO  c.b.p.a.a.c.CierreJornadaRestAdapter - GET /cierres/vendedor/7ca8780f-864c-4179-8c8a-9d8ae55b6df8 - Historial de cierres
2026-05-10 12:46:01 [http-nio-3000-exec-10] DEBUG c.b.p.a.a.c.c.ClientesRestAdapter - Obteniendo clientes; vendedorId=7ca8780f-864c-4179-8c8a-9d8ae55b6df8
2026-05-10 12:46:01 [http-nio-3000-exec-10] DEBUG c.b.p.a.d.c.s.GestionClientesService - Obteniendo clientes por vendedor: 7ca8780f-864c-4179-8c8a-9d8ae55b6df8
2026-05-10 12:46:01 [http-nio-3000-exec-10] DEBUG c.b.p.a.i.p.s.a.SupabaseClienteRepositoryAdapter - Obteniendo clientes por vendedorId=7ca8780f-864c-4179-8c8a-9d8ae55b6df8
2026-05-10 12:46:01 [http-nio-3000-exec-5] DEBUG c.b.p.a.d.a.s.AutorizacionAuthService - Obteniendo perfil por token
2026-05-10 12:46:01 [http-nio-3000-exec-1] INFO  c.b.p.a.a.ventas.VentaRestAdapter - GET /ventas/cierre-jornada - Obtener cierre de jornada para vendedor 7dec6fc9-8ddc-48c6-86a3-a1dbfc46f80e y fecha 2026-05-10
2026-05-10 12:46:01 [http-nio-3000-exec-1] INFO  c.b.p.a.d.v.s.GestionVentasService - Obteniendo resumen de cierre de jornada para vendedor 7dec6fc9-8ddc-48c6-86a3-a1dbfc46f80e en fecha 2026-05-10
2026-05-10 12:46:01 [http-nio-3000-exec-4] DEBUG c.b.p.a.d.a.s.AutorizacionAuthService - Perfil obtenido exitosamente para usuario ID: f2dc5b92-7ded-4c42-9e5a-d8a22aaf4a3a
2026-05-10 12:46:01 [http-nio-3000-exec-4] INFO  c.b.p.a.a.i.c.InventarioRestAdapter - GET /inventario/vendedor/7ca8780f-864c-4179-8c8a-9d8ae55b6df8 - consulta por mateovargas220705@gmail.com
2026-05-10 12:46:01 [http-nio-3000-exec-4] INFO  c.b.p.a.d.i.s.GestionInventarioService - Consultando cargas por vendedor: 7ca8780f-864c-4179-8c8a-9d8ae55b6df8
2026-05-10 12:46:01 [http-nio-3000-exec-6] INFO  c.b.p.a.a.c.CierreJornadaRestAdapter - GET /cierres/vendedor/7dec6fc9-8ddc-48c6-86a3-a1dbfc46f80e - Historial de cierres
2026-05-10 12:46:01 [http-nio-3000-exec-4] DEBUG c.b.p.a.i.p.s.a.SupabaseAsignacionRepositoryAdapter - Consultando asignaciones por vendedor: 7ca8780f-864c-4179-8c8a-9d8ae55b6df8
2026-05-10 12:46:02 [http-nio-3000-exec-9] DEBUG c.b.p.a.a.c.c.ClientesRestAdapter - Obteniendo clientes; vendedorId=7dec6fc9-8ddc-48c6-86a3-a1dbfc46f80e
2026-05-10 12:46:02 [http-nio-3000-exec-9] DEBUG c.b.p.a.d.c.s.GestionClientesService - Obteniendo clientes por vendedor: 7dec6fc9-8ddc-48c6-86a3-a1dbfc46f80e
2026-05-10 12:46:02 [http-nio-3000-exec-9] DEBUG c.b.p.a.i.p.s.a.SupabaseClienteRepositoryAdapter - Obteniendo clientes por vendedorId=7dec6fc9-8ddc-48c6-86a3-a1dbfc46f80e
2026-05-10 12:46:02 [http-nio-3000-exec-8] DEBUG c.b.p.a.d.a.s.AutorizacionAuthService - Obteniendo perfil por token
2026-05-10 12:46:02 [http-nio-3000-exec-4] DEBUG c.b.p.a.i.p.s.a.SupabaseAsignacionRepositoryAdapter - Asignaciones encontradas para vendedor 7ca8780f-864c-4179-8c8a-9d8ae55b6df8: 3
2026-05-10 12:46:02 [http-nio-3000-exec-5] DEBUG c.b.p.a.d.a.s.AutorizacionAuthService - Perfil obtenido exitosamente para usuario ID: f2dc5b92-7ded-4c42-9e5a-d8a22aaf4a3a
2026-05-10 12:46:02 [http-nio-3000-exec-5] INFO  c.b.p.a.a.i.c.InventarioRestAdapter - GET /inventario/vendedor/7dec6fc9-8ddc-48c6-86a3-a1dbfc46f80e - consulta por mateovargas220705@gmail.com
2026-05-10 12:46:02 [http-nio-3000-exec-5] INFO  c.b.p.a.d.i.s.GestionInventarioService - Consultando cargas por vendedor: 7dec6fc9-8ddc-48c6-86a3-a1dbfc46f80e
2026-05-10 12:46:02 [http-nio-3000-exec-5] DEBUG c.b.p.a.i.p.s.a.SupabaseAsignacionRepositoryAdapter - Consultando asignaciones por vendedor: 7dec6fc9-8ddc-48c6-86a3-a1dbfc46f80e
2026-05-10 12:46:02 [http-nio-3000-exec-7] DEBUG c.b.p.a.a.c.c.ClientesRestAdapter - Obteniendo clientes; vendedorId=86676371-8389-4969-89b4-6a10d3e65cbd
2026-05-10 12:46:02 [http-nio-3000-exec-7] DEBUG c.b.p.a.d.c.s.GestionClientesService - Obteniendo clientes por vendedor: 86676371-8389-4969-89b4-6a10d3e65cbd
2026-05-10 12:46:02 [http-nio-3000-exec-7] DEBUG c.b.p.a.i.p.s.a.SupabaseClienteRepositoryAdapter - Obteniendo clientes por vendedorId=86676371-8389-4969-89b4-6a10d3e65cbd
2026-05-10 12:46:02 [http-nio-3000-exec-10] INFO  c.b.p.a.a.c.CierreJornadaRestAdapter - GET /cierres/vendedor/86676371-8389-4969-89b4-6a10d3e65cbd - Historial de cierres
2026-05-10 12:46:02 [http-nio-3000-exec-3] INFO  c.b.p.a.a.ventas.VentaRestAdapter - GET /ventas/cierre-jornada - Obtener cierre de jornada para vendedor 86676371-8389-4969-89b4-6a10d3e65cbd y fecha 2026-05-10
2026-05-10 12:46:02 [http-nio-3000-exec-3] INFO  c.b.p.a.d.v.s.GestionVentasService - Obteniendo resumen de cierre de jornada para vendedor 86676371-8389-4969-89b4-6a10d3e65cbd en fecha 2026-05-10
2026-05-10 12:46:02 [http-nio-3000-exec-2] DEBUG c.b.p.a.d.a.s.AutorizacionAuthService - Obteniendo perfil por token
2026-05-10 12:46:02 [http-nio-3000-exec-8] DEBUG c.b.p.a.d.a.s.AutorizacionAuthService - Perfil obtenido exitosamente para usuario ID: f2dc5b92-7ded-4c42-9e5a-d8a22aaf4a3a
2026-05-10 12:46:02 [http-nio-3000-exec-8] INFO  c.b.p.a.a.i.c.InventarioRestAdapter - GET /inventario/vendedor/86676371-8389-4969-89b4-6a10d3e65cbd - consulta por mateovargas220705@gmail.com
2026-05-10 12:46:02 [http-nio-3000-exec-8] INFO  c.b.p.a.d.i.s.GestionInventarioService - Consultando cargas por vendedor: 86676371-8389-4969-89b4-6a10d3e65cbd
2026-05-10 12:46:02 [http-nio-3000-exec-8] DEBUG c.b.p.a.i.p.s.a.SupabaseAsignacionRepositoryAdapter - Consultando asignaciones por vendedor: 86676371-8389-4969-89b4-6a10d3e65cbd
2026-05-10 12:46:02 [http-nio-3000-exec-5] DEBUG c.b.p.a.i.p.s.a.SupabaseAsignacionRepositoryAdapter - Asignaciones encontradas para vendedor 7dec6fc9-8ddc-48c6-86a3-a1dbfc46f80e: 1
2026-05-10 12:46:02 [http-nio-3000-exec-6] INFO  c.b.p.a.a.c.CierreJornadaRestAdapter - GET /cierres/vendedor/997e2337-32a6-4ba5-84fb-873ef1b6036f - Historial de cierres
2026-05-10 12:46:02 [http-nio-3000-exec-4] INFO  c.b.p.a.a.ventas.VentaRestAdapter - GET /ventas/cierre-jornada - Obtener cierre de jornada para vendedor 997e2337-32a6-4ba5-84fb-873ef1b6036f y fecha 2026-05-10
2026-05-10 12:46:02 [http-nio-3000-exec-4] INFO  c.b.p.a.d.v.s.GestionVentasService - Obteniendo resumen de cierre de jornada para vendedor 997e2337-32a6-4ba5-84fb-873ef1b6036f en fecha 2026-05-10
2026-05-10 12:46:02 [http-nio-3000-exec-1] DEBUG c.b.p.a.a.c.c.ClientesRestAdapter - Obteniendo clientes; vendedorId=997e2337-32a6-4ba5-84fb-873ef1b6036f
2026-05-10 12:46:02 [http-nio-3000-exec-1] DEBUG c.b.p.a.d.c.s.GestionClientesService - Obteniendo clientes por vendedor: 997e2337-32a6-4ba5-84fb-873ef1b6036f
2026-05-10 12:46:02 [http-nio-3000-exec-1] DEBUG c.b.p.a.i.p.s.a.SupabaseClienteRepositoryAdapter - Obteniendo clientes por vendedorId=997e2337-32a6-4ba5-84fb-873ef1b6036f
2026-05-10 12:46:02 [http-nio-3000-exec-8] DEBUG c.b.p.a.i.p.s.a.SupabaseAsignacionRepositoryAdapter - Asignaciones encontradas para vendedor 86676371-8389-4969-89b4-6a10d3e65cbd: 6
2026-05-10 12:46:02 [http-nio-3000-exec-2] DEBUG c.b.p.a.d.a.s.AutorizacionAuthService - Perfil obtenido exitosamente para usuario ID: f2dc5b92-7ded-4c42-9e5a-d8a22aaf4a3a
2026-05-10 12:46:02 [http-nio-3000-exec-2] INFO  c.b.p.a.a.i.c.InventarioRestAdapter - GET /inventario/vendedor/997e2337-32a6-4ba5-84fb-873ef1b6036f - consulta por mateovargas220705@gmail.com
2026-05-10 12:46:02 [http-nio-3000-exec-2] INFO  c.b.p.a.d.i.s.GestionInventarioService - Consultando cargas por vendedor: 997e2337-32a6-4ba5-84fb-873ef1b6036f
2026-05-10 12:46:02 [http-nio-3000-exec-2] DEBUG c.b.p.a.i.p.s.a.SupabaseAsignacionRepositoryAdapter - Consultando asignaciones por vendedor: 997e2337-32a6-4ba5-84fb-873ef1b6036f
2026-05-10 12:46:02 [http-nio-3000-exec-9] DEBUG c.b.p.a.d.a.s.AutorizacionAuthService - Obteniendo perfil por token
2026-05-10 12:46:02 [http-nio-3000-exec-10] INFO  c.b.p.a.a.ventas.VentaRestAdapter - GET /ventas/cierre-jornada - Obtener cierre de jornada para vendedor c1cbc4b0-eafd-490a-be95-b1c42036ad16 y fecha 2026-05-10
2026-05-10 12:46:02 [http-nio-3000-exec-10] INFO  c.b.p.a.d.v.s.GestionVentasService - Obteniendo resumen de cierre de jornada para vendedor c1cbc4b0-eafd-490a-be95-b1c42036ad16 en fecha 2026-05-10
2026-05-10 12:46:02 [http-nio-3000-exec-5] INFO  c.b.p.a.a.c.CierreJornadaRestAdapter - GET /cierres/vendedor/c1cbc4b0-eafd-490a-be95-b1c42036ad16 - Historial de cierres
2026-05-10 12:46:02 [http-nio-3000-exec-7] DEBUG c.b.p.a.a.c.c.ClientesRestAdapter - Obteniendo clientes; vendedorId=c1cbc4b0-eafd-490a-be95-b1c42036ad16
2026-05-10 12:46:02 [http-nio-3000-exec-7] DEBUG c.b.p.a.d.c.s.GestionClientesService - Obteniendo clientes por vendedor: c1cbc4b0-eafd-490a-be95-b1c42036ad16
2026-05-10 12:46:02 [http-nio-3000-exec-7] DEBUG c.b.p.a.i.p.s.a.SupabaseClienteRepositoryAdapter - Obteniendo clientes por vendedorId=c1cbc4b0-eafd-490a-be95-b1c42036ad16
2026-05-10 12:46:02 [http-nio-3000-exec-2] DEBUG c.b.p.a.i.p.s.a.SupabaseAsignacionRepositoryAdapter - Asignaciones encontradas para vendedor 997e2337-32a6-4ba5-84fb-873ef1b6036f: 1
2026-05-10 12:46:02 [http-nio-3000-exec-6] INFO  c.b.p.a.a.ventas.VentaRestAdapter - GET /ventas - Listar ventas resumidas
2026-05-10 12:46:02 [http-nio-3000-exec-6] INFO  c.b.p.a.d.v.s.GestionVentasService - Obteniendo listado de ventas resumidas
2026-05-10 12:46:02 [http-nio-3000-exec-9] DEBUG c.b.p.a.d.a.s.AutorizacionAuthService - Perfil obtenido exitosamente para usuario ID: f2dc5b92-7ded-4c42-9e5a-d8a22aaf4a3a
2026-05-10 12:46:02 [http-nio-3000-exec-9] INFO  c.b.p.a.a.i.c.InventarioRestAdapter - GET /inventario/vendedor/c1cbc4b0-eafd-490a-be95-b1c42036ad16 - consulta por mateovargas220705@gmail.com
2026-05-10 12:46:02 [http-nio-3000-exec-9] INFO  c.b.p.a.d.i.s.GestionInventarioService - Consultando cargas por vendedor: c1cbc4b0-eafd-490a-be95-b1c42036ad16
2026-05-10 12:46:02 [http-nio-3000-exec-9] DEBUG c.b.p.a.i.p.s.a.SupabaseAsignacionRepositoryAdapter - Consultando asignaciones por vendedor: c1cbc4b0-eafd-490a-be95-b1c42036ad16
2026-05-10 12:46:03 [http-nio-3000-exec-9] DEBUG c.b.p.a.i.p.s.a.SupabaseAsignacionRepositoryAdapter - Asignaciones encontradas para vendedor c1cbc4b0-eafd-490a-be95-b1c42036ad16: 1
2026-05-10 12:46:32 [http-nio-3000-exec-8] INFO  c.b.p.a.a.a.c.AuthRestAdapter - POST /auth/signin - Intento de autenticación para email: alejandraloayza68@gmail.com
2026-05-10 12:46:32 [http-nio-3000-exec-8] DEBUG c.b.p.a.d.a.s.AutorizacionAuthService - Autenticando usuario con email: alejandraloayza68@gmail.com
2026-05-10 12:46:32 [http-nio-3000-exec-8] DEBUG c.b.p.a.d.a.s.AutorizacionAuthService - Autenticación completada para email: alejandraloayza68@gmail.com
2026-05-10 12:46:32 [http-nio-3000-exec-8] INFO  c.b.p.a.a.a.c.AuthRestAdapter - Autenticación exitosa para email: alejandraloayza68@gmail.com
2026-05-10 12:46:32 [http-nio-3000-exec-3] INFO  c.b.p.a.a.a.c.AuthRestAdapter - GET /auth/me - Obtener perfil del usuario actual
2026-05-10 12:46:32 [http-nio-3000-exec-3] DEBUG c.b.p.a.d.a.s.AutorizacionAuthService - Obteniendo perfil por token
2026-05-10 12:46:33 [http-nio-3000-exec-3] DEBUG c.b.p.a.d.a.s.AutorizacionAuthService - Perfil obtenido exitosamente para usuario ID: 5e0e4eff-aec3-46df-a77e-d4feeb19394c
2026-05-10 12:46:33 [http-nio-3000-exec-3] DEBUG c.b.p.a.a.a.c.AuthRestAdapter - Perfil obtenido para usuario: alejandraloayza68@gmail.com
2026-05-10 12:46:33 [http-nio-3000-exec-4] INFO  c.b.p.a.a.p.c.ProductosRestAdapter - GET /productos - Obtener todos los productos
2026-05-10 12:46:33 [http-nio-3000-exec-1] DEBUG c.b.p.a.d.a.s.AutorizacionAuthService - Obteniendo perfil por token
2026-05-10 12:46:33 [http-nio-3000-exec-2] INFO  c.b.p.a.a.ventas.VentaRestAdapter - GET /ventas/cierre-jornada - Obtener cierre de jornada para vendedor 5e0e4eff-aec3-46df-a77e-d4feeb19394c y fecha 2026-05-10
2026-05-10 12:46:33 [http-nio-3000-exec-4] DEBUG c.b.p.a.d.p.s.GestionProductosService - Obteniendo todos los productos
2026-05-10 12:46:33 [http-nio-3000-exec-2] INFO  c.b.p.a.d.v.s.GestionVentasService - Obteniendo resumen de cierre de jornada para vendedor 5e0e4eff-aec3-46df-a77e-d4feeb19394c en fecha 2026-05-10
2026-05-10 12:46:33 [http-nio-3000-exec-4] DEBUG c.b.p.a.d.p.s.GestionProductosService - Se obtuvieron 25 productos
2026-05-10 12:46:33 [http-nio-3000-exec-4] DEBUG c.b.p.a.a.p.c.ProductosRestAdapter - Se obtuvieron 25 productos
2026-05-10 12:46:33 [http-nio-3000-exec-1] DEBUG c.b.p.a.d.a.s.AutorizacionAuthService - Perfil obtenido exitosamente para usuario ID: 5e0e4eff-aec3-46df-a77e-d4feeb19394c
2026-05-10 12:46:33 [http-nio-3000-exec-1] INFO  c.b.p.a.a.i.c.InventarioRestAdapter - GET /inventario/vendedor/5e0e4eff-aec3-46df-a77e-d4feeb19394c - consulta por alejandraloayza68@gmail.com
2026-05-10 12:46:33 [http-nio-3000-exec-1] INFO  c.b.p.a.d.i.s.GestionInventarioService - Consultando cargas por vendedor: 5e0e4eff-aec3-46df-a77e-d4feeb19394c
2026-05-10 12:46:33 [http-nio-3000-exec-1] DEBUG c.b.p.a.i.p.s.a.SupabaseAsignacionRepositoryAdapter - Consultando asignaciones por vendedor: 5e0e4eff-aec3-46df-a77e-d4feeb19394c
2026-05-10 12:46:34 [http-nio-3000-exec-1] DEBUG c.b.p.a.i.p.s.a.SupabaseAsignacionRepositoryAdapter - Asignaciones encontradas para vendedor 5e0e4eff-aec3-46df-a77e-d4feeb19394c: 4
2026-05-10 12:46:34 [http-nio-3000-exec-5] INFO  c.b.p.a.a.a.c.AuthRestAdapter - GET /auth/me - Obtener perfil del usuario actual
2026-05-10 12:46:34 [http-nio-3000-exec-5] DEBUG c.b.p.a.d.a.s.AutorizacionAuthService - Obteniendo perfil por token
2026-05-10 12:46:34 [http-nio-3000-exec-5] DEBUG c.b.p.a.d.a.s.AutorizacionAuthService - Perfil obtenido exitosamente para usuario ID: 5e0e4eff-aec3-46df-a77e-d4feeb19394c
2026-05-10 12:46:34 [http-nio-3000-exec-5] DEBUG c.b.p.a.a.a.c.AuthRestAdapter - Perfil obtenido para usuario: alejandraloayza68@gmail.com
2026-05-10 12:46:34 [http-nio-3000-exec-7] DEBUG c.b.p.a.a.c.c.ClientesRestAdapter - Obteniendo clientes; vendedorId=5e0e4eff-aec3-46df-a77e-d4feeb19394c
2026-05-10 12:46:34 [http-nio-3000-exec-7] DEBUG c.b.p.a.d.c.s.GestionClientesService - Obteniendo clientes por vendedor: 5e0e4eff-aec3-46df-a77e-d4feeb19394c
2026-05-10 12:46:34 [http-nio-3000-exec-7] DEBUG c.b.p.a.i.p.s.a.SupabaseClienteRepositoryAdapter - Obteniendo clientes por vendedorId=5e0e4eff-aec3-46df-a77e-d4feeb19394c
2026-05-10 12:46:58 [http-nio-3000-exec-6] INFO  c.b.p.a.a.c.c.ClientesRestAdapter - Creando cliente; negocio=tienda san lucas, ciNit=4589896
2026-05-10 12:46:58 [http-nio-3000-exec-6] DEBUG c.b.p.a.d.c.s.GestionClientesService - Creando cliente - Negocio: tienda san lucas, CI/NIT: 4589896
2026-05-10 12:46:58 [http-nio-3000-exec-6] INFO  c.b.p.a.i.p.s.a.SupabaseClienteRepositoryAdapter - Insertando cliente en Supabase; negocio=tienda san lucas, ciNit=4589896
2026-05-10 12:46:59 [http-nio-3000-exec-6] INFO  c.b.p.a.d.c.s.GestionClientesService - Cliente creado exitosamente - ID: 22
2026-05-10 12:46:59 [http-nio-3000-exec-9] DEBUG c.b.p.a.a.c.c.ClientesRestAdapter - Obteniendo clientes; vendedorId=5e0e4eff-aec3-46df-a77e-d4feeb19394c
2026-05-10 12:46:59 [http-nio-3000-exec-9] DEBUG c.b.p.a.d.c.s.GestionClientesService - Obteniendo clientes por vendedor: 5e0e4eff-aec3-46df-a77e-d4feeb19394c
2026-05-10 12:46:59 [http-nio-3000-exec-9] DEBUG c.b.p.a.i.p.s.a.SupabaseClienteRepositoryAdapter - Obteniendo clientes por vendedorId=5e0e4eff-aec3-46df-a77e-d4feeb19394c
2026-05-10 12:47:01 [http-nio-3000-exec-8] WARN  o.s.w.s.m.m.a.ExceptionHandlerExceptionResolver - Resolved [org.springframework.web.bind.MissingServletRequestParameterException: Required request parameter 'userId' for method parameter type String is not present]
2026-05-10 12:47:04 [http-nio-3000-exec-2] INFO  c.b.p.a.a.a.c.AuthRestAdapter - POST /auth/signin - Intento de autenticación para email: mateovargas220705@gmail.com
2026-05-10 12:47:04 [http-nio-3000-exec-2] DEBUG c.b.p.a.d.a.s.AutorizacionAuthService - Autenticando usuario con email: mateovargas220705@gmail.com
2026-05-10 12:47:05 [http-nio-3000-exec-2] DEBUG c.b.p.a.d.a.s.AutorizacionAuthService - Autenticación completada para email: mateovargas220705@gmail.com
2026-05-10 12:47:05 [http-nio-3000-exec-2] INFO  c.b.p.a.a.a.c.AuthRestAdapter - Autenticación exitosa para email: mateovargas220705@gmail.com
2026-05-10 12:47:05 [http-nio-3000-exec-5] INFO  c.b.p.a.a.p.c.ProductosRestAdapter - GET /productos - Obtener todos los productos
2026-05-10 12:47:05 [http-nio-3000-exec-5] DEBUG c.b.p.a.d.p.s.GestionProductosService - Obteniendo todos los productos
2026-05-10 12:47:05 [http-nio-3000-exec-7] INFO  c.b.p.a.a.v.c.VendedoresRestAdapter - GET /vendedores - Obtener todos los vendedores
2026-05-10 12:47:05 [http-nio-3000-exec-7] DEBUG c.b.p.a.d.v.s.GestionVendedoresService - Obteniendo todos los vendedores
2026-05-10 12:47:05 [http-nio-3000-exec-10] INFO  c.b.p.a.a.p.c.ProductosRestAdapter - GET /productos/stock-bajo - Consultando alertas con umbral: 100
2026-05-10 12:47:05 [http-nio-3000-exec-10] DEBUG c.b.p.a.d.p.s.GestionProductosService - Obteniendo productos con stock bajo. Umbral: 100
2026-05-10 12:47:05 [http-nio-3000-exec-5] DEBUG c.b.p.a.d.p.s.GestionProductosService - Se obtuvieron 25 productos
2026-05-10 12:47:05 [http-nio-3000-exec-5] DEBUG c.b.p.a.a.p.c.ProductosRestAdapter - Se obtuvieron 25 productos
2026-05-10 12:47:05 [http-nio-3000-exec-7] DEBUG c.b.p.a.d.v.s.GestionVendedoresService - Se obtuvieron 10 vendedores
2026-05-10 12:47:05 [http-nio-3000-exec-7] DEBUG c.b.p.a.a.v.c.VendedoresRestAdapter - Se obtuvieron 10 vendedores
2026-05-10 12:47:05 [http-nio-3000-exec-10] DEBUG c.b.p.a.d.p.s.GestionProductosService - Se encontraron 24 productos con stock bajo
2026-05-10 12:47:06 [http-nio-3000-exec-6] INFO  c.b.p.a.a.v.c.VendedoresRestAdapter - GET /vendedores - Obtener todos los vendedores
2026-05-10 12:47:06 [http-nio-3000-exec-6] DEBUG c.b.p.a.d.v.s.GestionVendedoresService - Obteniendo todos los vendedores
2026-05-10 12:47:06 [http-nio-3000-exec-6] DEBUG c.b.p.a.d.v.s.GestionVendedoresService - Se obtuvieron 10 vendedores
2026-05-10 12:47:06 [http-nio-3000-exec-6] DEBUG c.b.p.a.a.v.c.VendedoresRestAdapter - Se obtuvieron 10 vendedores
2026-05-10 12:47:06 [http-nio-3000-exec-9] DEBUG c.b.p.a.d.a.s.AutorizacionAuthService - Obteniendo perfil por token
2026-05-10 12:47:06 [http-nio-3000-exec-8] INFO  c.b.p.a.a.ventas.VentaRestAdapter - GET /ventas/cierre-jornada - Obtener cierre de jornada para vendedor 0b9544ca-bfbe-4335-821c-5c8eb4b553b2 y fecha 2026-05-10
2026-05-10 12:47:06 [http-nio-3000-exec-8] INFO  c.b.p.a.d.v.s.GestionVentasService - Obteniendo resumen de cierre de jornada para vendedor 0b9544ca-bfbe-4335-821c-5c8eb4b553b2 en fecha 2026-05-10
2026-05-10 12:47:06 [http-nio-3000-exec-3] INFO  c.b.p.a.a.c.CierreJornadaRestAdapter - GET /cierres/vendedor/0b9544ca-bfbe-4335-821c-5c8eb4b553b2 - Historial de cierres
2026-05-10 12:47:06 [http-nio-3000-exec-1] DEBUG c.b.p.a.a.c.c.ClientesRestAdapter - Obteniendo clientes; vendedorId=0b9544ca-bfbe-4335-821c-5c8eb4b553b2
2026-05-10 12:47:06 [http-nio-3000-exec-4] DEBUG c.b.p.a.d.a.s.AutorizacionAuthService - Obteniendo perfil por token
2026-05-10 12:47:06 [http-nio-3000-exec-2] INFO  c.b.p.a.a.ventas.VentaRestAdapter - GET /ventas/cierre-jornada - Obtener cierre de jornada para vendedor 2ab0631c-da17-4bd8-b9b9-237de54711c6 y fecha 2026-05-10
2026-05-10 12:47:06 [http-nio-3000-exec-2] INFO  c.b.p.a.d.v.s.GestionVentasService - Obteniendo resumen de cierre de jornada para vendedor 2ab0631c-da17-4bd8-b9b9-237de54711c6 en fecha 2026-05-10
2026-05-10 12:47:06 [http-nio-3000-exec-1] DEBUG c.b.p.a.d.c.s.GestionClientesService - Obteniendo clientes por vendedor: 0b9544ca-bfbe-4335-821c-5c8eb4b553b2
2026-05-10 12:47:06 [http-nio-3000-exec-1] DEBUG c.b.p.a.i.p.s.a.SupabaseClienteRepositoryAdapter - Obteniendo clientes por vendedorId=0b9544ca-bfbe-4335-821c-5c8eb4b553b2
2026-05-10 12:47:06 [http-nio-3000-exec-5] INFO  c.b.p.a.a.c.CierreJornadaRestAdapter - GET /cierres/vendedor/2ab0631c-da17-4bd8-b9b9-237de54711c6 - Historial de cierres
2026-05-10 12:47:06 [http-nio-3000-exec-7] DEBUG c.b.p.a.d.a.s.AutorizacionAuthService - Obteniendo perfil por token
2026-05-10 12:47:07 [http-nio-3000-exec-4] DEBUG c.b.p.a.d.a.s.AutorizacionAuthService - Perfil obtenido exitosamente para usuario ID: f2dc5b92-7ded-4c42-9e5a-d8a22aaf4a3a
2026-05-10 12:47:07 [http-nio-3000-exec-4] INFO  c.b.p.a.a.i.c.InventarioRestAdapter - GET /inventario/vendedor/2ab0631c-da17-4bd8-b9b9-237de54711c6 - consulta por mateovargas220705@gmail.com
2026-05-10 12:47:07 [http-nio-3000-exec-4] INFO  c.b.p.a.d.i.s.GestionInventarioService - Consultando cargas por vendedor: 2ab0631c-da17-4bd8-b9b9-237de54711c6
2026-05-10 12:47:07 [http-nio-3000-exec-4] DEBUG c.b.p.a.i.p.s.a.SupabaseAsignacionRepositoryAdapter - Consultando asignaciones por vendedor: 2ab0631c-da17-4bd8-b9b9-237de54711c6
2026-05-10 12:47:07 [http-nio-3000-exec-9] DEBUG c.b.p.a.d.a.s.AutorizacionAuthService - Perfil obtenido exitosamente para usuario ID: f2dc5b92-7ded-4c42-9e5a-d8a22aaf4a3a
2026-05-10 12:47:07 [http-nio-3000-exec-6] INFO  c.b.p.a.a.c.CierreJornadaRestAdapter - GET /cierres/vendedor/5e0e4eff-aec3-46df-a77e-d4feeb19394c - Historial de cierres
2026-05-10 12:47:07 [http-nio-3000-exec-10] INFO  c.b.p.a.a.ventas.VentaRestAdapter - GET /ventas/cierre-jornada - Obtener cierre de jornada para vendedor 5e0e4eff-aec3-46df-a77e-d4feeb19394c y fecha 2026-05-10
2026-05-10 12:47:07 [http-nio-3000-exec-10] INFO  c.b.p.a.d.v.s.GestionVentasService - Obteniendo resumen de cierre de jornada para vendedor 5e0e4eff-aec3-46df-a77e-d4feeb19394c en fecha 2026-05-10
2026-05-10 12:47:07 [http-nio-3000-exec-9] INFO  c.b.p.a.a.i.c.InventarioRestAdapter - GET /inventario/vendedor/0b9544ca-bfbe-4335-821c-5c8eb4b553b2 - consulta por mateovargas220705@gmail.com
2026-05-10 12:47:07 [http-nio-3000-exec-9] INFO  c.b.p.a.d.i.s.GestionInventarioService - Consultando cargas por vendedor: 0b9544ca-bfbe-4335-821c-5c8eb4b553b2
2026-05-10 12:47:07 [http-nio-3000-exec-9] DEBUG c.b.p.a.i.p.s.a.SupabaseAsignacionRepositoryAdapter - Consultando asignaciones por vendedor: 0b9544ca-bfbe-4335-821c-5c8eb4b553b2
2026-05-10 12:47:07 [http-nio-3000-exec-3] DEBUG c.b.p.a.a.c.c.ClientesRestAdapter - Obteniendo clientes; vendedorId=2ab0631c-da17-4bd8-b9b9-237de54711c6
2026-05-10 12:47:07 [http-nio-3000-exec-3] DEBUG c.b.p.a.d.c.s.GestionClientesService - Obteniendo clientes por vendedor: 2ab0631c-da17-4bd8-b9b9-237de54711c6
2026-05-10 12:47:07 [http-nio-3000-exec-3] DEBUG c.b.p.a.i.p.s.a.SupabaseClienteRepositoryAdapter - Obteniendo clientes por vendedorId=2ab0631c-da17-4bd8-b9b9-237de54711c6
2026-05-10 12:47:07 [http-nio-3000-exec-4] DEBUG c.b.p.a.i.p.s.a.SupabaseAsignacionRepositoryAdapter - Asignaciones encontradas para vendedor 2ab0631c-da17-4bd8-b9b9-237de54711c6: 9
2026-05-10 12:47:07 [http-nio-3000-exec-1] DEBUG c.b.p.a.a.c.c.ClientesRestAdapter - Obteniendo clientes; vendedorId=5e0e4eff-aec3-46df-a77e-d4feeb19394c
2026-05-10 12:47:07 [http-nio-3000-exec-1] DEBUG c.b.p.a.d.c.s.GestionClientesService - Obteniendo clientes por vendedor: 5e0e4eff-aec3-46df-a77e-d4feeb19394c
2026-05-10 12:47:07 [http-nio-3000-exec-1] DEBUG c.b.p.a.i.p.s.a.SupabaseClienteRepositoryAdapter - Obteniendo clientes por vendedorId=5e0e4eff-aec3-46df-a77e-d4feeb19394c
2026-05-10 12:47:07 [http-nio-3000-exec-7] DEBUG c.b.p.a.d.a.s.AutorizacionAuthService - Perfil obtenido exitosamente para usuario ID: f2dc5b92-7ded-4c42-9e5a-d8a22aaf4a3a
2026-05-10 12:47:07 [http-nio-3000-exec-7] INFO  c.b.p.a.a.i.c.InventarioRestAdapter - GET /inventario/vendedor/5e0e4eff-aec3-46df-a77e-d4feeb19394c - consulta por mateovargas220705@gmail.com
2026-05-10 12:47:07 [http-nio-3000-exec-7] INFO  c.b.p.a.d.i.s.GestionInventarioService - Consultando cargas por vendedor: 5e0e4eff-aec3-46df-a77e-d4feeb19394c
2026-05-10 12:47:07 [http-nio-3000-exec-7] DEBUG c.b.p.a.i.p.s.a.SupabaseAsignacionRepositoryAdapter - Consultando asignaciones por vendedor: 5e0e4eff-aec3-46df-a77e-d4feeb19394c
2026-05-10 12:47:07 [http-nio-3000-exec-2] DEBUG c.b.p.a.d.a.s.AutorizacionAuthService - Obteniendo perfil por token
2026-05-10 12:47:07 [http-nio-3000-exec-9] DEBUG c.b.p.a.i.p.s.a.SupabaseAsignacionRepositoryAdapter - Asignaciones encontradas para vendedor 0b9544ca-bfbe-4335-821c-5c8eb4b553b2: 1
2026-05-10 12:47:07 [http-nio-3000-exec-8] INFO  c.b.p.a.a.ventas.VentaRestAdapter - GET /ventas/cierre-jornada - Obtener cierre de jornada para vendedor 6b0a5026-52f3-475a-a20f-5aacf94764f0 y fecha 2026-05-10
2026-05-10 12:47:07 [http-nio-3000-exec-8] INFO  c.b.p.a.d.v.s.GestionVentasService - Obteniendo resumen de cierre de jornada para vendedor 6b0a5026-52f3-475a-a20f-5aacf94764f0 en fecha 2026-05-10
2026-05-10 12:47:07 [http-nio-3000-exec-5] INFO  c.b.p.a.a.c.CierreJornadaRestAdapter - GET /cierres/vendedor/6b0a5026-52f3-475a-a20f-5aacf94764f0 - Historial de cierres
2026-05-10 12:47:07 [http-nio-3000-exec-6] DEBUG c.b.p.a.d.a.s.AutorizacionAuthService - Obteniendo perfil por token
2026-05-10 12:47:07 [http-nio-3000-exec-7] DEBUG c.b.p.a.i.p.s.a.SupabaseAsignacionRepositoryAdapter - Asignaciones encontradas para vendedor 5e0e4eff-aec3-46df-a77e-d4feeb19394c: 4
2026-05-10 12:47:07 [http-nio-3000-exec-4] INFO  c.b.p.a.a.ventas.VentaRestAdapter - GET /ventas/cierre-jornada - Obtener cierre de jornada para vendedor 73ed0c2b-851c-44c8-a08b-ded6f61924f9 y fecha 2026-05-10
2026-05-10 12:47:07 [http-nio-3000-exec-4] INFO  c.b.p.a.d.v.s.GestionVentasService - Obteniendo resumen de cierre de jornada para vendedor 73ed0c2b-851c-44c8-a08b-ded6f61924f9 en fecha 2026-05-10
2026-05-10 12:47:07 [http-nio-3000-exec-9] DEBUG c.b.p.a.a.c.c.ClientesRestAdapter - Obteniendo clientes; vendedorId=6b0a5026-52f3-475a-a20f-5aacf94764f0
2026-05-10 12:47:07 [http-nio-3000-exec-9] DEBUG c.b.p.a.d.c.s.GestionClientesService - Obteniendo clientes por vendedor: 6b0a5026-52f3-475a-a20f-5aacf94764f0
2026-05-10 12:47:07 [http-nio-3000-exec-9] DEBUG c.b.p.a.i.p.s.a.SupabaseClienteRepositoryAdapter - Obteniendo clientes por vendedorId=6b0a5026-52f3-475a-a20f-5aacf94764f0
2026-05-10 12:47:07 [http-nio-3000-exec-2] DEBUG c.b.p.a.d.a.s.AutorizacionAuthService - Perfil obtenido exitosamente para usuario ID: f2dc5b92-7ded-4c42-9e5a-d8a22aaf4a3a
2026-05-10 12:47:07 [http-nio-3000-exec-2] INFO  c.b.p.a.a.i.c.InventarioRestAdapter - GET /inventario/vendedor/6b0a5026-52f3-475a-a20f-5aacf94764f0 - consulta por mateovargas220705@gmail.com
2026-05-10 12:47:07 [http-nio-3000-exec-2] INFO  c.b.p.a.d.i.s.GestionInventarioService - Consultando cargas por vendedor: 6b0a5026-52f3-475a-a20f-5aacf94764f0
2026-05-10 12:47:07 [http-nio-3000-exec-2] DEBUG c.b.p.a.i.p.s.a.SupabaseAsignacionRepositoryAdapter - Consultando asignaciones por vendedor: 6b0a5026-52f3-475a-a20f-5aacf94764f0
2026-05-10 12:47:07 [http-nio-3000-exec-3] INFO  c.b.p.a.a.c.CierreJornadaRestAdapter - GET /cierres/vendedor/73ed0c2b-851c-44c8-a08b-ded6f61924f9 - Historial de cierres
2026-05-10 12:47:07 [http-nio-3000-exec-1] DEBUG c.b.p.a.a.c.c.ClientesRestAdapter - Obteniendo clientes; vendedorId=73ed0c2b-851c-44c8-a08b-ded6f61924f9
2026-05-10 12:47:07 [http-nio-3000-exec-1] DEBUG c.b.p.a.d.c.s.GestionClientesService - Obteniendo clientes por vendedor: 73ed0c2b-851c-44c8-a08b-ded6f61924f9
2026-05-10 12:47:07 [http-nio-3000-exec-6] DEBUG c.b.p.a.d.a.s.AutorizacionAuthService - Perfil obtenido exitosamente para usuario ID: f2dc5b92-7ded-4c42-9e5a-d8a22aaf4a3a
2026-05-10 12:47:07 [http-nio-3000-exec-6] INFO  c.b.p.a.a.i.c.InventarioRestAdapter - GET /inventario/vendedor/73ed0c2b-851c-44c8-a08b-ded6f61924f9 - consulta por mateovargas220705@gmail.com
2026-05-10 12:47:07 [http-nio-3000-exec-6] INFO  c.b.p.a.d.i.s.GestionInventarioService - Consultando cargas por vendedor: 73ed0c2b-851c-44c8-a08b-ded6f61924f9
2026-05-10 12:47:07 [http-nio-3000-exec-7] DEBUG c.b.p.a.d.a.s.AutorizacionAuthService - Obteniendo perfil por token
2026-05-10 12:47:07 [http-nio-3000-exec-5] INFO  c.b.p.a.a.ventas.VentaRestAdapter - GET /ventas/cierre-jornada - Obtener cierre de jornada para vendedor 7ca8780f-864c-4179-8c8a-9d8ae55b6df8 y fecha 2026-05-10
2026-05-10 12:47:07 [http-nio-3000-exec-5] INFO  c.b.p.a.d.v.s.GestionVentasService - Obteniendo resumen de cierre de jornada para vendedor 7ca8780f-864c-4179-8c8a-9d8ae55b6df8 en fecha 2026-05-10
2026-05-10 12:47:07 [http-nio-3000-exec-1] DEBUG c.b.p.a.i.p.s.a.SupabaseClienteRepositoryAdapter - Obteniendo clientes por vendedorId=73ed0c2b-851c-44c8-a08b-ded6f61924f9
2026-05-10 12:47:07 [http-nio-3000-exec-6] DEBUG c.b.p.a.i.p.s.a.SupabaseAsignacionRepositoryAdapter - Consultando asignaciones por vendedor: 73ed0c2b-851c-44c8-a08b-ded6f61924f9
2026-05-10 12:47:07 [http-nio-3000-exec-2] DEBUG c.b.p.a.i.p.s.a.SupabaseAsignacionRepositoryAdapter - Asignaciones encontradas para vendedor 6b0a5026-52f3-475a-a20f-5aacf94764f0: 31
2026-05-10 12:47:07 [http-nio-3000-exec-9] INFO  c.b.p.a.a.c.CierreJornadaRestAdapter - GET /cierres/vendedor/7ca8780f-864c-4179-8c8a-9d8ae55b6df8 - Historial de cierres
2026-05-10 12:47:07 [http-nio-3000-exec-6] DEBUG c.b.p.a.i.p.s.a.SupabaseAsignacionRepositoryAdapter - Asignaciones encontradas para vendedor 73ed0c2b-851c-44c8-a08b-ded6f61924f9: 4
2026-05-10 12:47:07 [http-nio-3000-exec-10] DEBUG c.b.p.a.d.a.s.AutorizacionAuthService - Obteniendo perfil por token
2026-05-10 12:47:07 [http-nio-3000-exec-4] DEBUG c.b.p.a.a.c.c.ClientesRestAdapter - Obteniendo clientes; vendedorId=7ca8780f-864c-4179-8c8a-9d8ae55b6df8
2026-05-10 12:47:07 [http-nio-3000-exec-4] DEBUG c.b.p.a.d.c.s.GestionClientesService - Obteniendo clientes por vendedor: 7ca8780f-864c-4179-8c8a-9d8ae55b6df8
2026-05-10 12:47:07 [http-nio-3000-exec-4] DEBUG c.b.p.a.i.p.s.a.SupabaseClienteRepositoryAdapter - Obteniendo clientes por vendedorId=7ca8780f-864c-4179-8c8a-9d8ae55b6df8
2026-05-10 12:47:07 [http-nio-3000-exec-3] INFO  c.b.p.a.a.ventas.VentaRestAdapter - GET /ventas/cierre-jornada - Obtener cierre de jornada para vendedor 7dec6fc9-8ddc-48c6-86a3-a1dbfc46f80e y fecha 2026-05-10
2026-05-10 12:47:07 [http-nio-3000-exec-3] INFO  c.b.p.a.d.v.s.GestionVentasService - Obteniendo resumen de cierre de jornada para vendedor 7dec6fc9-8ddc-48c6-86a3-a1dbfc46f80e en fecha 2026-05-10
2026-05-10 12:47:07 [http-nio-3000-exec-2] INFO  c.b.p.a.a.c.CierreJornadaRestAdapter - GET /cierres/vendedor/7dec6fc9-8ddc-48c6-86a3-a1dbfc46f80e - Historial de cierres
2026-05-10 12:47:08 [http-nio-3000-exec-8] DEBUG c.b.p.a.a.c.c.ClientesRestAdapter - Obteniendo clientes; vendedorId=7dec6fc9-8ddc-48c6-86a3-a1dbfc46f80e
2026-05-10 12:47:08 [http-nio-3000-exec-8] DEBUG c.b.p.a.d.c.s.GestionClientesService - Obteniendo clientes por vendedor: 7dec6fc9-8ddc-48c6-86a3-a1dbfc46f80e
2026-05-10 12:47:08 [http-nio-3000-exec-8] DEBUG c.b.p.a.i.p.s.a.SupabaseClienteRepositoryAdapter - Obteniendo clientes por vendedorId=7dec6fc9-8ddc-48c6-86a3-a1dbfc46f80e
2026-05-10 12:47:08 [http-nio-3000-exec-7] DEBUG c.b.p.a.d.a.s.AutorizacionAuthService - Perfil obtenido exitosamente para usuario ID: f2dc5b92-7ded-4c42-9e5a-d8a22aaf4a3a
2026-05-10 12:47:08 [http-nio-3000-exec-7] INFO  c.b.p.a.a.i.c.InventarioRestAdapter - GET /inventario/vendedor/7ca8780f-864c-4179-8c8a-9d8ae55b6df8 - consulta por mateovargas220705@gmail.com
2026-05-10 12:47:08 [http-nio-3000-exec-7] INFO  c.b.p.a.d.i.s.GestionInventarioService - Consultando cargas por vendedor: 7ca8780f-864c-4179-8c8a-9d8ae55b6df8
2026-05-10 12:47:08 [http-nio-3000-exec-1] DEBUG c.b.p.a.d.a.s.AutorizacionAuthService - Obteniendo perfil por token
2026-05-10 12:47:08 [http-nio-3000-exec-7] DEBUG c.b.p.a.i.p.s.a.SupabaseAsignacionRepositoryAdapter - Consultando asignaciones por vendedor: 7ca8780f-864c-4179-8c8a-9d8ae55b6df8
2026-05-10 12:47:08 [http-nio-3000-exec-9] INFO  c.b.p.a.a.ventas.VentaRestAdapter - GET /ventas/cierre-jornada - Obtener cierre de jornada para vendedor 86676371-8389-4969-89b4-6a10d3e65cbd y fecha 2026-05-10
2026-05-10 12:47:08 [http-nio-3000-exec-9] INFO  c.b.p.a.d.v.s.GestionVentasService - Obteniendo resumen de cierre de jornada para vendedor 86676371-8389-4969-89b4-6a10d3e65cbd en fecha 2026-05-10
2026-05-10 12:47:08 [http-nio-3000-exec-7] DEBUG c.b.p.a.i.p.s.a.SupabaseAsignacionRepositoryAdapter - Asignaciones encontradas para vendedor 7ca8780f-864c-4179-8c8a-9d8ae55b6df8: 3
2026-05-10 12:47:08 [http-nio-3000-exec-10] DEBUG c.b.p.a.d.a.s.AutorizacionAuthService - Perfil obtenido exitosamente para usuario ID: f2dc5b92-7ded-4c42-9e5a-d8a22aaf4a3a
2026-05-10 12:47:08 [http-nio-3000-exec-10] INFO  c.b.p.a.a.i.c.InventarioRestAdapter - GET /inventario/vendedor/7dec6fc9-8ddc-48c6-86a3-a1dbfc46f80e - consulta por mateovargas220705@gmail.com
2026-05-10 12:47:08 [http-nio-3000-exec-10] INFO  c.b.p.a.d.i.s.GestionInventarioService - Consultando cargas por vendedor: 7dec6fc9-8ddc-48c6-86a3-a1dbfc46f80e
2026-05-10 12:47:08 [http-nio-3000-exec-10] DEBUG c.b.p.a.i.p.s.a.SupabaseAsignacionRepositoryAdapter - Consultando asignaciones por vendedor: 7dec6fc9-8ddc-48c6-86a3-a1dbfc46f80e
2026-05-10 12:47:08 [http-nio-3000-exec-6] INFO  c.b.p.a.a.c.CierreJornadaRestAdapter - GET /cierres/vendedor/86676371-8389-4969-89b4-6a10d3e65cbd - Historial de cierres
2026-05-10 12:47:08 [http-nio-3000-exec-5] DEBUG c.b.p.a.a.c.c.ClientesRestAdapter - Obteniendo clientes; vendedorId=86676371-8389-4969-89b4-6a10d3e65cbd
2026-05-10 12:47:08 [http-nio-3000-exec-5] DEBUG c.b.p.a.d.c.s.GestionClientesService - Obteniendo clientes por vendedor: 86676371-8389-4969-89b4-6a10d3e65cbd
2026-05-10 12:47:08 [http-nio-3000-exec-5] DEBUG c.b.p.a.i.p.s.a.SupabaseClienteRepositoryAdapter - Obteniendo clientes por vendedorId=86676371-8389-4969-89b4-6a10d3e65cbd
2026-05-10 12:47:08 [http-nio-3000-exec-4] DEBUG c.b.p.a.d.a.s.AutorizacionAuthService - Obteniendo perfil por token
2026-05-10 12:47:08 [http-nio-3000-exec-1] DEBUG c.b.p.a.d.a.s.AutorizacionAuthService - Perfil obtenido exitosamente para usuario ID: f2dc5b92-7ded-4c42-9e5a-d8a22aaf4a3a
2026-05-10 12:47:08 [http-nio-3000-exec-1] INFO  c.b.p.a.a.i.c.InventarioRestAdapter - GET /inventario/vendedor/86676371-8389-4969-89b4-6a10d3e65cbd - consulta por mateovargas220705@gmail.com
2026-05-10 12:47:08 [http-nio-3000-exec-1] INFO  c.b.p.a.d.i.s.GestionInventarioService - Consultando cargas por vendedor: 86676371-8389-4969-89b4-6a10d3e65cbd
2026-05-10 12:47:08 [http-nio-3000-exec-10] DEBUG c.b.p.a.i.p.s.a.SupabaseAsignacionRepositoryAdapter - Asignaciones encontradas para vendedor 7dec6fc9-8ddc-48c6-86a3-a1dbfc46f80e: 1
2026-05-10 12:47:08 [http-nio-3000-exec-1] DEBUG c.b.p.a.i.p.s.a.SupabaseAsignacionRepositoryAdapter - Consultando asignaciones por vendedor: 86676371-8389-4969-89b4-6a10d3e65cbd
2026-05-10 12:47:08 [http-nio-3000-exec-8] INFO  c.b.p.a.a.c.CierreJornadaRestAdapter - GET /cierres/vendedor/997e2337-32a6-4ba5-84fb-873ef1b6036f - Historial de cierres
2026-05-10 12:47:08 [http-nio-3000-exec-2] INFO  c.b.p.a.a.ventas.VentaRestAdapter - GET /ventas/cierre-jornada - Obtener cierre de jornada para vendedor 997e2337-32a6-4ba5-84fb-873ef1b6036f y fecha 2026-05-10
2026-05-10 12:47:08 [http-nio-3000-exec-7] DEBUG c.b.p.a.a.c.c.ClientesRestAdapter - Obteniendo clientes; vendedorId=997e2337-32a6-4ba5-84fb-873ef1b6036f
2026-05-10 12:47:08 [http-nio-3000-exec-3] DEBUG c.b.p.a.d.a.s.AutorizacionAuthService - Obteniendo perfil por token
2026-05-10 12:47:08 [http-nio-3000-exec-7] DEBUG c.b.p.a.d.c.s.GestionClientesService - Obteniendo clientes por vendedor: 997e2337-32a6-4ba5-84fb-873ef1b6036f
2026-05-10 12:47:08 [http-nio-3000-exec-2] INFO  c.b.p.a.d.v.s.GestionVentasService - Obteniendo resumen de cierre de jornada para vendedor 997e2337-32a6-4ba5-84fb-873ef1b6036f en fecha 2026-05-10
2026-05-10 12:47:08 [http-nio-3000-exec-7] DEBUG c.b.p.a.i.p.s.a.SupabaseClienteRepositoryAdapter - Obteniendo clientes por vendedorId=997e2337-32a6-4ba5-84fb-873ef1b6036f
2026-05-10 12:47:08 [http-nio-3000-exec-1] DEBUG c.b.p.a.i.p.s.a.SupabaseAsignacionRepositoryAdapter - Asignaciones encontradas para vendedor 86676371-8389-4969-89b4-6a10d3e65cbd: 6
2026-05-10 12:47:08 [http-nio-3000-exec-4] DEBUG c.b.p.a.d.a.s.AutorizacionAuthService - Perfil obtenido exitosamente para usuario ID: f2dc5b92-7ded-4c42-9e5a-d8a22aaf4a3a
2026-05-10 12:47:08 [http-nio-3000-exec-4] INFO  c.b.p.a.a.i.c.InventarioRestAdapter - GET /inventario/vendedor/997e2337-32a6-4ba5-84fb-873ef1b6036f - consulta por mateovargas220705@gmail.com
2026-05-10 12:47:08 [http-nio-3000-exec-6] INFO  c.b.p.a.a.ventas.VentaRestAdapter - GET /ventas/cierre-jornada - Obtener cierre de jornada para vendedor c1cbc4b0-eafd-490a-be95-b1c42036ad16 y fecha 2026-05-10
2026-05-10 12:47:08 [http-nio-3000-exec-4] INFO  c.b.p.a.d.i.s.GestionInventarioService - Consultando cargas por vendedor: 997e2337-32a6-4ba5-84fb-873ef1b6036f
2026-05-10 12:47:08 [http-nio-3000-exec-6] INFO  c.b.p.a.d.v.s.GestionVentasService - Obteniendo resumen de cierre de jornada para vendedor c1cbc4b0-eafd-490a-be95-b1c42036ad16 en fecha 2026-05-10
2026-05-10 12:47:08 [http-nio-3000-exec-4] DEBUG c.b.p.a.i.p.s.a.SupabaseAsignacionRepositoryAdapter - Consultando asignaciones por vendedor: 997e2337-32a6-4ba5-84fb-873ef1b6036f
2026-05-10 12:47:08 [http-nio-3000-exec-10] INFO  c.b.p.a.a.c.CierreJornadaRestAdapter - GET /cierres/vendedor/c1cbc4b0-eafd-490a-be95-b1c42036ad16 - Historial de cierres
2026-05-10 12:47:08 [http-nio-3000-exec-9] DEBUG c.b.p.a.a.c.c.ClientesRestAdapter - Obteniendo clientes; vendedorId=c1cbc4b0-eafd-490a-be95-b1c42036ad16
2026-05-10 12:47:08 [http-nio-3000-exec-9] DEBUG c.b.p.a.d.c.s.GestionClientesService - Obteniendo clientes por vendedor: c1cbc4b0-eafd-490a-be95-b1c42036ad16
2026-05-10 12:47:08 [http-nio-3000-exec-9] DEBUG c.b.p.a.i.p.s.a.SupabaseClienteRepositoryAdapter - Obteniendo clientes por vendedorId=c1cbc4b0-eafd-490a-be95-b1c42036ad16
2026-05-10 12:47:08 [http-nio-3000-exec-4] DEBUG c.b.p.a.i.p.s.a.SupabaseAsignacionRepositoryAdapter - Asignaciones encontradas para vendedor 997e2337-32a6-4ba5-84fb-873ef1b6036f: 1
2026-05-10 12:47:08 [http-nio-3000-exec-3] DEBUG c.b.p.a.d.a.s.AutorizacionAuthService - Perfil obtenido exitosamente para usuario ID: f2dc5b92-7ded-4c42-9e5a-d8a22aaf4a3a
2026-05-10 12:47:08 [http-nio-3000-exec-3] INFO  c.b.p.a.a.i.c.InventarioRestAdapter - GET /inventario/vendedor/c1cbc4b0-eafd-490a-be95-b1c42036ad16 - consulta por mateovargas220705@gmail.com
2026-05-10 12:47:08 [http-nio-3000-exec-3] INFO  c.b.p.a.d.i.s.GestionInventarioService - Consultando cargas por vendedor: c1cbc4b0-eafd-490a-be95-b1c42036ad16
2026-05-10 12:47:08 [http-nio-3000-exec-3] DEBUG c.b.p.a.i.p.s.a.SupabaseAsignacionRepositoryAdapter - Consultando asignaciones por vendedor: c1cbc4b0-eafd-490a-be95-b1c42036ad16
2026-05-10 12:47:08 [http-nio-3000-exec-5] INFO  c.b.p.a.a.ventas.VentaRestAdapter - GET /ventas - Listar ventas resumidas
2026-05-10 12:47:08 [http-nio-3000-exec-5] INFO  c.b.p.a.d.v.s.GestionVentasService - Obteniendo listado de ventas resumidas
2026-05-10 12:47:08 [http-nio-3000-exec-3] DEBUG c.b.p.a.i.p.s.a.SupabaseAsignacionRepositoryAdapter - Asignaciones encontradas para vendedor c1cbc4b0-eafd-490a-be95-b1c42036ad16: 1
2026-05-10 12:47:29 [http-nio-3000-exec-1] INFO  c.b.p.a.a.v.c.VendedoresRestAdapter - GET /vendedores - Obtener todos los vendedores
2026-05-10 12:47:29 [http-nio-3000-exec-1] DEBUG c.b.p.a.d.v.s.GestionVendedoresService - Obteniendo todos los vendedores
2026-05-10 12:47:30 [http-nio-3000-exec-1] DEBUG c.b.p.a.d.v.s.GestionVendedoresService - Se obtuvieron 10 vendedores
2026-05-10 12:47:30 [http-nio-3000-exec-1] DEBUG c.b.p.a.a.v.c.VendedoresRestAdapter - Se obtuvieron 10 vendedores
2026-05-10 12:47:30 [http-nio-3000-exec-8] DEBUG c.b.p.a.a.c.c.ClientesRestAdapter - Obteniendo clientes; vendedorId=0b9544ca-bfbe-4335-821c-5c8eb4b553b2
2026-05-10 12:47:30 [http-nio-3000-exec-4] DEBUG c.b.p.a.a.c.c.ClientesRestAdapter - Obteniendo clientes; vendedorId=5e0e4eff-aec3-46df-a77e-d4feeb19394c
2026-05-10 12:47:30 [http-nio-3000-exec-4] DEBUG c.b.p.a.d.c.s.GestionClientesService - Obteniendo clientes por vendedor: 5e0e4eff-aec3-46df-a77e-d4feeb19394c
2026-05-10 12:47:30 [http-nio-3000-exec-4] DEBUG c.b.p.a.i.p.s.a.SupabaseClienteRepositoryAdapter - Obteniendo clientes por vendedorId=5e0e4eff-aec3-46df-a77e-d4feeb19394c
2026-05-10 12:47:30 [http-nio-3000-exec-10] DEBUG c.b.p.a.a.c.c.ClientesRestAdapter - Obteniendo clientes; vendedorId=73ed0c2b-851c-44c8-a08b-ded6f61924f9
2026-05-10 12:47:30 [http-nio-3000-exec-10] DEBUG c.b.p.a.d.c.s.GestionClientesService - Obteniendo clientes por vendedor: 73ed0c2b-851c-44c8-a08b-ded6f61924f9
2026-05-10 12:47:30 [http-nio-3000-exec-10] DEBUG c.b.p.a.i.p.s.a.SupabaseClienteRepositoryAdapter - Obteniendo clientes por vendedorId=73ed0c2b-851c-44c8-a08b-ded6f61924f9
2026-05-10 12:47:30 [http-nio-3000-exec-7] DEBUG c.b.p.a.a.c.c.ClientesRestAdapter - Obteniendo clientes; vendedorId=2ab0631c-da17-4bd8-b9b9-237de54711c6
2026-05-10 12:47:30 [http-nio-3000-exec-8] DEBUG c.b.p.a.d.c.s.GestionClientesService - Obteniendo clientes por vendedor: 0b9544ca-bfbe-4335-821c-5c8eb4b553b2
2026-05-10 12:47:30 [http-nio-3000-exec-2] DEBUG c.b.p.a.a.c.c.ClientesRestAdapter - Obteniendo clientes; vendedorId=6b0a5026-52f3-475a-a20f-5aacf94764f0
2026-05-10 12:47:30 [http-nio-3000-exec-9] DEBUG c.b.p.a.a.c.c.ClientesRestAdapter - Obteniendo clientes; vendedorId=7ca8780f-864c-4179-8c8a-9d8ae55b6df8
2026-05-10 12:47:30 [http-nio-3000-exec-7] DEBUG c.b.p.a.d.c.s.GestionClientesService - Obteniendo clientes por vendedor: 2ab0631c-da17-4bd8-b9b9-237de54711c6
2026-05-10 12:47:30 [http-nio-3000-exec-8] DEBUG c.b.p.a.i.p.s.a.SupabaseClienteRepositoryAdapter - Obteniendo clientes por vendedorId=0b9544ca-bfbe-4335-821c-5c8eb4b553b2
2026-05-10 12:47:30 [http-nio-3000-exec-2] DEBUG c.b.p.a.d.c.s.GestionClientesService - Obteniendo clientes por vendedor: 6b0a5026-52f3-475a-a20f-5aacf94764f0
2026-05-10 12:47:30 [http-nio-3000-exec-2] DEBUG c.b.p.a.i.p.s.a.SupabaseClienteRepositoryAdapter - Obteniendo clientes por vendedorId=6b0a5026-52f3-475a-a20f-5aacf94764f0
2026-05-10 12:47:30 [http-nio-3000-exec-9] DEBUG c.b.p.a.d.c.s.GestionClientesService - Obteniendo clientes por vendedor: 7ca8780f-864c-4179-8c8a-9d8ae55b6df8
2026-05-10 12:47:30 [http-nio-3000-exec-7] DEBUG c.b.p.a.i.p.s.a.SupabaseClienteRepositoryAdapter - Obteniendo clientes por vendedorId=2ab0631c-da17-4bd8-b9b9-237de54711c6
2026-05-10 12:47:30 [http-nio-3000-exec-9] DEBUG c.b.p.a.i.p.s.a.SupabaseClienteRepositoryAdapter - Obteniendo clientes por vendedorId=7ca8780f-864c-4179-8c8a-9d8ae55b6df8
2026-05-10 12:47:30 [http-nio-3000-exec-6] DEBUG c.b.p.a.a.c.c.ClientesRestAdapter - Obteniendo clientes; vendedorId=7dec6fc9-8ddc-48c6-86a3-a1dbfc46f80e
2026-05-10 12:47:30 [http-nio-3000-exec-6] DEBUG c.b.p.a.d.c.s.GestionClientesService - Obteniendo clientes por vendedor: 7dec6fc9-8ddc-48c6-86a3-a1dbfc46f80e
2026-05-10 12:47:30 [http-nio-3000-exec-6] DEBUG c.b.p.a.i.p.s.a.SupabaseClienteRepositoryAdapter - Obteniendo clientes por vendedorId=7dec6fc9-8ddc-48c6-86a3-a1dbfc46f80e
2026-05-10 12:47:30 [http-nio-3000-exec-3] DEBUG c.b.p.a.a.c.c.ClientesRestAdapter - Obteniendo clientes; vendedorId=86676371-8389-4969-89b4-6a10d3e65cbd
2026-05-10 12:47:30 [http-nio-3000-exec-3] DEBUG c.b.p.a.d.c.s.GestionClientesService - Obteniendo clientes por vendedor: 86676371-8389-4969-89b4-6a10d3e65cbd
2026-05-10 12:47:30 [http-nio-3000-exec-3] DEBUG c.b.p.a.i.p.s.a.SupabaseClienteRepositoryAdapter - Obteniendo clientes por vendedorId=86676371-8389-4969-89b4-6a10d3e65cbd
2026-05-10 12:47:30 [http-nio-3000-exec-5] DEBUG c.b.p.a.a.c.c.ClientesRestAdapter - Obteniendo clientes; vendedorId=997e2337-32a6-4ba5-84fb-873ef1b6036f
2026-05-10 12:47:30 [http-nio-3000-exec-5] DEBUG c.b.p.a.d.c.s.GestionClientesService - Obteniendo clientes por vendedor: 997e2337-32a6-4ba5-84fb-873ef1b6036f
2026-05-10 12:47:30 [http-nio-3000-exec-1] DEBUG c.b.p.a.a.c.c.ClientesRestAdapter - Obteniendo clientes; vendedorId=c1cbc4b0-eafd-490a-be95-b1c42036ad16
2026-05-10 12:47:30 [http-nio-3000-exec-5] DEBUG c.b.p.a.i.p.s.a.SupabaseClienteRepositoryAdapter - Obteniendo clientes por vendedorId=997e2337-32a6-4ba5-84fb-873ef1b6036f
2026-05-10 12:47:30 [http-nio-3000-exec-1] DEBUG c.b.p.a.d.c.s.GestionClientesService - Obteniendo clientes por vendedor: c1cbc4b0-eafd-490a-be95-b1c42036ad16
2026-05-10 12:47:30 [http-nio-3000-exec-1] DEBUG c.b.p.a.i.p.s.a.SupabaseClienteRepositoryAdapter - Obteniendo clientes por vendedorId=c1cbc4b0-eafd-490a-be95-b1c42036ad16
2026-05-10 12:47:43 [http-nio-3000-exec-4] INFO  c.b.p.a.a.v.c.VendedoresRestAdapter - GET /vendedores - Obtener todos los vendedores
2026-05-10 12:47:43 [http-nio-3000-exec-4] DEBUG c.b.p.a.d.v.s.GestionVendedoresService - Obteniendo todos los vendedores
2026-05-10 12:47:43 [http-nio-3000-exec-4] DEBUG c.b.p.a.d.v.s.GestionVendedoresService - Se obtuvieron 10 vendedores
2026-05-10 12:47:43 [http-nio-3000-exec-4] DEBUG c.b.p.a.a.v.c.VendedoresRestAdapter - Se obtuvieron 10 vendedores
2026-05-10 12:47:43 [http-nio-3000-exec-2] DEBUG c.b.p.a.d.a.s.AutorizacionAuthService - Obteniendo perfil por token
2026-05-10 12:47:43 [http-nio-3000-exec-10] INFO  c.b.p.a.a.ventas.VentaRestAdapter - GET /ventas/cierre-jornada - Obtener cierre de jornada para vendedor 0b9544ca-bfbe-4335-821c-5c8eb4b553b2 y fecha 2026-05-10
2026-05-10 12:47:43 [http-nio-3000-exec-10] INFO  c.b.p.a.d.v.s.GestionVentasService - Obteniendo resumen de cierre de jornada para vendedor 0b9544ca-bfbe-4335-821c-5c8eb4b553b2 en fecha 2026-05-10
2026-05-10 12:47:43 [http-nio-3000-exec-8] INFO  c.b.p.a.a.c.CierreJornadaRestAdapter - GET /cierres/vendedor/0b9544ca-bfbe-4335-821c-5c8eb4b553b2 - Historial de cierres
2026-05-10 12:47:43 [http-nio-3000-exec-7] DEBUG c.b.p.a.a.c.c.ClientesRestAdapter - Obteniendo clientes; vendedorId=0b9544ca-bfbe-4335-821c-5c8eb4b553b2
2026-05-10 12:47:43 [http-nio-3000-exec-6] INFO  c.b.p.a.a.ventas.VentaRestAdapter - GET /ventas/cierre-jornada - Obtener cierre de jornada para vendedor 2ab0631c-da17-4bd8-b9b9-237de54711c6 y fecha 2026-05-10
2026-05-10 12:47:43 [http-nio-3000-exec-9] DEBUG c.b.p.a.d.a.s.AutorizacionAuthService - Obteniendo perfil por token
2026-05-10 12:47:43 [http-nio-3000-exec-7] DEBUG c.b.p.a.d.c.s.GestionClientesService - Obteniendo clientes por vendedor: 0b9544ca-bfbe-4335-821c-5c8eb4b553b2
2026-05-10 12:47:43 [http-nio-3000-exec-7] DEBUG c.b.p.a.i.p.s.a.SupabaseClienteRepositoryAdapter - Obteniendo clientes por vendedorId=0b9544ca-bfbe-4335-821c-5c8eb4b553b2
2026-05-10 12:47:43 [http-nio-3000-exec-6] INFO  c.b.p.a.d.v.s.GestionVentasService - Obteniendo resumen de cierre de jornada para vendedor 2ab0631c-da17-4bd8-b9b9-237de54711c6 en fecha 2026-05-10
2026-05-10 12:47:43 [http-nio-3000-exec-3] INFO  c.b.p.a.a.c.CierreJornadaRestAdapter - GET /cierres/vendedor/2ab0631c-da17-4bd8-b9b9-237de54711c6 - Historial de cierres
2026-05-10 12:47:43 [http-nio-3000-exec-1] DEBUG c.b.p.a.a.c.c.ClientesRestAdapter - Obteniendo clientes; vendedorId=2ab0631c-da17-4bd8-b9b9-237de54711c6
2026-05-10 12:47:43 [http-nio-3000-exec-1] DEBUG c.b.p.a.d.c.s.GestionClientesService - Obteniendo clientes por vendedor: 2ab0631c-da17-4bd8-b9b9-237de54711c6
2026-05-10 12:47:43 [http-nio-3000-exec-1] DEBUG c.b.p.a.i.p.s.a.SupabaseClienteRepositoryAdapter - Obteniendo clientes por vendedorId=2ab0631c-da17-4bd8-b9b9-237de54711c6
2026-05-10 12:47:43 [http-nio-3000-exec-2] DEBUG c.b.p.a.d.a.s.AutorizacionAuthService - Perfil obtenido exitosamente para usuario ID: f2dc5b92-7ded-4c42-9e5a-d8a22aaf4a3a
2026-05-10 12:47:43 [http-nio-3000-exec-2] INFO  c.b.p.a.a.i.c.InventarioRestAdapter - GET /inventario/vendedor/0b9544ca-bfbe-4335-821c-5c8eb4b553b2 - consulta por mateovargas220705@gmail.com
2026-05-10 12:47:43 [http-nio-3000-exec-2] INFO  c.b.p.a.d.i.s.GestionInventarioService - Consultando cargas por vendedor: 0b9544ca-bfbe-4335-821c-5c8eb4b553b2
2026-05-10 12:47:43 [http-nio-3000-exec-2] DEBUG c.b.p.a.i.p.s.a.SupabaseAsignacionRepositoryAdapter - Consultando asignaciones por vendedor: 0b9544ca-bfbe-4335-821c-5c8eb4b553b2
2026-05-10 12:47:43 [http-nio-3000-exec-5] DEBUG c.b.p.a.d.a.s.AutorizacionAuthService - Obteniendo perfil por token
2026-05-10 12:47:43 [http-nio-3000-exec-4] INFO  c.b.p.a.a.ventas.VentaRestAdapter - GET /ventas/cierre-jornada - Obtener cierre de jornada para vendedor 5e0e4eff-aec3-46df-a77e-d4feeb19394c y fecha 2026-05-10
2026-05-10 12:47:43 [http-nio-3000-exec-4] INFO  c.b.p.a.d.v.s.GestionVentasService - Obteniendo resumen de cierre de jornada para vendedor 5e0e4eff-aec3-46df-a77e-d4feeb19394c en fecha 2026-05-10
2026-05-10 12:47:43 [http-nio-3000-exec-8] INFO  c.b.p.a.a.c.CierreJornadaRestAdapter - GET /cierres/vendedor/5e0e4eff-aec3-46df-a77e-d4feeb19394c - Historial de cierres
2026-05-10 12:47:43 [http-nio-3000-exec-7] DEBUG c.b.p.a.a.c.c.ClientesRestAdapter - Obteniendo clientes; vendedorId=5e0e4eff-aec3-46df-a77e-d4feeb19394c
2026-05-10 12:47:43 [http-nio-3000-exec-7] DEBUG c.b.p.a.d.c.s.GestionClientesService - Obteniendo clientes por vendedor: 5e0e4eff-aec3-46df-a77e-d4feeb19394c
2026-05-10 12:47:43 [http-nio-3000-exec-7] DEBUG c.b.p.a.i.p.s.a.SupabaseClienteRepositoryAdapter - Obteniendo clientes por vendedorId=5e0e4eff-aec3-46df-a77e-d4feeb19394c
2026-05-10 12:47:43 [http-nio-3000-exec-9] DEBUG c.b.p.a.d.a.s.AutorizacionAuthService - Perfil obtenido exitosamente para usuario ID: f2dc5b92-7ded-4c42-9e5a-d8a22aaf4a3a
2026-05-10 12:47:43 [http-nio-3000-exec-9] INFO  c.b.p.a.a.i.c.InventarioRestAdapter - GET /inventario/vendedor/2ab0631c-da17-4bd8-b9b9-237de54711c6 - consulta por mateovargas220705@gmail.com
2026-05-10 12:47:43 [http-nio-3000-exec-9] INFO  c.b.p.a.d.i.s.GestionInventarioService - Consultando cargas por vendedor: 2ab0631c-da17-4bd8-b9b9-237de54711c6
2026-05-10 12:47:43 [http-nio-3000-exec-9] DEBUG c.b.p.a.i.p.s.a.SupabaseAsignacionRepositoryAdapter - Consultando asignaciones por vendedor: 2ab0631c-da17-4bd8-b9b9-237de54711c6
2026-05-10 12:47:43 [http-nio-3000-exec-2] DEBUG c.b.p.a.i.p.s.a.SupabaseAsignacionRepositoryAdapter - Asignaciones encontradas para vendedor 0b9544ca-bfbe-4335-821c-5c8eb4b553b2: 1
2026-05-10 12:47:43 [http-nio-3000-exec-9] DEBUG c.b.p.a.i.p.s.a.SupabaseAsignacionRepositoryAdapter - Asignaciones encontradas para vendedor 2ab0631c-da17-4bd8-b9b9-237de54711c6: 9
2026-05-10 12:47:43 [http-nio-3000-exec-6] DEBUG c.b.p.a.d.a.s.AutorizacionAuthService - Obteniendo perfil por token
2026-05-10 12:47:43 [http-nio-3000-exec-1] INFO  c.b.p.a.a.c.CierreJornadaRestAdapter - GET /cierres/vendedor/6b0a5026-52f3-475a-a20f-5aacf94764f0 - Historial de cierres
2026-05-10 12:47:43 [http-nio-3000-exec-3] INFO  c.b.p.a.a.ventas.VentaRestAdapter - GET /ventas/cierre-jornada - Obtener cierre de jornada para vendedor 6b0a5026-52f3-475a-a20f-5aacf94764f0 y fecha 2026-05-10
2026-05-10 12:47:43 [http-nio-3000-exec-3] INFO  c.b.p.a.d.v.s.GestionVentasService - Obteniendo resumen de cierre de jornada para vendedor 6b0a5026-52f3-475a-a20f-5aacf94764f0 en fecha 2026-05-10
2026-05-10 12:47:43 [http-nio-3000-exec-2] DEBUG c.b.p.a.d.a.s.AutorizacionAuthService - Obteniendo perfil por token
2026-05-10 12:47:43 [http-nio-3000-exec-5] DEBUG c.b.p.a.d.a.s.AutorizacionAuthService - Perfil obtenido exitosamente para usuario ID: f2dc5b92-7ded-4c42-9e5a-d8a22aaf4a3a
2026-05-10 12:47:43 [http-nio-3000-exec-5] INFO  c.b.p.a.a.i.c.InventarioRestAdapter - GET /inventario/vendedor/5e0e4eff-aec3-46df-a77e-d4feeb19394c - consulta por mateovargas220705@gmail.com
2026-05-10 12:47:43 [http-nio-3000-exec-5] INFO  c.b.p.a.d.i.s.GestionInventarioService - Consultando cargas por vendedor: 5e0e4eff-aec3-46df-a77e-d4feeb19394c
2026-05-10 12:47:43 [http-nio-3000-exec-5] DEBUG c.b.p.a.i.p.s.a.SupabaseAsignacionRepositoryAdapter - Consultando asignaciones por vendedor: 5e0e4eff-aec3-46df-a77e-d4feeb19394c
2026-05-10 12:47:43 [http-nio-3000-exec-10] INFO  c.b.p.a.a.ventas.VentaRestAdapter - GET /ventas/cierre-jornada - Obtener cierre de jornada para vendedor 73ed0c2b-851c-44c8-a08b-ded6f61924f9 y fecha 2026-05-10
2026-05-10 12:47:43 [http-nio-3000-exec-10] INFO  c.b.p.a.d.v.s.GestionVentasService - Obteniendo resumen de cierre de jornada para vendedor 73ed0c2b-851c-44c8-a08b-ded6f61924f9 en fecha 2026-05-10
2026-05-10 12:47:44 [http-nio-3000-exec-5] DEBUG c.b.p.a.i.p.s.a.SupabaseAsignacionRepositoryAdapter - Asignaciones encontradas para vendedor 5e0e4eff-aec3-46df-a77e-d4feeb19394c: 4
2026-05-10 12:47:44 [http-nio-3000-exec-8] INFO  c.b.p.a.a.c.CierreJornadaRestAdapter - GET /cierres/vendedor/73ed0c2b-851c-44c8-a08b-ded6f61924f9 - Historial de cierres
2026-05-10 12:47:44 [http-nio-3000-exec-6] DEBUG c.b.p.a.d.a.s.AutorizacionAuthService - Perfil obtenido exitosamente para usuario ID: f2dc5b92-7ded-4c42-9e5a-d8a22aaf4a3a
2026-05-10 12:47:44 [http-nio-3000-exec-6] INFO  c.b.p.a.a.i.c.InventarioRestAdapter - GET /inventario/vendedor/6b0a5026-52f3-475a-a20f-5aacf94764f0 - consulta por mateovargas220705@gmail.com
2026-05-10 12:47:44 [http-nio-3000-exec-6] INFO  c.b.p.a.d.i.s.GestionInventarioService - Consultando cargas por vendedor: 6b0a5026-52f3-475a-a20f-5aacf94764f0
2026-05-10 12:47:44 [http-nio-3000-exec-6] DEBUG c.b.p.a.i.p.s.a.SupabaseAsignacionRepositoryAdapter - Consultando asignaciones por vendedor: 6b0a5026-52f3-475a-a20f-5aacf94764f0
2026-05-10 12:47:44 [http-nio-3000-exec-2] DEBUG c.b.p.a.d.a.s.AutorizacionAuthService - Perfil obtenido exitosamente para usuario ID: f2dc5b92-7ded-4c42-9e5a-d8a22aaf4a3a
2026-05-10 12:47:44 [http-nio-3000-exec-2] INFO  c.b.p.a.a.i.c.InventarioRestAdapter - GET /inventario/vendedor/73ed0c2b-851c-44c8-a08b-ded6f61924f9 - consulta por mateovargas220705@gmail.com
2026-05-10 12:47:44 [http-nio-3000-exec-2] INFO  c.b.p.a.d.i.s.GestionInventarioService - Consultando cargas por vendedor: 73ed0c2b-851c-44c8-a08b-ded6f61924f9
2026-05-10 12:47:44 [http-nio-3000-exec-2] DEBUG c.b.p.a.i.p.s.a.SupabaseAsignacionRepositoryAdapter - Consultando asignaciones por vendedor: 73ed0c2b-851c-44c8-a08b-ded6f61924f9
2026-05-10 12:47:44 [http-nio-3000-exec-6] DEBUG c.b.p.a.i.p.s.a.SupabaseAsignacionRepositoryAdapter - Asignaciones encontradas para vendedor 6b0a5026-52f3-475a-a20f-5aacf94764f0: 31
2026-05-10 12:47:44 [http-nio-3000-exec-2] DEBUG c.b.p.a.i.p.s.a.SupabaseAsignacionRepositoryAdapter - Asignaciones encontradas para vendedor 73ed0c2b-851c-44c8-a08b-ded6f61924f9: 4
2026-05-10 12:47:44 [http-nio-3000-exec-9] DEBUG c.b.p.a.d.a.s.AutorizacionAuthService - Obteniendo perfil por token
2026-05-10 12:47:44 [http-nio-3000-exec-7] DEBUG c.b.p.a.a.c.c.ClientesRestAdapter - Obteniendo clientes; vendedorId=73ed0c2b-851c-44c8-a08b-ded6f61924f9
2026-05-10 12:47:44 [http-nio-3000-exec-7] DEBUG c.b.p.a.d.c.s.GestionClientesService - Obteniendo clientes por vendedor: 73ed0c2b-851c-44c8-a08b-ded6f61924f9
2026-05-10 12:47:44 [http-nio-3000-exec-7] DEBUG c.b.p.a.i.p.s.a.SupabaseClienteRepositoryAdapter - Obteniendo clientes por vendedorId=73ed0c2b-851c-44c8-a08b-ded6f61924f9
2026-05-10 12:47:44 [http-nio-3000-exec-5] INFO  c.b.p.a.a.c.CierreJornadaRestAdapter - GET /cierres/vendedor/7ca8780f-864c-4179-8c8a-9d8ae55b6df8 - Historial de cierres
2026-05-10 12:47:44 [http-nio-3000-exec-1] INFO  c.b.p.a.a.ventas.VentaRestAdapter - GET /ventas/cierre-jornada - Obtener cierre de jornada para vendedor 7ca8780f-864c-4179-8c8a-9d8ae55b6df8 y fecha 2026-05-10
2026-05-10 12:47:44 [http-nio-3000-exec-1] INFO  c.b.p.a.d.v.s.GestionVentasService - Obteniendo resumen de cierre de jornada para vendedor 7ca8780f-864c-4179-8c8a-9d8ae55b6df8 en fecha 2026-05-10
2026-05-10 12:47:44 [http-nio-3000-exec-8] DEBUG c.b.p.a.a.c.c.ClientesRestAdapter - Obteniendo clientes; vendedorId=7ca8780f-864c-4179-8c8a-9d8ae55b6df8
2026-05-10 12:47:44 [http-nio-3000-exec-8] DEBUG c.b.p.a.d.c.s.GestionClientesService - Obteniendo clientes por vendedor: 7ca8780f-864c-4179-8c8a-9d8ae55b6df8
2026-05-10 12:47:44 [http-nio-3000-exec-8] DEBUG c.b.p.a.i.p.s.a.SupabaseClienteRepositoryAdapter - Obteniendo clientes por vendedorId=7ca8780f-864c-4179-8c8a-9d8ae55b6df8
2026-05-10 12:47:44 [http-nio-3000-exec-4] DEBUG c.b.p.a.d.a.s.AutorizacionAuthService - Obteniendo perfil por token
2026-05-10 12:47:44 [http-nio-3000-exec-2] INFO  c.b.p.a.a.ventas.VentaRestAdapter - GET /ventas/cierre-jornada - Obtener cierre de jornada para vendedor 7dec6fc9-8ddc-48c6-86a3-a1dbfc46f80e y fecha 2026-05-10
2026-05-10 12:47:44 [http-nio-3000-exec-2] INFO  c.b.p.a.d.v.s.GestionVentasService - Obteniendo resumen de cierre de jornada para vendedor 7dec6fc9-8ddc-48c6-86a3-a1dbfc46f80e en fecha 2026-05-10
2026-05-10 12:47:44 [http-nio-3000-exec-10] INFO  c.b.p.a.a.c.CierreJornadaRestAdapter - GET /cierres/vendedor/7dec6fc9-8ddc-48c6-86a3-a1dbfc46f80e - Historial de cierres
2026-05-10 12:47:44 [http-nio-3000-exec-4] DEBUG c.b.p.a.d.a.s.AutorizacionAuthService - Perfil obtenido exitosamente para usuario ID: f2dc5b92-7ded-4c42-9e5a-d8a22aaf4a3a
2026-05-10 12:47:44 [http-nio-3000-exec-9] DEBUG c.b.p.a.d.a.s.AutorizacionAuthService - Perfil obtenido exitosamente para usuario ID: f2dc5b92-7ded-4c42-9e5a-d8a22aaf4a3a
2026-05-10 12:47:44 [http-nio-3000-exec-9] INFO  c.b.p.a.a.i.c.InventarioRestAdapter - GET /inventario/vendedor/7ca8780f-864c-4179-8c8a-9d8ae55b6df8 - consulta por mateovargas220705@gmail.com
2026-05-10 12:47:44 [http-nio-3000-exec-9] INFO  c.b.p.a.d.i.s.GestionInventarioService - Consultando cargas por vendedor: 7ca8780f-864c-4179-8c8a-9d8ae55b6df8
2026-05-10 12:47:44 [http-nio-3000-exec-6] DEBUG c.b.p.a.a.c.c.ClientesRestAdapter - Obteniendo clientes; vendedorId=7dec6fc9-8ddc-48c6-86a3-a1dbfc46f80e
2026-05-10 12:47:44 [http-nio-3000-exec-4] INFO  c.b.p.a.a.i.c.InventarioRestAdapter - GET /inventario/vendedor/7dec6fc9-8ddc-48c6-86a3-a1dbfc46f80e - consulta por mateovargas220705@gmail.com
2026-05-10 12:47:44 [http-nio-3000-exec-9] DEBUG c.b.p.a.i.p.s.a.SupabaseAsignacionRepositoryAdapter - Consultando asignaciones por vendedor: 7ca8780f-864c-4179-8c8a-9d8ae55b6df8
2026-05-10 12:47:44 [http-nio-3000-exec-6] DEBUG c.b.p.a.d.c.s.GestionClientesService - Obteniendo clientes por vendedor: 7dec6fc9-8ddc-48c6-86a3-a1dbfc46f80e
2026-05-10 12:47:44 [http-nio-3000-exec-4] INFO  c.b.p.a.d.i.s.GestionInventarioService - Consultando cargas por vendedor: 7dec6fc9-8ddc-48c6-86a3-a1dbfc46f80e
2026-05-10 12:47:44 [http-nio-3000-exec-6] DEBUG c.b.p.a.i.p.s.a.SupabaseClienteRepositoryAdapter - Obteniendo clientes por vendedorId=7dec6fc9-8ddc-48c6-86a3-a1dbfc46f80e
2026-05-10 12:47:44 [http-nio-3000-exec-4] DEBUG c.b.p.a.i.p.s.a.SupabaseAsignacionRepositoryAdapter - Consultando asignaciones por vendedor: 7dec6fc9-8ddc-48c6-86a3-a1dbfc46f80e
2026-05-10 12:47:45 [http-nio-3000-exec-3] DEBUG c.b.p.a.d.a.s.AutorizacionAuthService - Obteniendo perfil por token
2026-05-10 12:47:45 [http-nio-3000-exec-7] INFO  c.b.p.a.a.ventas.VentaRestAdapter - GET /ventas/cierre-jornada - Obtener cierre de jornada para vendedor 86676371-8389-4969-89b4-6a10d3e65cbd y fecha 2026-05-10
2026-05-10 12:47:45 [http-nio-3000-exec-7] INFO  c.b.p.a.d.v.s.GestionVentasService - Obteniendo resumen de cierre de jornada para vendedor 86676371-8389-4969-89b4-6a10d3e65cbd en fecha 2026-05-10
2026-05-10 12:47:45 [http-nio-3000-exec-9] DEBUG c.b.p.a.i.p.s.a.SupabaseAsignacionRepositoryAdapter - Asignaciones encontradas para vendedor 7ca8780f-864c-4179-8c8a-9d8ae55b6df8: 3
2026-05-10 12:47:45 [http-nio-3000-exec-8] INFO  c.b.p.a.a.c.CierreJornadaRestAdapter - GET /cierres/vendedor/86676371-8389-4969-89b4-6a10d3e65cbd - Historial de cierres
2026-05-10 12:47:45 [http-nio-3000-exec-4] DEBUG c.b.p.a.i.p.s.a.SupabaseAsignacionRepositoryAdapter - Asignaciones encontradas para vendedor 7dec6fc9-8ddc-48c6-86a3-a1dbfc46f80e: 1
2026-05-10 12:47:45 [http-nio-3000-exec-5] DEBUG c.b.p.a.a.c.c.ClientesRestAdapter - Obteniendo clientes; vendedorId=86676371-8389-4969-89b4-6a10d3e65cbd
2026-05-10 12:47:45 [http-nio-3000-exec-5] DEBUG c.b.p.a.d.c.s.GestionClientesService - Obteniendo clientes por vendedor: 86676371-8389-4969-89b4-6a10d3e65cbd
2026-05-10 12:47:45 [http-nio-3000-exec-5] DEBUG c.b.p.a.i.p.s.a.SupabaseClienteRepositoryAdapter - Obteniendo clientes por vendedorId=86676371-8389-4969-89b4-6a10d3e65cbd
2026-05-10 12:47:45 [http-nio-3000-exec-2] DEBUG c.b.p.a.d.a.s.AutorizacionAuthService - Obteniendo perfil por token
2026-05-10 12:47:45 [http-nio-3000-exec-1] INFO  c.b.p.a.a.ventas.VentaRestAdapter - GET /ventas/cierre-jornada - Obtener cierre de jornada para vendedor 997e2337-32a6-4ba5-84fb-873ef1b6036f y fecha 2026-05-10
2026-05-10 12:47:45 [http-nio-3000-exec-1] INFO  c.b.p.a.d.v.s.GestionVentasService - Obteniendo resumen de cierre de jornada para vendedor 997e2337-32a6-4ba5-84fb-873ef1b6036f en fecha 2026-05-10
2026-05-10 12:47:45 [http-nio-3000-exec-9] INFO  c.b.p.a.a.c.CierreJornadaRestAdapter - GET /cierres/vendedor/997e2337-32a6-4ba5-84fb-873ef1b6036f - Historial de cierres
2026-05-10 12:47:45 [http-nio-3000-exec-10] DEBUG c.b.p.a.a.c.c.ClientesRestAdapter - Obteniendo clientes; vendedorId=997e2337-32a6-4ba5-84fb-873ef1b6036f
2026-05-10 12:47:45 [http-nio-3000-exec-10] DEBUG c.b.p.a.d.c.s.GestionClientesService - Obteniendo clientes por vendedor: 997e2337-32a6-4ba5-84fb-873ef1b6036f
2026-05-10 12:47:45 [http-nio-3000-exec-10] DEBUG c.b.p.a.i.p.s.a.SupabaseClienteRepositoryAdapter - Obteniendo clientes por vendedorId=997e2337-32a6-4ba5-84fb-873ef1b6036f
2026-05-10 12:47:45 [http-nio-3000-exec-3] DEBUG c.b.p.a.d.a.s.AutorizacionAuthService - Perfil obtenido exitosamente para usuario ID: f2dc5b92-7ded-4c42-9e5a-d8a22aaf4a3a
2026-05-10 12:47:45 [http-nio-3000-exec-3] INFO  c.b.p.a.a.i.c.InventarioRestAdapter - GET /inventario/vendedor/86676371-8389-4969-89b4-6a10d3e65cbd - consulta por mateovargas220705@gmail.com
2026-05-10 12:47:45 [http-nio-3000-exec-3] INFO  c.b.p.a.d.i.s.GestionInventarioService - Consultando cargas por vendedor: 86676371-8389-4969-89b4-6a10d3e65cbd
2026-05-10 12:47:45 [http-nio-3000-exec-3] DEBUG c.b.p.a.i.p.s.a.SupabaseAsignacionRepositoryAdapter - Consultando asignaciones por vendedor: 86676371-8389-4969-89b4-6a10d3e65cbd
2026-05-10 12:47:45 [http-nio-3000-exec-4] DEBUG c.b.p.a.d.a.s.AutorizacionAuthService - Obteniendo perfil por token
2026-05-10 12:47:45 [http-nio-3000-exec-2] DEBUG c.b.p.a.d.a.s.AutorizacionAuthService - Perfil obtenido exitosamente para usuario ID: f2dc5b92-7ded-4c42-9e5a-d8a22aaf4a3a
2026-05-10 12:47:45 [http-nio-3000-exec-2] INFO  c.b.p.a.a.i.c.InventarioRestAdapter - GET /inventario/vendedor/997e2337-32a6-4ba5-84fb-873ef1b6036f - consulta por mateovargas220705@gmail.com
2026-05-10 12:47:45 [http-nio-3000-exec-2] INFO  c.b.p.a.d.i.s.GestionInventarioService - Consultando cargas por vendedor: 997e2337-32a6-4ba5-84fb-873ef1b6036f
2026-05-10 12:47:45 [http-nio-3000-exec-2] DEBUG c.b.p.a.i.p.s.a.SupabaseAsignacionRepositoryAdapter - Consultando asignaciones por vendedor: 997e2337-32a6-4ba5-84fb-873ef1b6036f
2026-05-10 12:47:45 [http-nio-3000-exec-6] INFO  c.b.p.a.a.ventas.VentaRestAdapter - GET /ventas/cierre-jornada - Obtener cierre de jornada para vendedor c1cbc4b0-eafd-490a-be95-b1c42036ad16 y fecha 2026-05-10
2026-05-10 12:47:45 [http-nio-3000-exec-6] INFO  c.b.p.a.d.v.s.GestionVentasService - Obteniendo resumen de cierre de jornada para vendedor c1cbc4b0-eafd-490a-be95-b1c42036ad16 en fecha 2026-05-10
2026-05-10 12:47:45 [http-nio-3000-exec-8] INFO  c.b.p.a.a.c.CierreJornadaRestAdapter - GET /cierres/vendedor/c1cbc4b0-eafd-490a-be95-b1c42036ad16 - Historial de cierres
2026-05-10 12:47:45 [http-nio-3000-exec-5] DEBUG c.b.p.a.a.c.c.ClientesRestAdapter - Obteniendo clientes; vendedorId=c1cbc4b0-eafd-490a-be95-b1c42036ad16
2026-05-10 12:47:45 [http-nio-3000-exec-5] DEBUG c.b.p.a.d.c.s.GestionClientesService - Obteniendo clientes por vendedor: c1cbc4b0-eafd-490a-be95-b1c42036ad16
2026-05-10 12:47:45 [http-nio-3000-exec-5] DEBUG c.b.p.a.i.p.s.a.SupabaseClienteRepositoryAdapter - Obteniendo clientes por vendedorId=c1cbc4b0-eafd-490a-be95-b1c42036ad16
2026-05-10 12:47:45 [http-nio-3000-exec-3] DEBUG c.b.p.a.i.p.s.a.SupabaseAsignacionRepositoryAdapter - Asignaciones encontradas para vendedor 86676371-8389-4969-89b4-6a10d3e65cbd: 6
2026-05-10 12:47:45 [http-nio-3000-exec-2] DEBUG c.b.p.a.i.p.s.a.SupabaseAsignacionRepositoryAdapter - Asignaciones encontradas para vendedor 997e2337-32a6-4ba5-84fb-873ef1b6036f: 1
2026-05-10 12:47:45 [http-nio-3000-exec-7] INFO  c.b.p.a.a.ventas.VentaRestAdapter - GET /ventas - Listar ventas resumidas
2026-05-10 12:47:45 [http-nio-3000-exec-9] DEBUG c.b.p.a.a.c.c.ClientesRestAdapter - Obteniendo clientes; vendedorId=6b0a5026-52f3-475a-a20f-5aacf94764f0
2026-05-10 12:47:45 [http-nio-3000-exec-7] INFO  c.b.p.a.d.v.s.GestionVentasService - Obteniendo listado de ventas resumidas
2026-05-10 12:47:45 [http-nio-3000-exec-9] DEBUG c.b.p.a.d.c.s.GestionClientesService - Obteniendo clientes por vendedor: 6b0a5026-52f3-475a-a20f-5aacf94764f0
2026-05-10 12:47:45 [http-nio-3000-exec-9] DEBUG c.b.p.a.i.p.s.a.SupabaseClienteRepositoryAdapter - Obteniendo clientes por vendedorId=6b0a5026-52f3-475a-a20f-5aacf94764f0
2026-05-10 12:47:45 [http-nio-3000-exec-4] DEBUG c.b.p.a.d.a.s.AutorizacionAuthService - Perfil obtenido exitosamente para usuario ID: f2dc5b92-7ded-4c42-9e5a-d8a22aaf4a3a
2026-05-10 12:47:45 [http-nio-3000-exec-4] INFO  c.b.p.a.a.i.c.InventarioRestAdapter - GET /inventario/vendedor/c1cbc4b0-eafd-490a-be95-b1c42036ad16 - consulta por mateovargas220705@gmail.com
2026-05-10 12:47:45 [http-nio-3000-exec-4] INFO  c.b.p.a.d.i.s.GestionInventarioService - Consultando cargas por vendedor: c1cbc4b0-eafd-490a-be95-b1c42036ad16
2026-05-10 12:47:45 [http-nio-3000-exec-4] DEBUG c.b.p.a.i.p.s.a.SupabaseAsignacionRepositoryAdapter - Consultando asignaciones por vendedor: c1cbc4b0-eafd-490a-be95-b1c42036ad16
2026-05-10 12:47:45 [http-nio-3000-exec-4] DEBUG c.b.p.a.i.p.s.a.SupabaseAsignacionRepositoryAdapter - Asignaciones encontradas para vendedor c1cbc4b0-eafd-490a-be95-b1c42036ad16: 1
2026-05-10 12:48:39 [SpringApplicationShutdownHook] INFO  o.s.b.w.e.tomcat.GracefulShutdown - Commencing graceful shutdown. Waiting for active requests to complete
2026-05-10 12:48:39 [tomcat-shutdown] INFO  o.s.b.w.e.tomcat.GracefulShutdown - Graceful shutdown complete
