2026-04-25 09:20:47 [background-preinit] INFO  o.h.validator.internal.util.Version - HV000001: Hibernate Validator 8.0.2.Final
2026-04-25 09:20:47 [restartedMain] INFO  c.back.puntoventa.app.AppApplication - Starting AppApplication using Java 17.0.18 with PID 19444 (C:\Users\LENOVO\Desktop\PuntoVentaOficial\Back-PuntoVenta\target\classes started by LENOVO in C:\Users\LENOVO\Desktop\PuntoVentaOficial\Back-PuntoVenta)
2026-04-25 09:20:47 [restartedMain] DEBUG c.back.puntoventa.app.AppApplication - Running with Spring Boot v3.4.1, Spring v6.2.1
2026-04-25 09:20:47 [restartedMain] INFO  c.back.puntoventa.app.AppApplication - No active profile set, falling back to 1 default profile: "default"
2026-04-25 09:20:47 [restartedMain] INFO  o.s.b.d.e.DevToolsPropertyDefaultsPostProcessor - Devtools property defaults active! Set 'spring.devtools.add-properties' to 'false' to disable
2026-04-25 09:20:47 [restartedMain] INFO  o.s.b.d.e.DevToolsPropertyDefaultsPostProcessor - For additional web related logging consider setting the 'logging.level.web' property to 'DEBUG'
2026-04-25 09:20:48 [restartedMain] INFO  o.s.b.w.e.tomcat.TomcatWebServer - Tomcat initialized with port 3000 (http)
2026-04-25 09:20:48 [restartedMain] INFO  o.a.coyote.http11.Http11NioProtocol - Initializing ProtocolHandler ["http-nio-3000"]
2026-04-25 09:20:48 [restartedMain] INFO  o.a.catalina.core.StandardService - Starting service [Tomcat]
2026-04-25 09:20:48 [restartedMain] INFO  o.a.catalina.core.StandardEngine - Starting Servlet engine: [Apache Tomcat/10.1.34]
2026-04-25 09:20:48 [restartedMain] INFO  o.a.c.c.C.[Tomcat].[localhost].[/] - Initializing Spring embedded WebApplicationContext
2026-04-25 09:20:48 [restartedMain] INFO  o.s.b.w.s.c.ServletWebServerApplicationContext - Root WebApplicationContext: initialization completed in 1193 ms
2026-04-25 09:20:49 [restartedMain] INFO  o.s.b.d.a.OptionalLiveReloadServer - LiveReload server is running on port 35729
2026-04-25 09:20:49 [restartedMain] INFO  o.a.coyote.http11.Http11NioProtocol - Starting ProtocolHandler ["http-nio-3000"]
2026-04-25 09:20:49 [restartedMain] INFO  o.s.b.w.e.tomcat.TomcatWebServer - Tomcat started on port 3000 (http) with context path '/'
2026-04-25 09:20:49 [restartedMain] INFO  c.back.puntoventa.app.AppApplication - Started AppApplication in 2.422 seconds (process running for 2.834)
2026-04-25 09:22:10 [SpringApplicationShutdownHook] INFO  o.s.b.w.e.tomcat.GracefulShutdown - Commencing graceful shutdown. Waiting for active requests to complete
2026-04-25 09:22:10 [tomcat-shutdown] INFO  o.s.b.w.e.tomcat.GracefulShutdown - Graceful shutdown complete
2026-04-25 09:22:54 [background-preinit] INFO  o.h.validator.internal.util.Version - HV000001: Hibernate Validator 8.0.2.Final
2026-04-25 09:22:55 [restartedMain] INFO  c.back.puntoventa.app.AppApplication - Starting AppApplication using Java 17.0.18 with PID 2804 (C:\Users\LENOVO\Desktop\PuntoVentaOficial\Back-PuntoVenta\target\classes started by LENOVO in C:\Users\LENOVO\Desktop\PuntoVentaOficial\Back-PuntoVenta)
2026-04-25 09:22:55 [restartedMain] DEBUG c.back.puntoventa.app.AppApplication - Running with Spring Boot v3.4.1, Spring v6.2.1
2026-04-25 09:22:55 [restartedMain] INFO  c.back.puntoventa.app.AppApplication - No active profile set, falling back to 1 default profile: "default"
2026-04-25 09:22:55 [restartedMain] INFO  o.s.b.d.e.DevToolsPropertyDefaultsPostProcessor - Devtools property defaults active! Set 'spring.devtools.add-properties' to 'false' to disable
2026-04-25 09:22:55 [restartedMain] INFO  o.s.b.d.e.DevToolsPropertyDefaultsPostProcessor - For additional web related logging consider setting the 'logging.level.web' property to 'DEBUG'
2026-04-25 09:22:56 [restartedMain] INFO  o.s.b.w.e.tomcat.TomcatWebServer - Tomcat initialized with port 3000 (http)
2026-04-25 09:22:56 [restartedMain] INFO  o.a.coyote.http11.Http11NioProtocol - Initializing ProtocolHandler ["http-nio-3000"]
2026-04-25 09:22:56 [restartedMain] INFO  o.a.catalina.core.StandardService - Starting service [Tomcat]
2026-04-25 09:22:56 [restartedMain] INFO  o.a.catalina.core.StandardEngine - Starting Servlet engine: [Apache Tomcat/10.1.34]
2026-04-25 09:22:56 [restartedMain] INFO  o.a.c.c.C.[Tomcat].[localhost].[/] - Initializing Spring embedded WebApplicationContext
2026-04-25 09:22:56 [restartedMain] INFO  o.s.b.w.s.c.ServletWebServerApplicationContext - Root WebApplicationContext: initialization completed in 1006 ms
2026-04-25 09:22:56 [restartedMain] INFO  o.s.b.d.a.OptionalLiveReloadServer - LiveReload server is running on port 35729
2026-04-25 09:22:56 [restartedMain] INFO  o.a.coyote.http11.Http11NioProtocol - Starting ProtocolHandler ["http-nio-3000"]
2026-04-25 09:22:56 [restartedMain] INFO  o.s.b.w.e.tomcat.TomcatWebServer - Tomcat started on port 3000 (http) with context path '/'
2026-04-25 09:22:56 [restartedMain] INFO  c.back.puntoventa.app.AppApplication - Started AppApplication in 2.093 seconds (process running for 2.441)
2026-04-25 09:24:11 [http-nio-3000-exec-1] INFO  o.a.c.c.C.[Tomcat].[localhost].[/] - Initializing Spring DispatcherServlet 'dispatcherServlet'
2026-04-25 09:24:11 [http-nio-3000-exec-1] INFO  o.s.web.servlet.DispatcherServlet - Initializing Servlet 'dispatcherServlet'
2026-04-25 09:24:11 [http-nio-3000-exec-1] INFO  o.s.web.servlet.DispatcherServlet - Completed initialization in 2 ms
2026-04-25 09:24:11 [http-nio-3000-exec-2] INFO  c.b.p.a.a.a.c.AuthRestAdapter - POST /auth/signin - Intento de autenticación para email: mateovargas220705@gmail.com
2026-04-25 09:24:11 [http-nio-3000-exec-2] DEBUG c.b.p.a.d.a.s.AutorizacionAuthService - Autenticando usuario con email: mateovargas220705@gmail.com
2026-04-25 09:24:14 [http-nio-3000-exec-2] DEBUG c.b.p.a.d.a.s.AutorizacionAuthService - Autenticación completada para email: mateovargas220705@gmail.com
2026-04-25 09:24:14 [http-nio-3000-exec-2] INFO  c.b.p.a.a.a.c.AuthRestAdapter - Autenticación exitosa para email: mateovargas220705@gmail.com
2026-04-25 09:24:14 [http-nio-3000-exec-3] INFO  c.b.p.a.a.p.c.ProductosRestAdapter - GET /productos - Obtener todos los productos
2026-04-25 09:24:14 [http-nio-3000-exec-3] DEBUG c.b.p.a.d.p.s.GestionProductosService - Obteniendo todos los productos
2026-04-25 09:24:14 [http-nio-3000-exec-6] INFO  c.b.p.a.a.v.c.VendedoresRestAdapter - GET /vendedores - Obtener todos los vendedores
2026-04-25 09:24:14 [http-nio-3000-exec-6] DEBUG c.b.p.a.d.v.s.GestionVendedoresService - Obteniendo todos los vendedores
2026-04-25 09:24:14 [http-nio-3000-exec-7] INFO  c.b.p.a.a.p.c.ProductosRestAdapter - GET /productos/stock-bajo - Consultando alertas con umbral: 100
2026-04-25 09:24:14 [http-nio-3000-exec-7] DEBUG c.b.p.a.d.p.s.GestionProductosService - Obteniendo productos con stock bajo. Umbral: 100
2026-04-25 09:24:15 [http-nio-3000-exec-6] DEBUG c.b.p.a.d.v.s.GestionVendedoresService - Se obtuvieron 6 vendedores
2026-04-25 09:24:15 [http-nio-3000-exec-6] DEBUG c.b.p.a.a.v.c.VendedoresRestAdapter - Se obtuvieron 6 vendedores
2026-04-25 09:24:15 [http-nio-3000-exec-7] DEBUG c.b.p.a.d.p.s.GestionProductosService - Se encontraron 23 productos con stock bajo
2026-04-25 09:24:15 [http-nio-3000-exec-3] DEBUG c.b.p.a.d.p.s.GestionProductosService - Se obtuvieron 25 productos
2026-04-25 09:24:15 [http-nio-3000-exec-3] DEBUG c.b.p.a.a.p.c.ProductosRestAdapter - Se obtuvieron 25 productos
2026-04-25 10:34:01 [File Watcher] INFO  o.s.b.d.a.LocalDevToolsAutoConfiguration$RestartingClassPathChangeChangedEventListener - Restarting due to 1 class path change (1 addition, 0 deletions, 0 modifications)
2026-04-25 10:34:01 [Thread-5] INFO  o.s.b.w.e.tomcat.GracefulShutdown - Commencing graceful shutdown. Waiting for active requests to complete
2026-04-25 10:34:01 [tomcat-shutdown] INFO  o.a.coyote.http11.Http11NioProtocol - Pausing ProtocolHandler ["http-nio-3000"]
2026-04-25 10:34:01 [tomcat-shutdown] INFO  o.s.b.w.e.tomcat.GracefulShutdown - Graceful shutdown complete
2026-04-25 10:34:01 [Thread-5] INFO  o.a.coyote.http11.Http11NioProtocol - Stopping ProtocolHandler ["http-nio-3000"]
2026-04-25 10:34:01 [restartedMain] INFO  c.back.puntoventa.app.AppApplication - Starting AppApplication using Java 17.0.18 with PID 2804 (C:\Users\LENOVO\Desktop\PuntoVentaOficial\Back-PuntoVenta\target\classes started by LENOVO in C:\Users\LENOVO\Desktop\PuntoVentaOficial\Back-PuntoVenta)
2026-04-25 10:34:01 [restartedMain] DEBUG c.back.puntoventa.app.AppApplication - Running with Spring Boot v3.4.1, Spring v6.2.1
2026-04-25 10:34:01 [restartedMain] INFO  c.back.puntoventa.app.AppApplication - No active profile set, falling back to 1 default profile: "default"
2026-04-25 10:34:01 [restartedMain] WARN  o.s.b.w.s.c.AnnotationConfigServletWebServerApplicationContext - Exception encountered during context initialization - cancelling refresh attempt: org.springframework.beans.factory.BeanDefinitionStoreException: Incompatible class format in file [C:\Users\LENOVO\Desktop\PuntoVentaOficial\Back-PuntoVenta\target\classes\com\back\puntoventa\app\domain\ventas\model\Venta.class]: set system property 'spring.classformat.ignore' to 'true' if you mean to ignore such files during classpath scanning
2026-04-25 10:34:01 [restartedMain] ERROR o.s.boot.SpringApplication - Application run failed
org.springframework.beans.factory.BeanDefinitionStoreException: Incompatible class format in file [C:\Users\LENOVO\Desktop\PuntoVentaOficial\Back-PuntoVenta\target\classes\com\back\puntoventa\app\domain\ventas\model\Venta.class]: set system property 'spring.classformat.ignore' to 'true' if you mean to ignore such files during classpath scanning
	at org.springframework.context.annotation.ClassPathScanningCandidateComponentProvider.scanCandidateComponents(ClassPathScanningCandidateComponentProvider.java:504)
	at org.springframework.context.annotation.ClassPathScanningCandidateComponentProvider.findCandidateComponents(ClassPathScanningCandidateComponentProvider.java:351)
	at org.springframework.context.annotation.ClassPathBeanDefinitionScanner.doScan(ClassPathBeanDefinitionScanner.java:277)
	at org.springframework.context.annotation.ComponentScanAnnotationParser.parse(ComponentScanAnnotationParser.java:128)
	at org.springframework.context.annotation.ConfigurationClassParser.doProcessConfigurationClass(ConfigurationClassParser.java:332)
	at org.springframework.context.annotation.ConfigurationClassParser.processConfigurationClass(ConfigurationClassParser.java:267)
	at org.springframework.context.annotation.ConfigurationClassParser.parse(ConfigurationClassParser.java:193)
	at org.springframework.context.annotation.ConfigurationClassParser.parse(ConfigurationClassParser.java:171)
	at org.springframework.context.annotation.ConfigurationClassPostProcessor.processConfigBeanDefinitions(ConfigurationClassPostProcessor.java:418)
	at org.springframework.context.annotation.ConfigurationClassPostProcessor.postProcessBeanDefinitionRegistry(ConfigurationClassPostProcessor.java:290)
	at org.springframework.context.support.PostProcessorRegistrationDelegate.invokeBeanDefinitionRegistryPostProcessors(PostProcessorRegistrationDelegate.java:349)
	at org.springframework.context.support.PostProcessorRegistrationDelegate.invokeBeanFactoryPostProcessors(PostProcessorRegistrationDelegate.java:118)
	at org.springframework.context.support.AbstractApplicationContext.invokeBeanFactoryPostProcessors(AbstractApplicationContext.java:791)
	at org.springframework.context.support.AbstractApplicationContext.refresh(AbstractApplicationContext.java:609)
	at org.springframework.boot.web.servlet.context.ServletWebServerApplicationContext.refresh(ServletWebServerApplicationContext.java:146)
	at org.springframework.boot.SpringApplication.refresh(SpringApplication.java:752)
	at org.springframework.boot.SpringApplication.refreshContext(SpringApplication.java:439)
	at org.springframework.boot.SpringApplication.run(SpringApplication.java:318)
	at org.springframework.boot.SpringApplication.run(SpringApplication.java:1361)
	at org.springframework.boot.SpringApplication.run(SpringApplication.java:1350)
	at com.back.puntoventa.app.AppApplication.main(AppApplication.java:13)
	at java.base/jdk.internal.reflect.NativeMethodAccessorImpl.invoke0(Native Method)
	at java.base/jdk.internal.reflect.NativeMethodAccessorImpl.invoke(NativeMethodAccessorImpl.java:77)
	at java.base/jdk.internal.reflect.DelegatingMethodAccessorImpl.invoke(DelegatingMethodAccessorImpl.java:43)
	at java.base/java.lang.reflect.Method.invoke(Method.java:569)
	at org.springframework.boot.devtools.restart.RestartLauncher.run(RestartLauncher.java:50)
Caused by: org.springframework.core.type.classreading.ClassFormatException: ASM ClassReader failed to parse class file - probably due to a new Java class file version that is not supported yet. Consider compiling with a lower '-target' or upgrade your framework version. Affected class: file [C:\Users\LENOVO\Desktop\PuntoVentaOficial\Back-PuntoVenta\target\classes\com\back\puntoventa\app\domain\ventas\model\Venta.class]
	at org.springframework.core.type.classreading.SimpleMetadataReader.getClassReader(SimpleMetadataReader.java:59)
	at org.springframework.core.type.classreading.SimpleMetadataReader.<init>(SimpleMetadataReader.java:48)
	at org.springframework.core.type.classreading.SimpleMetadataReaderFactory.getMetadataReader(SimpleMetadataReaderFactory.java:103)
	at org.springframework.core.type.classreading.CachingMetadataReaderFactory.getMetadataReader(CachingMetadataReaderFactory.java:122)
	at org.springframework.context.annotation.ClassPathScanningCandidateComponentProvider.scanCandidateComponents(ClassPathScanningCandidateComponentProvider.java:470)
	... 25 common frames omitted
Caused by: java.lang.IllegalArgumentException: Unsupported class file major version 69
	at org.springframework.asm.ClassReader.<init>(ClassReader.java:200)
	at org.springframework.asm.ClassReader.<init>(ClassReader.java:180)
	at org.springframework.asm.ClassReader.<init>(ClassReader.java:166)
	at org.springframework.asm.ClassReader.<init>(ClassReader.java:288)
	at org.springframework.core.type.classreading.SimpleMetadataReader.getClassReader(SimpleMetadataReader.java:56)
	... 29 common frames omitted
2026-04-25 10:34:04 [restartedMain] INFO  c.back.puntoventa.app.AppApplication - Starting AppApplication using Java 17.0.18 with PID 2804 (C:\Users\LENOVO\Desktop\PuntoVentaOficial\Back-PuntoVenta\target\classes started by LENOVO in C:\Users\LENOVO\Desktop\PuntoVentaOficial\Back-PuntoVenta)
2026-04-25 10:34:04 [restartedMain] DEBUG c.back.puntoventa.app.AppApplication - Running with Spring Boot v3.4.1, Spring v6.2.1
2026-04-25 10:34:04 [restartedMain] INFO  c.back.puntoventa.app.AppApplication - No active profile set, falling back to 1 default profile: "default"
2026-04-25 10:34:04 [restartedMain] WARN  o.s.b.w.s.c.AnnotationConfigServletWebServerApplicationContext - Exception encountered during context initialization - cancelling refresh attempt: org.springframework.beans.factory.BeanDefinitionStoreException: Incompatible class format in file [C:\Users\LENOVO\Desktop\PuntoVentaOficial\Back-PuntoVenta\target\classes\com\back\puntoventa\app\domain\ventas\model\DetalleVenta.class]: set system property 'spring.classformat.ignore' to 'true' if you mean to ignore such files during classpath scanning
2026-04-25 10:34:04 [restartedMain] ERROR o.s.boot.SpringApplication - Application run failed
org.springframework.beans.factory.BeanDefinitionStoreException: Incompatible class format in file [C:\Users\LENOVO\Desktop\PuntoVentaOficial\Back-PuntoVenta\target\classes\com\back\puntoventa\app\domain\ventas\model\DetalleVenta.class]: set system property 'spring.classformat.ignore' to 'true' if you mean to ignore such files during classpath scanning
	at org.springframework.context.annotation.ClassPathScanningCandidateComponentProvider.scanCandidateComponents(ClassPathScanningCandidateComponentProvider.java:504)
	at org.springframework.context.annotation.ClassPathScanningCandidateComponentProvider.findCandidateComponents(ClassPathScanningCandidateComponentProvider.java:351)
	at org.springframework.context.annotation.ClassPathBeanDefinitionScanner.doScan(ClassPathBeanDefinitionScanner.java:277)
	at org.springframework.context.annotation.ComponentScanAnnotationParser.parse(ComponentScanAnnotationParser.java:128)
	at org.springframework.context.annotation.ConfigurationClassParser.doProcessConfigurationClass(ConfigurationClassParser.java:332)
	at org.springframework.context.annotation.ConfigurationClassParser.processConfigurationClass(ConfigurationClassParser.java:267)
	at org.springframework.context.annotation.ConfigurationClassParser.parse(ConfigurationClassParser.java:193)
	at org.springframework.context.annotation.ConfigurationClassParser.parse(ConfigurationClassParser.java:171)
	at org.springframework.context.annotation.ConfigurationClassPostProcessor.processConfigBeanDefinitions(ConfigurationClassPostProcessor.java:418)
	at org.springframework.context.annotation.ConfigurationClassPostProcessor.postProcessBeanDefinitionRegistry(ConfigurationClassPostProcessor.java:290)
	at org.springframework.context.support.PostProcessorRegistrationDelegate.invokeBeanDefinitionRegistryPostProcessors(PostProcessorRegistrationDelegate.java:349)
	at org.springframework.context.support.PostProcessorRegistrationDelegate.invokeBeanFactoryPostProcessors(PostProcessorRegistrationDelegate.java:118)
	at org.springframework.context.support.AbstractApplicationContext.invokeBeanFactoryPostProcessors(AbstractApplicationContext.java:791)
	at org.springframework.context.support.AbstractApplicationContext.refresh(AbstractApplicationContext.java:609)
	at org.springframework.boot.web.servlet.context.ServletWebServerApplicationContext.refresh(ServletWebServerApplicationContext.java:146)
	at org.springframework.boot.SpringApplication.refresh(SpringApplication.java:752)
	at org.springframework.boot.SpringApplication.refreshContext(SpringApplication.java:439)
	at org.springframework.boot.SpringApplication.run(SpringApplication.java:318)
	at org.springframework.boot.SpringApplication.run(SpringApplication.java:1361)
	at org.springframework.boot.SpringApplication.run(SpringApplication.java:1350)
	at com.back.puntoventa.app.AppApplication.main(AppApplication.java:13)
	at java.base/jdk.internal.reflect.NativeMethodAccessorImpl.invoke0(Native Method)
	at java.base/jdk.internal.reflect.NativeMethodAccessorImpl.invoke(NativeMethodAccessorImpl.java:77)
	at java.base/jdk.internal.reflect.DelegatingMethodAccessorImpl.invoke(DelegatingMethodAccessorImpl.java:43)
	at java.base/java.lang.reflect.Method.invoke(Method.java:569)
	at org.springframework.boot.devtools.restart.RestartLauncher.run(RestartLauncher.java:50)
Caused by: org.springframework.core.type.classreading.ClassFormatException: ASM ClassReader failed to parse class file - probably due to a new Java class file version that is not supported yet. Consider compiling with a lower '-target' or upgrade your framework version. Affected class: file [C:\Users\LENOVO\Desktop\PuntoVentaOficial\Back-PuntoVenta\target\classes\com\back\puntoventa\app\domain\ventas\model\DetalleVenta.class]
	at org.springframework.core.type.classreading.SimpleMetadataReader.getClassReader(SimpleMetadataReader.java:59)
	at org.springframework.core.type.classreading.SimpleMetadataReader.<init>(SimpleMetadataReader.java:48)
	at org.springframework.core.type.classreading.SimpleMetadataReaderFactory.getMetadataReader(SimpleMetadataReaderFactory.java:103)
	at org.springframework.core.type.classreading.CachingMetadataReaderFactory.getMetadataReader(CachingMetadataReaderFactory.java:122)
	at org.springframework.context.annotation.ClassPathScanningCandidateComponentProvider.scanCandidateComponents(ClassPathScanningCandidateComponentProvider.java:470)
	... 25 common frames omitted
Caused by: java.lang.IllegalArgumentException: Unsupported class file major version 69
	at org.springframework.asm.ClassReader.<init>(ClassReader.java:200)
	at org.springframework.asm.ClassReader.<init>(ClassReader.java:180)
	at org.springframework.asm.ClassReader.<init>(ClassReader.java:166)
	at org.springframework.asm.ClassReader.<init>(ClassReader.java:288)
	at org.springframework.core.type.classreading.SimpleMetadataReader.getClassReader(SimpleMetadataReader.java:56)
	... 29 common frames omitted
2026-04-25 10:35:23 [restartedMain] INFO  c.back.puntoventa.app.AppApplication - Starting AppApplication using Java 17.0.18 with PID 2804 (C:\Users\LENOVO\Desktop\PuntoVentaOficial\Back-PuntoVenta\target\classes started by LENOVO in C:\Users\LENOVO\Desktop\PuntoVentaOficial\Back-PuntoVenta)
2026-04-25 10:35:23 [restartedMain] DEBUG c.back.puntoventa.app.AppApplication - Running with Spring Boot v3.4.1, Spring v6.2.1
2026-04-25 10:35:23 [restartedMain] INFO  c.back.puntoventa.app.AppApplication - No active profile set, falling back to 1 default profile: "default"
2026-04-25 10:35:23 [restartedMain] WARN  o.s.b.w.s.c.AnnotationConfigServletWebServerApplicationContext - Exception encountered during context initialization - cancelling refresh attempt: org.springframework.beans.factory.BeanDefinitionStoreException: Incompatible class format in file [C:\Users\LENOVO\Desktop\PuntoVentaOficial\Back-PuntoVenta\target\classes\com\back\puntoventa\app\domain\ventas\model\DetalleVenta.class]: set system property 'spring.classformat.ignore' to 'true' if you mean to ignore such files during classpath scanning
2026-04-25 10:35:23 [restartedMain] ERROR o.s.boot.SpringApplication - Application run failed
org.springframework.beans.factory.BeanDefinitionStoreException: Incompatible class format in file [C:\Users\LENOVO\Desktop\PuntoVentaOficial\Back-PuntoVenta\target\classes\com\back\puntoventa\app\domain\ventas\model\DetalleVenta.class]: set system property 'spring.classformat.ignore' to 'true' if you mean to ignore such files during classpath scanning
	at org.springframework.context.annotation.ClassPathScanningCandidateComponentProvider.scanCandidateComponents(ClassPathScanningCandidateComponentProvider.java:504)
	at org.springframework.context.annotation.ClassPathScanningCandidateComponentProvider.findCandidateComponents(ClassPathScanningCandidateComponentProvider.java:351)
	at org.springframework.context.annotation.ClassPathBeanDefinitionScanner.doScan(ClassPathBeanDefinitionScanner.java:277)
	at org.springframework.context.annotation.ComponentScanAnnotationParser.parse(ComponentScanAnnotationParser.java:128)
	at org.springframework.context.annotation.ConfigurationClassParser.doProcessConfigurationClass(ConfigurationClassParser.java:332)
	at org.springframework.context.annotation.ConfigurationClassParser.processConfigurationClass(ConfigurationClassParser.java:267)
	at org.springframework.context.annotation.ConfigurationClassParser.parse(ConfigurationClassParser.java:193)
	at org.springframework.context.annotation.ConfigurationClassParser.parse(ConfigurationClassParser.java:171)
	at org.springframework.context.annotation.ConfigurationClassPostProcessor.processConfigBeanDefinitions(ConfigurationClassPostProcessor.java:418)
	at org.springframework.context.annotation.ConfigurationClassPostProcessor.postProcessBeanDefinitionRegistry(ConfigurationClassPostProcessor.java:290)
	at org.springframework.context.support.PostProcessorRegistrationDelegate.invokeBeanDefinitionRegistryPostProcessors(PostProcessorRegistrationDelegate.java:349)
	at org.springframework.context.support.PostProcessorRegistrationDelegate.invokeBeanFactoryPostProcessors(PostProcessorRegistrationDelegate.java:118)
	at org.springframework.context.support.AbstractApplicationContext.invokeBeanFactoryPostProcessors(AbstractApplicationContext.java:791)
	at org.springframework.context.support.AbstractApplicationContext.refresh(AbstractApplicationContext.java:609)
	at org.springframework.boot.web.servlet.context.ServletWebServerApplicationContext.refresh(ServletWebServerApplicationContext.java:146)
	at org.springframework.boot.SpringApplication.refresh(SpringApplication.java:752)
	at org.springframework.boot.SpringApplication.refreshContext(SpringApplication.java:439)
	at org.springframework.boot.SpringApplication.run(SpringApplication.java:318)
	at org.springframework.boot.SpringApplication.run(SpringApplication.java:1361)
	at org.springframework.boot.SpringApplication.run(SpringApplication.java:1350)
	at com.back.puntoventa.app.AppApplication.main(AppApplication.java:13)
	at java.base/jdk.internal.reflect.NativeMethodAccessorImpl.invoke0(Native Method)
	at java.base/jdk.internal.reflect.NativeMethodAccessorImpl.invoke(NativeMethodAccessorImpl.java:77)
	at java.base/jdk.internal.reflect.DelegatingMethodAccessorImpl.invoke(DelegatingMethodAccessorImpl.java:43)
	at java.base/java.lang.reflect.Method.invoke(Method.java:569)
	at org.springframework.boot.devtools.restart.RestartLauncher.run(RestartLauncher.java:50)
Caused by: org.springframework.core.type.classreading.ClassFormatException: ASM ClassReader failed to parse class file - probably due to a new Java class file version that is not supported yet. Consider compiling with a lower '-target' or upgrade your framework version. Affected class: file [C:\Users\LENOVO\Desktop\PuntoVentaOficial\Back-PuntoVenta\target\classes\com\back\puntoventa\app\domain\ventas\model\DetalleVenta.class]
	at org.springframework.core.type.classreading.SimpleMetadataReader.getClassReader(SimpleMetadataReader.java:59)
	at org.springframework.core.type.classreading.SimpleMetadataReader.<init>(SimpleMetadataReader.java:48)
	at org.springframework.core.type.classreading.SimpleMetadataReaderFactory.getMetadataReader(SimpleMetadataReaderFactory.java:103)
	at org.springframework.core.type.classreading.CachingMetadataReaderFactory.getMetadataReader(CachingMetadataReaderFactory.java:122)
	at org.springframework.context.annotation.ClassPathScanningCandidateComponentProvider.scanCandidateComponents(ClassPathScanningCandidateComponentProvider.java:470)
	... 25 common frames omitted
Caused by: java.lang.IllegalArgumentException: Unsupported class file major version 69
	at org.springframework.asm.ClassReader.<init>(ClassReader.java:200)
	at org.springframework.asm.ClassReader.<init>(ClassReader.java:180)
	at org.springframework.asm.ClassReader.<init>(ClassReader.java:166)
	at org.springframework.asm.ClassReader.<init>(ClassReader.java:288)
	at org.springframework.core.type.classreading.SimpleMetadataReader.getClassReader(SimpleMetadataReader.java:56)
	... 29 common frames omitted
2026-04-25 10:35:26 [restartedMain] INFO  c.back.puntoventa.app.AppApplication - Starting AppApplication using Java 17.0.18 with PID 2804 (C:\Users\LENOVO\Desktop\PuntoVentaOficial\Back-PuntoVenta\target\classes started by LENOVO in C:\Users\LENOVO\Desktop\PuntoVentaOficial\Back-PuntoVenta)
2026-04-25 10:35:26 [restartedMain] DEBUG c.back.puntoventa.app.AppApplication - Running with Spring Boot v3.4.1, Spring v6.2.1
2026-04-25 10:35:26 [restartedMain] INFO  c.back.puntoventa.app.AppApplication - No active profile set, falling back to 1 default profile: "default"
2026-04-25 10:35:26 [restartedMain] WARN  o.s.b.w.s.c.AnnotationConfigServletWebServerApplicationContext - Exception encountered during context initialization - cancelling refresh attempt: org.springframework.beans.factory.BeanDefinitionStoreException: Incompatible class format in file [C:\Users\LENOVO\Desktop\PuntoVentaOficial\Back-PuntoVenta\target\classes\com\back\puntoventa\app\domain\ventas\model\DetalleVenta.class]: set system property 'spring.classformat.ignore' to 'true' if you mean to ignore such files during classpath scanning
2026-04-25 10:35:26 [restartedMain] ERROR o.s.boot.SpringApplication - Application run failed
org.springframework.beans.factory.BeanDefinitionStoreException: Incompatible class format in file [C:\Users\LENOVO\Desktop\PuntoVentaOficial\Back-PuntoVenta\target\classes\com\back\puntoventa\app\domain\ventas\model\DetalleVenta.class]: set system property 'spring.classformat.ignore' to 'true' if you mean to ignore such files during classpath scanning
	at org.springframework.context.annotation.ClassPathScanningCandidateComponentProvider.scanCandidateComponents(ClassPathScanningCandidateComponentProvider.java:504)
	at org.springframework.context.annotation.ClassPathScanningCandidateComponentProvider.findCandidateComponents(ClassPathScanningCandidateComponentProvider.java:351)
	at org.springframework.context.annotation.ClassPathBeanDefinitionScanner.doScan(ClassPathBeanDefinitionScanner.java:277)
	at org.springframework.context.annotation.ComponentScanAnnotationParser.parse(ComponentScanAnnotationParser.java:128)
	at org.springframework.context.annotation.ConfigurationClassParser.doProcessConfigurationClass(ConfigurationClassParser.java:332)
	at org.springframework.context.annotation.ConfigurationClassParser.processConfigurationClass(ConfigurationClassParser.java:267)
	at org.springframework.context.annotation.ConfigurationClassParser.parse(ConfigurationClassParser.java:193)
	at org.springframework.context.annotation.ConfigurationClassParser.parse(ConfigurationClassParser.java:171)
	at org.springframework.context.annotation.ConfigurationClassPostProcessor.processConfigBeanDefinitions(ConfigurationClassPostProcessor.java:418)
	at org.springframework.context.annotation.ConfigurationClassPostProcessor.postProcessBeanDefinitionRegistry(ConfigurationClassPostProcessor.java:290)
	at org.springframework.context.support.PostProcessorRegistrationDelegate.invokeBeanDefinitionRegistryPostProcessors(PostProcessorRegistrationDelegate.java:349)
	at org.springframework.context.support.PostProcessorRegistrationDelegate.invokeBeanFactoryPostProcessors(PostProcessorRegistrationDelegate.java:118)
	at org.springframework.context.support.AbstractApplicationContext.invokeBeanFactoryPostProcessors(AbstractApplicationContext.java:791)
	at org.springframework.context.support.AbstractApplicationContext.refresh(AbstractApplicationContext.java:609)
	at org.springframework.boot.web.servlet.context.ServletWebServerApplicationContext.refresh(ServletWebServerApplicationContext.java:146)
	at org.springframework.boot.SpringApplication.refresh(SpringApplication.java:752)
	at org.springframework.boot.SpringApplication.refreshContext(SpringApplication.java:439)
	at org.springframework.boot.SpringApplication.run(SpringApplication.java:318)
	at org.springframework.boot.SpringApplication.run(SpringApplication.java:1361)
	at org.springframework.boot.SpringApplication.run(SpringApplication.java:1350)
	at com.back.puntoventa.app.AppApplication.main(AppApplication.java:13)
	at java.base/jdk.internal.reflect.NativeMethodAccessorImpl.invoke0(Native Method)
	at java.base/jdk.internal.reflect.NativeMethodAccessorImpl.invoke(NativeMethodAccessorImpl.java:77)
	at java.base/jdk.internal.reflect.DelegatingMethodAccessorImpl.invoke(DelegatingMethodAccessorImpl.java:43)
	at java.base/java.lang.reflect.Method.invoke(Method.java:569)
	at org.springframework.boot.devtools.restart.RestartLauncher.run(RestartLauncher.java:50)
Caused by: org.springframework.core.type.classreading.ClassFormatException: ASM ClassReader failed to parse class file - probably due to a new Java class file version that is not supported yet. Consider compiling with a lower '-target' or upgrade your framework version. Affected class: file [C:\Users\LENOVO\Desktop\PuntoVentaOficial\Back-PuntoVenta\target\classes\com\back\puntoventa\app\domain\ventas\model\DetalleVenta.class]
	at org.springframework.core.type.classreading.SimpleMetadataReader.getClassReader(SimpleMetadataReader.java:59)
	at org.springframework.core.type.classreading.SimpleMetadataReader.<init>(SimpleMetadataReader.java:48)
	at org.springframework.core.type.classreading.SimpleMetadataReaderFactory.getMetadataReader(SimpleMetadataReaderFactory.java:103)
	at org.springframework.core.type.classreading.CachingMetadataReaderFactory.getMetadataReader(CachingMetadataReaderFactory.java:122)
	at org.springframework.context.annotation.ClassPathScanningCandidateComponentProvider.scanCandidateComponents(ClassPathScanningCandidateComponentProvider.java:470)
	... 25 common frames omitted
Caused by: java.lang.IllegalArgumentException: Unsupported class file major version 69
	at org.springframework.asm.ClassReader.<init>(ClassReader.java:200)
	at org.springframework.asm.ClassReader.<init>(ClassReader.java:180)
	at org.springframework.asm.ClassReader.<init>(ClassReader.java:166)
	at org.springframework.asm.ClassReader.<init>(ClassReader.java:288)
	at org.springframework.core.type.classreading.SimpleMetadataReader.getClassReader(SimpleMetadataReader.java:56)
	... 29 common frames omitted
2026-04-25 10:35:36 [restartedMain] INFO  c.back.puntoventa.app.AppApplication - Starting AppApplication using Java 17.0.18 with PID 2804 (C:\Users\LENOVO\Desktop\PuntoVentaOficial\Back-PuntoVenta\target\classes started by LENOVO in C:\Users\LENOVO\Desktop\PuntoVentaOficial\Back-PuntoVenta)
2026-04-25 10:35:36 [restartedMain] DEBUG c.back.puntoventa.app.AppApplication - Running with Spring Boot v3.4.1, Spring v6.2.1
2026-04-25 10:35:36 [restartedMain] INFO  c.back.puntoventa.app.AppApplication - No active profile set, falling back to 1 default profile: "default"
2026-04-25 10:35:36 [restartedMain] WARN  o.s.b.w.s.c.AnnotationConfigServletWebServerApplicationContext - Exception encountered during context initialization - cancelling refresh attempt: org.springframework.beans.factory.BeanDefinitionStoreException: Incompatible class format in file [C:\Users\LENOVO\Desktop\PuntoVentaOficial\Back-PuntoVenta\target\classes\com\back\puntoventa\app\domain\ventas\model\DetalleVenta.class]: set system property 'spring.classformat.ignore' to 'true' if you mean to ignore such files during classpath scanning
2026-04-25 10:35:36 [restartedMain] ERROR o.s.boot.SpringApplication - Application run failed
org.springframework.beans.factory.BeanDefinitionStoreException: Incompatible class format in file [C:\Users\LENOVO\Desktop\PuntoVentaOficial\Back-PuntoVenta\target\classes\com\back\puntoventa\app\domain\ventas\model\DetalleVenta.class]: set system property 'spring.classformat.ignore' to 'true' if you mean to ignore such files during classpath scanning
	at org.springframework.context.annotation.ClassPathScanningCandidateComponentProvider.scanCandidateComponents(ClassPathScanningCandidateComponentProvider.java:504)
	at org.springframework.context.annotation.ClassPathScanningCandidateComponentProvider.findCandidateComponents(ClassPathScanningCandidateComponentProvider.java:351)
	at org.springframework.context.annotation.ClassPathBeanDefinitionScanner.doScan(ClassPathBeanDefinitionScanner.java:277)
	at org.springframework.context.annotation.ComponentScanAnnotationParser.parse(ComponentScanAnnotationParser.java:128)
	at org.springframework.context.annotation.ConfigurationClassParser.doProcessConfigurationClass(ConfigurationClassParser.java:332)
	at org.springframework.context.annotation.ConfigurationClassParser.processConfigurationClass(ConfigurationClassParser.java:267)
	at org.springframework.context.annotation.ConfigurationClassParser.parse(ConfigurationClassParser.java:193)
	at org.springframework.context.annotation.ConfigurationClassParser.parse(ConfigurationClassParser.java:171)
	at org.springframework.context.annotation.ConfigurationClassPostProcessor.processConfigBeanDefinitions(ConfigurationClassPostProcessor.java:418)
	at org.springframework.context.annotation.ConfigurationClassPostProcessor.postProcessBeanDefinitionRegistry(ConfigurationClassPostProcessor.java:290)
	at org.springframework.context.support.PostProcessorRegistrationDelegate.invokeBeanDefinitionRegistryPostProcessors(PostProcessorRegistrationDelegate.java:349)
	at org.springframework.context.support.PostProcessorRegistrationDelegate.invokeBeanFactoryPostProcessors(PostProcessorRegistrationDelegate.java:118)
	at org.springframework.context.support.AbstractApplicationContext.invokeBeanFactoryPostProcessors(AbstractApplicationContext.java:791)
	at org.springframework.context.support.AbstractApplicationContext.refresh(AbstractApplicationContext.java:609)
	at org.springframework.boot.web.servlet.context.ServletWebServerApplicationContext.refresh(ServletWebServerApplicationContext.java:146)
	at org.springframework.boot.SpringApplication.refresh(SpringApplication.java:752)
	at org.springframework.boot.SpringApplication.refreshContext(SpringApplication.java:439)
	at org.springframework.boot.SpringApplication.run(SpringApplication.java:318)
	at org.springframework.boot.SpringApplication.run(SpringApplication.java:1361)
	at org.springframework.boot.SpringApplication.run(SpringApplication.java:1350)
	at com.back.puntoventa.app.AppApplication.main(AppApplication.java:13)
	at java.base/jdk.internal.reflect.NativeMethodAccessorImpl.invoke0(Native Method)
	at java.base/jdk.internal.reflect.NativeMethodAccessorImpl.invoke(NativeMethodAccessorImpl.java:77)
	at java.base/jdk.internal.reflect.DelegatingMethodAccessorImpl.invoke(DelegatingMethodAccessorImpl.java:43)
	at java.base/java.lang.reflect.Method.invoke(Method.java:569)
	at org.springframework.boot.devtools.restart.RestartLauncher.run(RestartLauncher.java:50)
Caused by: org.springframework.core.type.classreading.ClassFormatException: ASM ClassReader failed to parse class file - probably due to a new Java class file version that is not supported yet. Consider compiling with a lower '-target' or upgrade your framework version. Affected class: file [C:\Users\LENOVO\Desktop\PuntoVentaOficial\Back-PuntoVenta\target\classes\com\back\puntoventa\app\domain\ventas\model\DetalleVenta.class]
	at org.springframework.core.type.classreading.SimpleMetadataReader.getClassReader(SimpleMetadataReader.java:59)
	at org.springframework.core.type.classreading.SimpleMetadataReader.<init>(SimpleMetadataReader.java:48)
	at org.springframework.core.type.classreading.SimpleMetadataReaderFactory.getMetadataReader(SimpleMetadataReaderFactory.java:103)
	at org.springframework.core.type.classreading.CachingMetadataReaderFactory.getMetadataReader(CachingMetadataReaderFactory.java:122)
	at org.springframework.context.annotation.ClassPathScanningCandidateComponentProvider.scanCandidateComponents(ClassPathScanningCandidateComponentProvider.java:470)
	... 25 common frames omitted
Caused by: java.lang.IllegalArgumentException: Unsupported class file major version 69
	at org.springframework.asm.ClassReader.<init>(ClassReader.java:200)
	at org.springframework.asm.ClassReader.<init>(ClassReader.java:180)
	at org.springframework.asm.ClassReader.<init>(ClassReader.java:166)
	at org.springframework.asm.ClassReader.<init>(ClassReader.java:288)
	at org.springframework.core.type.classreading.SimpleMetadataReader.getClassReader(SimpleMetadataReader.java:56)
	... 29 common frames omitted
2026-04-25 10:35:42 [restartedMain] INFO  c.back.puntoventa.app.AppApplication - Starting AppApplication using Java 17.0.18 with PID 2804 (C:\Users\LENOVO\Desktop\PuntoVentaOficial\Back-PuntoVenta\target\classes started by LENOVO in C:\Users\LENOVO\Desktop\PuntoVentaOficial\Back-PuntoVenta)
2026-04-25 10:35:42 [restartedMain] DEBUG c.back.puntoventa.app.AppApplication - Running with Spring Boot v3.4.1, Spring v6.2.1
2026-04-25 10:35:42 [restartedMain] INFO  c.back.puntoventa.app.AppApplication - No active profile set, falling back to 1 default profile: "default"
2026-04-25 10:35:42 [restartedMain] WARN  o.s.b.w.s.c.AnnotationConfigServletWebServerApplicationContext - Exception encountered during context initialization - cancelling refresh attempt: org.springframework.beans.factory.BeanDefinitionStoreException: Incompatible class format in file [C:\Users\LENOVO\Desktop\PuntoVentaOficial\Back-PuntoVenta\target\classes\com\back\puntoventa\app\domain\ventas\model\DetalleVenta.class]: set system property 'spring.classformat.ignore' to 'true' if you mean to ignore such files during classpath scanning
2026-04-25 10:35:42 [restartedMain] ERROR o.s.boot.SpringApplication - Application run failed
org.springframework.beans.factory.BeanDefinitionStoreException: Incompatible class format in file [C:\Users\LENOVO\Desktop\PuntoVentaOficial\Back-PuntoVenta\target\classes\com\back\puntoventa\app\domain\ventas\model\DetalleVenta.class]: set system property 'spring.classformat.ignore' to 'true' if you mean to ignore such files during classpath scanning
	at org.springframework.context.annotation.ClassPathScanningCandidateComponentProvider.scanCandidateComponents(ClassPathScanningCandidateComponentProvider.java:504)
	at org.springframework.context.annotation.ClassPathScanningCandidateComponentProvider.findCandidateComponents(ClassPathScanningCandidateComponentProvider.java:351)
	at org.springframework.context.annotation.ClassPathBeanDefinitionScanner.doScan(ClassPathBeanDefinitionScanner.java:277)
	at org.springframework.context.annotation.ComponentScanAnnotationParser.parse(ComponentScanAnnotationParser.java:128)
	at org.springframework.context.annotation.ConfigurationClassParser.doProcessConfigurationClass(ConfigurationClassParser.java:332)
	at org.springframework.context.annotation.ConfigurationClassParser.processConfigurationClass(ConfigurationClassParser.java:267)
	at org.springframework.context.annotation.ConfigurationClassParser.parse(ConfigurationClassParser.java:193)
	at org.springframework.context.annotation.ConfigurationClassParser.parse(ConfigurationClassParser.java:171)
	at org.springframework.context.annotation.ConfigurationClassPostProcessor.processConfigBeanDefinitions(ConfigurationClassPostProcessor.java:418)
	at org.springframework.context.annotation.ConfigurationClassPostProcessor.postProcessBeanDefinitionRegistry(ConfigurationClassPostProcessor.java:290)
	at org.springframework.context.support.PostProcessorRegistrationDelegate.invokeBeanDefinitionRegistryPostProcessors(PostProcessorRegistrationDelegate.java:349)
	at org.springframework.context.support.PostProcessorRegistrationDelegate.invokeBeanFactoryPostProcessors(PostProcessorRegistrationDelegate.java:118)
	at org.springframework.context.support.AbstractApplicationContext.invokeBeanFactoryPostProcessors(AbstractApplicationContext.java:791)
	at org.springframework.context.support.AbstractApplicationContext.refresh(AbstractApplicationContext.java:609)
	at org.springframework.boot.web.servlet.context.ServletWebServerApplicationContext.refresh(ServletWebServerApplicationContext.java:146)
	at org.springframework.boot.SpringApplication.refresh(SpringApplication.java:752)
	at org.springframework.boot.SpringApplication.refreshContext(SpringApplication.java:439)
	at org.springframework.boot.SpringApplication.run(SpringApplication.java:318)
	at org.springframework.boot.SpringApplication.run(SpringApplication.java:1361)
	at org.springframework.boot.SpringApplication.run(SpringApplication.java:1350)
	at com.back.puntoventa.app.AppApplication.main(AppApplication.java:13)
	at java.base/jdk.internal.reflect.NativeMethodAccessorImpl.invoke0(Native Method)
	at java.base/jdk.internal.reflect.NativeMethodAccessorImpl.invoke(NativeMethodAccessorImpl.java:77)
	at java.base/jdk.internal.reflect.DelegatingMethodAccessorImpl.invoke(DelegatingMethodAccessorImpl.java:43)
	at java.base/java.lang.reflect.Method.invoke(Method.java:569)
	at org.springframework.boot.devtools.restart.RestartLauncher.run(RestartLauncher.java:50)
Caused by: org.springframework.core.type.classreading.ClassFormatException: ASM ClassReader failed to parse class file - probably due to a new Java class file version that is not supported yet. Consider compiling with a lower '-target' or upgrade your framework version. Affected class: file [C:\Users\LENOVO\Desktop\PuntoVentaOficial\Back-PuntoVenta\target\classes\com\back\puntoventa\app\domain\ventas\model\DetalleVenta.class]
	at org.springframework.core.type.classreading.SimpleMetadataReader.getClassReader(SimpleMetadataReader.java:59)
	at org.springframework.core.type.classreading.SimpleMetadataReader.<init>(SimpleMetadataReader.java:48)
	at org.springframework.core.type.classreading.SimpleMetadataReaderFactory.getMetadataReader(SimpleMetadataReaderFactory.java:103)
	at org.springframework.core.type.classreading.CachingMetadataReaderFactory.getMetadataReader(CachingMetadataReaderFactory.java:122)
	at org.springframework.context.annotation.ClassPathScanningCandidateComponentProvider.scanCandidateComponents(ClassPathScanningCandidateComponentProvider.java:470)
	... 25 common frames omitted
Caused by: java.lang.IllegalArgumentException: Unsupported class file major version 69
	at org.springframework.asm.ClassReader.<init>(ClassReader.java:200)
	at org.springframework.asm.ClassReader.<init>(ClassReader.java:180)
	at org.springframework.asm.ClassReader.<init>(ClassReader.java:166)
	at org.springframework.asm.ClassReader.<init>(ClassReader.java:288)
	at org.springframework.core.type.classreading.SimpleMetadataReader.getClassReader(SimpleMetadataReader.java:56)
	... 29 common frames omitted
2026-04-25 10:35:47 [restartedMain] INFO  c.back.puntoventa.app.AppApplication - Starting AppApplication using Java 17.0.18 with PID 2804 (C:\Users\LENOVO\Desktop\PuntoVentaOficial\Back-PuntoVenta\target\classes started by LENOVO in C:\Users\LENOVO\Desktop\PuntoVentaOficial\Back-PuntoVenta)
2026-04-25 10:35:47 [restartedMain] DEBUG c.back.puntoventa.app.AppApplication - Running with Spring Boot v3.4.1, Spring v6.2.1
2026-04-25 10:35:47 [restartedMain] INFO  c.back.puntoventa.app.AppApplication - No active profile set, falling back to 1 default profile: "default"
2026-04-25 10:35:47 [restartedMain] WARN  o.s.b.w.s.c.AnnotationConfigServletWebServerApplicationContext - Exception encountered during context initialization - cancelling refresh attempt: org.springframework.beans.factory.BeanDefinitionStoreException: Incompatible class format in file [C:\Users\LENOVO\Desktop\PuntoVentaOficial\Back-PuntoVenta\target\classes\com\back\puntoventa\app\domain\ventas\model\DetalleVenta.class]: set system property 'spring.classformat.ignore' to 'true' if you mean to ignore such files during classpath scanning
2026-04-25 10:35:47 [restartedMain] ERROR o.s.boot.SpringApplication - Application run failed
org.springframework.beans.factory.BeanDefinitionStoreException: Incompatible class format in file [C:\Users\LENOVO\Desktop\PuntoVentaOficial\Back-PuntoVenta\target\classes\com\back\puntoventa\app\domain\ventas\model\DetalleVenta.class]: set system property 'spring.classformat.ignore' to 'true' if you mean to ignore such files during classpath scanning
	at org.springframework.context.annotation.ClassPathScanningCandidateComponentProvider.scanCandidateComponents(ClassPathScanningCandidateComponentProvider.java:504)
	at org.springframework.context.annotation.ClassPathScanningCandidateComponentProvider.findCandidateComponents(ClassPathScanningCandidateComponentProvider.java:351)
	at org.springframework.context.annotation.ClassPathBeanDefinitionScanner.doScan(ClassPathBeanDefinitionScanner.java:277)
	at org.springframework.context.annotation.ComponentScanAnnotationParser.parse(ComponentScanAnnotationParser.java:128)
	at org.springframework.context.annotation.ConfigurationClassParser.doProcessConfigurationClass(ConfigurationClassParser.java:332)
	at org.springframework.context.annotation.ConfigurationClassParser.processConfigurationClass(ConfigurationClassParser.java:267)
	at org.springframework.context.annotation.ConfigurationClassParser.parse(ConfigurationClassParser.java:193)
	at org.springframework.context.annotation.ConfigurationClassParser.parse(ConfigurationClassParser.java:171)
	at org.springframework.context.annotation.ConfigurationClassPostProcessor.processConfigBeanDefinitions(ConfigurationClassPostProcessor.java:418)
	at org.springframework.context.annotation.ConfigurationClassPostProcessor.postProcessBeanDefinitionRegistry(ConfigurationClassPostProcessor.java:290)
	at org.springframework.context.support.PostProcessorRegistrationDelegate.invokeBeanDefinitionRegistryPostProcessors(PostProcessorRegistrationDelegate.java:349)
	at org.springframework.context.support.PostProcessorRegistrationDelegate.invokeBeanFactoryPostProcessors(PostProcessorRegistrationDelegate.java:118)
	at org.springframework.context.support.AbstractApplicationContext.invokeBeanFactoryPostProcessors(AbstractApplicationContext.java:791)
	at org.springframework.context.support.AbstractApplicationContext.refresh(AbstractApplicationContext.java:609)
	at org.springframework.boot.web.servlet.context.ServletWebServerApplicationContext.refresh(ServletWebServerApplicationContext.java:146)
	at org.springframework.boot.SpringApplication.refresh(SpringApplication.java:752)
	at org.springframework.boot.SpringApplication.refreshContext(SpringApplication.java:439)
	at org.springframework.boot.SpringApplication.run(SpringApplication.java:318)
	at org.springframework.boot.SpringApplication.run(SpringApplication.java:1361)
	at org.springframework.boot.SpringApplication.run(SpringApplication.java:1350)
	at com.back.puntoventa.app.AppApplication.main(AppApplication.java:13)
	at java.base/jdk.internal.reflect.NativeMethodAccessorImpl.invoke0(Native Method)
	at java.base/jdk.internal.reflect.NativeMethodAccessorImpl.invoke(NativeMethodAccessorImpl.java:77)
	at java.base/jdk.internal.reflect.DelegatingMethodAccessorImpl.invoke(DelegatingMethodAccessorImpl.java:43)
	at java.base/java.lang.reflect.Method.invoke(Method.java:569)
	at org.springframework.boot.devtools.restart.RestartLauncher.run(RestartLauncher.java:50)
Caused by: org.springframework.core.type.classreading.ClassFormatException: ASM ClassReader failed to parse class file - probably due to a new Java class file version that is not supported yet. Consider compiling with a lower '-target' or upgrade your framework version. Affected class: file [C:\Users\LENOVO\Desktop\PuntoVentaOficial\Back-PuntoVenta\target\classes\com\back\puntoventa\app\domain\ventas\model\DetalleVenta.class]
	at org.springframework.core.type.classreading.SimpleMetadataReader.getClassReader(SimpleMetadataReader.java:59)
	at org.springframework.core.type.classreading.SimpleMetadataReader.<init>(SimpleMetadataReader.java:48)
	at org.springframework.core.type.classreading.SimpleMetadataReaderFactory.getMetadataReader(SimpleMetadataReaderFactory.java:103)
	at org.springframework.core.type.classreading.CachingMetadataReaderFactory.getMetadataReader(CachingMetadataReaderFactory.java:122)
	at org.springframework.context.annotation.ClassPathScanningCandidateComponentProvider.scanCandidateComponents(ClassPathScanningCandidateComponentProvider.java:470)
	... 25 common frames omitted
Caused by: java.lang.IllegalArgumentException: Unsupported class file major version 69
	at org.springframework.asm.ClassReader.<init>(ClassReader.java:200)
	at org.springframework.asm.ClassReader.<init>(ClassReader.java:180)
	at org.springframework.asm.ClassReader.<init>(ClassReader.java:166)
	at org.springframework.asm.ClassReader.<init>(ClassReader.java:288)
	at org.springframework.core.type.classreading.SimpleMetadataReader.getClassReader(SimpleMetadataReader.java:56)
	... 29 common frames omitted
2026-04-25 10:35:55 [restartedMain] INFO  c.back.puntoventa.app.AppApplication - Starting AppApplication using Java 17.0.18 with PID 2804 (C:\Users\LENOVO\Desktop\PuntoVentaOficial\Back-PuntoVenta\target\classes started by LENOVO in C:\Users\LENOVO\Desktop\PuntoVentaOficial\Back-PuntoVenta)
2026-04-25 10:35:55 [restartedMain] DEBUG c.back.puntoventa.app.AppApplication - Running with Spring Boot v3.4.1, Spring v6.2.1
2026-04-25 10:35:55 [restartedMain] INFO  c.back.puntoventa.app.AppApplication - No active profile set, falling back to 1 default profile: "default"
2026-04-25 10:35:55 [restartedMain] WARN  o.s.b.w.s.c.AnnotationConfigServletWebServerApplicationContext - Exception encountered during context initialization - cancelling refresh attempt: org.springframework.beans.factory.BeanDefinitionStoreException: Incompatible class format in file [C:\Users\LENOVO\Desktop\PuntoVentaOficial\Back-PuntoVenta\target\classes\com\back\puntoventa\app\domain\ventas\model\DetalleVenta.class]: set system property 'spring.classformat.ignore' to 'true' if you mean to ignore such files during classpath scanning
2026-04-25 10:35:55 [restartedMain] ERROR o.s.boot.SpringApplication - Application run failed
org.springframework.beans.factory.BeanDefinitionStoreException: Incompatible class format in file [C:\Users\LENOVO\Desktop\PuntoVentaOficial\Back-PuntoVenta\target\classes\com\back\puntoventa\app\domain\ventas\model\DetalleVenta.class]: set system property 'spring.classformat.ignore' to 'true' if you mean to ignore such files during classpath scanning
	at org.springframework.context.annotation.ClassPathScanningCandidateComponentProvider.scanCandidateComponents(ClassPathScanningCandidateComponentProvider.java:504)
	at org.springframework.context.annotation.ClassPathScanningCandidateComponentProvider.findCandidateComponents(ClassPathScanningCandidateComponentProvider.java:351)
	at org.springframework.context.annotation.ClassPathBeanDefinitionScanner.doScan(ClassPathBeanDefinitionScanner.java:277)
	at org.springframework.context.annotation.ComponentScanAnnotationParser.parse(ComponentScanAnnotationParser.java:128)
	at org.springframework.context.annotation.ConfigurationClassParser.doProcessConfigurationClass(ConfigurationClassParser.java:332)
	at org.springframework.context.annotation.ConfigurationClassParser.processConfigurationClass(ConfigurationClassParser.java:267)
	at org.springframework.context.annotation.ConfigurationClassParser.parse(ConfigurationClassParser.java:193)
	at org.springframework.context.annotation.ConfigurationClassParser.parse(ConfigurationClassParser.java:171)
	at org.springframework.context.annotation.ConfigurationClassPostProcessor.processConfigBeanDefinitions(ConfigurationClassPostProcessor.java:418)
	at org.springframework.context.annotation.ConfigurationClassPostProcessor.postProcessBeanDefinitionRegistry(ConfigurationClassPostProcessor.java:290)
	at org.springframework.context.support.PostProcessorRegistrationDelegate.invokeBeanDefinitionRegistryPostProcessors(PostProcessorRegistrationDelegate.java:349)
	at org.springframework.context.support.PostProcessorRegistrationDelegate.invokeBeanFactoryPostProcessors(PostProcessorRegistrationDelegate.java:118)
	at org.springframework.context.support.AbstractApplicationContext.invokeBeanFactoryPostProcessors(AbstractApplicationContext.java:791)
	at org.springframework.context.support.AbstractApplicationContext.refresh(AbstractApplicationContext.java:609)
	at org.springframework.boot.web.servlet.context.ServletWebServerApplicationContext.refresh(ServletWebServerApplicationContext.java:146)
	at org.springframework.boot.SpringApplication.refresh(SpringApplication.java:752)
	at org.springframework.boot.SpringApplication.refreshContext(SpringApplication.java:439)
	at org.springframework.boot.SpringApplication.run(SpringApplication.java:318)
	at org.springframework.boot.SpringApplication.run(SpringApplication.java:1361)
	at org.springframework.boot.SpringApplication.run(SpringApplication.java:1350)
	at com.back.puntoventa.app.AppApplication.main(AppApplication.java:13)
	at java.base/jdk.internal.reflect.NativeMethodAccessorImpl.invoke0(Native Method)
	at java.base/jdk.internal.reflect.NativeMethodAccessorImpl.invoke(NativeMethodAccessorImpl.java:77)
	at java.base/jdk.internal.reflect.DelegatingMethodAccessorImpl.invoke(DelegatingMethodAccessorImpl.java:43)
	at java.base/java.lang.reflect.Method.invoke(Method.java:569)
	at org.springframework.boot.devtools.restart.RestartLauncher.run(RestartLauncher.java:50)
Caused by: org.springframework.core.type.classreading.ClassFormatException: ASM ClassReader failed to parse class file - probably due to a new Java class file version that is not supported yet. Consider compiling with a lower '-target' or upgrade your framework version. Affected class: file [C:\Users\LENOVO\Desktop\PuntoVentaOficial\Back-PuntoVenta\target\classes\com\back\puntoventa\app\domain\ventas\model\DetalleVenta.class]
	at org.springframework.core.type.classreading.SimpleMetadataReader.getClassReader(SimpleMetadataReader.java:59)
	at org.springframework.core.type.classreading.SimpleMetadataReader.<init>(SimpleMetadataReader.java:48)
	at org.springframework.core.type.classreading.SimpleMetadataReaderFactory.getMetadataReader(SimpleMetadataReaderFactory.java:103)
	at org.springframework.core.type.classreading.CachingMetadataReaderFactory.getMetadataReader(CachingMetadataReaderFactory.java:122)
	at org.springframework.context.annotation.ClassPathScanningCandidateComponentProvider.scanCandidateComponents(ClassPathScanningCandidateComponentProvider.java:470)
	... 25 common frames omitted
Caused by: java.lang.IllegalArgumentException: Unsupported class file major version 69
	at org.springframework.asm.ClassReader.<init>(ClassReader.java:200)
	at org.springframework.asm.ClassReader.<init>(ClassReader.java:180)
	at org.springframework.asm.ClassReader.<init>(ClassReader.java:166)
	at org.springframework.asm.ClassReader.<init>(ClassReader.java:288)
	at org.springframework.core.type.classreading.SimpleMetadataReader.getClassReader(SimpleMetadataReader.java:56)
	... 29 common frames omitted
2026-04-25 10:36:00 [restartedMain] INFO  c.back.puntoventa.app.AppApplication - Starting AppApplication using Java 17.0.18 with PID 2804 (C:\Users\LENOVO\Desktop\PuntoVentaOficial\Back-PuntoVenta\target\classes started by LENOVO in C:\Users\LENOVO\Desktop\PuntoVentaOficial\Back-PuntoVenta)
2026-04-25 10:36:00 [restartedMain] DEBUG c.back.puntoventa.app.AppApplication - Running with Spring Boot v3.4.1, Spring v6.2.1
2026-04-25 10:36:00 [restartedMain] INFO  c.back.puntoventa.app.AppApplication - No active profile set, falling back to 1 default profile: "default"
2026-04-25 10:36:00 [restartedMain] WARN  o.s.b.w.s.c.AnnotationConfigServletWebServerApplicationContext - Exception encountered during context initialization - cancelling refresh attempt: org.springframework.beans.factory.BeanDefinitionStoreException: Incompatible class format in file [C:\Users\LENOVO\Desktop\PuntoVentaOficial\Back-PuntoVenta\target\classes\com\back\puntoventa\app\application\ventas\VentaRestAdapter.class]: set system property 'spring.classformat.ignore' to 'true' if you mean to ignore such files during classpath scanning
2026-04-25 10:36:00 [restartedMain] ERROR o.s.boot.SpringApplication - Application run failed
org.springframework.beans.factory.BeanDefinitionStoreException: Incompatible class format in file [C:\Users\LENOVO\Desktop\PuntoVentaOficial\Back-PuntoVenta\target\classes\com\back\puntoventa\app\application\ventas\VentaRestAdapter.class]: set system property 'spring.classformat.ignore' to 'true' if you mean to ignore such files during classpath scanning
	at org.springframework.context.annotation.ClassPathScanningCandidateComponentProvider.scanCandidateComponents(ClassPathScanningCandidateComponentProvider.java:504)
	at org.springframework.context.annotation.ClassPathScanningCandidateComponentProvider.findCandidateComponents(ClassPathScanningCandidateComponentProvider.java:351)
	at org.springframework.context.annotation.ClassPathBeanDefinitionScanner.doScan(ClassPathBeanDefinitionScanner.java:277)
	at org.springframework.context.annotation.ComponentScanAnnotationParser.parse(ComponentScanAnnotationParser.java:128)
	at org.springframework.context.annotation.ConfigurationClassParser.doProcessConfigurationClass(ConfigurationClassParser.java:332)
	at org.springframework.context.annotation.ConfigurationClassParser.processConfigurationClass(ConfigurationClassParser.java:267)
	at org.springframework.context.annotation.ConfigurationClassParser.parse(ConfigurationClassParser.java:193)
	at org.springframework.context.annotation.ConfigurationClassParser.parse(ConfigurationClassParser.java:171)
	at org.springframework.context.annotation.ConfigurationClassPostProcessor.processConfigBeanDefinitions(ConfigurationClassPostProcessor.java:418)
	at org.springframework.context.annotation.ConfigurationClassPostProcessor.postProcessBeanDefinitionRegistry(ConfigurationClassPostProcessor.java:290)
	at org.springframework.context.support.PostProcessorRegistrationDelegate.invokeBeanDefinitionRegistryPostProcessors(PostProcessorRegistrationDelegate.java:349)
	at org.springframework.context.support.PostProcessorRegistrationDelegate.invokeBeanFactoryPostProcessors(PostProcessorRegistrationDelegate.java:118)
	at org.springframework.context.support.AbstractApplicationContext.invokeBeanFactoryPostProcessors(AbstractApplicationContext.java:791)
	at org.springframework.context.support.AbstractApplicationContext.refresh(AbstractApplicationContext.java:609)
	at org.springframework.boot.web.servlet.context.ServletWebServerApplicationContext.refresh(ServletWebServerApplicationContext.java:146)
	at org.springframework.boot.SpringApplication.refresh(SpringApplication.java:752)
	at org.springframework.boot.SpringApplication.refreshContext(SpringApplication.java:439)
	at org.springframework.boot.SpringApplication.run(SpringApplication.java:318)
	at org.springframework.boot.SpringApplication.run(SpringApplication.java:1361)
	at org.springframework.boot.SpringApplication.run(SpringApplication.java:1350)
	at com.back.puntoventa.app.AppApplication.main(AppApplication.java:13)
	at java.base/jdk.internal.reflect.NativeMethodAccessorImpl.invoke0(Native Method)
	at java.base/jdk.internal.reflect.NativeMethodAccessorImpl.invoke(NativeMethodAccessorImpl.java:77)
	at java.base/jdk.internal.reflect.DelegatingMethodAccessorImpl.invoke(DelegatingMethodAccessorImpl.java:43)
	at java.base/java.lang.reflect.Method.invoke(Method.java:569)
	at org.springframework.boot.devtools.restart.RestartLauncher.run(RestartLauncher.java:50)
Caused by: org.springframework.core.type.classreading.ClassFormatException: ASM ClassReader failed to parse class file - probably due to a new Java class file version that is not supported yet. Consider compiling with a lower '-target' or upgrade your framework version. Affected class: file [C:\Users\LENOVO\Desktop\PuntoVentaOficial\Back-PuntoVenta\target\classes\com\back\puntoventa\app\application\ventas\VentaRestAdapter.class]
	at org.springframework.core.type.classreading.SimpleMetadataReader.getClassReader(SimpleMetadataReader.java:59)
	at org.springframework.core.type.classreading.SimpleMetadataReader.<init>(SimpleMetadataReader.java:48)
	at org.springframework.core.type.classreading.SimpleMetadataReaderFactory.getMetadataReader(SimpleMetadataReaderFactory.java:103)
	at org.springframework.core.type.classreading.CachingMetadataReaderFactory.getMetadataReader(CachingMetadataReaderFactory.java:122)
	at org.springframework.context.annotation.ClassPathScanningCandidateComponentProvider.scanCandidateComponents(ClassPathScanningCandidateComponentProvider.java:470)
	... 25 common frames omitted
Caused by: java.lang.IllegalArgumentException: Unsupported class file major version 69
	at org.springframework.asm.ClassReader.<init>(ClassReader.java:200)
	at org.springframework.asm.ClassReader.<init>(ClassReader.java:180)
	at org.springframework.asm.ClassReader.<init>(ClassReader.java:166)
	at org.springframework.asm.ClassReader.<init>(ClassReader.java:288)
	at org.springframework.core.type.classreading.SimpleMetadataReader.getClassReader(SimpleMetadataReader.java:56)
	... 29 common frames omitted
2026-04-25 10:36:13 [restartedMain] INFO  c.back.puntoventa.app.AppApplication - Starting AppApplication using Java 17.0.18 with PID 2804 (C:\Users\LENOVO\Desktop\PuntoVentaOficial\Back-PuntoVenta\target\classes started by LENOVO in C:\Users\LENOVO\Desktop\PuntoVentaOficial\Back-PuntoVenta)
2026-04-25 10:36:13 [restartedMain] DEBUG c.back.puntoventa.app.AppApplication - Running with Spring Boot v3.4.1, Spring v6.2.1
2026-04-25 10:36:13 [restartedMain] INFO  c.back.puntoventa.app.AppApplication - No active profile set, falling back to 1 default profile: "default"
2026-04-25 10:36:14 [restartedMain] WARN  o.s.b.w.s.c.AnnotationConfigServletWebServerApplicationContext - Exception encountered during context initialization - cancelling refresh attempt: org.springframework.beans.factory.BeanDefinitionStoreException: Incompatible class format in file [C:\Users\LENOVO\Desktop\PuntoVentaOficial\Back-PuntoVenta\target\classes\com\back\puntoventa\app\application\ventas\VentaRestAdapter.class]: set system property 'spring.classformat.ignore' to 'true' if you mean to ignore such files during classpath scanning
2026-04-25 10:36:14 [restartedMain] ERROR o.s.boot.SpringApplication - Application run failed
org.springframework.beans.factory.BeanDefinitionStoreException: Incompatible class format in file [C:\Users\LENOVO\Desktop\PuntoVentaOficial\Back-PuntoVenta\target\classes\com\back\puntoventa\app\application\ventas\VentaRestAdapter.class]: set system property 'spring.classformat.ignore' to 'true' if you mean to ignore such files during classpath scanning
	at org.springframework.context.annotation.ClassPathScanningCandidateComponentProvider.scanCandidateComponents(ClassPathScanningCandidateComponentProvider.java:504)
	at org.springframework.context.annotation.ClassPathScanningCandidateComponentProvider.findCandidateComponents(ClassPathScanningCandidateComponentProvider.java:351)
	at org.springframework.context.annotation.ClassPathBeanDefinitionScanner.doScan(ClassPathBeanDefinitionScanner.java:277)
	at org.springframework.context.annotation.ComponentScanAnnotationParser.parse(ComponentScanAnnotationParser.java:128)
	at org.springframework.context.annotation.ConfigurationClassParser.doProcessConfigurationClass(ConfigurationClassParser.java:332)
	at org.springframework.context.annotation.ConfigurationClassParser.processConfigurationClass(ConfigurationClassParser.java:267)
	at org.springframework.context.annotation.ConfigurationClassParser.parse(ConfigurationClassParser.java:193)
	at org.springframework.context.annotation.ConfigurationClassParser.parse(ConfigurationClassParser.java:171)
	at org.springframework.context.annotation.ConfigurationClassPostProcessor.processConfigBeanDefinitions(ConfigurationClassPostProcessor.java:418)
	at org.springframework.context.annotation.ConfigurationClassPostProcessor.postProcessBeanDefinitionRegistry(ConfigurationClassPostProcessor.java:290)
	at org.springframework.context.support.PostProcessorRegistrationDelegate.invokeBeanDefinitionRegistryPostProcessors(PostProcessorRegistrationDelegate.java:349)
	at org.springframework.context.support.PostProcessorRegistrationDelegate.invokeBeanFactoryPostProcessors(PostProcessorRegistrationDelegate.java:118)
	at org.springframework.context.support.AbstractApplicationContext.invokeBeanFactoryPostProcessors(AbstractApplicationContext.java:791)
	at org.springframework.context.support.AbstractApplicationContext.refresh(AbstractApplicationContext.java:609)
	at org.springframework.boot.web.servlet.context.ServletWebServerApplicationContext.refresh(ServletWebServerApplicationContext.java:146)
	at org.springframework.boot.SpringApplication.refresh(SpringApplication.java:752)
	at org.springframework.boot.SpringApplication.refreshContext(SpringApplication.java:439)
	at org.springframework.boot.SpringApplication.run(SpringApplication.java:318)
	at org.springframework.boot.SpringApplication.run(SpringApplication.java:1361)
	at org.springframework.boot.SpringApplication.run(SpringApplication.java:1350)
	at com.back.puntoventa.app.AppApplication.main(AppApplication.java:13)
	at java.base/jdk.internal.reflect.NativeMethodAccessorImpl.invoke0(Native Method)
	at java.base/jdk.internal.reflect.NativeMethodAccessorImpl.invoke(NativeMethodAccessorImpl.java:77)
	at java.base/jdk.internal.reflect.DelegatingMethodAccessorImpl.invoke(DelegatingMethodAccessorImpl.java:43)
	at java.base/java.lang.reflect.Method.invoke(Method.java:569)
	at org.springframework.boot.devtools.restart.RestartLauncher.run(RestartLauncher.java:50)
Caused by: org.springframework.core.type.classreading.ClassFormatException: ASM ClassReader failed to parse class file - probably due to a new Java class file version that is not supported yet. Consider compiling with a lower '-target' or upgrade your framework version. Affected class: file [C:\Users\LENOVO\Desktop\PuntoVentaOficial\Back-PuntoVenta\target\classes\com\back\puntoventa\app\application\ventas\VentaRestAdapter.class]
	at org.springframework.core.type.classreading.SimpleMetadataReader.getClassReader(SimpleMetadataReader.java:59)
	at org.springframework.core.type.classreading.SimpleMetadataReader.<init>(SimpleMetadataReader.java:48)
	at org.springframework.core.type.classreading.SimpleMetadataReaderFactory.getMetadataReader(SimpleMetadataReaderFactory.java:103)
	at org.springframework.core.type.classreading.CachingMetadataReaderFactory.getMetadataReader(CachingMetadataReaderFactory.java:122)
	at org.springframework.context.annotation.ClassPathScanningCandidateComponentProvider.scanCandidateComponents(ClassPathScanningCandidateComponentProvider.java:470)
	... 25 common frames omitted
Caused by: java.lang.IllegalArgumentException: Unsupported class file major version 69
	at org.springframework.asm.ClassReader.<init>(ClassReader.java:200)
	at org.springframework.asm.ClassReader.<init>(ClassReader.java:180)
	at org.springframework.asm.ClassReader.<init>(ClassReader.java:166)
	at org.springframework.asm.ClassReader.<init>(ClassReader.java:288)
	at org.springframework.core.type.classreading.SimpleMetadataReader.getClassReader(SimpleMetadataReader.java:56)
	... 29 common frames omitted
2026-04-25 10:36:23 [restartedMain] INFO  c.back.puntoventa.app.AppApplication - Starting AppApplication using Java 17.0.18 with PID 2804 (C:\Users\LENOVO\Desktop\PuntoVentaOficial\Back-PuntoVenta\target\classes started by LENOVO in C:\Users\LENOVO\Desktop\PuntoVentaOficial\Back-PuntoVenta)
2026-04-25 10:36:23 [restartedMain] DEBUG c.back.puntoventa.app.AppApplication - Running with Spring Boot v3.4.1, Spring v6.2.1
2026-04-25 10:36:23 [restartedMain] INFO  c.back.puntoventa.app.AppApplication - No active profile set, falling back to 1 default profile: "default"
2026-04-25 10:36:23 [restartedMain] WARN  o.s.b.w.s.c.AnnotationConfigServletWebServerApplicationContext - Exception encountered during context initialization - cancelling refresh attempt: org.springframework.beans.factory.BeanDefinitionStoreException: Incompatible class format in file [C:\Users\LENOVO\Desktop\PuntoVentaOficial\Back-PuntoVenta\target\classes\com\back\puntoventa\app\application\ventas\VentaRestAdapter.class]: set system property 'spring.classformat.ignore' to 'true' if you mean to ignore such files during classpath scanning
2026-04-25 10:36:23 [restartedMain] ERROR o.s.boot.SpringApplication - Application run failed
org.springframework.beans.factory.BeanDefinitionStoreException: Incompatible class format in file [C:\Users\LENOVO\Desktop\PuntoVentaOficial\Back-PuntoVenta\target\classes\com\back\puntoventa\app\application\ventas\VentaRestAdapter.class]: set system property 'spring.classformat.ignore' to 'true' if you mean to ignore such files during classpath scanning
	at org.springframework.context.annotation.ClassPathScanningCandidateComponentProvider.scanCandidateComponents(ClassPathScanningCandidateComponentProvider.java:504)
	at org.springframework.context.annotation.ClassPathScanningCandidateComponentProvider.findCandidateComponents(ClassPathScanningCandidateComponentProvider.java:351)
	at org.springframework.context.annotation.ClassPathBeanDefinitionScanner.doScan(ClassPathBeanDefinitionScanner.java:277)
	at org.springframework.context.annotation.ComponentScanAnnotationParser.parse(ComponentScanAnnotationParser.java:128)
	at org.springframework.context.annotation.ConfigurationClassParser.doProcessConfigurationClass(ConfigurationClassParser.java:332)
	at org.springframework.context.annotation.ConfigurationClassParser.processConfigurationClass(ConfigurationClassParser.java:267)
	at org.springframework.context.annotation.ConfigurationClassParser.parse(ConfigurationClassParser.java:193)
	at org.springframework.context.annotation.ConfigurationClassParser.parse(ConfigurationClassParser.java:171)
	at org.springframework.context.annotation.ConfigurationClassPostProcessor.processConfigBeanDefinitions(ConfigurationClassPostProcessor.java:418)
	at org.springframework.context.annotation.ConfigurationClassPostProcessor.postProcessBeanDefinitionRegistry(ConfigurationClassPostProcessor.java:290)
	at org.springframework.context.support.PostProcessorRegistrationDelegate.invokeBeanDefinitionRegistryPostProcessors(PostProcessorRegistrationDelegate.java:349)
	at org.springframework.context.support.PostProcessorRegistrationDelegate.invokeBeanFactoryPostProcessors(PostProcessorRegistrationDelegate.java:118)
	at org.springframework.context.support.AbstractApplicationContext.invokeBeanFactoryPostProcessors(AbstractApplicationContext.java:791)
	at org.springframework.context.support.AbstractApplicationContext.refresh(AbstractApplicationContext.java:609)
	at org.springframework.boot.web.servlet.context.ServletWebServerApplicationContext.refresh(ServletWebServerApplicationContext.java:146)
	at org.springframework.boot.SpringApplication.refresh(SpringApplication.java:752)
	at org.springframework.boot.SpringApplication.refreshContext(SpringApplication.java:439)
	at org.springframework.boot.SpringApplication.run(SpringApplication.java:318)
	at org.springframework.boot.SpringApplication.run(SpringApplication.java:1361)
	at org.springframework.boot.SpringApplication.run(SpringApplication.java:1350)
	at com.back.puntoventa.app.AppApplication.main(AppApplication.java:13)
	at java.base/jdk.internal.reflect.NativeMethodAccessorImpl.invoke0(Native Method)
	at java.base/jdk.internal.reflect.NativeMethodAccessorImpl.invoke(NativeMethodAccessorImpl.java:77)
	at java.base/jdk.internal.reflect.DelegatingMethodAccessorImpl.invoke(DelegatingMethodAccessorImpl.java:43)
	at java.base/java.lang.reflect.Method.invoke(Method.java:569)
	at org.springframework.boot.devtools.restart.RestartLauncher.run(RestartLauncher.java:50)
Caused by: org.springframework.core.type.classreading.ClassFormatException: ASM ClassReader failed to parse class file - probably due to a new Java class file version that is not supported yet. Consider compiling with a lower '-target' or upgrade your framework version. Affected class: file [C:\Users\LENOVO\Desktop\PuntoVentaOficial\Back-PuntoVenta\target\classes\com\back\puntoventa\app\application\ventas\VentaRestAdapter.class]
	at org.springframework.core.type.classreading.SimpleMetadataReader.getClassReader(SimpleMetadataReader.java:59)
	at org.springframework.core.type.classreading.SimpleMetadataReader.<init>(SimpleMetadataReader.java:48)
	at org.springframework.core.type.classreading.SimpleMetadataReaderFactory.getMetadataReader(SimpleMetadataReaderFactory.java:103)
	at org.springframework.core.type.classreading.CachingMetadataReaderFactory.getMetadataReader(CachingMetadataReaderFactory.java:122)
	at org.springframework.context.annotation.ClassPathScanningCandidateComponentProvider.scanCandidateComponents(ClassPathScanningCandidateComponentProvider.java:470)
	... 25 common frames omitted
Caused by: java.lang.IllegalArgumentException: Unsupported class file major version 69
	at org.springframework.asm.ClassReader.<init>(ClassReader.java:200)
	at org.springframework.asm.ClassReader.<init>(ClassReader.java:180)
	at org.springframework.asm.ClassReader.<init>(ClassReader.java:166)
	at org.springframework.asm.ClassReader.<init>(ClassReader.java:288)
	at org.springframework.core.type.classreading.SimpleMetadataReader.getClassReader(SimpleMetadataReader.java:56)
	... 29 common frames omitted
2026-04-25 10:36:24 [restartedMain] INFO  c.back.puntoventa.app.AppApplication - Starting AppApplication using Java 17.0.18 with PID 2804 (C:\Users\LENOVO\Desktop\PuntoVentaOficial\Back-PuntoVenta\target\classes started by LENOVO in C:\Users\LENOVO\Desktop\PuntoVentaOficial\Back-PuntoVenta)
2026-04-25 10:36:24 [restartedMain] DEBUG c.back.puntoventa.app.AppApplication - Running with Spring Boot v3.4.1, Spring v6.2.1
2026-04-25 10:36:24 [restartedMain] INFO  c.back.puntoventa.app.AppApplication - No active profile set, falling back to 1 default profile: "default"
2026-04-25 10:36:24 [restartedMain] WARN  o.s.b.w.s.c.AnnotationConfigServletWebServerApplicationContext - Exception encountered during context initialization - cancelling refresh attempt: org.springframework.beans.factory.BeanDefinitionStoreException: Incompatible class format in file [C:\Users\LENOVO\Desktop\PuntoVentaOficial\Back-PuntoVenta\target\classes\com\back\puntoventa\app\application\ventas\VentaRestAdapter.class]: set system property 'spring.classformat.ignore' to 'true' if you mean to ignore such files during classpath scanning
2026-04-25 10:36:24 [restartedMain] ERROR o.s.boot.SpringApplication - Application run failed
org.springframework.beans.factory.BeanDefinitionStoreException: Incompatible class format in file [C:\Users\LENOVO\Desktop\PuntoVentaOficial\Back-PuntoVenta\target\classes\com\back\puntoventa\app\application\ventas\VentaRestAdapter.class]: set system property 'spring.classformat.ignore' to 'true' if you mean to ignore such files during classpath scanning
	at org.springframework.context.annotation.ClassPathScanningCandidateComponentProvider.scanCandidateComponents(ClassPathScanningCandidateComponentProvider.java:504)
	at org.springframework.context.annotation.ClassPathScanningCandidateComponentProvider.findCandidateComponents(ClassPathScanningCandidateComponentProvider.java:351)
	at org.springframework.context.annotation.ClassPathBeanDefinitionScanner.doScan(ClassPathBeanDefinitionScanner.java:277)
	at org.springframework.context.annotation.ComponentScanAnnotationParser.parse(ComponentScanAnnotationParser.java:128)
	at org.springframework.context.annotation.ConfigurationClassParser.doProcessConfigurationClass(ConfigurationClassParser.java:332)
	at org.springframework.context.annotation.ConfigurationClassParser.processConfigurationClass(ConfigurationClassParser.java:267)
	at org.springframework.context.annotation.ConfigurationClassParser.parse(ConfigurationClassParser.java:193)
	at org.springframework.context.annotation.ConfigurationClassParser.parse(ConfigurationClassParser.java:171)
	at org.springframework.context.annotation.ConfigurationClassPostProcessor.processConfigBeanDefinitions(ConfigurationClassPostProcessor.java:418)
	at org.springframework.context.annotation.ConfigurationClassPostProcessor.postProcessBeanDefinitionRegistry(ConfigurationClassPostProcessor.java:290)
	at org.springframework.context.support.PostProcessorRegistrationDelegate.invokeBeanDefinitionRegistryPostProcessors(PostProcessorRegistrationDelegate.java:349)
	at org.springframework.context.support.PostProcessorRegistrationDelegate.invokeBeanFactoryPostProcessors(PostProcessorRegistrationDelegate.java:118)
	at org.springframework.context.support.AbstractApplicationContext.invokeBeanFactoryPostProcessors(AbstractApplicationContext.java:791)
	at org.springframework.context.support.AbstractApplicationContext.refresh(AbstractApplicationContext.java:609)
	at org.springframework.boot.web.servlet.context.ServletWebServerApplicationContext.refresh(ServletWebServerApplicationContext.java:146)
	at org.springframework.boot.SpringApplication.refresh(SpringApplication.java:752)
	at org.springframework.boot.SpringApplication.refreshContext(SpringApplication.java:439)
	at org.springframework.boot.SpringApplication.run(SpringApplication.java:318)
	at org.springframework.boot.SpringApplication.run(SpringApplication.java:1361)
	at org.springframework.boot.SpringApplication.run(SpringApplication.java:1350)
	at com.back.puntoventa.app.AppApplication.main(AppApplication.java:13)
	at java.base/jdk.internal.reflect.NativeMethodAccessorImpl.invoke0(Native Method)
	at java.base/jdk.internal.reflect.NativeMethodAccessorImpl.invoke(NativeMethodAccessorImpl.java:77)
	at java.base/jdk.internal.reflect.DelegatingMethodAccessorImpl.invoke(DelegatingMethodAccessorImpl.java:43)
	at java.base/java.lang.reflect.Method.invoke(Method.java:569)
	at org.springframework.boot.devtools.restart.RestartLauncher.run(RestartLauncher.java:50)
Caused by: org.springframework.core.type.classreading.ClassFormatException: ASM ClassReader failed to parse class file - probably due to a new Java class file version that is not supported yet. Consider compiling with a lower '-target' or upgrade your framework version. Affected class: file [C:\Users\LENOVO\Desktop\PuntoVentaOficial\Back-PuntoVenta\target\classes\com\back\puntoventa\app\application\ventas\VentaRestAdapter.class]
	at org.springframework.core.type.classreading.SimpleMetadataReader.getClassReader(SimpleMetadataReader.java:59)
	at org.springframework.core.type.classreading.SimpleMetadataReader.<init>(SimpleMetadataReader.java:48)
	at org.springframework.core.type.classreading.SimpleMetadataReaderFactory.getMetadataReader(SimpleMetadataReaderFactory.java:103)
	at org.springframework.core.type.classreading.CachingMetadataReaderFactory.getMetadataReader(CachingMetadataReaderFactory.java:122)
	at org.springframework.context.annotation.ClassPathScanningCandidateComponentProvider.scanCandidateComponents(ClassPathScanningCandidateComponentProvider.java:470)
	... 25 common frames omitted
Caused by: java.lang.IllegalArgumentException: Unsupported class file major version 69
	at org.springframework.asm.ClassReader.<init>(ClassReader.java:200)
	at org.springframework.asm.ClassReader.<init>(ClassReader.java:180)
	at org.springframework.asm.ClassReader.<init>(ClassReader.java:166)
	at org.springframework.asm.ClassReader.<init>(ClassReader.java:288)
	at org.springframework.core.type.classreading.SimpleMetadataReader.getClassReader(SimpleMetadataReader.java:56)
	... 29 common frames omitted
2026-04-25 10:36:26 [restartedMain] INFO  c.back.puntoventa.app.AppApplication - Starting AppApplication using Java 17.0.18 with PID 2804 (C:\Users\LENOVO\Desktop\PuntoVentaOficial\Back-PuntoVenta\target\classes started by LENOVO in C:\Users\LENOVO\Desktop\PuntoVentaOficial\Back-PuntoVenta)
2026-04-25 10:36:26 [restartedMain] DEBUG c.back.puntoventa.app.AppApplication - Running with Spring Boot v3.4.1, Spring v6.2.1
2026-04-25 10:36:26 [restartedMain] INFO  c.back.puntoventa.app.AppApplication - No active profile set, falling back to 1 default profile: "default"
2026-04-25 10:36:26 [restartedMain] WARN  o.s.b.w.s.c.AnnotationConfigServletWebServerApplicationContext - Exception encountered during context initialization - cancelling refresh attempt: org.springframework.beans.factory.BeanDefinitionStoreException: Incompatible class format in file [C:\Users\LENOVO\Desktop\PuntoVentaOficial\Back-PuntoVenta\target\classes\com\back\puntoventa\app\application\ventas\VentaRestAdapter.class]: set system property 'spring.classformat.ignore' to 'true' if you mean to ignore such files during classpath scanning
2026-04-25 10:36:26 [restartedMain] ERROR o.s.boot.SpringApplication - Application run failed
org.springframework.beans.factory.BeanDefinitionStoreException: Incompatible class format in file [C:\Users\LENOVO\Desktop\PuntoVentaOficial\Back-PuntoVenta\target\classes\com\back\puntoventa\app\application\ventas\VentaRestAdapter.class]: set system property 'spring.classformat.ignore' to 'true' if you mean to ignore such files during classpath scanning
	at org.springframework.context.annotation.ClassPathScanningCandidateComponentProvider.scanCandidateComponents(ClassPathScanningCandidateComponentProvider.java:504)
	at org.springframework.context.annotation.ClassPathScanningCandidateComponentProvider.findCandidateComponents(ClassPathScanningCandidateComponentProvider.java:351)
	at org.springframework.context.annotation.ClassPathBeanDefinitionScanner.doScan(ClassPathBeanDefinitionScanner.java:277)
	at org.springframework.context.annotation.ComponentScanAnnotationParser.parse(ComponentScanAnnotationParser.java:128)
	at org.springframework.context.annotation.ConfigurationClassParser.doProcessConfigurationClass(ConfigurationClassParser.java:332)
	at org.springframework.context.annotation.ConfigurationClassParser.processConfigurationClass(ConfigurationClassParser.java:267)
	at org.springframework.context.annotation.ConfigurationClassParser.parse(ConfigurationClassParser.java:193)
	at org.springframework.context.annotation.ConfigurationClassParser.parse(ConfigurationClassParser.java:171)
	at org.springframework.context.annotation.ConfigurationClassPostProcessor.processConfigBeanDefinitions(ConfigurationClassPostProcessor.java:418)
	at org.springframework.context.annotation.ConfigurationClassPostProcessor.postProcessBeanDefinitionRegistry(ConfigurationClassPostProcessor.java:290)
	at org.springframework.context.support.PostProcessorRegistrationDelegate.invokeBeanDefinitionRegistryPostProcessors(PostProcessorRegistrationDelegate.java:349)
	at org.springframework.context.support.PostProcessorRegistrationDelegate.invokeBeanFactoryPostProcessors(PostProcessorRegistrationDelegate.java:118)
	at org.springframework.context.support.AbstractApplicationContext.invokeBeanFactoryPostProcessors(AbstractApplicationContext.java:791)
	at org.springframework.context.support.AbstractApplicationContext.refresh(AbstractApplicationContext.java:609)
	at org.springframework.boot.web.servlet.context.ServletWebServerApplicationContext.refresh(ServletWebServerApplicationContext.java:146)
	at org.springframework.boot.SpringApplication.refresh(SpringApplication.java:752)
	at org.springframework.boot.SpringApplication.refreshContext(SpringApplication.java:439)
	at org.springframework.boot.SpringApplication.run(SpringApplication.java:318)
	at org.springframework.boot.SpringApplication.run(SpringApplication.java:1361)
	at org.springframework.boot.SpringApplication.run(SpringApplication.java:1350)
	at com.back.puntoventa.app.AppApplication.main(AppApplication.java:13)
	at java.base/jdk.internal.reflect.NativeMethodAccessorImpl.invoke0(Native Method)
	at java.base/jdk.internal.reflect.NativeMethodAccessorImpl.invoke(NativeMethodAccessorImpl.java:77)
	at java.base/jdk.internal.reflect.DelegatingMethodAccessorImpl.invoke(DelegatingMethodAccessorImpl.java:43)
	at java.base/java.lang.reflect.Method.invoke(Method.java:569)
	at org.springframework.boot.devtools.restart.RestartLauncher.run(RestartLauncher.java:50)
Caused by: org.springframework.core.type.classreading.ClassFormatException: ASM ClassReader failed to parse class file - probably due to a new Java class file version that is not supported yet. Consider compiling with a lower '-target' or upgrade your framework version. Affected class: file [C:\Users\LENOVO\Desktop\PuntoVentaOficial\Back-PuntoVenta\target\classes\com\back\puntoventa\app\application\ventas\VentaRestAdapter.class]
	at org.springframework.core.type.classreading.SimpleMetadataReader.getClassReader(SimpleMetadataReader.java:59)
	at org.springframework.core.type.classreading.SimpleMetadataReader.<init>(SimpleMetadataReader.java:48)
	at org.springframework.core.type.classreading.SimpleMetadataReaderFactory.getMetadataReader(SimpleMetadataReaderFactory.java:103)
	at org.springframework.core.type.classreading.CachingMetadataReaderFactory.getMetadataReader(CachingMetadataReaderFactory.java:122)
	at org.springframework.context.annotation.ClassPathScanningCandidateComponentProvider.scanCandidateComponents(ClassPathScanningCandidateComponentProvider.java:470)
	... 25 common frames omitted
Caused by: java.lang.IllegalArgumentException: Unsupported class file major version 69
	at org.springframework.asm.ClassReader.<init>(ClassReader.java:200)
	at org.springframework.asm.ClassReader.<init>(ClassReader.java:180)
	at org.springframework.asm.ClassReader.<init>(ClassReader.java:166)
	at org.springframework.asm.ClassReader.<init>(ClassReader.java:288)
	at org.springframework.core.type.classreading.SimpleMetadataReader.getClassReader(SimpleMetadataReader.java:56)
	... 29 common frames omitted
2026-04-25 10:37:44 [restartedMain] INFO  c.back.puntoventa.app.AppApplication - Starting AppApplication using Java 17.0.18 with PID 2804 (C:\Users\LENOVO\Desktop\PuntoVentaOficial\Back-PuntoVenta\target\classes started by LENOVO in C:\Users\LENOVO\Desktop\PuntoVentaOficial\Back-PuntoVenta)
2026-04-25 10:37:44 [restartedMain] DEBUG c.back.puntoventa.app.AppApplication - Running with Spring Boot v3.4.1, Spring v6.2.1
2026-04-25 10:37:44 [restartedMain] INFO  c.back.puntoventa.app.AppApplication - No active profile set, falling back to 1 default profile: "default"
2026-04-25 10:37:44 [restartedMain] WARN  o.s.b.w.s.c.AnnotationConfigServletWebServerApplicationContext - Exception encountered during context initialization - cancelling refresh attempt: org.springframework.beans.factory.BeanDefinitionStoreException: I/O failure while processing configuration class [null]
2026-04-25 10:37:44 [restartedMain] ERROR o.s.boot.SpringApplication - Application run failed
org.springframework.beans.factory.BeanDefinitionStoreException: I/O failure while processing configuration class [null]
	at org.springframework.context.annotation.ConfigurationClassParser.processConfigurationClass(ConfigurationClassParser.java:272)
	at org.springframework.context.annotation.ConfigurationClassParser.parse(ConfigurationClassParser.java:193)
	at org.springframework.context.annotation.ConfigurationClassParser.parse(ConfigurationClassParser.java:171)
	at org.springframework.context.annotation.ConfigurationClassPostProcessor.processConfigBeanDefinitions(ConfigurationClassPostProcessor.java:418)
	at org.springframework.context.annotation.ConfigurationClassPostProcessor.postProcessBeanDefinitionRegistry(ConfigurationClassPostProcessor.java:290)
	at org.springframework.context.support.PostProcessorRegistrationDelegate.invokeBeanDefinitionRegistryPostProcessors(PostProcessorRegistrationDelegate.java:349)
	at org.springframework.context.support.PostProcessorRegistrationDelegate.invokeBeanFactoryPostProcessors(PostProcessorRegistrationDelegate.java:118)
	at org.springframework.context.support.AbstractApplicationContext.invokeBeanFactoryPostProcessors(AbstractApplicationContext.java:791)
	at org.springframework.context.support.AbstractApplicationContext.refresh(AbstractApplicationContext.java:609)
	at org.springframework.boot.web.servlet.context.ServletWebServerApplicationContext.refresh(ServletWebServerApplicationContext.java:146)
	at org.springframework.boot.SpringApplication.refresh(SpringApplication.java:752)
	at org.springframework.boot.SpringApplication.refreshContext(SpringApplication.java:439)
	at org.springframework.boot.SpringApplication.run(SpringApplication.java:318)
	at org.springframework.boot.SpringApplication.run(SpringApplication.java:1361)
	at org.springframework.boot.SpringApplication.run(SpringApplication.java:1350)
	at com.back.puntoventa.app.AppApplication.main(AppApplication.java:13)
	at java.base/jdk.internal.reflect.NativeMethodAccessorImpl.invoke0(Native Method)
	at java.base/jdk.internal.reflect.NativeMethodAccessorImpl.invoke(NativeMethodAccessorImpl.java:77)
	at java.base/jdk.internal.reflect.DelegatingMethodAccessorImpl.invoke(DelegatingMethodAccessorImpl.java:43)
	at java.base/java.lang.reflect.Method.invoke(Method.java:569)
	at org.springframework.boot.devtools.restart.RestartLauncher.run(RestartLauncher.java:50)
Caused by: java.io.FileNotFoundException: class path resource [com/back/puntoventa/app/AppApplication.class] cannot be opened because it does not exist
	at org.springframework.core.io.ClassPathResource.getInputStream(ClassPathResource.java:215)
	at org.springframework.core.type.classreading.SimpleMetadataReader.getClassReader(SimpleMetadataReader.java:54)
	at org.springframework.core.type.classreading.SimpleMetadataReader.<init>(SimpleMetadataReader.java:48)
	at org.springframework.core.type.classreading.SimpleMetadataReaderFactory.getMetadataReader(SimpleMetadataReaderFactory.java:103)
	at org.springframework.boot.type.classreading.ConcurrentReferenceCachingMetadataReaderFactory.createMetadataReader(ConcurrentReferenceCachingMetadataReaderFactory.java:98)
	at org.springframework.boot.type.classreading.ConcurrentReferenceCachingMetadataReaderFactory.getMetadataReader(ConcurrentReferenceCachingMetadataReaderFactory.java:85)
	at org.springframework.core.type.classreading.SimpleMetadataReaderFactory.getMetadataReader(SimpleMetadataReaderFactory.java:81)
	at org.springframework.boot.type.classreading.ConcurrentReferenceCachingMetadataReaderFactory.getMetadataReader(ConcurrentReferenceCachingMetadataReaderFactory.java:75)
	at org.springframework.context.annotation.ConfigurationClassParser.asSourceClass(ConfigurationClassParser.java:697)
	at org.springframework.context.annotation.ConfigurationClassParser.asSourceClass(ConfigurationClassParser.java:663)
	at org.springframework.context.annotation.ConfigurationClassParser.asSourceClass(ConfigurationClassParser.java:641)
	at org.springframework.context.annotation.ConfigurationClassParser.processConfigurationClass(ConfigurationClassParser.java:265)
	... 20 common frames omitted
2026-04-25 10:37:47 [restartedMain] INFO  c.back.puntoventa.app.AppApplication - Starting AppApplication using Java 17.0.18 with PID 2804 (C:\Users\LENOVO\Desktop\PuntoVentaOficial\Back-PuntoVenta\target\classes started by LENOVO in C:\Users\LENOVO\Desktop\PuntoVentaOficial\Back-PuntoVenta)
2026-04-25 10:37:47 [restartedMain] DEBUG c.back.puntoventa.app.AppApplication - Running with Spring Boot v3.4.1, Spring v6.2.1
2026-04-25 10:37:47 [restartedMain] INFO  c.back.puntoventa.app.AppApplication - No active profile set, falling back to 1 default profile: "default"
2026-04-25 10:37:48 [restartedMain] INFO  o.s.b.w.e.tomcat.TomcatWebServer - Tomcat initialized with port 3000 (http)
2026-04-25 10:37:48 [restartedMain] INFO  o.a.coyote.http11.Http11NioProtocol - Initializing ProtocolHandler ["http-nio-3000"]
2026-04-25 10:37:48 [restartedMain] INFO  o.a.catalina.core.StandardService - Starting service [Tomcat]
2026-04-25 10:37:48 [restartedMain] INFO  o.a.catalina.core.StandardEngine - Starting Servlet engine: [Apache Tomcat/10.1.34]
2026-04-25 10:37:48 [restartedMain] INFO  o.a.c.c.C.[Tomcat].[localhost].[/] - Initializing Spring embedded WebApplicationContext
2026-04-25 10:37:48 [restartedMain] INFO  o.s.b.w.s.c.ServletWebServerApplicationContext - Root WebApplicationContext: initialization completed in 307 ms
2026-04-25 10:37:48 [restartedMain] WARN  o.s.b.w.s.c.AnnotationConfigServletWebServerApplicationContext - Exception encountered during context initialization - cancelling refresh attempt: org.springframework.beans.factory.UnsatisfiedDependencyException: Error creating bean with name 'authRestAdapter' defined in file [C:\Users\LENOVO\Desktop\PuntoVentaOficial\Back-PuntoVenta\target\classes\com\back\puntoventa\app\application\auth\controller\AuthRestAdapter.class]: Unsatisfied dependency expressed through constructor parameter 0: No qualifying bean of type 'com.back.puntoventa.app.domain.auth.service.AutorizacionAuthService' available: expected at least 1 bean which qualifies as autowire candidate. Dependency annotations: {}
2026-04-25 10:37:48 [restartedMain] INFO  o.a.catalina.core.StandardService - Stopping service [Tomcat]
2026-04-25 10:37:48 [restartedMain] INFO  o.s.b.a.l.ConditionEvaluationReportLogger - 

Error starting ApplicationContext. To display the condition evaluation report re-run your application with 'debug' enabled.
2026-04-25 10:37:48 [restartedMain] ERROR o.s.b.d.LoggingFailureAnalysisReporter - 

***************************
APPLICATION FAILED TO START
***************************

Description:

Parameter 0 of constructor in com.back.puntoventa.app.application.auth.controller.AuthRestAdapter required a bean of type 'com.back.puntoventa.app.domain.auth.service.AutorizacionAuthService' that could not be found.


Action:

Consider defining a bean of type 'com.back.puntoventa.app.domain.auth.service.AutorizacionAuthService' in your configuration.

2026-04-25 10:37:59 [restartedMain] INFO  c.back.puntoventa.app.AppApplication - Starting AppApplication using Java 17.0.18 with PID 2804 (C:\Users\LENOVO\Desktop\PuntoVentaOficial\Back-PuntoVenta\target\classes started by LENOVO in C:\Users\LENOVO\Desktop\PuntoVentaOficial\Back-PuntoVenta)
2026-04-25 10:37:59 [restartedMain] DEBUG c.back.puntoventa.app.AppApplication - Running with Spring Boot v3.4.1, Spring v6.2.1
2026-04-25 10:37:59 [restartedMain] INFO  c.back.puntoventa.app.AppApplication - No active profile set, falling back to 1 default profile: "default"
2026-04-25 10:37:59 [restartedMain] WARN  o.s.b.w.s.c.AnnotationConfigServletWebServerApplicationContext - Exception encountered during context initialization - cancelling refresh attempt: org.springframework.beans.factory.BeanDefinitionStoreException: Incompatible class format in file [C:\Users\LENOVO\Desktop\PuntoVentaOficial\Back-PuntoVenta\target\classes\com\back\puntoventa\app\application\ventas\VentaRestAdapter.class]: set system property 'spring.classformat.ignore' to 'true' if you mean to ignore such files during classpath scanning
2026-04-25 10:37:59 [restartedMain] ERROR o.s.boot.SpringApplication - Application run failed
org.springframework.beans.factory.BeanDefinitionStoreException: Incompatible class format in file [C:\Users\LENOVO\Desktop\PuntoVentaOficial\Back-PuntoVenta\target\classes\com\back\puntoventa\app\application\ventas\VentaRestAdapter.class]: set system property 'spring.classformat.ignore' to 'true' if you mean to ignore such files during classpath scanning
	at org.springframework.context.annotation.ClassPathScanningCandidateComponentProvider.scanCandidateComponents(ClassPathScanningCandidateComponentProvider.java:504)
	at org.springframework.context.annotation.ClassPathScanningCandidateComponentProvider.findCandidateComponents(ClassPathScanningCandidateComponentProvider.java:351)
	at org.springframework.context.annotation.ClassPathBeanDefinitionScanner.doScan(ClassPathBeanDefinitionScanner.java:277)
	at org.springframework.context.annotation.ComponentScanAnnotationParser.parse(ComponentScanAnnotationParser.java:128)
	at org.springframework.context.annotation.ConfigurationClassParser.doProcessConfigurationClass(ConfigurationClassParser.java:332)
	at org.springframework.context.annotation.ConfigurationClassParser.processConfigurationClass(ConfigurationClassParser.java:267)
	at org.springframework.context.annotation.ConfigurationClassParser.parse(ConfigurationClassParser.java:193)
	at org.springframework.context.annotation.ConfigurationClassParser.parse(ConfigurationClassParser.java:171)
	at org.springframework.context.annotation.ConfigurationClassPostProcessor.processConfigBeanDefinitions(ConfigurationClassPostProcessor.java:418)
	at org.springframework.context.annotation.ConfigurationClassPostProcessor.postProcessBeanDefinitionRegistry(ConfigurationClassPostProcessor.java:290)
	at org.springframework.context.support.PostProcessorRegistrationDelegate.invokeBeanDefinitionRegistryPostProcessors(PostProcessorRegistrationDelegate.java:349)
	at org.springframework.context.support.PostProcessorRegistrationDelegate.invokeBeanFactoryPostProcessors(PostProcessorRegistrationDelegate.java:118)
	at org.springframework.context.support.AbstractApplicationContext.invokeBeanFactoryPostProcessors(AbstractApplicationContext.java:791)
	at org.springframework.context.support.AbstractApplicationContext.refresh(AbstractApplicationContext.java:609)
	at org.springframework.boot.web.servlet.context.ServletWebServerApplicationContext.refresh(ServletWebServerApplicationContext.java:146)
	at org.springframework.boot.SpringApplication.refresh(SpringApplication.java:752)
	at org.springframework.boot.SpringApplication.refreshContext(SpringApplication.java:439)
	at org.springframework.boot.SpringApplication.run(SpringApplication.java:318)
	at org.springframework.boot.SpringApplication.run(SpringApplication.java:1361)
	at org.springframework.boot.SpringApplication.run(SpringApplication.java:1350)
	at com.back.puntoventa.app.AppApplication.main(AppApplication.java:13)
	at java.base/jdk.internal.reflect.NativeMethodAccessorImpl.invoke0(Native Method)
	at java.base/jdk.internal.reflect.NativeMethodAccessorImpl.invoke(NativeMethodAccessorImpl.java:77)
	at java.base/jdk.internal.reflect.DelegatingMethodAccessorImpl.invoke(DelegatingMethodAccessorImpl.java:43)
	at java.base/java.lang.reflect.Method.invoke(Method.java:569)
	at org.springframework.boot.devtools.restart.RestartLauncher.run(RestartLauncher.java:50)
Caused by: org.springframework.core.type.classreading.ClassFormatException: ASM ClassReader failed to parse class file - probably due to a new Java class file version that is not supported yet. Consider compiling with a lower '-target' or upgrade your framework version. Affected class: file [C:\Users\LENOVO\Desktop\PuntoVentaOficial\Back-PuntoVenta\target\classes\com\back\puntoventa\app\application\ventas\VentaRestAdapter.class]
	at org.springframework.core.type.classreading.SimpleMetadataReader.getClassReader(SimpleMetadataReader.java:59)
	at org.springframework.core.type.classreading.SimpleMetadataReader.<init>(SimpleMetadataReader.java:48)
	at org.springframework.core.type.classreading.SimpleMetadataReaderFactory.getMetadataReader(SimpleMetadataReaderFactory.java:103)
	at org.springframework.core.type.classreading.CachingMetadataReaderFactory.getMetadataReader(CachingMetadataReaderFactory.java:122)
	at org.springframework.context.annotation.ClassPathScanningCandidateComponentProvider.scanCandidateComponents(ClassPathScanningCandidateComponentProvider.java:470)
	... 25 common frames omitted
Caused by: java.lang.IllegalArgumentException: Unsupported class file major version 69
	at org.springframework.asm.ClassReader.<init>(ClassReader.java:200)
	at org.springframework.asm.ClassReader.<init>(ClassReader.java:180)
	at org.springframework.asm.ClassReader.<init>(ClassReader.java:166)
	at org.springframework.asm.ClassReader.<init>(ClassReader.java:288)
	at org.springframework.core.type.classreading.SimpleMetadataReader.getClassReader(SimpleMetadataReader.java:56)
	... 29 common frames omitted
2026-04-25 10:42:20 [background-preinit] INFO  o.h.validator.internal.util.Version - HV000001: Hibernate Validator 8.0.2.Final
2026-04-25 10:42:20 [restartedMain] INFO  c.back.puntoventa.app.AppApplication - Starting AppApplication using Java 17.0.18 with PID 10340 (C:\Users\LENOVO\Desktop\PuntoVentaOficial\Back-PuntoVenta\target\classes started by LENOVO in C:\Users\LENOVO\Desktop\PuntoVentaOficial\Back-PuntoVenta)
2026-04-25 10:42:20 [restartedMain] DEBUG c.back.puntoventa.app.AppApplication - Running with Spring Boot v3.4.1, Spring v6.2.1
2026-04-25 10:42:20 [restartedMain] INFO  c.back.puntoventa.app.AppApplication - No active profile set, falling back to 1 default profile: "default"
2026-04-25 10:42:21 [restartedMain] INFO  o.s.b.d.e.DevToolsPropertyDefaultsPostProcessor - Devtools property defaults active! Set 'spring.devtools.add-properties' to 'false' to disable
2026-04-25 10:42:21 [restartedMain] INFO  o.s.b.d.e.DevToolsPropertyDefaultsPostProcessor - For additional web related logging consider setting the 'logging.level.web' property to 'DEBUG'
2026-04-25 10:42:22 [restartedMain] INFO  o.s.b.w.e.tomcat.TomcatWebServer - Tomcat initialized with port 3000 (http)
2026-04-25 10:42:22 [restartedMain] INFO  o.a.coyote.http11.Http11NioProtocol - Initializing ProtocolHandler ["http-nio-3000"]
2026-04-25 10:42:22 [restartedMain] INFO  o.a.catalina.core.StandardService - Starting service [Tomcat]
2026-04-25 10:42:22 [restartedMain] INFO  o.a.catalina.core.StandardEngine - Starting Servlet engine: [Apache Tomcat/10.1.34]
2026-04-25 10:42:22 [restartedMain] INFO  o.a.c.c.C.[Tomcat].[localhost].[/] - Initializing Spring embedded WebApplicationContext
2026-04-25 10:42:22 [restartedMain] INFO  o.s.b.w.s.c.ServletWebServerApplicationContext - Root WebApplicationContext: initialization completed in 1545 ms
2026-04-25 10:42:23 [restartedMain] INFO  o.s.b.d.a.OptionalLiveReloadServer - LiveReload server is running on port 35729
2026-04-25 10:42:23 [restartedMain] INFO  o.a.coyote.http11.Http11NioProtocol - Starting ProtocolHandler ["http-nio-3000"]
2026-04-25 10:42:23 [restartedMain] INFO  o.s.b.w.e.tomcat.TomcatWebServer - Tomcat started on port 3000 (http) with context path '/'
2026-04-25 10:42:23 [restartedMain] INFO  c.back.puntoventa.app.AppApplication - Started AppApplication in 3.077 seconds (process running for 3.589)
2026-04-25 10:47:25 [http-nio-3000-exec-2] INFO  o.a.c.c.C.[Tomcat].[localhost].[/] - Initializing Spring DispatcherServlet 'dispatcherServlet'
2026-04-25 10:47:25 [http-nio-3000-exec-2] INFO  o.s.web.servlet.DispatcherServlet - Initializing Servlet 'dispatcherServlet'
2026-04-25 10:47:25 [http-nio-3000-exec-2] INFO  o.s.web.servlet.DispatcherServlet - Completed initialization in 2 ms
2026-04-25 10:47:25 [http-nio-3000-exec-2] INFO  c.b.p.a.a.ventas.VentaRestAdapter - POST /ventas - Crear nueva venta
2026-04-25 10:47:25 [http-nio-3000-exec-2] INFO  c.b.p.a.d.v.s.GestionVentasService - Creando venta para cliente 5 por vendedor 2ab0631c-da17-4bd8-b9b9-237de54711c6
2026-04-25 10:47:27 [http-nio-3000-exec-2] WARN  c.b.p.a.a.ventas.VentaRestAdapter - Argumento inválido al crear venta: ID venta no puede estar vacío
2026-04-25 10:47:27 [http-nio-3000-exec-2] WARN  o.s.w.s.m.m.a.ExceptionHandlerExceptionResolver - Resolved [com.back.puntoventa.app.common.ApiException: ID venta no puede estar vacío]
2026-04-25 10:51:40 [File Watcher] INFO  o.s.b.d.a.LocalDevToolsAutoConfiguration$RestartingClassPathChangeChangedEventListener - Restarting due to 3 class path changes (0 additions, 0 deletions, 3 modifications)
2026-04-25 10:51:41 [Thread-5] INFO  o.s.b.w.e.tomcat.GracefulShutdown - Commencing graceful shutdown. Waiting for active requests to complete
2026-04-25 10:51:41 [tomcat-shutdown] INFO  o.a.coyote.http11.Http11NioProtocol - Pausing ProtocolHandler ["http-nio-3000"]
2026-04-25 10:51:41 [tomcat-shutdown] INFO  o.s.b.w.e.tomcat.GracefulShutdown - Graceful shutdown complete
2026-04-25 10:51:41 [Thread-5] INFO  o.a.coyote.http11.Http11NioProtocol - Stopping ProtocolHandler ["http-nio-3000"]
2026-04-25 10:51:41 [restartedMain] INFO  c.back.puntoventa.app.AppApplication - Starting AppApplication using Java 17.0.18 with PID 10340 (C:\Users\LENOVO\Desktop\PuntoVentaOficial\Back-PuntoVenta\target\classes started by LENOVO in C:\Users\LENOVO\Desktop\PuntoVentaOficial\Back-PuntoVenta)
2026-04-25 10:51:41 [restartedMain] DEBUG c.back.puntoventa.app.AppApplication - Running with Spring Boot v3.4.1, Spring v6.2.1
2026-04-25 10:51:41 [restartedMain] INFO  c.back.puntoventa.app.AppApplication - No active profile set, falling back to 1 default profile: "default"
2026-04-25 10:51:41 [restartedMain] WARN  o.s.b.w.s.c.AnnotationConfigServletWebServerApplicationContext - Exception encountered during context initialization - cancelling refresh attempt: org.springframework.beans.factory.BeanDefinitionStoreException: Incompatible class format in file [C:\Users\LENOVO\Desktop\PuntoVentaOficial\Back-PuntoVenta\target\classes\com\back\puntoventa\app\application\ventas\VentaRestAdapter.class]: set system property 'spring.classformat.ignore' to 'true' if you mean to ignore such files during classpath scanning
2026-04-25 10:51:41 [restartedMain] ERROR o.s.boot.SpringApplication - Application run failed
org.springframework.beans.factory.BeanDefinitionStoreException: Incompatible class format in file [C:\Users\LENOVO\Desktop\PuntoVentaOficial\Back-PuntoVenta\target\classes\com\back\puntoventa\app\application\ventas\VentaRestAdapter.class]: set system property 'spring.classformat.ignore' to 'true' if you mean to ignore such files during classpath scanning
	at org.springframework.context.annotation.ClassPathScanningCandidateComponentProvider.scanCandidateComponents(ClassPathScanningCandidateComponentProvider.java:504)
	at org.springframework.context.annotation.ClassPathScanningCandidateComponentProvider.findCandidateComponents(ClassPathScanningCandidateComponentProvider.java:351)
	at org.springframework.context.annotation.ClassPathBeanDefinitionScanner.doScan(ClassPathBeanDefinitionScanner.java:277)
	at org.springframework.context.annotation.ComponentScanAnnotationParser.parse(ComponentScanAnnotationParser.java:128)
	at org.springframework.context.annotation.ConfigurationClassParser.doProcessConfigurationClass(ConfigurationClassParser.java:332)
	at org.springframework.context.annotation.ConfigurationClassParser.processConfigurationClass(ConfigurationClassParser.java:267)
	at org.springframework.context.annotation.ConfigurationClassParser.parse(ConfigurationClassParser.java:193)
	at org.springframework.context.annotation.ConfigurationClassParser.parse(ConfigurationClassParser.java:171)
	at org.springframework.context.annotation.ConfigurationClassPostProcessor.processConfigBeanDefinitions(ConfigurationClassPostProcessor.java:418)
	at org.springframework.context.annotation.ConfigurationClassPostProcessor.postProcessBeanDefinitionRegistry(ConfigurationClassPostProcessor.java:290)
	at org.springframework.context.support.PostProcessorRegistrationDelegate.invokeBeanDefinitionRegistryPostProcessors(PostProcessorRegistrationDelegate.java:349)
	at org.springframework.context.support.PostProcessorRegistrationDelegate.invokeBeanFactoryPostProcessors(PostProcessorRegistrationDelegate.java:118)
	at org.springframework.context.support.AbstractApplicationContext.invokeBeanFactoryPostProcessors(AbstractApplicationContext.java:791)
	at org.springframework.context.support.AbstractApplicationContext.refresh(AbstractApplicationContext.java:609)
	at org.springframework.boot.web.servlet.context.ServletWebServerApplicationContext.refresh(ServletWebServerApplicationContext.java:146)
	at org.springframework.boot.SpringApplication.refresh(SpringApplication.java:752)
	at org.springframework.boot.SpringApplication.refreshContext(SpringApplication.java:439)
	at org.springframework.boot.SpringApplication.run(SpringApplication.java:318)
	at org.springframework.boot.SpringApplication.run(SpringApplication.java:1361)
	at org.springframework.boot.SpringApplication.run(SpringApplication.java:1350)
	at com.back.puntoventa.app.AppApplication.main(AppApplication.java:13)
	at java.base/jdk.internal.reflect.NativeMethodAccessorImpl.invoke0(Native Method)
	at java.base/jdk.internal.reflect.NativeMethodAccessorImpl.invoke(NativeMethodAccessorImpl.java:77)
	at java.base/jdk.internal.reflect.DelegatingMethodAccessorImpl.invoke(DelegatingMethodAccessorImpl.java:43)
	at java.base/java.lang.reflect.Method.invoke(Method.java:569)
	at org.springframework.boot.devtools.restart.RestartLauncher.run(RestartLauncher.java:50)
Caused by: org.springframework.core.type.classreading.ClassFormatException: ASM ClassReader failed to parse class file - probably due to a new Java class file version that is not supported yet. Consider compiling with a lower '-target' or upgrade your framework version. Affected class: file [C:\Users\LENOVO\Desktop\PuntoVentaOficial\Back-PuntoVenta\target\classes\com\back\puntoventa\app\application\ventas\VentaRestAdapter.class]
	at org.springframework.core.type.classreading.SimpleMetadataReader.getClassReader(SimpleMetadataReader.java:59)
	at org.springframework.core.type.classreading.SimpleMetadataReader.<init>(SimpleMetadataReader.java:48)
	at org.springframework.core.type.classreading.SimpleMetadataReaderFactory.getMetadataReader(SimpleMetadataReaderFactory.java:103)
	at org.springframework.core.type.classreading.CachingMetadataReaderFactory.getMetadataReader(CachingMetadataReaderFactory.java:122)
	at org.springframework.context.annotation.ClassPathScanningCandidateComponentProvider.scanCandidateComponents(ClassPathScanningCandidateComponentProvider.java:470)
	... 25 common frames omitted
Caused by: java.lang.IllegalArgumentException: Unsupported class file major version 69
	at org.springframework.asm.ClassReader.<init>(ClassReader.java:200)
	at org.springframework.asm.ClassReader.<init>(ClassReader.java:180)
	at org.springframework.asm.ClassReader.<init>(ClassReader.java:166)
	at org.springframework.asm.ClassReader.<init>(ClassReader.java:288)
	at org.springframework.core.type.classreading.SimpleMetadataReader.getClassReader(SimpleMetadataReader.java:56)
	... 29 common frames omitted
2026-04-25 10:51:49 [restartedMain] INFO  c.back.puntoventa.app.AppApplication - Starting AppApplication using Java 17.0.18 with PID 10340 (C:\Users\LENOVO\Desktop\PuntoVentaOficial\Back-PuntoVenta\target\classes started by LENOVO in C:\Users\LENOVO\Desktop\PuntoVentaOficial\Back-PuntoVenta)
2026-04-25 10:51:49 [restartedMain] DEBUG c.back.puntoventa.app.AppApplication - Running with Spring Boot v3.4.1, Spring v6.2.1
2026-04-25 10:51:49 [restartedMain] INFO  c.back.puntoventa.app.AppApplication - No active profile set, falling back to 1 default profile: "default"
2026-04-25 10:51:49 [restartedMain] WARN  o.s.b.w.s.c.AnnotationConfigServletWebServerApplicationContext - Exception encountered during context initialization - cancelling refresh attempt: org.springframework.beans.factory.BeanDefinitionStoreException: Incompatible class format in file [C:\Users\LENOVO\Desktop\PuntoVentaOficial\Back-PuntoVenta\target\classes\com\back\puntoventa\app\application\ventas\VentaRestAdapter.class]: set system property 'spring.classformat.ignore' to 'true' if you mean to ignore such files during classpath scanning
2026-04-25 10:51:49 [restartedMain] ERROR o.s.boot.SpringApplication - Application run failed
org.springframework.beans.factory.BeanDefinitionStoreException: Incompatible class format in file [C:\Users\LENOVO\Desktop\PuntoVentaOficial\Back-PuntoVenta\target\classes\com\back\puntoventa\app\application\ventas\VentaRestAdapter.class]: set system property 'spring.classformat.ignore' to 'true' if you mean to ignore such files during classpath scanning
	at org.springframework.context.annotation.ClassPathScanningCandidateComponentProvider.scanCandidateComponents(ClassPathScanningCandidateComponentProvider.java:504)
	at org.springframework.context.annotation.ClassPathScanningCandidateComponentProvider.findCandidateComponents(ClassPathScanningCandidateComponentProvider.java:351)
	at org.springframework.context.annotation.ClassPathBeanDefinitionScanner.doScan(ClassPathBeanDefinitionScanner.java:277)
	at org.springframework.context.annotation.ComponentScanAnnotationParser.parse(ComponentScanAnnotationParser.java:128)
	at org.springframework.context.annotation.ConfigurationClassParser.doProcessConfigurationClass(ConfigurationClassParser.java:332)
	at org.springframework.context.annotation.ConfigurationClassParser.processConfigurationClass(ConfigurationClassParser.java:267)
	at org.springframework.context.annotation.ConfigurationClassParser.parse(ConfigurationClassParser.java:193)
	at org.springframework.context.annotation.ConfigurationClassParser.parse(ConfigurationClassParser.java:171)
	at org.springframework.context.annotation.ConfigurationClassPostProcessor.processConfigBeanDefinitions(ConfigurationClassPostProcessor.java:418)
	at org.springframework.context.annotation.ConfigurationClassPostProcessor.postProcessBeanDefinitionRegistry(ConfigurationClassPostProcessor.java:290)
	at org.springframework.context.support.PostProcessorRegistrationDelegate.invokeBeanDefinitionRegistryPostProcessors(PostProcessorRegistrationDelegate.java:349)
	at org.springframework.context.support.PostProcessorRegistrationDelegate.invokeBeanFactoryPostProcessors(PostProcessorRegistrationDelegate.java:118)
	at org.springframework.context.support.AbstractApplicationContext.invokeBeanFactoryPostProcessors(AbstractApplicationContext.java:791)
	at org.springframework.context.support.AbstractApplicationContext.refresh(AbstractApplicationContext.java:609)
	at org.springframework.boot.web.servlet.context.ServletWebServerApplicationContext.refresh(ServletWebServerApplicationContext.java:146)
	at org.springframework.boot.SpringApplication.refresh(SpringApplication.java:752)
	at org.springframework.boot.SpringApplication.refreshContext(SpringApplication.java:439)
	at org.springframework.boot.SpringApplication.run(SpringApplication.java:318)
	at org.springframework.boot.SpringApplication.run(SpringApplication.java:1361)
	at org.springframework.boot.SpringApplication.run(SpringApplication.java:1350)
	at com.back.puntoventa.app.AppApplication.main(AppApplication.java:13)
	at java.base/jdk.internal.reflect.NativeMethodAccessorImpl.invoke0(Native Method)
	at java.base/jdk.internal.reflect.NativeMethodAccessorImpl.invoke(NativeMethodAccessorImpl.java:77)
	at java.base/jdk.internal.reflect.DelegatingMethodAccessorImpl.invoke(DelegatingMethodAccessorImpl.java:43)
	at java.base/java.lang.reflect.Method.invoke(Method.java:569)
	at org.springframework.boot.devtools.restart.RestartLauncher.run(RestartLauncher.java:50)
Caused by: org.springframework.core.type.classreading.ClassFormatException: ASM ClassReader failed to parse class file - probably due to a new Java class file version that is not supported yet. Consider compiling with a lower '-target' or upgrade your framework version. Affected class: file [C:\Users\LENOVO\Desktop\PuntoVentaOficial\Back-PuntoVenta\target\classes\com\back\puntoventa\app\application\ventas\VentaRestAdapter.class]
	at org.springframework.core.type.classreading.SimpleMetadataReader.getClassReader(SimpleMetadataReader.java:59)
	at org.springframework.core.type.classreading.SimpleMetadataReader.<init>(SimpleMetadataReader.java:48)
	at org.springframework.core.type.classreading.SimpleMetadataReaderFactory.getMetadataReader(SimpleMetadataReaderFactory.java:103)
	at org.springframework.core.type.classreading.CachingMetadataReaderFactory.getMetadataReader(CachingMetadataReaderFactory.java:122)
	at org.springframework.context.annotation.ClassPathScanningCandidateComponentProvider.scanCandidateComponents(ClassPathScanningCandidateComponentProvider.java:470)
	... 25 common frames omitted
Caused by: java.lang.IllegalArgumentException: Unsupported class file major version 69
	at org.springframework.asm.ClassReader.<init>(ClassReader.java:200)
	at org.springframework.asm.ClassReader.<init>(ClassReader.java:180)
	at org.springframework.asm.ClassReader.<init>(ClassReader.java:166)
	at org.springframework.asm.ClassReader.<init>(ClassReader.java:288)
	at org.springframework.core.type.classreading.SimpleMetadataReader.getClassReader(SimpleMetadataReader.java:56)
	... 29 common frames omitted
2026-04-25 10:51:58 [restartedMain] INFO  c.back.puntoventa.app.AppApplication - Starting AppApplication using Java 17.0.18 with PID 10340 (C:\Users\LENOVO\Desktop\PuntoVentaOficial\Back-PuntoVenta\target\classes started by LENOVO in C:\Users\LENOVO\Desktop\PuntoVentaOficial\Back-PuntoVenta)
2026-04-25 10:51:58 [restartedMain] DEBUG c.back.puntoventa.app.AppApplication - Running with Spring Boot v3.4.1, Spring v6.2.1
2026-04-25 10:51:58 [restartedMain] INFO  c.back.puntoventa.app.AppApplication - No active profile set, falling back to 1 default profile: "default"
2026-04-25 10:51:58 [restartedMain] WARN  o.s.b.w.s.c.AnnotationConfigServletWebServerApplicationContext - Exception encountered during context initialization - cancelling refresh attempt: org.springframework.beans.factory.BeanDefinitionStoreException: Incompatible class format in file [C:\Users\LENOVO\Desktop\PuntoVentaOficial\Back-PuntoVenta\target\classes\com\back\puntoventa\app\application\ventas\VentaRestAdapter.class]: set system property 'spring.classformat.ignore' to 'true' if you mean to ignore such files during classpath scanning
2026-04-25 10:51:58 [restartedMain] ERROR o.s.boot.SpringApplication - Application run failed
org.springframework.beans.factory.BeanDefinitionStoreException: Incompatible class format in file [C:\Users\LENOVO\Desktop\PuntoVentaOficial\Back-PuntoVenta\target\classes\com\back\puntoventa\app\application\ventas\VentaRestAdapter.class]: set system property 'spring.classformat.ignore' to 'true' if you mean to ignore such files during classpath scanning
	at org.springframework.context.annotation.ClassPathScanningCandidateComponentProvider.scanCandidateComponents(ClassPathScanningCandidateComponentProvider.java:504)
	at org.springframework.context.annotation.ClassPathScanningCandidateComponentProvider.findCandidateComponents(ClassPathScanningCandidateComponentProvider.java:351)
	at org.springframework.context.annotation.ClassPathBeanDefinitionScanner.doScan(ClassPathBeanDefinitionScanner.java:277)
	at org.springframework.context.annotation.ComponentScanAnnotationParser.parse(ComponentScanAnnotationParser.java:128)
	at org.springframework.context.annotation.ConfigurationClassParser.doProcessConfigurationClass(ConfigurationClassParser.java:332)
	at org.springframework.context.annotation.ConfigurationClassParser.processConfigurationClass(ConfigurationClassParser.java:267)
	at org.springframework.context.annotation.ConfigurationClassParser.parse(ConfigurationClassParser.java:193)
	at org.springframework.context.annotation.ConfigurationClassParser.parse(ConfigurationClassParser.java:171)
	at org.springframework.context.annotation.ConfigurationClassPostProcessor.processConfigBeanDefinitions(ConfigurationClassPostProcessor.java:418)
	at org.springframework.context.annotation.ConfigurationClassPostProcessor.postProcessBeanDefinitionRegistry(ConfigurationClassPostProcessor.java:290)
	at org.springframework.context.support.PostProcessorRegistrationDelegate.invokeBeanDefinitionRegistryPostProcessors(PostProcessorRegistrationDelegate.java:349)
	at org.springframework.context.support.PostProcessorRegistrationDelegate.invokeBeanFactoryPostProcessors(PostProcessorRegistrationDelegate.java:118)
	at org.springframework.context.support.AbstractApplicationContext.invokeBeanFactoryPostProcessors(AbstractApplicationContext.java:791)
	at org.springframework.context.support.AbstractApplicationContext.refresh(AbstractApplicationContext.java:609)
	at org.springframework.boot.web.servlet.context.ServletWebServerApplicationContext.refresh(ServletWebServerApplicationContext.java:146)
	at org.springframework.boot.SpringApplication.refresh(SpringApplication.java:752)
	at org.springframework.boot.SpringApplication.refreshContext(SpringApplication.java:439)
	at org.springframework.boot.SpringApplication.run(SpringApplication.java:318)
	at org.springframework.boot.SpringApplication.run(SpringApplication.java:1361)
	at org.springframework.boot.SpringApplication.run(SpringApplication.java:1350)
	at com.back.puntoventa.app.AppApplication.main(AppApplication.java:13)
	at java.base/jdk.internal.reflect.NativeMethodAccessorImpl.invoke0(Native Method)
	at java.base/jdk.internal.reflect.NativeMethodAccessorImpl.invoke(NativeMethodAccessorImpl.java:77)
	at java.base/jdk.internal.reflect.DelegatingMethodAccessorImpl.invoke(DelegatingMethodAccessorImpl.java:43)
	at java.base/java.lang.reflect.Method.invoke(Method.java:569)
	at org.springframework.boot.devtools.restart.RestartLauncher.run(RestartLauncher.java:50)
Caused by: org.springframework.core.type.classreading.ClassFormatException: ASM ClassReader failed to parse class file - probably due to a new Java class file version that is not supported yet. Consider compiling with a lower '-target' or upgrade your framework version. Affected class: file [C:\Users\LENOVO\Desktop\PuntoVentaOficial\Back-PuntoVenta\target\classes\com\back\puntoventa\app\application\ventas\VentaRestAdapter.class]
	at org.springframework.core.type.classreading.SimpleMetadataReader.getClassReader(SimpleMetadataReader.java:59)
	at org.springframework.core.type.classreading.SimpleMetadataReader.<init>(SimpleMetadataReader.java:48)
	at org.springframework.core.type.classreading.SimpleMetadataReaderFactory.getMetadataReader(SimpleMetadataReaderFactory.java:103)
	at org.springframework.core.type.classreading.CachingMetadataReaderFactory.getMetadataReader(CachingMetadataReaderFactory.java:122)
	at org.springframework.context.annotation.ClassPathScanningCandidateComponentProvider.scanCandidateComponents(ClassPathScanningCandidateComponentProvider.java:470)
	... 25 common frames omitted
Caused by: java.lang.IllegalArgumentException: Unsupported class file major version 69
	at org.springframework.asm.ClassReader.<init>(ClassReader.java:200)
	at org.springframework.asm.ClassReader.<init>(ClassReader.java:180)
	at org.springframework.asm.ClassReader.<init>(ClassReader.java:166)
	at org.springframework.asm.ClassReader.<init>(ClassReader.java:288)
	at org.springframework.core.type.classreading.SimpleMetadataReader.getClassReader(SimpleMetadataReader.java:56)
	... 29 common frames omitted
2026-04-25 10:53:34 [background-preinit] INFO  o.h.validator.internal.util.Version - HV000001: Hibernate Validator 8.0.2.Final
2026-04-25 10:53:34 [restartedMain] INFO  c.back.puntoventa.app.AppApplication - Starting AppApplication using Java 17.0.18 with PID 22664 (C:\Users\LENOVO\Desktop\PuntoVentaOficial\Back-PuntoVenta\target\classes started by LENOVO in C:\Users\LENOVO\Desktop\PuntoVentaOficial\Back-PuntoVenta)
2026-04-25 10:53:34 [restartedMain] DEBUG c.back.puntoventa.app.AppApplication - Running with Spring Boot v3.4.1, Spring v6.2.1
2026-04-25 10:53:34 [restartedMain] INFO  c.back.puntoventa.app.AppApplication - No active profile set, falling back to 1 default profile: "default"
2026-04-25 10:53:34 [restartedMain] INFO  o.s.b.d.e.DevToolsPropertyDefaultsPostProcessor - Devtools property defaults active! Set 'spring.devtools.add-properties' to 'false' to disable
2026-04-25 10:53:34 [restartedMain] INFO  o.s.b.d.e.DevToolsPropertyDefaultsPostProcessor - For additional web related logging consider setting the 'logging.level.web' property to 'DEBUG'
2026-04-25 10:53:36 [restartedMain] INFO  o.s.b.w.e.tomcat.TomcatWebServer - Tomcat initialized with port 3000 (http)
2026-04-25 10:53:36 [restartedMain] INFO  o.a.coyote.http11.Http11NioProtocol - Initializing ProtocolHandler ["http-nio-3000"]
2026-04-25 10:53:36 [restartedMain] INFO  o.a.catalina.core.StandardService - Starting service [Tomcat]
2026-04-25 10:53:36 [restartedMain] INFO  o.a.catalina.core.StandardEngine - Starting Servlet engine: [Apache Tomcat/10.1.34]
2026-04-25 10:53:36 [restartedMain] INFO  o.a.c.c.C.[Tomcat].[localhost].[/] - Initializing Spring embedded WebApplicationContext
2026-04-25 10:53:36 [restartedMain] INFO  o.s.b.w.s.c.ServletWebServerApplicationContext - Root WebApplicationContext: initialization completed in 1489 ms
2026-04-25 10:53:37 [restartedMain] INFO  o.s.b.d.a.OptionalLiveReloadServer - LiveReload server is running on port 35729
2026-04-25 10:53:37 [restartedMain] INFO  o.a.coyote.http11.Http11NioProtocol - Starting ProtocolHandler ["http-nio-3000"]
2026-04-25 10:53:37 [restartedMain] INFO  o.s.b.w.e.tomcat.TomcatWebServer - Tomcat started on port 3000 (http) with context path '/'
2026-04-25 10:53:37 [restartedMain] INFO  c.back.puntoventa.app.AppApplication - Started AppApplication in 3.038 seconds (process running for 3.521)
2026-04-25 10:55:17 [http-nio-3000-exec-2] INFO  o.a.c.c.C.[Tomcat].[localhost].[/] - Initializing Spring DispatcherServlet 'dispatcherServlet'
2026-04-25 10:55:17 [http-nio-3000-exec-2] INFO  o.s.web.servlet.DispatcherServlet - Initializing Servlet 'dispatcherServlet'
2026-04-25 10:55:17 [http-nio-3000-exec-2] INFO  o.s.web.servlet.DispatcherServlet - Completed initialization in 1 ms
2026-04-25 10:55:17 [http-nio-3000-exec-2] INFO  c.b.p.a.a.ventas.VentaRestAdapter - POST /ventas - Crear nueva venta
2026-04-25 10:55:17 [http-nio-3000-exec-2] INFO  c.b.p.a.d.v.s.GestionVentasService - Creando venta para cliente 5 por vendedor 2ab0631c-da17-4bd8-b9b9-237de54711c6
2026-04-25 10:55:19 [http-nio-3000-exec-2] INFO  c.b.p.a.d.v.s.GestionVentasService - Venta creada con ID: 1
2026-04-25 10:55:19 [http-nio-3000-exec-2] DEBUG c.b.p.a.d.v.s.GestionVentasService - Detalles de venta creados: 1
2026-04-25 10:55:19 [http-nio-3000-exec-2] DEBUG c.b.p.a.d.v.s.GestionVentasService - Stock actualizado para producto 9000109: 34
2026-04-25 10:55:19 [http-nio-3000-exec-2] INFO  c.b.p.a.d.v.s.GestionVentasService - Venta completada exitosamente - ID: 1, Total: 27.7
2026-04-25 10:55:19 [http-nio-3000-exec-2] INFO  c.b.p.a.a.ventas.VentaRestAdapter - Venta creada exitosamente - ID: 1
2026-04-25 11:02:34 [File Watcher] INFO  o.s.b.d.a.LocalDevToolsAutoConfiguration$RestartingClassPathChangeChangedEventListener - Restarting due to 12 class path changes (1 addition, 0 deletions, 11 modifications)
2026-04-25 11:02:34 [Thread-5] INFO  o.s.b.w.e.tomcat.GracefulShutdown - Commencing graceful shutdown. Waiting for active requests to complete
2026-04-25 11:02:34 [tomcat-shutdown] INFO  o.a.coyote.http11.Http11NioProtocol - Pausing ProtocolHandler ["http-nio-3000"]
2026-04-25 11:02:35 [tomcat-shutdown] INFO  o.s.b.w.e.tomcat.GracefulShutdown - Graceful shutdown complete
2026-04-25 11:02:35 [Thread-5] INFO  o.a.coyote.http11.Http11NioProtocol - Stopping ProtocolHandler ["http-nio-3000"]
2026-04-25 11:02:35 [restartedMain] INFO  c.back.puntoventa.app.AppApplication - Starting AppApplication using Java 17.0.18 with PID 22664 (C:\Users\LENOVO\Desktop\PuntoVentaOficial\Back-PuntoVenta\target\classes started by LENOVO in C:\Users\LENOVO\Desktop\PuntoVentaOficial\Back-PuntoVenta)
2026-04-25 11:02:35 [restartedMain] DEBUG c.back.puntoventa.app.AppApplication - Running with Spring Boot v3.4.1, Spring v6.2.1
2026-04-25 11:02:35 [restartedMain] INFO  c.back.puntoventa.app.AppApplication - No active profile set, falling back to 1 default profile: "default"
2026-04-25 11:02:35 [restartedMain] WARN  o.s.b.w.s.c.AnnotationConfigServletWebServerApplicationContext - Exception encountered during context initialization - cancelling refresh attempt: org.springframework.beans.factory.BeanDefinitionStoreException: Incompatible class format in file [C:\Users\LENOVO\Desktop\PuntoVentaOficial\Back-PuntoVenta\target\classes\com\back\puntoventa\app\application\ventas\VentaRestAdapter.class]: set system property 'spring.classformat.ignore' to 'true' if you mean to ignore such files during classpath scanning
2026-04-25 11:02:35 [restartedMain] ERROR o.s.boot.SpringApplication - Application run failed
org.springframework.beans.factory.BeanDefinitionStoreException: Incompatible class format in file [C:\Users\LENOVO\Desktop\PuntoVentaOficial\Back-PuntoVenta\target\classes\com\back\puntoventa\app\application\ventas\VentaRestAdapter.class]: set system property 'spring.classformat.ignore' to 'true' if you mean to ignore such files during classpath scanning
	at org.springframework.context.annotation.ClassPathScanningCandidateComponentProvider.scanCandidateComponents(ClassPathScanningCandidateComponentProvider.java:504)
	at org.springframework.context.annotation.ClassPathScanningCandidateComponentProvider.findCandidateComponents(ClassPathScanningCandidateComponentProvider.java:351)
	at org.springframework.context.annotation.ClassPathBeanDefinitionScanner.doScan(ClassPathBeanDefinitionScanner.java:277)
	at org.springframework.context.annotation.ComponentScanAnnotationParser.parse(ComponentScanAnnotationParser.java:128)
	at org.springframework.context.annotation.ConfigurationClassParser.doProcessConfigurationClass(ConfigurationClassParser.java:332)
	at org.springframework.context.annotation.ConfigurationClassParser.processConfigurationClass(ConfigurationClassParser.java:267)
	at org.springframework.context.annotation.ConfigurationClassParser.parse(ConfigurationClassParser.java:193)
	at org.springframework.context.annotation.ConfigurationClassParser.parse(ConfigurationClassParser.java:171)
	at org.springframework.context.annotation.ConfigurationClassPostProcessor.processConfigBeanDefinitions(ConfigurationClassPostProcessor.java:418)
	at org.springframework.context.annotation.ConfigurationClassPostProcessor.postProcessBeanDefinitionRegistry(ConfigurationClassPostProcessor.java:290)
	at org.springframework.context.support.PostProcessorRegistrationDelegate.invokeBeanDefinitionRegistryPostProcessors(PostProcessorRegistrationDelegate.java:349)
	at org.springframework.context.support.PostProcessorRegistrationDelegate.invokeBeanFactoryPostProcessors(PostProcessorRegistrationDelegate.java:118)
	at org.springframework.context.support.AbstractApplicationContext.invokeBeanFactoryPostProcessors(AbstractApplicationContext.java:791)
	at org.springframework.context.support.AbstractApplicationContext.refresh(AbstractApplicationContext.java:609)
	at org.springframework.boot.web.servlet.context.ServletWebServerApplicationContext.refresh(ServletWebServerApplicationContext.java:146)
	at org.springframework.boot.SpringApplication.refresh(SpringApplication.java:752)
	at org.springframework.boot.SpringApplication.refreshContext(SpringApplication.java:439)
	at org.springframework.boot.SpringApplication.run(SpringApplication.java:318)
	at org.springframework.boot.SpringApplication.run(SpringApplication.java:1361)
	at org.springframework.boot.SpringApplication.run(SpringApplication.java:1350)
	at com.back.puntoventa.app.AppApplication.main(AppApplication.java:13)
	at java.base/jdk.internal.reflect.NativeMethodAccessorImpl.invoke0(Native Method)
	at java.base/jdk.internal.reflect.NativeMethodAccessorImpl.invoke(NativeMethodAccessorImpl.java:77)
	at java.base/jdk.internal.reflect.DelegatingMethodAccessorImpl.invoke(DelegatingMethodAccessorImpl.java:43)
	at java.base/java.lang.reflect.Method.invoke(Method.java:569)
	at org.springframework.boot.devtools.restart.RestartLauncher.run(RestartLauncher.java:50)
Caused by: org.springframework.core.type.classreading.ClassFormatException: ASM ClassReader failed to parse class file - probably due to a new Java class file version that is not supported yet. Consider compiling with a lower '-target' or upgrade your framework version. Affected class: file [C:\Users\LENOVO\Desktop\PuntoVentaOficial\Back-PuntoVenta\target\classes\com\back\puntoventa\app\application\ventas\VentaRestAdapter.class]
	at org.springframework.core.type.classreading.SimpleMetadataReader.getClassReader(SimpleMetadataReader.java:59)
	at org.springframework.core.type.classreading.SimpleMetadataReader.<init>(SimpleMetadataReader.java:48)
	at org.springframework.core.type.classreading.SimpleMetadataReaderFactory.getMetadataReader(SimpleMetadataReaderFactory.java:103)
	at org.springframework.core.type.classreading.CachingMetadataReaderFactory.getMetadataReader(CachingMetadataReaderFactory.java:122)
	at org.springframework.context.annotation.ClassPathScanningCandidateComponentProvider.scanCandidateComponents(ClassPathScanningCandidateComponentProvider.java:470)
	... 25 common frames omitted
Caused by: java.lang.IllegalArgumentException: Unsupported class file major version 69
	at org.springframework.asm.ClassReader.<init>(ClassReader.java:200)
	at org.springframework.asm.ClassReader.<init>(ClassReader.java:180)
	at org.springframework.asm.ClassReader.<init>(ClassReader.java:166)
	at org.springframework.asm.ClassReader.<init>(ClassReader.java:288)
	at org.springframework.core.type.classreading.SimpleMetadataReader.getClassReader(SimpleMetadataReader.java:56)
	... 29 common frames omitted
2026-04-25 11:26:10 [background-preinit] INFO  o.h.validator.internal.util.Version - HV000001: Hibernate Validator 8.0.2.Final
2026-04-25 11:26:10 [restartedMain] INFO  c.back.puntoventa.app.AppApplication - Starting AppApplication using Java 17.0.18 with PID 24340 (C:\Users\LENOVO\Desktop\PuntoVentaOficial\Back-PuntoVenta\target\classes started by LENOVO in C:\Users\LENOVO\Desktop\PuntoVentaOficial\Back-PuntoVenta)
2026-04-25 11:26:10 [restartedMain] DEBUG c.back.puntoventa.app.AppApplication - Running with Spring Boot v3.4.1, Spring v6.2.1
2026-04-25 11:26:10 [restartedMain] INFO  c.back.puntoventa.app.AppApplication - No active profile set, falling back to 1 default profile: "default"
2026-04-25 11:26:10 [restartedMain] INFO  o.s.b.d.e.DevToolsPropertyDefaultsPostProcessor - Devtools property defaults active! Set 'spring.devtools.add-properties' to 'false' to disable
2026-04-25 11:26:10 [restartedMain] INFO  o.s.b.d.e.DevToolsPropertyDefaultsPostProcessor - For additional web related logging consider setting the 'logging.level.web' property to 'DEBUG'
2026-04-25 11:26:11 [restartedMain] INFO  o.s.b.w.e.tomcat.TomcatWebServer - Tomcat initialized with port 3000 (http)
2026-04-25 11:26:11 [restartedMain] INFO  o.a.coyote.http11.Http11NioProtocol - Initializing ProtocolHandler ["http-nio-3000"]
2026-04-25 11:26:11 [restartedMain] INFO  o.a.catalina.core.StandardService - Starting service [Tomcat]
2026-04-25 11:26:11 [restartedMain] INFO  o.a.catalina.core.StandardEngine - Starting Servlet engine: [Apache Tomcat/10.1.34]
2026-04-25 11:26:11 [restartedMain] INFO  o.a.c.c.C.[Tomcat].[localhost].[/] - Initializing Spring embedded WebApplicationContext
2026-04-25 11:26:11 [restartedMain] INFO  o.s.b.w.s.c.ServletWebServerApplicationContext - Root WebApplicationContext: initialization completed in 1109 ms
2026-04-25 11:26:11 [restartedMain] INFO  o.s.b.d.a.OptionalLiveReloadServer - LiveReload server is running on port 35729
2026-04-25 11:26:11 [restartedMain] INFO  o.a.coyote.http11.Http11NioProtocol - Starting ProtocolHandler ["http-nio-3000"]
2026-04-25 11:26:11 [restartedMain] INFO  o.s.b.w.e.tomcat.TomcatWebServer - Tomcat started on port 3000 (http) with context path '/'
2026-04-25 11:26:11 [restartedMain] INFO  c.back.puntoventa.app.AppApplication - Started AppApplication in 2.149 seconds (process running for 2.478)
2026-04-25 11:27:45 [http-nio-3000-exec-2] INFO  o.a.c.c.C.[Tomcat].[localhost].[/] - Initializing Spring DispatcherServlet 'dispatcherServlet'
2026-04-25 11:27:45 [http-nio-3000-exec-2] INFO  o.s.web.servlet.DispatcherServlet - Initializing Servlet 'dispatcherServlet'
2026-04-25 11:27:45 [http-nio-3000-exec-2] INFO  o.s.web.servlet.DispatcherServlet - Completed initialization in 1 ms
2026-04-25 11:27:45 [http-nio-3000-exec-2] INFO  c.b.p.a.a.ventas.VentaRestAdapter - POST /ventas - Crear nueva venta
2026-04-25 11:27:45 [http-nio-3000-exec-2] INFO  c.b.p.a.d.v.s.GestionVentasService - Creando venta para cliente 5 por vendedor 2ab0631c-da17-4bd8-b9b9-237de54711c6
2026-04-25 11:27:48 [http-nio-3000-exec-2] INFO  c.b.p.a.d.v.s.GestionVentasService - Venta creada con ID: 2
2026-04-25 11:27:48 [http-nio-3000-exec-2] DEBUG c.b.p.a.d.v.s.GestionVentasService - Detalles de venta creados: 1
2026-04-25 11:27:48 [http-nio-3000-exec-2] DEBUG c.b.p.a.d.v.s.GestionVentasService - Stock actualizado para producto 9000109: 33
2026-04-25 11:27:48 [http-nio-3000-exec-2] INFO  c.b.p.a.d.v.s.GestionVentasService - Venta completada exitosamente - ID: 2, Total: 27.7
2026-04-25 11:27:48 [http-nio-3000-exec-2] INFO  c.b.p.a.a.ventas.VentaRestAdapter - Venta creada exitosamente - ID: 2
2026-04-25 11:32:45 [SpringApplicationShutdownHook] INFO  o.s.b.w.e.tomcat.GracefulShutdown - Commencing graceful shutdown. Waiting for active requests to complete
2026-04-25 11:32:45 [tomcat-shutdown] INFO  o.s.b.w.e.tomcat.GracefulShutdown - Graceful shutdown complete
2026-04-25 21:58:38 [background-preinit] INFO  o.h.validator.internal.util.Version - HV000001: Hibernate Validator 8.0.2.Final
2026-04-25 21:58:38 [restartedMain] INFO  c.back.puntoventa.app.AppApplication - Starting AppApplication using Java 17.0.18 with PID 7612 (C:\Users\LENOVO\Desktop\PuntoVentaOficial\Back-PuntoVenta\target\classes started by LENOVO in C:\Users\LENOVO\Desktop\PuntoVentaOficial\Back-PuntoVenta)
2026-04-25 21:58:38 [restartedMain] DEBUG c.back.puntoventa.app.AppApplication - Running with Spring Boot v3.4.1, Spring v6.2.1
2026-04-25 21:58:38 [restartedMain] INFO  c.back.puntoventa.app.AppApplication - No active profile set, falling back to 1 default profile: "default"
2026-04-25 21:58:38 [restartedMain] INFO  o.s.b.d.e.DevToolsPropertyDefaultsPostProcessor - Devtools property defaults active! Set 'spring.devtools.add-properties' to 'false' to disable
2026-04-25 21:58:38 [restartedMain] INFO  o.s.b.d.e.DevToolsPropertyDefaultsPostProcessor - For additional web related logging consider setting the 'logging.level.web' property to 'DEBUG'
2026-04-25 21:58:39 [restartedMain] INFO  o.s.b.w.e.tomcat.TomcatWebServer - Tomcat initialized with port 3000 (http)
2026-04-25 21:58:39 [restartedMain] INFO  o.a.coyote.http11.Http11NioProtocol - Initializing ProtocolHandler ["http-nio-3000"]
2026-04-25 21:58:39 [restartedMain] INFO  o.a.catalina.core.StandardService - Starting service [Tomcat]
2026-04-25 21:58:39 [restartedMain] INFO  o.a.catalina.core.StandardEngine - Starting Servlet engine: [Apache Tomcat/10.1.34]
2026-04-25 21:58:40 [restartedMain] INFO  o.a.c.c.C.[Tomcat].[localhost].[/] - Initializing Spring embedded WebApplicationContext
2026-04-25 21:58:40 [restartedMain] INFO  o.s.b.w.s.c.ServletWebServerApplicationContext - Root WebApplicationContext: initialization completed in 1268 ms
2026-04-25 21:58:40 [restartedMain] INFO  o.s.b.d.a.OptionalLiveReloadServer - LiveReload server is running on port 35729
2026-04-25 21:58:40 [restartedMain] INFO  o.a.coyote.http11.Http11NioProtocol - Starting ProtocolHandler ["http-nio-3000"]
2026-04-25 21:58:40 [restartedMain] INFO  o.s.b.w.e.tomcat.TomcatWebServer - Tomcat started on port 3000 (http) with context path '/'
2026-04-25 21:58:40 [restartedMain] INFO  c.back.puntoventa.app.AppApplication - Started AppApplication in 2.758 seconds (process running for 3.243)
2026-04-25 22:00:31 [http-nio-3000-exec-1] INFO  o.a.c.c.C.[Tomcat].[localhost].[/] - Initializing Spring DispatcherServlet 'dispatcherServlet'
2026-04-25 22:00:31 [http-nio-3000-exec-1] INFO  o.s.web.servlet.DispatcherServlet - Initializing Servlet 'dispatcherServlet'
2026-04-25 22:00:31 [http-nio-3000-exec-1] INFO  o.s.web.servlet.DispatcherServlet - Completed initialization in 1 ms
2026-04-25 22:00:31 [http-nio-3000-exec-1] INFO  c.b.p.a.a.ventas.VentaRestAdapter - GET /ventas - Listar ventas resumidas
2026-04-25 22:00:31 [http-nio-3000-exec-1] INFO  c.b.p.a.d.v.s.GestionVentasService - Obteniendo listado de ventas resumidas
2026-04-25 22:00:57 [http-nio-3000-exec-3] INFO  c.b.p.a.a.ventas.VentaRestAdapter - GET /ventas/2 - Obtener venta por id
2026-04-25 22:00:57 [http-nio-3000-exec-3] INFO  c.b.p.a.d.v.s.GestionVentasService - Obteniendo venta por id: 2
2026-04-25 22:01:18 [http-nio-3000-exec-4] INFO  c.b.p.a.a.ventas.VentaRestAdapter - GET /ventas/3 - Obtener venta por id
2026-04-25 22:01:18 [http-nio-3000-exec-4] INFO  c.b.p.a.d.v.s.GestionVentasService - Obteniendo venta por id: 3
2026-04-25 22:01:19 [http-nio-3000-exec-4] WARN  c.b.p.a.d.v.s.GestionVentasService - Venta no encontrada: 3
2026-04-25 22:01:19 [http-nio-3000-exec-4] WARN  c.b.p.a.a.ventas.VentaRestAdapter - Venta no encontrada o inválida: Venta no encontrada
2026-04-25 22:01:19 [http-nio-3000-exec-4] WARN  o.s.w.s.m.m.a.ExceptionHandlerExceptionResolver - Resolved [com.back.puntoventa.app.common.ApiException: Venta no encontrada]
2026-04-25 22:01:35 [File Watcher] INFO  o.s.b.d.a.LocalDevToolsAutoConfiguration$RestartingClassPathChangeChangedEventListener - Restarting due to 4 class path changes (0 additions, 0 deletions, 4 modifications)
2026-04-25 22:01:35 [Thread-5] INFO  o.s.b.w.e.tomcat.GracefulShutdown - Commencing graceful shutdown. Waiting for active requests to complete
2026-04-25 22:01:35 [tomcat-shutdown] INFO  o.a.coyote.http11.Http11NioProtocol - Pausing ProtocolHandler ["http-nio-3000"]
2026-04-25 22:01:35 [tomcat-shutdown] INFO  o.s.b.w.e.tomcat.GracefulShutdown - Graceful shutdown complete
2026-04-25 22:01:35 [Thread-5] INFO  o.a.coyote.http11.Http11NioProtocol - Stopping ProtocolHandler ["http-nio-3000"]
2026-04-25 22:01:35 [restartedMain] INFO  c.back.puntoventa.app.AppApplication - Starting AppApplication using Java 17.0.18 with PID 7612 (C:\Users\LENOVO\Desktop\PuntoVentaOficial\Back-PuntoVenta\target\classes started by LENOVO in C:\Users\LENOVO\Desktop\PuntoVentaOficial\Back-PuntoVenta)
2026-04-25 22:01:35 [restartedMain] DEBUG c.back.puntoventa.app.AppApplication - Running with Spring Boot v3.4.1, Spring v6.2.1
2026-04-25 22:01:35 [restartedMain] INFO  c.back.puntoventa.app.AppApplication - No active profile set, falling back to 1 default profile: "default"
2026-04-25 22:01:35 [restartedMain] WARN  o.s.b.w.s.c.AnnotationConfigServletWebServerApplicationContext - Exception encountered during context initialization - cancelling refresh attempt: org.springframework.beans.factory.BeanDefinitionStoreException: Incompatible class format in file [C:\Users\LENOVO\Desktop\PuntoVentaOficial\Back-PuntoVenta\target\classes\com\back\puntoventa\app\application\ventas\VentaRestAdapter.class]: set system property 'spring.classformat.ignore' to 'true' if you mean to ignore such files during classpath scanning
2026-04-25 22:01:35 [restartedMain] ERROR o.s.boot.SpringApplication - Application run failed
org.springframework.beans.factory.BeanDefinitionStoreException: Incompatible class format in file [C:\Users\LENOVO\Desktop\PuntoVentaOficial\Back-PuntoVenta\target\classes\com\back\puntoventa\app\application\ventas\VentaRestAdapter.class]: set system property 'spring.classformat.ignore' to 'true' if you mean to ignore such files during classpath scanning
	at org.springframework.context.annotation.ClassPathScanningCandidateComponentProvider.scanCandidateComponents(ClassPathScanningCandidateComponentProvider.java:504)
	at org.springframework.context.annotation.ClassPathScanningCandidateComponentProvider.findCandidateComponents(ClassPathScanningCandidateComponentProvider.java:351)
	at org.springframework.context.annotation.ClassPathBeanDefinitionScanner.doScan(ClassPathBeanDefinitionScanner.java:277)
	at org.springframework.context.annotation.ComponentScanAnnotationParser.parse(ComponentScanAnnotationParser.java:128)
	at org.springframework.context.annotation.ConfigurationClassParser.doProcessConfigurationClass(ConfigurationClassParser.java:332)
	at org.springframework.context.annotation.ConfigurationClassParser.processConfigurationClass(ConfigurationClassParser.java:267)
	at org.springframework.context.annotation.ConfigurationClassParser.parse(ConfigurationClassParser.java:193)
	at org.springframework.context.annotation.ConfigurationClassParser.parse(ConfigurationClassParser.java:171)
	at org.springframework.context.annotation.ConfigurationClassPostProcessor.processConfigBeanDefinitions(ConfigurationClassPostProcessor.java:418)
	at org.springframework.context.annotation.ConfigurationClassPostProcessor.postProcessBeanDefinitionRegistry(ConfigurationClassPostProcessor.java:290)
	at org.springframework.context.support.PostProcessorRegistrationDelegate.invokeBeanDefinitionRegistryPostProcessors(PostProcessorRegistrationDelegate.java:349)
	at org.springframework.context.support.PostProcessorRegistrationDelegate.invokeBeanFactoryPostProcessors(PostProcessorRegistrationDelegate.java:118)
	at org.springframework.context.support.AbstractApplicationContext.invokeBeanFactoryPostProcessors(AbstractApplicationContext.java:791)
	at org.springframework.context.support.AbstractApplicationContext.refresh(AbstractApplicationContext.java:609)
	at org.springframework.boot.web.servlet.context.ServletWebServerApplicationContext.refresh(ServletWebServerApplicationContext.java:146)
	at org.springframework.boot.SpringApplication.refresh(SpringApplication.java:752)
	at org.springframework.boot.SpringApplication.refreshContext(SpringApplication.java:439)
	at org.springframework.boot.SpringApplication.run(SpringApplication.java:318)
	at org.springframework.boot.SpringApplication.run(SpringApplication.java:1361)
	at org.springframework.boot.SpringApplication.run(SpringApplication.java:1350)
	at com.back.puntoventa.app.AppApplication.main(AppApplication.java:13)
	at java.base/jdk.internal.reflect.NativeMethodAccessorImpl.invoke0(Native Method)
	at java.base/jdk.internal.reflect.NativeMethodAccessorImpl.invoke(NativeMethodAccessorImpl.java:77)
	at java.base/jdk.internal.reflect.DelegatingMethodAccessorImpl.invoke(DelegatingMethodAccessorImpl.java:43)
	at java.base/java.lang.reflect.Method.invoke(Method.java:569)
	at org.springframework.boot.devtools.restart.RestartLauncher.run(RestartLauncher.java:50)
Caused by: org.springframework.core.type.classreading.ClassFormatException: ASM ClassReader failed to parse class file - probably due to a new Java class file version that is not supported yet. Consider compiling with a lower '-target' or upgrade your framework version. Affected class: file [C:\Users\LENOVO\Desktop\PuntoVentaOficial\Back-PuntoVenta\target\classes\com\back\puntoventa\app\application\ventas\VentaRestAdapter.class]
	at org.springframework.core.type.classreading.SimpleMetadataReader.getClassReader(SimpleMetadataReader.java:59)
	at org.springframework.core.type.classreading.SimpleMetadataReader.<init>(SimpleMetadataReader.java:48)
	at org.springframework.core.type.classreading.SimpleMetadataReaderFactory.getMetadataReader(SimpleMetadataReaderFactory.java:103)
	at org.springframework.core.type.classreading.CachingMetadataReaderFactory.getMetadataReader(CachingMetadataReaderFactory.java:122)
	at org.springframework.context.annotation.ClassPathScanningCandidateComponentProvider.scanCandidateComponents(ClassPathScanningCandidateComponentProvider.java:470)
	... 25 common frames omitted
Caused by: java.lang.IllegalArgumentException: Unsupported class file major version 69
	at org.springframework.asm.ClassReader.<init>(ClassReader.java:200)
	at org.springframework.asm.ClassReader.<init>(ClassReader.java:180)
	at org.springframework.asm.ClassReader.<init>(ClassReader.java:166)
	at org.springframework.asm.ClassReader.<init>(ClassReader.java:288)
	at org.springframework.core.type.classreading.SimpleMetadataReader.getClassReader(SimpleMetadataReader.java:56)
	... 29 common frames omitted
2026-04-25 22:35:58 [restartedMain] INFO  c.back.puntoventa.app.AppApplication - Starting AppApplication using Java 17.0.18 with PID 7612 (C:\Users\LENOVO\Desktop\PuntoVentaOficial\Back-PuntoVenta\target\classes started by LENOVO in C:\Users\LENOVO\Desktop\PuntoVentaOficial\Back-PuntoVenta)
2026-04-25 22:35:58 [restartedMain] DEBUG c.back.puntoventa.app.AppApplication - Running with Spring Boot v3.4.1, Spring v6.2.1
2026-04-25 22:35:58 [restartedMain] INFO  c.back.puntoventa.app.AppApplication - No active profile set, falling back to 1 default profile: "default"
2026-04-25 22:35:58 [restartedMain] WARN  o.s.b.w.s.c.AnnotationConfigServletWebServerApplicationContext - Exception encountered during context initialization - cancelling refresh attempt: org.springframework.beans.factory.BeanDefinitionStoreException: Incompatible class format in file [C:\Users\LENOVO\Desktop\PuntoVentaOficial\Back-PuntoVenta\target\classes\com\back\puntoventa\app\application\ventas\VentaRestAdapter.class]: set system property 'spring.classformat.ignore' to 'true' if you mean to ignore such files during classpath scanning
2026-04-25 22:35:58 [restartedMain] ERROR o.s.boot.SpringApplication - Application run failed
org.springframework.beans.factory.BeanDefinitionStoreException: Incompatible class format in file [C:\Users\LENOVO\Desktop\PuntoVentaOficial\Back-PuntoVenta\target\classes\com\back\puntoventa\app\application\ventas\VentaRestAdapter.class]: set system property 'spring.classformat.ignore' to 'true' if you mean to ignore such files during classpath scanning
	at org.springframework.context.annotation.ClassPathScanningCandidateComponentProvider.scanCandidateComponents(ClassPathScanningCandidateComponentProvider.java:504)
	at org.springframework.context.annotation.ClassPathScanningCandidateComponentProvider.findCandidateComponents(ClassPathScanningCandidateComponentProvider.java:351)
	at org.springframework.context.annotation.ClassPathBeanDefinitionScanner.doScan(ClassPathBeanDefinitionScanner.java:277)
	at org.springframework.context.annotation.ComponentScanAnnotationParser.parse(ComponentScanAnnotationParser.java:128)
	at org.springframework.context.annotation.ConfigurationClassParser.doProcessConfigurationClass(ConfigurationClassParser.java:332)
	at org.springframework.context.annotation.ConfigurationClassParser.processConfigurationClass(ConfigurationClassParser.java:267)
	at org.springframework.context.annotation.ConfigurationClassParser.parse(ConfigurationClassParser.java:193)
	at org.springframework.context.annotation.ConfigurationClassParser.parse(ConfigurationClassParser.java:171)
	at org.springframework.context.annotation.ConfigurationClassPostProcessor.processConfigBeanDefinitions(ConfigurationClassPostProcessor.java:418)
	at org.springframework.context.annotation.ConfigurationClassPostProcessor.postProcessBeanDefinitionRegistry(ConfigurationClassPostProcessor.java:290)
	at org.springframework.context.support.PostProcessorRegistrationDelegate.invokeBeanDefinitionRegistryPostProcessors(PostProcessorRegistrationDelegate.java:349)
	at org.springframework.context.support.PostProcessorRegistrationDelegate.invokeBeanFactoryPostProcessors(PostProcessorRegistrationDelegate.java:118)
	at org.springframework.context.support.AbstractApplicationContext.invokeBeanFactoryPostProcessors(AbstractApplicationContext.java:791)
	at org.springframework.context.support.AbstractApplicationContext.refresh(AbstractApplicationContext.java:609)
	at org.springframework.boot.web.servlet.context.ServletWebServerApplicationContext.refresh(ServletWebServerApplicationContext.java:146)
	at org.springframework.boot.SpringApplication.refresh(SpringApplication.java:752)
	at org.springframework.boot.SpringApplication.refreshContext(SpringApplication.java:439)
	at org.springframework.boot.SpringApplication.run(SpringApplication.java:318)
	at org.springframework.boot.SpringApplication.run(SpringApplication.java:1361)
	at org.springframework.boot.SpringApplication.run(SpringApplication.java:1350)
	at com.back.puntoventa.app.AppApplication.main(AppApplication.java:13)
	at java.base/jdk.internal.reflect.NativeMethodAccessorImpl.invoke0(Native Method)
	at java.base/jdk.internal.reflect.NativeMethodAccessorImpl.invoke(NativeMethodAccessorImpl.java:77)
	at java.base/jdk.internal.reflect.DelegatingMethodAccessorImpl.invoke(DelegatingMethodAccessorImpl.java:43)
	at java.base/java.lang.reflect.Method.invoke(Method.java:569)
	at org.springframework.boot.devtools.restart.RestartLauncher.run(RestartLauncher.java:50)
Caused by: org.springframework.core.type.classreading.ClassFormatException: ASM ClassReader failed to parse class file - probably due to a new Java class file version that is not supported yet. Consider compiling with a lower '-target' or upgrade your framework version. Affected class: file [C:\Users\LENOVO\Desktop\PuntoVentaOficial\Back-PuntoVenta\target\classes\com\back\puntoventa\app\application\ventas\VentaRestAdapter.class]
	at org.springframework.core.type.classreading.SimpleMetadataReader.getClassReader(SimpleMetadataReader.java:59)
	at org.springframework.core.type.classreading.SimpleMetadataReader.<init>(SimpleMetadataReader.java:48)
	at org.springframework.core.type.classreading.SimpleMetadataReaderFactory.getMetadataReader(SimpleMetadataReaderFactory.java:103)
	at org.springframework.core.type.classreading.CachingMetadataReaderFactory.getMetadataReader(CachingMetadataReaderFactory.java:122)
	at org.springframework.context.annotation.ClassPathScanningCandidateComponentProvider.scanCandidateComponents(ClassPathScanningCandidateComponentProvider.java:470)
	... 25 common frames omitted
Caused by: java.lang.IllegalArgumentException: Unsupported class file major version 69
	at org.springframework.asm.ClassReader.<init>(ClassReader.java:200)
	at org.springframework.asm.ClassReader.<init>(ClassReader.java:180)
	at org.springframework.asm.ClassReader.<init>(ClassReader.java:166)
	at org.springframework.asm.ClassReader.<init>(ClassReader.java:288)
	at org.springframework.core.type.classreading.SimpleMetadataReader.getClassReader(SimpleMetadataReader.java:56)
	... 29 common frames omitted
2026-04-25 22:36:01 [restartedMain] INFO  c.back.puntoventa.app.AppApplication - Starting AppApplication using Java 17.0.18 with PID 7612 (C:\Users\LENOVO\Desktop\PuntoVentaOficial\Back-PuntoVenta\target\classes started by LENOVO in C:\Users\LENOVO\Desktop\PuntoVentaOficial\Back-PuntoVenta)
2026-04-25 22:36:01 [restartedMain] DEBUG c.back.puntoventa.app.AppApplication - Running with Spring Boot v3.4.1, Spring v6.2.1
2026-04-25 22:36:01 [restartedMain] INFO  c.back.puntoventa.app.AppApplication - No active profile set, falling back to 1 default profile: "default"
2026-04-25 22:36:01 [restartedMain] WARN  o.s.b.w.s.c.AnnotationConfigServletWebServerApplicationContext - Exception encountered during context initialization - cancelling refresh attempt: org.springframework.beans.factory.BeanDefinitionStoreException: Incompatible class format in file [C:\Users\LENOVO\Desktop\PuntoVentaOficial\Back-PuntoVenta\target\classes\com\back\puntoventa\app\application\ventas\VentaRestAdapter.class]: set system property 'spring.classformat.ignore' to 'true' if you mean to ignore such files during classpath scanning
2026-04-25 22:36:01 [restartedMain] ERROR o.s.boot.SpringApplication - Application run failed
org.springframework.beans.factory.BeanDefinitionStoreException: Incompatible class format in file [C:\Users\LENOVO\Desktop\PuntoVentaOficial\Back-PuntoVenta\target\classes\com\back\puntoventa\app\application\ventas\VentaRestAdapter.class]: set system property 'spring.classformat.ignore' to 'true' if you mean to ignore such files during classpath scanning
	at org.springframework.context.annotation.ClassPathScanningCandidateComponentProvider.scanCandidateComponents(ClassPathScanningCandidateComponentProvider.java:504)
	at org.springframework.context.annotation.ClassPathScanningCandidateComponentProvider.findCandidateComponents(ClassPathScanningCandidateComponentProvider.java:351)
	at org.springframework.context.annotation.ClassPathBeanDefinitionScanner.doScan(ClassPathBeanDefinitionScanner.java:277)
	at org.springframework.context.annotation.ComponentScanAnnotationParser.parse(ComponentScanAnnotationParser.java:128)
	at org.springframework.context.annotation.ConfigurationClassParser.doProcessConfigurationClass(ConfigurationClassParser.java:332)
	at org.springframework.context.annotation.ConfigurationClassParser.processConfigurationClass(ConfigurationClassParser.java:267)
	at org.springframework.context.annotation.ConfigurationClassParser.parse(ConfigurationClassParser.java:193)
	at org.springframework.context.annotation.ConfigurationClassParser.parse(ConfigurationClassParser.java:171)
	at org.springframework.context.annotation.ConfigurationClassPostProcessor.processConfigBeanDefinitions(ConfigurationClassPostProcessor.java:418)
	at org.springframework.context.annotation.ConfigurationClassPostProcessor.postProcessBeanDefinitionRegistry(ConfigurationClassPostProcessor.java:290)
	at org.springframework.context.support.PostProcessorRegistrationDelegate.invokeBeanDefinitionRegistryPostProcessors(PostProcessorRegistrationDelegate.java:349)
	at org.springframework.context.support.PostProcessorRegistrationDelegate.invokeBeanFactoryPostProcessors(PostProcessorRegistrationDelegate.java:118)
	at org.springframework.context.support.AbstractApplicationContext.invokeBeanFactoryPostProcessors(AbstractApplicationContext.java:791)
	at org.springframework.context.support.AbstractApplicationContext.refresh(AbstractApplicationContext.java:609)
	at org.springframework.boot.web.servlet.context.ServletWebServerApplicationContext.refresh(ServletWebServerApplicationContext.java:146)
	at org.springframework.boot.SpringApplication.refresh(SpringApplication.java:752)
	at org.springframework.boot.SpringApplication.refreshContext(SpringApplication.java:439)
	at org.springframework.boot.SpringApplication.run(SpringApplication.java:318)
	at org.springframework.boot.SpringApplication.run(SpringApplication.java:1361)
	at org.springframework.boot.SpringApplication.run(SpringApplication.java:1350)
	at com.back.puntoventa.app.AppApplication.main(AppApplication.java:13)
	at java.base/jdk.internal.reflect.NativeMethodAccessorImpl.invoke0(Native Method)
	at java.base/jdk.internal.reflect.NativeMethodAccessorImpl.invoke(NativeMethodAccessorImpl.java:77)
	at java.base/jdk.internal.reflect.DelegatingMethodAccessorImpl.invoke(DelegatingMethodAccessorImpl.java:43)
	at java.base/java.lang.reflect.Method.invoke(Method.java:569)
	at org.springframework.boot.devtools.restart.RestartLauncher.run(RestartLauncher.java:50)
Caused by: org.springframework.core.type.classreading.ClassFormatException: ASM ClassReader failed to parse class file - probably due to a new Java class file version that is not supported yet. Consider compiling with a lower '-target' or upgrade your framework version. Affected class: file [C:\Users\LENOVO\Desktop\PuntoVentaOficial\Back-PuntoVenta\target\classes\com\back\puntoventa\app\application\ventas\VentaRestAdapter.class]
	at org.springframework.core.type.classreading.SimpleMetadataReader.getClassReader(SimpleMetadataReader.java:59)
	at org.springframework.core.type.classreading.SimpleMetadataReader.<init>(SimpleMetadataReader.java:48)
	at org.springframework.core.type.classreading.SimpleMetadataReaderFactory.getMetadataReader(SimpleMetadataReaderFactory.java:103)
	at org.springframework.core.type.classreading.CachingMetadataReaderFactory.getMetadataReader(CachingMetadataReaderFactory.java:122)
	at org.springframework.context.annotation.ClassPathScanningCandidateComponentProvider.scanCandidateComponents(ClassPathScanningCandidateComponentProvider.java:470)
	... 25 common frames omitted
Caused by: java.lang.IllegalArgumentException: Unsupported class file major version 69
	at org.springframework.asm.ClassReader.<init>(ClassReader.java:200)
	at org.springframework.asm.ClassReader.<init>(ClassReader.java:180)
	at org.springframework.asm.ClassReader.<init>(ClassReader.java:166)
	at org.springframework.asm.ClassReader.<init>(ClassReader.java:288)
	at org.springframework.core.type.classreading.SimpleMetadataReader.getClassReader(SimpleMetadataReader.java:56)
	... 29 common frames omitted
2026-04-25 22:40:42 [restartedMain] INFO  c.back.puntoventa.app.AppApplication - Starting AppApplication using Java 17.0.18 with PID 7612 (C:\Users\LENOVO\Desktop\PuntoVentaOficial\Back-PuntoVenta\target\classes started by LENOVO in C:\Users\LENOVO\Desktop\PuntoVentaOficial\Back-PuntoVenta)
2026-04-25 22:40:42 [restartedMain] DEBUG c.back.puntoventa.app.AppApplication - Running with Spring Boot v3.4.1, Spring v6.2.1
2026-04-25 22:40:42 [restartedMain] INFO  c.back.puntoventa.app.AppApplication - No active profile set, falling back to 1 default profile: "default"
2026-04-25 22:40:42 [restartedMain] WARN  o.s.b.w.s.c.AnnotationConfigServletWebServerApplicationContext - Exception encountered during context initialization - cancelling refresh attempt: org.springframework.beans.factory.BeanDefinitionStoreException: I/O failure while processing configuration class [null]
2026-04-25 22:40:42 [restartedMain] ERROR o.s.boot.SpringApplication - Application run failed
org.springframework.beans.factory.BeanDefinitionStoreException: I/O failure while processing configuration class [null]
	at org.springframework.context.annotation.ConfigurationClassParser.processConfigurationClass(ConfigurationClassParser.java:272)
	at org.springframework.context.annotation.ConfigurationClassParser.parse(ConfigurationClassParser.java:193)
	at org.springframework.context.annotation.ConfigurationClassParser.parse(ConfigurationClassParser.java:171)
	at org.springframework.context.annotation.ConfigurationClassPostProcessor.processConfigBeanDefinitions(ConfigurationClassPostProcessor.java:418)
	at org.springframework.context.annotation.ConfigurationClassPostProcessor.postProcessBeanDefinitionRegistry(ConfigurationClassPostProcessor.java:290)
	at org.springframework.context.support.PostProcessorRegistrationDelegate.invokeBeanDefinitionRegistryPostProcessors(PostProcessorRegistrationDelegate.java:349)
	at org.springframework.context.support.PostProcessorRegistrationDelegate.invokeBeanFactoryPostProcessors(PostProcessorRegistrationDelegate.java:118)
	at org.springframework.context.support.AbstractApplicationContext.invokeBeanFactoryPostProcessors(AbstractApplicationContext.java:791)
	at org.springframework.context.support.AbstractApplicationContext.refresh(AbstractApplicationContext.java:609)
	at org.springframework.boot.web.servlet.context.ServletWebServerApplicationContext.refresh(ServletWebServerApplicationContext.java:146)
	at org.springframework.boot.SpringApplication.refresh(SpringApplication.java:752)
	at org.springframework.boot.SpringApplication.refreshContext(SpringApplication.java:439)
	at org.springframework.boot.SpringApplication.run(SpringApplication.java:318)
	at org.springframework.boot.SpringApplication.run(SpringApplication.java:1361)
	at org.springframework.boot.SpringApplication.run(SpringApplication.java:1350)
	at com.back.puntoventa.app.AppApplication.main(AppApplication.java:13)
	at java.base/jdk.internal.reflect.NativeMethodAccessorImpl.invoke0(Native Method)
	at java.base/jdk.internal.reflect.NativeMethodAccessorImpl.invoke(NativeMethodAccessorImpl.java:77)
	at java.base/jdk.internal.reflect.DelegatingMethodAccessorImpl.invoke(DelegatingMethodAccessorImpl.java:43)
	at java.base/java.lang.reflect.Method.invoke(Method.java:569)
	at org.springframework.boot.devtools.restart.RestartLauncher.run(RestartLauncher.java:50)
Caused by: java.io.FileNotFoundException: class path resource [com/back/puntoventa/app/AppApplication.class] cannot be opened because it does not exist
	at org.springframework.core.io.ClassPathResource.getInputStream(ClassPathResource.java:215)
	at org.springframework.core.type.classreading.SimpleMetadataReader.getClassReader(SimpleMetadataReader.java:54)
	at org.springframework.core.type.classreading.SimpleMetadataReader.<init>(SimpleMetadataReader.java:48)
	at org.springframework.core.type.classreading.SimpleMetadataReaderFactory.getMetadataReader(SimpleMetadataReaderFactory.java:103)
	at org.springframework.boot.type.classreading.ConcurrentReferenceCachingMetadataReaderFactory.createMetadataReader(ConcurrentReferenceCachingMetadataReaderFactory.java:98)
	at org.springframework.boot.type.classreading.ConcurrentReferenceCachingMetadataReaderFactory.getMetadataReader(ConcurrentReferenceCachingMetadataReaderFactory.java:85)
	at org.springframework.core.type.classreading.SimpleMetadataReaderFactory.getMetadataReader(SimpleMetadataReaderFactory.java:81)
	at org.springframework.boot.type.classreading.ConcurrentReferenceCachingMetadataReaderFactory.getMetadataReader(ConcurrentReferenceCachingMetadataReaderFactory.java:75)
	at org.springframework.context.annotation.ConfigurationClassParser.asSourceClass(ConfigurationClassParser.java:697)
	at org.springframework.context.annotation.ConfigurationClassParser.asSourceClass(ConfigurationClassParser.java:663)
	at org.springframework.context.annotation.ConfigurationClassParser.asSourceClass(ConfigurationClassParser.java:641)
	at org.springframework.context.annotation.ConfigurationClassParser.processConfigurationClass(ConfigurationClassParser.java:265)
	... 20 common frames omitted
2026-04-25 22:40:45 [restartedMain] INFO  c.back.puntoventa.app.AppApplication - Starting AppApplication using Java 17.0.18 with PID 7612 (C:\Users\LENOVO\Desktop\PuntoVentaOficial\Back-PuntoVenta\target\classes started by LENOVO in C:\Users\LENOVO\Desktop\PuntoVentaOficial\Back-PuntoVenta)
2026-04-25 22:40:45 [restartedMain] DEBUG c.back.puntoventa.app.AppApplication - Running with Spring Boot v3.4.1, Spring v6.2.1
2026-04-25 22:40:45 [restartedMain] INFO  c.back.puntoventa.app.AppApplication - No active profile set, falling back to 1 default profile: "default"
2026-04-25 22:40:46 [restartedMain] INFO  o.s.b.w.e.tomcat.TomcatWebServer - Tomcat initialized with port 3000 (http)
2026-04-25 22:40:46 [restartedMain] INFO  o.a.coyote.http11.Http11NioProtocol - Initializing ProtocolHandler ["http-nio-3000"]
2026-04-25 22:40:46 [restartedMain] INFO  o.a.catalina.core.StandardService - Starting service [Tomcat]
2026-04-25 22:40:46 [restartedMain] INFO  o.a.catalina.core.StandardEngine - Starting Servlet engine: [Apache Tomcat/10.1.34]
2026-04-25 22:40:46 [restartedMain] INFO  o.a.c.c.C.[Tomcat].[localhost].[/] - Initializing Spring embedded WebApplicationContext
2026-04-25 22:40:46 [restartedMain] INFO  o.s.b.w.s.c.ServletWebServerApplicationContext - Root WebApplicationContext: initialization completed in 419 ms
2026-04-25 22:40:46 [restartedMain] INFO  o.s.b.d.a.OptionalLiveReloadServer - LiveReload server is running on port 35729
2026-04-25 22:40:46 [restartedMain] INFO  o.a.coyote.http11.Http11NioProtocol - Starting ProtocolHandler ["http-nio-3000"]
2026-04-25 22:40:46 [restartedMain] INFO  o.s.b.w.e.tomcat.TomcatWebServer - Tomcat started on port 3000 (http) with context path '/'
2026-04-25 22:40:46 [restartedMain] INFO  c.back.puntoventa.app.AppApplication - Started AppApplication in 0.696 seconds (process running for 2528.91)
2026-04-25 22:40:46 [restartedMain] INFO  o.s.b.d.a.ConditionEvaluationDeltaLoggingListener - Condition evaluation unchanged
2026-04-25 22:49:53 [http-nio-3000-exec-2] INFO  o.a.c.c.C.[Tomcat].[localhost].[/] - Initializing Spring DispatcherServlet 'dispatcherServlet'
2026-04-25 22:49:53 [http-nio-3000-exec-2] INFO  o.s.web.servlet.DispatcherServlet - Initializing Servlet 'dispatcherServlet'
2026-04-25 22:49:53 [http-nio-3000-exec-2] INFO  o.s.web.servlet.DispatcherServlet - Completed initialization in 1 ms
2026-04-25 22:49:53 [http-nio-3000-exec-2] WARN  o.s.w.s.m.m.a.ExceptionHandlerExceptionResolver - Resolved [org.springframework.web.bind.MissingServletRequestParameterException: Required request parameter 'idVendedor' for method parameter type UUID is not present]
2026-04-25 23:38:40 [http-nio-3000-exec-4] INFO  c.b.p.a.a.ventas.VentaRestAdapter - GET /ventas/f2dc5b92-7ded-4c42-9e5a-d8a22aaf4a3a - Obtener venta por id
2026-04-25 23:38:40 [http-nio-3000-exec-4] INFO  c.b.p.a.d.v.s.GestionVentasService - Obteniendo venta por id: f2dc5b92-7ded-4c42-9e5a-d8a22aaf4a3a
2026-04-25 23:38:41 [http-nio-3000-exec-4] ERROR c.b.p.a.a.ventas.VentaRestAdapter - Error interno al obtener venta
com.back.puntoventa.app.common.ApiException: {"code":"22P02","details":null,"hint":null,"message":"invalid input syntax for type integer: \"f2dc5b92-7ded-4c42-9e5a-d8a22aaf4a3a\""}
	at com.back.puntoventa.app.infrastructure.persistence.supabase.client.SupabaseHttpClient.toApiException(SupabaseHttpClient.java:341)
	at com.back.puntoventa.app.infrastructure.persistence.supabase.client.SupabaseHttpClient.select(SupabaseHttpClient.java:138)
	at com.back.puntoventa.app.infrastructure.persistence.supabase.adapter.SupabaseVentaRepositoryAdapter.obtenerVentaPorId(SupabaseVentaRepositoryAdapter.java:141)
	at com.back.puntoventa.app.domain.ventas.service.GestionVentasService.obtenerVentaPorId(GestionVentasService.java:164)
	at com.back.puntoventa.app.application.ventas.VentaRestAdapter.obtenerVentaPorId(VentaRestAdapter.java:70)
	at java.base/jdk.internal.reflect.NativeMethodAccessorImpl.invoke0(Native Method)
	at java.base/jdk.internal.reflect.NativeMethodAccessorImpl.invoke(NativeMethodAccessorImpl.java:77)
	at java.base/jdk.internal.reflect.DelegatingMethodAccessorImpl.invoke(DelegatingMethodAccessorImpl.java:43)
	at java.base/java.lang.reflect.Method.invoke(Method.java:569)
	at org.springframework.web.method.support.InvocableHandlerMethod.doInvoke(InvocableHandlerMethod.java:257)
	at org.springframework.web.method.support.InvocableHandlerMethod.invokeForRequest(InvocableHandlerMethod.java:190)
	at org.springframework.web.servlet.mvc.method.annotation.ServletInvocableHandlerMethod.invokeAndHandle(ServletInvocableHandlerMethod.java:118)
	at org.springframework.web.servlet.mvc.method.annotation.RequestMappingHandlerAdapter.invokeHandlerMethod(RequestMappingHandlerAdapter.java:986)
	at org.springframework.web.servlet.mvc.method.annotation.RequestMappingHandlerAdapter.handleInternal(RequestMappingHandlerAdapter.java:891)
	at org.springframework.web.servlet.mvc.method.AbstractHandlerMethodAdapter.handle(AbstractHandlerMethodAdapter.java:87)
	at org.springframework.web.servlet.DispatcherServlet.doDispatch(DispatcherServlet.java:1088)
	at org.springframework.web.servlet.DispatcherServlet.doService(DispatcherServlet.java:978)
	at org.springframework.web.servlet.FrameworkServlet.processRequest(FrameworkServlet.java:1014)
	at org.springframework.web.servlet.FrameworkServlet.doGet(FrameworkServlet.java:903)
	at jakarta.servlet.http.HttpServlet.service(HttpServlet.java:564)
	at org.springframework.web.servlet.FrameworkServlet.service(FrameworkServlet.java:885)
	at jakarta.servlet.http.HttpServlet.service(HttpServlet.java:658)
	at org.apache.catalina.core.ApplicationFilterChain.internalDoFilter(ApplicationFilterChain.java:195)
	at org.apache.catalina.core.ApplicationFilterChain.doFilter(ApplicationFilterChain.java:140)
	at org.apache.tomcat.websocket.server.WsFilter.doFilter(WsFilter.java:51)
	at org.apache.catalina.core.ApplicationFilterChain.internalDoFilter(ApplicationFilterChain.java:164)
	at org.apache.catalina.core.ApplicationFilterChain.doFilter(ApplicationFilterChain.java:140)
	at org.springframework.web.filter.RequestContextFilter.doFilterInternal(RequestContextFilter.java:100)
	at org.springframework.web.filter.OncePerRequestFilter.doFilter(OncePerRequestFilter.java:116)
	at org.apache.catalina.core.ApplicationFilterChain.internalDoFilter(ApplicationFilterChain.java:164)
	at org.apache.catalina.core.ApplicationFilterChain.doFilter(ApplicationFilterChain.java:140)
	at org.springframework.web.filter.FormContentFilter.doFilterInternal(FormContentFilter.java:93)
	at org.springframework.web.filter.OncePerRequestFilter.doFilter(OncePerRequestFilter.java:116)
	at org.apache.catalina.core.ApplicationFilterChain.internalDoFilter(ApplicationFilterChain.java:164)
	at org.apache.catalina.core.ApplicationFilterChain.doFilter(ApplicationFilterChain.java:140)
	at org.springframework.web.filter.CharacterEncodingFilter.doFilterInternal(CharacterEncodingFilter.java:201)
	at org.springframework.web.filter.OncePerRequestFilter.doFilter(OncePerRequestFilter.java:116)
	at org.apache.catalina.core.ApplicationFilterChain.internalDoFilter(ApplicationFilterChain.java:164)
	at org.apache.catalina.core.ApplicationFilterChain.doFilter(ApplicationFilterChain.java:140)
	at org.apache.catalina.core.StandardWrapperValve.invoke(StandardWrapperValve.java:167)
	at org.apache.catalina.core.StandardContextValve.invoke(StandardContextValve.java:90)
	at org.apache.catalina.authenticator.AuthenticatorBase.invoke(AuthenticatorBase.java:483)
	at org.apache.catalina.core.StandardHostValve.invoke(StandardHostValve.java:115)
	at org.apache.catalina.valves.ErrorReportValve.invoke(ErrorReportValve.java:93)
	at org.apache.catalina.core.StandardEngineValve.invoke(StandardEngineValve.java:74)
	at org.apache.catalina.connector.CoyoteAdapter.service(CoyoteAdapter.java:344)
	at org.apache.coyote.http11.Http11Processor.service(Http11Processor.java:397)
	at org.apache.coyote.AbstractProcessorLight.process(AbstractProcessorLight.java:63)
	at org.apache.coyote.AbstractProtocol$ConnectionHandler.process(AbstractProtocol.java:905)
	at org.apache.tomcat.util.net.NioEndpoint$SocketProcessor.doRun(NioEndpoint.java:1741)
	at org.apache.tomcat.util.net.SocketProcessorBase.run(SocketProcessorBase.java:52)
	at org.apache.tomcat.util.threads.ThreadPoolExecutor.runWorker(ThreadPoolExecutor.java:1190)
	at org.apache.tomcat.util.threads.ThreadPoolExecutor$Worker.run(ThreadPoolExecutor.java:659)
	at org.apache.tomcat.util.threads.TaskThread$WrappingRunnable.run(TaskThread.java:63)
	at java.base/java.lang.Thread.run(Thread.java:840)
2026-04-25 23:38:41 [http-nio-3000-exec-4] WARN  o.s.w.s.m.m.a.ExceptionHandlerExceptionResolver - Resolved [com.back.puntoventa.app.common.ApiException: {"code":"22P02","details":null,"hint":null,"message":"invalid input syntax for type integer: \"f2dc5b92-7ded-4c42-9e5a-d8a22aaf4a3a\""}]
2026-04-25 23:40:23 [http-nio-3000-exec-5] WARN  o.s.w.s.m.m.a.ExceptionHandlerExceptionResolver - Resolved [org.springframework.web.servlet.resource.NoResourceFoundException: No static resource ventas/resumendiario/2ab0631c-da17-4bd8-b9b9-237de54711c6.]
2026-04-25 23:40:50 [http-nio-3000-exec-7] INFO  c.b.p.a.a.ventas.VentaRestAdapter - GET /ventas/resumendiario - Obtener venta por id
2026-04-25 23:40:50 [http-nio-3000-exec-7] INFO  c.b.p.a.d.v.s.GestionVentasService - Obteniendo venta por id: resumendiario
2026-04-25 23:40:50 [http-nio-3000-exec-7] ERROR c.b.p.a.a.ventas.VentaRestAdapter - Error interno al obtener venta
com.back.puntoventa.app.common.ApiException: {"code":"22P02","details":null,"hint":null,"message":"invalid input syntax for type integer: \"resumendiario\""}
	at com.back.puntoventa.app.infrastructure.persistence.supabase.client.SupabaseHttpClient.toApiException(SupabaseHttpClient.java:341)
	at com.back.puntoventa.app.infrastructure.persistence.supabase.client.SupabaseHttpClient.select(SupabaseHttpClient.java:138)
	at com.back.puntoventa.app.infrastructure.persistence.supabase.adapter.SupabaseVentaRepositoryAdapter.obtenerVentaPorId(SupabaseVentaRepositoryAdapter.java:141)
	at com.back.puntoventa.app.domain.ventas.service.GestionVentasService.obtenerVentaPorId(GestionVentasService.java:164)
	at com.back.puntoventa.app.application.ventas.VentaRestAdapter.obtenerVentaPorId(VentaRestAdapter.java:70)
	at java.base/jdk.internal.reflect.NativeMethodAccessorImpl.invoke0(Native Method)
	at java.base/jdk.internal.reflect.NativeMethodAccessorImpl.invoke(NativeMethodAccessorImpl.java:77)
	at java.base/jdk.internal.reflect.DelegatingMethodAccessorImpl.invoke(DelegatingMethodAccessorImpl.java:43)
	at java.base/java.lang.reflect.Method.invoke(Method.java:569)
	at org.springframework.web.method.support.InvocableHandlerMethod.doInvoke(InvocableHandlerMethod.java:257)
	at org.springframework.web.method.support.InvocableHandlerMethod.invokeForRequest(InvocableHandlerMethod.java:190)
	at org.springframework.web.servlet.mvc.method.annotation.ServletInvocableHandlerMethod.invokeAndHandle(ServletInvocableHandlerMethod.java:118)
	at org.springframework.web.servlet.mvc.method.annotation.RequestMappingHandlerAdapter.invokeHandlerMethod(RequestMappingHandlerAdapter.java:986)
	at org.springframework.web.servlet.mvc.method.annotation.RequestMappingHandlerAdapter.handleInternal(RequestMappingHandlerAdapter.java:891)
	at org.springframework.web.servlet.mvc.method.AbstractHandlerMethodAdapter.handle(AbstractHandlerMethodAdapter.java:87)
	at org.springframework.web.servlet.DispatcherServlet.doDispatch(DispatcherServlet.java:1088)
	at org.springframework.web.servlet.DispatcherServlet.doService(DispatcherServlet.java:978)
	at org.springframework.web.servlet.FrameworkServlet.processRequest(FrameworkServlet.java:1014)
	at org.springframework.web.servlet.FrameworkServlet.doGet(FrameworkServlet.java:903)
	at jakarta.servlet.http.HttpServlet.service(HttpServlet.java:564)
	at org.springframework.web.servlet.FrameworkServlet.service(FrameworkServlet.java:885)
	at jakarta.servlet.http.HttpServlet.service(HttpServlet.java:658)
	at org.apache.catalina.core.ApplicationFilterChain.internalDoFilter(ApplicationFilterChain.java:195)
	at org.apache.catalina.core.ApplicationFilterChain.doFilter(ApplicationFilterChain.java:140)
	at org.apache.tomcat.websocket.server.WsFilter.doFilter(WsFilter.java:51)
	at org.apache.catalina.core.ApplicationFilterChain.internalDoFilter(ApplicationFilterChain.java:164)
	at org.apache.catalina.core.ApplicationFilterChain.doFilter(ApplicationFilterChain.java:140)
	at org.springframework.web.filter.RequestContextFilter.doFilterInternal(RequestContextFilter.java:100)
	at org.springframework.web.filter.OncePerRequestFilter.doFilter(OncePerRequestFilter.java:116)
	at org.apache.catalina.core.ApplicationFilterChain.internalDoFilter(ApplicationFilterChain.java:164)
	at org.apache.catalina.core.ApplicationFilterChain.doFilter(ApplicationFilterChain.java:140)
	at org.springframework.web.filter.FormContentFilter.doFilterInternal(FormContentFilter.java:93)
	at org.springframework.web.filter.OncePerRequestFilter.doFilter(OncePerRequestFilter.java:116)
	at org.apache.catalina.core.ApplicationFilterChain.internalDoFilter(ApplicationFilterChain.java:164)
	at org.apache.catalina.core.ApplicationFilterChain.doFilter(ApplicationFilterChain.java:140)
	at org.springframework.web.filter.CharacterEncodingFilter.doFilterInternal(CharacterEncodingFilter.java:201)
	at org.springframework.web.filter.OncePerRequestFilter.doFilter(OncePerRequestFilter.java:116)
	at org.apache.catalina.core.ApplicationFilterChain.internalDoFilter(ApplicationFilterChain.java:164)
	at org.apache.catalina.core.ApplicationFilterChain.doFilter(ApplicationFilterChain.java:140)
	at org.apache.catalina.core.StandardWrapperValve.invoke(StandardWrapperValve.java:167)
	at org.apache.catalina.core.StandardContextValve.invoke(StandardContextValve.java:90)
	at org.apache.catalina.authenticator.AuthenticatorBase.invoke(AuthenticatorBase.java:483)
	at org.apache.catalina.core.StandardHostValve.invoke(StandardHostValve.java:115)
	at org.apache.catalina.valves.ErrorReportValve.invoke(ErrorReportValve.java:93)
	at org.apache.catalina.core.StandardEngineValve.invoke(StandardEngineValve.java:74)
	at org.apache.catalina.connector.CoyoteAdapter.service(CoyoteAdapter.java:344)
	at org.apache.coyote.http11.Http11Processor.service(Http11Processor.java:397)
	at org.apache.coyote.AbstractProcessorLight.process(AbstractProcessorLight.java:63)
	at org.apache.coyote.AbstractProtocol$ConnectionHandler.process(AbstractProtocol.java:905)
	at org.apache.tomcat.util.net.NioEndpoint$SocketProcessor.doRun(NioEndpoint.java:1741)
	at org.apache.tomcat.util.net.SocketProcessorBase.run(SocketProcessorBase.java:52)
	at org.apache.tomcat.util.threads.ThreadPoolExecutor.runWorker(ThreadPoolExecutor.java:1190)
	at org.apache.tomcat.util.threads.ThreadPoolExecutor$Worker.run(ThreadPoolExecutor.java:659)
	at org.apache.tomcat.util.threads.TaskThread$WrappingRunnable.run(TaskThread.java:63)
	at java.base/java.lang.Thread.run(Thread.java:840)
2026-04-25 23:40:50 [http-nio-3000-exec-7] WARN  o.s.w.s.m.m.a.ExceptionHandlerExceptionResolver - Resolved [com.back.puntoventa.app.common.ApiException: {"code":"22P02","details":null,"hint":null,"message":"invalid input syntax for type integer: \"resumendiario\""}]
2026-04-25 23:41:06 [http-nio-3000-exec-10] INFO  c.b.p.a.a.ventas.VentaRestAdapter - GET /ventas/resumen-diario - Obtener resumen diario para vendedor 2ab0631c-da17-4bd8-b9b9-237de54711c6 y fecha 2026-04-25
2026-04-25 23:41:06 [http-nio-3000-exec-10] INFO  c.b.p.a.d.v.s.GestionVentasService - Obteniendo resumen diario para vendedor 2ab0631c-da17-4bd8-b9b9-237de54711c6 en fecha 2026-04-25
2026-04-25 23:57:56 [File Watcher] INFO  o.s.b.d.a.LocalDevToolsAutoConfiguration$RestartingClassPathChangeChangedEventListener - Restarting due to 1 class path change (1 addition, 0 deletions, 0 modifications)
2026-04-25 23:57:56 [Thread-7] INFO  o.s.b.w.e.tomcat.GracefulShutdown - Commencing graceful shutdown. Waiting for active requests to complete
2026-04-25 23:57:56 [tomcat-shutdown] INFO  o.a.coyote.http11.Http11NioProtocol - Pausing ProtocolHandler ["http-nio-3000"]
2026-04-25 23:57:56 [tomcat-shutdown] INFO  o.s.b.w.e.tomcat.GracefulShutdown - Graceful shutdown complete
2026-04-25 23:57:56 [Thread-7] INFO  o.a.coyote.http11.Http11NioProtocol - Stopping ProtocolHandler ["http-nio-3000"]
2026-04-25 23:57:56 [restartedMain] INFO  c.back.puntoventa.app.AppApplication - Starting AppApplication using Java 17.0.18 with PID 7612 (C:\Users\LENOVO\Desktop\PuntoVentaOficial\Back-PuntoVenta\target\classes started by LENOVO in C:\Users\LENOVO\Desktop\PuntoVentaOficial\Back-PuntoVenta)
2026-04-25 23:57:56 [restartedMain] DEBUG c.back.puntoventa.app.AppApplication - Running with Spring Boot v3.4.1, Spring v6.2.1
2026-04-25 23:57:56 [restartedMain] INFO  c.back.puntoventa.app.AppApplication - No active profile set, falling back to 1 default profile: "default"
2026-04-25 23:57:56 [restartedMain] WARN  o.s.b.w.s.c.AnnotationConfigServletWebServerApplicationContext - Exception encountered during context initialization - cancelling refresh attempt: org.springframework.beans.factory.BeanDefinitionStoreException: Incompatible class format in file [C:\Users\LENOVO\Desktop\PuntoVentaOficial\Back-PuntoVenta\target\classes\com\back\puntoventa\app\domain\ventas\model\response\CierreJornadaResponse.class]: set system property 'spring.classformat.ignore' to 'true' if you mean to ignore such files during classpath scanning
2026-04-25 23:57:56 [restartedMain] ERROR o.s.boot.SpringApplication - Application run failed
org.springframework.beans.factory.BeanDefinitionStoreException: Incompatible class format in file [C:\Users\LENOVO\Desktop\PuntoVentaOficial\Back-PuntoVenta\target\classes\com\back\puntoventa\app\domain\ventas\model\response\CierreJornadaResponse.class]: set system property 'spring.classformat.ignore' to 'true' if you mean to ignore such files during classpath scanning
	at org.springframework.context.annotation.ClassPathScanningCandidateComponentProvider.scanCandidateComponents(ClassPathScanningCandidateComponentProvider.java:504)
	at org.springframework.context.annotation.ClassPathScanningCandidateComponentProvider.findCandidateComponents(ClassPathScanningCandidateComponentProvider.java:351)
	at org.springframework.context.annotation.ClassPathBeanDefinitionScanner.doScan(ClassPathBeanDefinitionScanner.java:277)
	at org.springframework.context.annotation.ComponentScanAnnotationParser.parse(ComponentScanAnnotationParser.java:128)
	at org.springframework.context.annotation.ConfigurationClassParser.doProcessConfigurationClass(ConfigurationClassParser.java:332)
	at org.springframework.context.annotation.ConfigurationClassParser.processConfigurationClass(ConfigurationClassParser.java:267)
	at org.springframework.context.annotation.ConfigurationClassParser.parse(ConfigurationClassParser.java:193)
	at org.springframework.context.annotation.ConfigurationClassParser.parse(ConfigurationClassParser.java:171)
	at org.springframework.context.annotation.ConfigurationClassPostProcessor.processConfigBeanDefinitions(ConfigurationClassPostProcessor.java:418)
	at org.springframework.context.annotation.ConfigurationClassPostProcessor.postProcessBeanDefinitionRegistry(ConfigurationClassPostProcessor.java:290)
	at org.springframework.context.support.PostProcessorRegistrationDelegate.invokeBeanDefinitionRegistryPostProcessors(PostProcessorRegistrationDelegate.java:349)
	at org.springframework.context.support.PostProcessorRegistrationDelegate.invokeBeanFactoryPostProcessors(PostProcessorRegistrationDelegate.java:118)
	at org.springframework.context.support.AbstractApplicationContext.invokeBeanFactoryPostProcessors(AbstractApplicationContext.java:791)
	at org.springframework.context.support.AbstractApplicationContext.refresh(AbstractApplicationContext.java:609)
	at org.springframework.boot.web.servlet.context.ServletWebServerApplicationContext.refresh(ServletWebServerApplicationContext.java:146)
	at org.springframework.boot.SpringApplication.refresh(SpringApplication.java:752)
	at org.springframework.boot.SpringApplication.refreshContext(SpringApplication.java:439)
	at org.springframework.boot.SpringApplication.run(SpringApplication.java:318)
	at org.springframework.boot.SpringApplication.run(SpringApplication.java:1361)
	at org.springframework.boot.SpringApplication.run(SpringApplication.java:1350)
	at com.back.puntoventa.app.AppApplication.main(AppApplication.java:13)
	at java.base/jdk.internal.reflect.NativeMethodAccessorImpl.invoke0(Native Method)
	at java.base/jdk.internal.reflect.NativeMethodAccessorImpl.invoke(NativeMethodAccessorImpl.java:77)
	at java.base/jdk.internal.reflect.DelegatingMethodAccessorImpl.invoke(DelegatingMethodAccessorImpl.java:43)
	at java.base/java.lang.reflect.Method.invoke(Method.java:569)
	at org.springframework.boot.devtools.restart.RestartLauncher.run(RestartLauncher.java:50)
Caused by: org.springframework.core.type.classreading.ClassFormatException: ASM ClassReader failed to parse class file - probably due to a new Java class file version that is not supported yet. Consider compiling with a lower '-target' or upgrade your framework version. Affected class: file [C:\Users\LENOVO\Desktop\PuntoVentaOficial\Back-PuntoVenta\target\classes\com\back\puntoventa\app\domain\ventas\model\response\CierreJornadaResponse.class]
	at org.springframework.core.type.classreading.SimpleMetadataReader.getClassReader(SimpleMetadataReader.java:59)
	at org.springframework.core.type.classreading.SimpleMetadataReader.<init>(SimpleMetadataReader.java:48)
	at org.springframework.core.type.classreading.SimpleMetadataReaderFactory.getMetadataReader(SimpleMetadataReaderFactory.java:103)
	at org.springframework.core.type.classreading.CachingMetadataReaderFactory.getMetadataReader(CachingMetadataReaderFactory.java:122)
	at org.springframework.context.annotation.ClassPathScanningCandidateComponentProvider.scanCandidateComponents(ClassPathScanningCandidateComponentProvider.java:470)
	... 25 common frames omitted
Caused by: java.lang.IllegalArgumentException: Unsupported class file major version 69
	at org.springframework.asm.ClassReader.<init>(ClassReader.java:200)
	at org.springframework.asm.ClassReader.<init>(ClassReader.java:180)
	at org.springframework.asm.ClassReader.<init>(ClassReader.java:166)
	at org.springframework.asm.ClassReader.<init>(ClassReader.java:288)
	at org.springframework.core.type.classreading.SimpleMetadataReader.getClassReader(SimpleMetadataReader.java:56)
	... 29 common frames omitted
2026-04-25 23:57:58 [restartedMain] INFO  c.back.puntoventa.app.AppApplication - Starting AppApplication using Java 17.0.18 with PID 7612 (C:\Users\LENOVO\Desktop\PuntoVentaOficial\Back-PuntoVenta\target\classes started by LENOVO in C:\Users\LENOVO\Desktop\PuntoVentaOficial\Back-PuntoVenta)
2026-04-25 23:57:58 [restartedMain] DEBUG c.back.puntoventa.app.AppApplication - Running with Spring Boot v3.4.1, Spring v6.2.1
2026-04-25 23:57:58 [restartedMain] INFO  c.back.puntoventa.app.AppApplication - No active profile set, falling back to 1 default profile: "default"
2026-04-25 23:57:58 [restartedMain] WARN  o.s.b.w.s.c.AnnotationConfigServletWebServerApplicationContext - Exception encountered during context initialization - cancelling refresh attempt: org.springframework.beans.factory.BeanDefinitionStoreException: Incompatible class format in file [C:\Users\LENOVO\Desktop\PuntoVentaOficial\Back-PuntoVenta\target\classes\com\back\puntoventa\app\domain\ventas\model\response\CierreJornadaResponse.class]: set system property 'spring.classformat.ignore' to 'true' if you mean to ignore such files during classpath scanning
2026-04-25 23:57:58 [restartedMain] ERROR o.s.boot.SpringApplication - Application run failed
org.springframework.beans.factory.BeanDefinitionStoreException: Incompatible class format in file [C:\Users\LENOVO\Desktop\PuntoVentaOficial\Back-PuntoVenta\target\classes\com\back\puntoventa\app\domain\ventas\model\response\CierreJornadaResponse.class]: set system property 'spring.classformat.ignore' to 'true' if you mean to ignore such files during classpath scanning
	at org.springframework.context.annotation.ClassPathScanningCandidateComponentProvider.scanCandidateComponents(ClassPathScanningCandidateComponentProvider.java:504)
	at org.springframework.context.annotation.ClassPathScanningCandidateComponentProvider.findCandidateComponents(ClassPathScanningCandidateComponentProvider.java:351)
	at org.springframework.context.annotation.ClassPathBeanDefinitionScanner.doScan(ClassPathBeanDefinitionScanner.java:277)
	at org.springframework.context.annotation.ComponentScanAnnotationParser.parse(ComponentScanAnnotationParser.java:128)
	at org.springframework.context.annotation.ConfigurationClassParser.doProcessConfigurationClass(ConfigurationClassParser.java:332)
	at org.springframework.context.annotation.ConfigurationClassParser.processConfigurationClass(ConfigurationClassParser.java:267)
	at org.springframework.context.annotation.ConfigurationClassParser.parse(ConfigurationClassParser.java:193)
	at org.springframework.context.annotation.ConfigurationClassParser.parse(ConfigurationClassParser.java:171)
	at org.springframework.context.annotation.ConfigurationClassPostProcessor.processConfigBeanDefinitions(ConfigurationClassPostProcessor.java:418)
	at org.springframework.context.annotation.ConfigurationClassPostProcessor.postProcessBeanDefinitionRegistry(ConfigurationClassPostProcessor.java:290)
	at org.springframework.context.support.PostProcessorRegistrationDelegate.invokeBeanDefinitionRegistryPostProcessors(PostProcessorRegistrationDelegate.java:349)
	at org.springframework.context.support.PostProcessorRegistrationDelegate.invokeBeanFactoryPostProcessors(PostProcessorRegistrationDelegate.java:118)
	at org.springframework.context.support.AbstractApplicationContext.invokeBeanFactoryPostProcessors(AbstractApplicationContext.java:791)
	at org.springframework.context.support.AbstractApplicationContext.refresh(AbstractApplicationContext.java:609)
	at org.springframework.boot.web.servlet.context.ServletWebServerApplicationContext.refresh(ServletWebServerApplicationContext.java:146)
	at org.springframework.boot.SpringApplication.refresh(SpringApplication.java:752)
	at org.springframework.boot.SpringApplication.refreshContext(SpringApplication.java:439)
	at org.springframework.boot.SpringApplication.run(SpringApplication.java:318)
	at org.springframework.boot.SpringApplication.run(SpringApplication.java:1361)
	at org.springframework.boot.SpringApplication.run(SpringApplication.java:1350)
	at com.back.puntoventa.app.AppApplication.main(AppApplication.java:13)
	at java.base/jdk.internal.reflect.NativeMethodAccessorImpl.invoke0(Native Method)
	at java.base/jdk.internal.reflect.NativeMethodAccessorImpl.invoke(NativeMethodAccessorImpl.java:77)
	at java.base/jdk.internal.reflect.DelegatingMethodAccessorImpl.invoke(DelegatingMethodAccessorImpl.java:43)
	at java.base/java.lang.reflect.Method.invoke(Method.java:569)
	at org.springframework.boot.devtools.restart.RestartLauncher.run(RestartLauncher.java:50)
Caused by: org.springframework.core.type.classreading.ClassFormatException: ASM ClassReader failed to parse class file - probably due to a new Java class file version that is not supported yet. Consider compiling with a lower '-target' or upgrade your framework version. Affected class: file [C:\Users\LENOVO\Desktop\PuntoVentaOficial\Back-PuntoVenta\target\classes\com\back\puntoventa\app\domain\ventas\model\response\CierreJornadaResponse.class]
	at org.springframework.core.type.classreading.SimpleMetadataReader.getClassReader(SimpleMetadataReader.java:59)
	at org.springframework.core.type.classreading.SimpleMetadataReader.<init>(SimpleMetadataReader.java:48)
	at org.springframework.core.type.classreading.SimpleMetadataReaderFactory.getMetadataReader(SimpleMetadataReaderFactory.java:103)
	at org.springframework.core.type.classreading.CachingMetadataReaderFactory.getMetadataReader(CachingMetadataReaderFactory.java:122)
	at org.springframework.context.annotation.ClassPathScanningCandidateComponentProvider.scanCandidateComponents(ClassPathScanningCandidateComponentProvider.java:470)
	... 25 common frames omitted
Caused by: java.lang.IllegalArgumentException: Unsupported class file major version 69
	at org.springframework.asm.ClassReader.<init>(ClassReader.java:200)
	at org.springframework.asm.ClassReader.<init>(ClassReader.java:180)
	at org.springframework.asm.ClassReader.<init>(ClassReader.java:166)
	at org.springframework.asm.ClassReader.<init>(ClassReader.java:288)
	at org.springframework.core.type.classreading.SimpleMetadataReader.getClassReader(SimpleMetadataReader.java:56)
	... 29 common frames omitted
2026-04-25 23:58:06 [restartedMain] INFO  c.back.puntoventa.app.AppApplication - Starting AppApplication using Java 17.0.18 with PID 7612 (C:\Users\LENOVO\Desktop\PuntoVentaOficial\Back-PuntoVenta\target\classes started by LENOVO in C:\Users\LENOVO\Desktop\PuntoVentaOficial\Back-PuntoVenta)
2026-04-25 23:58:06 [restartedMain] DEBUG c.back.puntoventa.app.AppApplication - Running with Spring Boot v3.4.1, Spring v6.2.1
2026-04-25 23:58:06 [restartedMain] INFO  c.back.puntoventa.app.AppApplication - No active profile set, falling back to 1 default profile: "default"
2026-04-25 23:58:06 [restartedMain] WARN  o.s.b.w.s.c.AnnotationConfigServletWebServerApplicationContext - Exception encountered during context initialization - cancelling refresh attempt: org.springframework.beans.factory.BeanDefinitionStoreException: Incompatible class format in file [C:\Users\LENOVO\Desktop\PuntoVentaOficial\Back-PuntoVenta\target\classes\com\back\puntoventa\app\domain\ventas\model\response\CierreJornadaResponse.class]: set system property 'spring.classformat.ignore' to 'true' if you mean to ignore such files during classpath scanning
2026-04-25 23:58:06 [restartedMain] ERROR o.s.boot.SpringApplication - Application run failed
org.springframework.beans.factory.BeanDefinitionStoreException: Incompatible class format in file [C:\Users\LENOVO\Desktop\PuntoVentaOficial\Back-PuntoVenta\target\classes\com\back\puntoventa\app\domain\ventas\model\response\CierreJornadaResponse.class]: set system property 'spring.classformat.ignore' to 'true' if you mean to ignore such files during classpath scanning
	at org.springframework.context.annotation.ClassPathScanningCandidateComponentProvider.scanCandidateComponents(ClassPathScanningCandidateComponentProvider.java:504)
	at org.springframework.context.annotation.ClassPathScanningCandidateComponentProvider.findCandidateComponents(ClassPathScanningCandidateComponentProvider.java:351)
	at org.springframework.context.annotation.ClassPathBeanDefinitionScanner.doScan(ClassPathBeanDefinitionScanner.java:277)
	at org.springframework.context.annotation.ComponentScanAnnotationParser.parse(ComponentScanAnnotationParser.java:128)
	at org.springframework.context.annotation.ConfigurationClassParser.doProcessConfigurationClass(ConfigurationClassParser.java:332)
	at org.springframework.context.annotation.ConfigurationClassParser.processConfigurationClass(ConfigurationClassParser.java:267)
	at org.springframework.context.annotation.ConfigurationClassParser.parse(ConfigurationClassParser.java:193)
	at org.springframework.context.annotation.ConfigurationClassParser.parse(ConfigurationClassParser.java:171)
	at org.springframework.context.annotation.ConfigurationClassPostProcessor.processConfigBeanDefinitions(ConfigurationClassPostProcessor.java:418)
	at org.springframework.context.annotation.ConfigurationClassPostProcessor.postProcessBeanDefinitionRegistry(ConfigurationClassPostProcessor.java:290)
	at org.springframework.context.support.PostProcessorRegistrationDelegate.invokeBeanDefinitionRegistryPostProcessors(PostProcessorRegistrationDelegate.java:349)
	at org.springframework.context.support.PostProcessorRegistrationDelegate.invokeBeanFactoryPostProcessors(PostProcessorRegistrationDelegate.java:118)
	at org.springframework.context.support.AbstractApplicationContext.invokeBeanFactoryPostProcessors(AbstractApplicationContext.java:791)
	at org.springframework.context.support.AbstractApplicationContext.refresh(AbstractApplicationContext.java:609)
	at org.springframework.boot.web.servlet.context.ServletWebServerApplicationContext.refresh(ServletWebServerApplicationContext.java:146)
	at org.springframework.boot.SpringApplication.refresh(SpringApplication.java:752)
	at org.springframework.boot.SpringApplication.refreshContext(SpringApplication.java:439)
	at org.springframework.boot.SpringApplication.run(SpringApplication.java:318)
	at org.springframework.boot.SpringApplication.run(SpringApplication.java:1361)
	at org.springframework.boot.SpringApplication.run(SpringApplication.java:1350)
	at com.back.puntoventa.app.AppApplication.main(AppApplication.java:13)
	at java.base/jdk.internal.reflect.NativeMethodAccessorImpl.invoke0(Native Method)
	at java.base/jdk.internal.reflect.NativeMethodAccessorImpl.invoke(NativeMethodAccessorImpl.java:77)
	at java.base/jdk.internal.reflect.DelegatingMethodAccessorImpl.invoke(DelegatingMethodAccessorImpl.java:43)
	at java.base/java.lang.reflect.Method.invoke(Method.java:569)
	at org.springframework.boot.devtools.restart.RestartLauncher.run(RestartLauncher.java:50)
Caused by: org.springframework.core.type.classreading.ClassFormatException: ASM ClassReader failed to parse class file - probably due to a new Java class file version that is not supported yet. Consider compiling with a lower '-target' or upgrade your framework version. Affected class: file [C:\Users\LENOVO\Desktop\PuntoVentaOficial\Back-PuntoVenta\target\classes\com\back\puntoventa\app\domain\ventas\model\response\CierreJornadaResponse.class]
	at org.springframework.core.type.classreading.SimpleMetadataReader.getClassReader(SimpleMetadataReader.java:59)
	at org.springframework.core.type.classreading.SimpleMetadataReader.<init>(SimpleMetadataReader.java:48)
	at org.springframework.core.type.classreading.SimpleMetadataReaderFactory.getMetadataReader(SimpleMetadataReaderFactory.java:103)
	at org.springframework.core.type.classreading.CachingMetadataReaderFactory.getMetadataReader(CachingMetadataReaderFactory.java:122)
	at org.springframework.context.annotation.ClassPathScanningCandidateComponentProvider.scanCandidateComponents(ClassPathScanningCandidateComponentProvider.java:470)
	... 25 common frames omitted
Caused by: java.lang.IllegalArgumentException: Unsupported class file major version 69
	at org.springframework.asm.ClassReader.<init>(ClassReader.java:200)
	at org.springframework.asm.ClassReader.<init>(ClassReader.java:180)
	at org.springframework.asm.ClassReader.<init>(ClassReader.java:166)
	at org.springframework.asm.ClassReader.<init>(ClassReader.java:288)
	at org.springframework.core.type.classreading.SimpleMetadataReader.getClassReader(SimpleMetadataReader.java:56)
	... 29 common frames omitted
2026-04-25 23:58:08 [restartedMain] INFO  c.back.puntoventa.app.AppApplication - Starting AppApplication using Java 17.0.18 with PID 7612 (C:\Users\LENOVO\Desktop\PuntoVentaOficial\Back-PuntoVenta\target\classes started by LENOVO in C:\Users\LENOVO\Desktop\PuntoVentaOficial\Back-PuntoVenta)
2026-04-25 23:58:08 [restartedMain] DEBUG c.back.puntoventa.app.AppApplication - Running with Spring Boot v3.4.1, Spring v6.2.1
2026-04-25 23:58:08 [restartedMain] INFO  c.back.puntoventa.app.AppApplication - No active profile set, falling back to 1 default profile: "default"
2026-04-25 23:58:08 [restartedMain] WARN  o.s.b.w.s.c.AnnotationConfigServletWebServerApplicationContext - Exception encountered during context initialization - cancelling refresh attempt: org.springframework.beans.factory.BeanDefinitionStoreException: Incompatible class format in file [C:\Users\LENOVO\Desktop\PuntoVentaOficial\Back-PuntoVenta\target\classes\com\back\puntoventa\app\domain\ventas\model\response\CierreJornadaResponse.class]: set system property 'spring.classformat.ignore' to 'true' if you mean to ignore such files during classpath scanning
2026-04-25 23:58:08 [restartedMain] ERROR o.s.boot.SpringApplication - Application run failed
org.springframework.beans.factory.BeanDefinitionStoreException: Incompatible class format in file [C:\Users\LENOVO\Desktop\PuntoVentaOficial\Back-PuntoVenta\target\classes\com\back\puntoventa\app\domain\ventas\model\response\CierreJornadaResponse.class]: set system property 'spring.classformat.ignore' to 'true' if you mean to ignore such files during classpath scanning
	at org.springframework.context.annotation.ClassPathScanningCandidateComponentProvider.scanCandidateComponents(ClassPathScanningCandidateComponentProvider.java:504)
	at org.springframework.context.annotation.ClassPathScanningCandidateComponentProvider.findCandidateComponents(ClassPathScanningCandidateComponentProvider.java:351)
	at org.springframework.context.annotation.ClassPathBeanDefinitionScanner.doScan(ClassPathBeanDefinitionScanner.java:277)
	at org.springframework.context.annotation.ComponentScanAnnotationParser.parse(ComponentScanAnnotationParser.java:128)
	at org.springframework.context.annotation.ConfigurationClassParser.doProcessConfigurationClass(ConfigurationClassParser.java:332)
	at org.springframework.context.annotation.ConfigurationClassParser.processConfigurationClass(ConfigurationClassParser.java:267)
	at org.springframework.context.annotation.ConfigurationClassParser.parse(ConfigurationClassParser.java:193)
	at org.springframework.context.annotation.ConfigurationClassParser.parse(ConfigurationClassParser.java:171)
	at org.springframework.context.annotation.ConfigurationClassPostProcessor.processConfigBeanDefinitions(ConfigurationClassPostProcessor.java:418)
	at org.springframework.context.annotation.ConfigurationClassPostProcessor.postProcessBeanDefinitionRegistry(ConfigurationClassPostProcessor.java:290)
	at org.springframework.context.support.PostProcessorRegistrationDelegate.invokeBeanDefinitionRegistryPostProcessors(PostProcessorRegistrationDelegate.java:349)
	at org.springframework.context.support.PostProcessorRegistrationDelegate.invokeBeanFactoryPostProcessors(PostProcessorRegistrationDelegate.java:118)
	at org.springframework.context.support.AbstractApplicationContext.invokeBeanFactoryPostProcessors(AbstractApplicationContext.java:791)
	at org.springframework.context.support.AbstractApplicationContext.refresh(AbstractApplicationContext.java:609)
	at org.springframework.boot.web.servlet.context.ServletWebServerApplicationContext.refresh(ServletWebServerApplicationContext.java:146)
	at org.springframework.boot.SpringApplication.refresh(SpringApplication.java:752)
	at org.springframework.boot.SpringApplication.refreshContext(SpringApplication.java:439)
	at org.springframework.boot.SpringApplication.run(SpringApplication.java:318)
	at org.springframework.boot.SpringApplication.run(SpringApplication.java:1361)
	at org.springframework.boot.SpringApplication.run(SpringApplication.java:1350)
	at com.back.puntoventa.app.AppApplication.main(AppApplication.java:13)
	at java.base/jdk.internal.reflect.NativeMethodAccessorImpl.invoke0(Native Method)
	at java.base/jdk.internal.reflect.NativeMethodAccessorImpl.invoke(NativeMethodAccessorImpl.java:77)
	at java.base/jdk.internal.reflect.DelegatingMethodAccessorImpl.invoke(DelegatingMethodAccessorImpl.java:43)
	at java.base/java.lang.reflect.Method.invoke(Method.java:569)
	at org.springframework.boot.devtools.restart.RestartLauncher.run(RestartLauncher.java:50)
Caused by: org.springframework.core.type.classreading.ClassFormatException: ASM ClassReader failed to parse class file - probably due to a new Java class file version that is not supported yet. Consider compiling with a lower '-target' or upgrade your framework version. Affected class: file [C:\Users\LENOVO\Desktop\PuntoVentaOficial\Back-PuntoVenta\target\classes\com\back\puntoventa\app\domain\ventas\model\response\CierreJornadaResponse.class]
	at org.springframework.core.type.classreading.SimpleMetadataReader.getClassReader(SimpleMetadataReader.java:59)
	at org.springframework.core.type.classreading.SimpleMetadataReader.<init>(SimpleMetadataReader.java:48)
	at org.springframework.core.type.classreading.SimpleMetadataReaderFactory.getMetadataReader(SimpleMetadataReaderFactory.java:103)
	at org.springframework.core.type.classreading.CachingMetadataReaderFactory.getMetadataReader(CachingMetadataReaderFactory.java:122)
	at org.springframework.context.annotation.ClassPathScanningCandidateComponentProvider.scanCandidateComponents(ClassPathScanningCandidateComponentProvider.java:470)
	... 25 common frames omitted
Caused by: java.lang.IllegalArgumentException: Unsupported class file major version 69
	at org.springframework.asm.ClassReader.<init>(ClassReader.java:200)
	at org.springframework.asm.ClassReader.<init>(ClassReader.java:180)
	at org.springframework.asm.ClassReader.<init>(ClassReader.java:166)
	at org.springframework.asm.ClassReader.<init>(ClassReader.java:288)
	at org.springframework.core.type.classreading.SimpleMetadataReader.getClassReader(SimpleMetadataReader.java:56)
	... 29 common frames omitted
2026-04-25 23:58:11 [restartedMain] INFO  c.back.puntoventa.app.AppApplication - Starting AppApplication using Java 17.0.18 with PID 7612 (C:\Users\LENOVO\Desktop\PuntoVentaOficial\Back-PuntoVenta\target\classes started by LENOVO in C:\Users\LENOVO\Desktop\PuntoVentaOficial\Back-PuntoVenta)
2026-04-25 23:58:11 [restartedMain] DEBUG c.back.puntoventa.app.AppApplication - Running with Spring Boot v3.4.1, Spring v6.2.1
2026-04-25 23:58:11 [restartedMain] INFO  c.back.puntoventa.app.AppApplication - No active profile set, falling back to 1 default profile: "default"
2026-04-25 23:58:11 [restartedMain] WARN  o.s.b.w.s.c.AnnotationConfigServletWebServerApplicationContext - Exception encountered during context initialization - cancelling refresh attempt: org.springframework.beans.factory.BeanDefinitionStoreException: Incompatible class format in file [C:\Users\LENOVO\Desktop\PuntoVentaOficial\Back-PuntoVenta\target\classes\com\back\puntoventa\app\domain\ventas\model\response\CierreJornadaResponse.class]: set system property 'spring.classformat.ignore' to 'true' if you mean to ignore such files during classpath scanning
2026-04-25 23:58:11 [restartedMain] ERROR o.s.boot.SpringApplication - Application run failed
org.springframework.beans.factory.BeanDefinitionStoreException: Incompatible class format in file [C:\Users\LENOVO\Desktop\PuntoVentaOficial\Back-PuntoVenta\target\classes\com\back\puntoventa\app\domain\ventas\model\response\CierreJornadaResponse.class]: set system property 'spring.classformat.ignore' to 'true' if you mean to ignore such files during classpath scanning
	at org.springframework.context.annotation.ClassPathScanningCandidateComponentProvider.scanCandidateComponents(ClassPathScanningCandidateComponentProvider.java:504)
	at org.springframework.context.annotation.ClassPathScanningCandidateComponentProvider.findCandidateComponents(ClassPathScanningCandidateComponentProvider.java:351)
	at org.springframework.context.annotation.ClassPathBeanDefinitionScanner.doScan(ClassPathBeanDefinitionScanner.java:277)
	at org.springframework.context.annotation.ComponentScanAnnotationParser.parse(ComponentScanAnnotationParser.java:128)
	at org.springframework.context.annotation.ConfigurationClassParser.doProcessConfigurationClass(ConfigurationClassParser.java:332)
	at org.springframework.context.annotation.ConfigurationClassParser.processConfigurationClass(ConfigurationClassParser.java:267)
	at org.springframework.context.annotation.ConfigurationClassParser.parse(ConfigurationClassParser.java:193)
	at org.springframework.context.annotation.ConfigurationClassParser.parse(ConfigurationClassParser.java:171)
	at org.springframework.context.annotation.ConfigurationClassPostProcessor.processConfigBeanDefinitions(ConfigurationClassPostProcessor.java:418)
	at org.springframework.context.annotation.ConfigurationClassPostProcessor.postProcessBeanDefinitionRegistry(ConfigurationClassPostProcessor.java:290)
	at org.springframework.context.support.PostProcessorRegistrationDelegate.invokeBeanDefinitionRegistryPostProcessors(PostProcessorRegistrationDelegate.java:349)
	at org.springframework.context.support.PostProcessorRegistrationDelegate.invokeBeanFactoryPostProcessors(PostProcessorRegistrationDelegate.java:118)
	at org.springframework.context.support.AbstractApplicationContext.invokeBeanFactoryPostProcessors(AbstractApplicationContext.java:791)
	at org.springframework.context.support.AbstractApplicationContext.refresh(AbstractApplicationContext.java:609)
	at org.springframework.boot.web.servlet.context.ServletWebServerApplicationContext.refresh(ServletWebServerApplicationContext.java:146)
	at org.springframework.boot.SpringApplication.refresh(SpringApplication.java:752)
	at org.springframework.boot.SpringApplication.refreshContext(SpringApplication.java:439)
	at org.springframework.boot.SpringApplication.run(SpringApplication.java:318)
	at org.springframework.boot.SpringApplication.run(SpringApplication.java:1361)
	at org.springframework.boot.SpringApplication.run(SpringApplication.java:1350)
	at com.back.puntoventa.app.AppApplication.main(AppApplication.java:13)
	at java.base/jdk.internal.reflect.NativeMethodAccessorImpl.invoke0(Native Method)
	at java.base/jdk.internal.reflect.NativeMethodAccessorImpl.invoke(NativeMethodAccessorImpl.java:77)
	at java.base/jdk.internal.reflect.DelegatingMethodAccessorImpl.invoke(DelegatingMethodAccessorImpl.java:43)
	at java.base/java.lang.reflect.Method.invoke(Method.java:569)
	at org.springframework.boot.devtools.restart.RestartLauncher.run(RestartLauncher.java:50)
Caused by: org.springframework.core.type.classreading.ClassFormatException: ASM ClassReader failed to parse class file - probably due to a new Java class file version that is not supported yet. Consider compiling with a lower '-target' or upgrade your framework version. Affected class: file [C:\Users\LENOVO\Desktop\PuntoVentaOficial\Back-PuntoVenta\target\classes\com\back\puntoventa\app\domain\ventas\model\response\CierreJornadaResponse.class]
	at org.springframework.core.type.classreading.SimpleMetadataReader.getClassReader(SimpleMetadataReader.java:59)
	at org.springframework.core.type.classreading.SimpleMetadataReader.<init>(SimpleMetadataReader.java:48)
	at org.springframework.core.type.classreading.SimpleMetadataReaderFactory.getMetadataReader(SimpleMetadataReaderFactory.java:103)
	at org.springframework.core.type.classreading.CachingMetadataReaderFactory.getMetadataReader(CachingMetadataReaderFactory.java:122)
	at org.springframework.context.annotation.ClassPathScanningCandidateComponentProvider.scanCandidateComponents(ClassPathScanningCandidateComponentProvider.java:470)
	... 25 common frames omitted
Caused by: java.lang.IllegalArgumentException: Unsupported class file major version 69
	at org.springframework.asm.ClassReader.<init>(ClassReader.java:200)
	at org.springframework.asm.ClassReader.<init>(ClassReader.java:180)
	at org.springframework.asm.ClassReader.<init>(ClassReader.java:166)
	at org.springframework.asm.ClassReader.<init>(ClassReader.java:288)
	at org.springframework.core.type.classreading.SimpleMetadataReader.getClassReader(SimpleMetadataReader.java:56)
	... 29 common frames omitted
2026-04-25 23:58:17 [restartedMain] INFO  c.back.puntoventa.app.AppApplication - Starting AppApplication using Java 17.0.18 with PID 7612 (C:\Users\LENOVO\Desktop\PuntoVentaOficial\Back-PuntoVenta\target\classes started by LENOVO in C:\Users\LENOVO\Desktop\PuntoVentaOficial\Back-PuntoVenta)
2026-04-25 23:58:17 [restartedMain] DEBUG c.back.puntoventa.app.AppApplication - Running with Spring Boot v3.4.1, Spring v6.2.1
2026-04-25 23:58:17 [restartedMain] INFO  c.back.puntoventa.app.AppApplication - No active profile set, falling back to 1 default profile: "default"
2026-04-25 23:58:17 [restartedMain] WARN  o.s.b.w.s.c.AnnotationConfigServletWebServerApplicationContext - Exception encountered during context initialization - cancelling refresh attempt: org.springframework.beans.factory.BeanDefinitionStoreException: Incompatible class format in file [C:\Users\LENOVO\Desktop\PuntoVentaOficial\Back-PuntoVenta\target\classes\com\back\puntoventa\app\domain\ventas\model\CargaTransporte.class]: set system property 'spring.classformat.ignore' to 'true' if you mean to ignore such files during classpath scanning
2026-04-25 23:58:17 [restartedMain] ERROR o.s.boot.SpringApplication - Application run failed
org.springframework.beans.factory.BeanDefinitionStoreException: Incompatible class format in file [C:\Users\LENOVO\Desktop\PuntoVentaOficial\Back-PuntoVenta\target\classes\com\back\puntoventa\app\domain\ventas\model\CargaTransporte.class]: set system property 'spring.classformat.ignore' to 'true' if you mean to ignore such files during classpath scanning
	at org.springframework.context.annotation.ClassPathScanningCandidateComponentProvider.scanCandidateComponents(ClassPathScanningCandidateComponentProvider.java:504)
	at org.springframework.context.annotation.ClassPathScanningCandidateComponentProvider.findCandidateComponents(ClassPathScanningCandidateComponentProvider.java:351)
	at org.springframework.context.annotation.ClassPathBeanDefinitionScanner.doScan(ClassPathBeanDefinitionScanner.java:277)
	at org.springframework.context.annotation.ComponentScanAnnotationParser.parse(ComponentScanAnnotationParser.java:128)
	at org.springframework.context.annotation.ConfigurationClassParser.doProcessConfigurationClass(ConfigurationClassParser.java:332)
	at org.springframework.context.annotation.ConfigurationClassParser.processConfigurationClass(ConfigurationClassParser.java:267)
	at org.springframework.context.annotation.ConfigurationClassParser.parse(ConfigurationClassParser.java:193)
	at org.springframework.context.annotation.ConfigurationClassParser.parse(ConfigurationClassParser.java:171)
	at org.springframework.context.annotation.ConfigurationClassPostProcessor.processConfigBeanDefinitions(ConfigurationClassPostProcessor.java:418)
	at org.springframework.context.annotation.ConfigurationClassPostProcessor.postProcessBeanDefinitionRegistry(ConfigurationClassPostProcessor.java:290)
	at org.springframework.context.support.PostProcessorRegistrationDelegate.invokeBeanDefinitionRegistryPostProcessors(PostProcessorRegistrationDelegate.java:349)
	at org.springframework.context.support.PostProcessorRegistrationDelegate.invokeBeanFactoryPostProcessors(PostProcessorRegistrationDelegate.java:118)
	at org.springframework.context.support.AbstractApplicationContext.invokeBeanFactoryPostProcessors(AbstractApplicationContext.java:791)
	at org.springframework.context.support.AbstractApplicationContext.refresh(AbstractApplicationContext.java:609)
	at org.springframework.boot.web.servlet.context.ServletWebServerApplicationContext.refresh(ServletWebServerApplicationContext.java:146)
	at org.springframework.boot.SpringApplication.refresh(SpringApplication.java:752)
	at org.springframework.boot.SpringApplication.refreshContext(SpringApplication.java:439)
	at org.springframework.boot.SpringApplication.run(SpringApplication.java:318)
	at org.springframework.boot.SpringApplication.run(SpringApplication.java:1361)
	at org.springframework.boot.SpringApplication.run(SpringApplication.java:1350)
	at com.back.puntoventa.app.AppApplication.main(AppApplication.java:13)
	at java.base/jdk.internal.reflect.NativeMethodAccessorImpl.invoke0(Native Method)
	at java.base/jdk.internal.reflect.NativeMethodAccessorImpl.invoke(NativeMethodAccessorImpl.java:77)
	at java.base/jdk.internal.reflect.DelegatingMethodAccessorImpl.invoke(DelegatingMethodAccessorImpl.java:43)
	at java.base/java.lang.reflect.Method.invoke(Method.java:569)
	at org.springframework.boot.devtools.restart.RestartLauncher.run(RestartLauncher.java:50)
Caused by: org.springframework.core.type.classreading.ClassFormatException: ASM ClassReader failed to parse class file - probably due to a new Java class file version that is not supported yet. Consider compiling with a lower '-target' or upgrade your framework version. Affected class: file [C:\Users\LENOVO\Desktop\PuntoVentaOficial\Back-PuntoVenta\target\classes\com\back\puntoventa\app\domain\ventas\model\CargaTransporte.class]
	at org.springframework.core.type.classreading.SimpleMetadataReader.getClassReader(SimpleMetadataReader.java:59)
	at org.springframework.core.type.classreading.SimpleMetadataReader.<init>(SimpleMetadataReader.java:48)
	at org.springframework.core.type.classreading.SimpleMetadataReaderFactory.getMetadataReader(SimpleMetadataReaderFactory.java:103)
	at org.springframework.core.type.classreading.CachingMetadataReaderFactory.getMetadataReader(CachingMetadataReaderFactory.java:122)
	at org.springframework.context.annotation.ClassPathScanningCandidateComponentProvider.scanCandidateComponents(ClassPathScanningCandidateComponentProvider.java:470)
	... 25 common frames omitted
Caused by: java.lang.IllegalArgumentException: Unsupported class file major version 69
	at org.springframework.asm.ClassReader.<init>(ClassReader.java:200)
	at org.springframework.asm.ClassReader.<init>(ClassReader.java:180)
	at org.springframework.asm.ClassReader.<init>(ClassReader.java:166)
	at org.springframework.asm.ClassReader.<init>(ClassReader.java:288)
	at org.springframework.core.type.classreading.SimpleMetadataReader.getClassReader(SimpleMetadataReader.java:56)
	... 29 common frames omitted
2026-04-25 23:58:23 [restartedMain] INFO  c.back.puntoventa.app.AppApplication - Starting AppApplication using Java 17.0.18 with PID 7612 (C:\Users\LENOVO\Desktop\PuntoVentaOficial\Back-PuntoVenta\target\classes started by LENOVO in C:\Users\LENOVO\Desktop\PuntoVentaOficial\Back-PuntoVenta)
2026-04-25 23:58:23 [restartedMain] DEBUG c.back.puntoventa.app.AppApplication - Running with Spring Boot v3.4.1, Spring v6.2.1
2026-04-25 23:58:23 [restartedMain] INFO  c.back.puntoventa.app.AppApplication - No active profile set, falling back to 1 default profile: "default"
2026-04-25 23:58:24 [restartedMain] WARN  o.s.b.w.s.c.AnnotationConfigServletWebServerApplicationContext - Exception encountered during context initialization - cancelling refresh attempt: org.springframework.beans.factory.BeanDefinitionStoreException: Incompatible class format in file [C:\Users\LENOVO\Desktop\PuntoVentaOficial\Back-PuntoVenta\target\classes\com\back\puntoventa\app\config\HexagonalArchitectureConfig.class]: set system property 'spring.classformat.ignore' to 'true' if you mean to ignore such files during classpath scanning
2026-04-25 23:58:24 [restartedMain] ERROR o.s.boot.SpringApplication - Application run failed
org.springframework.beans.factory.BeanDefinitionStoreException: Incompatible class format in file [C:\Users\LENOVO\Desktop\PuntoVentaOficial\Back-PuntoVenta\target\classes\com\back\puntoventa\app\config\HexagonalArchitectureConfig.class]: set system property 'spring.classformat.ignore' to 'true' if you mean to ignore such files during classpath scanning
	at org.springframework.context.annotation.ClassPathScanningCandidateComponentProvider.scanCandidateComponents(ClassPathScanningCandidateComponentProvider.java:504)
	at org.springframework.context.annotation.ClassPathScanningCandidateComponentProvider.findCandidateComponents(ClassPathScanningCandidateComponentProvider.java:351)
	at org.springframework.context.annotation.ClassPathBeanDefinitionScanner.doScan(ClassPathBeanDefinitionScanner.java:277)
	at org.springframework.context.annotation.ComponentScanAnnotationParser.parse(ComponentScanAnnotationParser.java:128)
	at org.springframework.context.annotation.ConfigurationClassParser.doProcessConfigurationClass(ConfigurationClassParser.java:332)
	at org.springframework.context.annotation.ConfigurationClassParser.processConfigurationClass(ConfigurationClassParser.java:267)
	at org.springframework.context.annotation.ConfigurationClassParser.parse(ConfigurationClassParser.java:193)
	at org.springframework.context.annotation.ConfigurationClassParser.parse(ConfigurationClassParser.java:171)
	at org.springframework.context.annotation.ConfigurationClassPostProcessor.processConfigBeanDefinitions(ConfigurationClassPostProcessor.java:418)
	at org.springframework.context.annotation.ConfigurationClassPostProcessor.postProcessBeanDefinitionRegistry(ConfigurationClassPostProcessor.java:290)
	at org.springframework.context.support.PostProcessorRegistrationDelegate.invokeBeanDefinitionRegistryPostProcessors(PostProcessorRegistrationDelegate.java:349)
	at org.springframework.context.support.PostProcessorRegistrationDelegate.invokeBeanFactoryPostProcessors(PostProcessorRegistrationDelegate.java:118)
	at org.springframework.context.support.AbstractApplicationContext.invokeBeanFactoryPostProcessors(AbstractApplicationContext.java:791)
	at org.springframework.context.support.AbstractApplicationContext.refresh(AbstractApplicationContext.java:609)
	at org.springframework.boot.web.servlet.context.ServletWebServerApplicationContext.refresh(ServletWebServerApplicationContext.java:146)
	at org.springframework.boot.SpringApplication.refresh(SpringApplication.java:752)
	at org.springframework.boot.SpringApplication.refreshContext(SpringApplication.java:439)
	at org.springframework.boot.SpringApplication.run(SpringApplication.java:318)
	at org.springframework.boot.SpringApplication.run(SpringApplication.java:1361)
	at org.springframework.boot.SpringApplication.run(SpringApplication.java:1350)
	at com.back.puntoventa.app.AppApplication.main(AppApplication.java:13)
	at java.base/jdk.internal.reflect.NativeMethodAccessorImpl.invoke0(Native Method)
	at java.base/jdk.internal.reflect.NativeMethodAccessorImpl.invoke(NativeMethodAccessorImpl.java:77)
	at java.base/jdk.internal.reflect.DelegatingMethodAccessorImpl.invoke(DelegatingMethodAccessorImpl.java:43)
	at java.base/java.lang.reflect.Method.invoke(Method.java:569)
	at org.springframework.boot.devtools.restart.RestartLauncher.run(RestartLauncher.java:50)
Caused by: org.springframework.core.type.classreading.ClassFormatException: ASM ClassReader failed to parse class file - probably due to a new Java class file version that is not supported yet. Consider compiling with a lower '-target' or upgrade your framework version. Affected class: file [C:\Users\LENOVO\Desktop\PuntoVentaOficial\Back-PuntoVenta\target\classes\com\back\puntoventa\app\config\HexagonalArchitectureConfig.class]
	at org.springframework.core.type.classreading.SimpleMetadataReader.getClassReader(SimpleMetadataReader.java:59)
	at org.springframework.core.type.classreading.SimpleMetadataReader.<init>(SimpleMetadataReader.java:48)
	at org.springframework.core.type.classreading.SimpleMetadataReaderFactory.getMetadataReader(SimpleMetadataReaderFactory.java:103)
	at org.springframework.core.type.classreading.CachingMetadataReaderFactory.getMetadataReader(CachingMetadataReaderFactory.java:122)
	at org.springframework.context.annotation.ClassPathScanningCandidateComponentProvider.scanCandidateComponents(ClassPathScanningCandidateComponentProvider.java:470)
	... 25 common frames omitted
Caused by: java.lang.IllegalArgumentException: Unsupported class file major version 69
	at org.springframework.asm.ClassReader.<init>(ClassReader.java:200)
	at org.springframework.asm.ClassReader.<init>(ClassReader.java:180)
	at org.springframework.asm.ClassReader.<init>(ClassReader.java:166)
	at org.springframework.asm.ClassReader.<init>(ClassReader.java:288)
	at org.springframework.core.type.classreading.SimpleMetadataReader.getClassReader(SimpleMetadataReader.java:56)
	... 29 common frames omitted
2026-04-25 23:58:34 [restartedMain] INFO  c.back.puntoventa.app.AppApplication - Starting AppApplication using Java 17.0.18 with PID 7612 (C:\Users\LENOVO\Desktop\PuntoVentaOficial\Back-PuntoVenta\target\classes started by LENOVO in C:\Users\LENOVO\Desktop\PuntoVentaOficial\Back-PuntoVenta)
2026-04-25 23:58:34 [restartedMain] DEBUG c.back.puntoventa.app.AppApplication - Running with Spring Boot v3.4.1, Spring v6.2.1
2026-04-25 23:58:34 [restartedMain] INFO  c.back.puntoventa.app.AppApplication - No active profile set, falling back to 1 default profile: "default"
2026-04-25 23:58:34 [restartedMain] WARN  o.s.b.w.s.c.AnnotationConfigServletWebServerApplicationContext - Exception encountered during context initialization - cancelling refresh attempt: org.springframework.beans.factory.BeanDefinitionStoreException: Incompatible class format in file [C:\Users\LENOVO\Desktop\PuntoVentaOficial\Back-PuntoVenta\target\classes\com\back\puntoventa\app\config\HexagonalArchitectureConfig.class]: set system property 'spring.classformat.ignore' to 'true' if you mean to ignore such files during classpath scanning
2026-04-25 23:58:34 [restartedMain] ERROR o.s.boot.SpringApplication - Application run failed
org.springframework.beans.factory.BeanDefinitionStoreException: Incompatible class format in file [C:\Users\LENOVO\Desktop\PuntoVentaOficial\Back-PuntoVenta\target\classes\com\back\puntoventa\app\config\HexagonalArchitectureConfig.class]: set system property 'spring.classformat.ignore' to 'true' if you mean to ignore such files during classpath scanning
	at org.springframework.context.annotation.ClassPathScanningCandidateComponentProvider.scanCandidateComponents(ClassPathScanningCandidateComponentProvider.java:504)
	at org.springframework.context.annotation.ClassPathScanningCandidateComponentProvider.findCandidateComponents(ClassPathScanningCandidateComponentProvider.java:351)
	at org.springframework.context.annotation.ClassPathBeanDefinitionScanner.doScan(ClassPathBeanDefinitionScanner.java:277)
	at org.springframework.context.annotation.ComponentScanAnnotationParser.parse(ComponentScanAnnotationParser.java:128)
	at org.springframework.context.annotation.ConfigurationClassParser.doProcessConfigurationClass(ConfigurationClassParser.java:332)
	at org.springframework.context.annotation.ConfigurationClassParser.processConfigurationClass(ConfigurationClassParser.java:267)
	at org.springframework.context.annotation.ConfigurationClassParser.parse(ConfigurationClassParser.java:193)
	at org.springframework.context.annotation.ConfigurationClassParser.parse(ConfigurationClassParser.java:171)
	at org.springframework.context.annotation.ConfigurationClassPostProcessor.processConfigBeanDefinitions(ConfigurationClassPostProcessor.java:418)
	at org.springframework.context.annotation.ConfigurationClassPostProcessor.postProcessBeanDefinitionRegistry(ConfigurationClassPostProcessor.java:290)
	at org.springframework.context.support.PostProcessorRegistrationDelegate.invokeBeanDefinitionRegistryPostProcessors(PostProcessorRegistrationDelegate.java:349)
	at org.springframework.context.support.PostProcessorRegistrationDelegate.invokeBeanFactoryPostProcessors(PostProcessorRegistrationDelegate.java:118)
	at org.springframework.context.support.AbstractApplicationContext.invokeBeanFactoryPostProcessors(AbstractApplicationContext.java:791)
	at org.springframework.context.support.AbstractApplicationContext.refresh(AbstractApplicationContext.java:609)
	at org.springframework.boot.web.servlet.context.ServletWebServerApplicationContext.refresh(ServletWebServerApplicationContext.java:146)
	at org.springframework.boot.SpringApplication.refresh(SpringApplication.java:752)
	at org.springframework.boot.SpringApplication.refreshContext(SpringApplication.java:439)
	at org.springframework.boot.SpringApplication.run(SpringApplication.java:318)
	at org.springframework.boot.SpringApplication.run(SpringApplication.java:1361)
	at org.springframework.boot.SpringApplication.run(SpringApplication.java:1350)
	at com.back.puntoventa.app.AppApplication.main(AppApplication.java:13)
	at java.base/jdk.internal.reflect.NativeMethodAccessorImpl.invoke0(Native Method)
	at java.base/jdk.internal.reflect.NativeMethodAccessorImpl.invoke(NativeMethodAccessorImpl.java:77)
	at java.base/jdk.internal.reflect.DelegatingMethodAccessorImpl.invoke(DelegatingMethodAccessorImpl.java:43)
	at java.base/java.lang.reflect.Method.invoke(Method.java:569)
	at org.springframework.boot.devtools.restart.RestartLauncher.run(RestartLauncher.java:50)
Caused by: org.springframework.core.type.classreading.ClassFormatException: ASM ClassReader failed to parse class file - probably due to a new Java class file version that is not supported yet. Consider compiling with a lower '-target' or upgrade your framework version. Affected class: file [C:\Users\LENOVO\Desktop\PuntoVentaOficial\Back-PuntoVenta\target\classes\com\back\puntoventa\app\config\HexagonalArchitectureConfig.class]
	at org.springframework.core.type.classreading.SimpleMetadataReader.getClassReader(SimpleMetadataReader.java:59)
	at org.springframework.core.type.classreading.SimpleMetadataReader.<init>(SimpleMetadataReader.java:48)
	at org.springframework.core.type.classreading.SimpleMetadataReaderFactory.getMetadataReader(SimpleMetadataReaderFactory.java:103)
	at org.springframework.core.type.classreading.CachingMetadataReaderFactory.getMetadataReader(CachingMetadataReaderFactory.java:122)
	at org.springframework.context.annotation.ClassPathScanningCandidateComponentProvider.scanCandidateComponents(ClassPathScanningCandidateComponentProvider.java:470)
	... 25 common frames omitted
Caused by: java.lang.IllegalArgumentException: Unsupported class file major version 69
	at org.springframework.asm.ClassReader.<init>(ClassReader.java:200)
	at org.springframework.asm.ClassReader.<init>(ClassReader.java:180)
	at org.springframework.asm.ClassReader.<init>(ClassReader.java:166)
	at org.springframework.asm.ClassReader.<init>(ClassReader.java:288)
	at org.springframework.core.type.classreading.SimpleMetadataReader.getClassReader(SimpleMetadataReader.java:56)
	... 29 common frames omitted
2026-04-25 23:58:36 [restartedMain] INFO  c.back.puntoventa.app.AppApplication - Starting AppApplication using Java 17.0.18 with PID 7612 (C:\Users\LENOVO\Desktop\PuntoVentaOficial\Back-PuntoVenta\target\classes started by LENOVO in C:\Users\LENOVO\Desktop\PuntoVentaOficial\Back-PuntoVenta)
2026-04-25 23:58:36 [restartedMain] DEBUG c.back.puntoventa.app.AppApplication - Running with Spring Boot v3.4.1, Spring v6.2.1
2026-04-25 23:58:36 [restartedMain] INFO  c.back.puntoventa.app.AppApplication - No active profile set, falling back to 1 default profile: "default"
2026-04-25 23:58:36 [restartedMain] WARN  o.s.b.w.s.c.AnnotationConfigServletWebServerApplicationContext - Exception encountered during context initialization - cancelling refresh attempt: org.springframework.beans.factory.BeanDefinitionStoreException: Incompatible class format in file [C:\Users\LENOVO\Desktop\PuntoVentaOficial\Back-PuntoVenta\target\classes\com\back\puntoventa\app\config\HexagonalArchitectureConfig.class]: set system property 'spring.classformat.ignore' to 'true' if you mean to ignore such files during classpath scanning
2026-04-25 23:58:36 [restartedMain] ERROR o.s.boot.SpringApplication - Application run failed
org.springframework.beans.factory.BeanDefinitionStoreException: Incompatible class format in file [C:\Users\LENOVO\Desktop\PuntoVentaOficial\Back-PuntoVenta\target\classes\com\back\puntoventa\app\config\HexagonalArchitectureConfig.class]: set system property 'spring.classformat.ignore' to 'true' if you mean to ignore such files during classpath scanning
	at org.springframework.context.annotation.ClassPathScanningCandidateComponentProvider.scanCandidateComponents(ClassPathScanningCandidateComponentProvider.java:504)
	at org.springframework.context.annotation.ClassPathScanningCandidateComponentProvider.findCandidateComponents(ClassPathScanningCandidateComponentProvider.java:351)
	at org.springframework.context.annotation.ClassPathBeanDefinitionScanner.doScan(ClassPathBeanDefinitionScanner.java:277)
	at org.springframework.context.annotation.ComponentScanAnnotationParser.parse(ComponentScanAnnotationParser.java:128)
	at org.springframework.context.annotation.ConfigurationClassParser.doProcessConfigurationClass(ConfigurationClassParser.java:332)
	at org.springframework.context.annotation.ConfigurationClassParser.processConfigurationClass(ConfigurationClassParser.java:267)
	at org.springframework.context.annotation.ConfigurationClassParser.parse(ConfigurationClassParser.java:193)
	at org.springframework.context.annotation.ConfigurationClassParser.parse(ConfigurationClassParser.java:171)
	at org.springframework.context.annotation.ConfigurationClassPostProcessor.processConfigBeanDefinitions(ConfigurationClassPostProcessor.java:418)
	at org.springframework.context.annotation.ConfigurationClassPostProcessor.postProcessBeanDefinitionRegistry(ConfigurationClassPostProcessor.java:290)
	at org.springframework.context.support.PostProcessorRegistrationDelegate.invokeBeanDefinitionRegistryPostProcessors(PostProcessorRegistrationDelegate.java:349)
	at org.springframework.context.support.PostProcessorRegistrationDelegate.invokeBeanFactoryPostProcessors(PostProcessorRegistrationDelegate.java:118)
	at org.springframework.context.support.AbstractApplicationContext.invokeBeanFactoryPostProcessors(AbstractApplicationContext.java:791)
	at org.springframework.context.support.AbstractApplicationContext.refresh(AbstractApplicationContext.java:609)
	at org.springframework.boot.web.servlet.context.ServletWebServerApplicationContext.refresh(ServletWebServerApplicationContext.java:146)
	at org.springframework.boot.SpringApplication.refresh(SpringApplication.java:752)
	at org.springframework.boot.SpringApplication.refreshContext(SpringApplication.java:439)
	at org.springframework.boot.SpringApplication.run(SpringApplication.java:318)
	at org.springframework.boot.SpringApplication.run(SpringApplication.java:1361)
	at org.springframework.boot.SpringApplication.run(SpringApplication.java:1350)
	at com.back.puntoventa.app.AppApplication.main(AppApplication.java:13)
	at java.base/jdk.internal.reflect.NativeMethodAccessorImpl.invoke0(Native Method)
	at java.base/jdk.internal.reflect.NativeMethodAccessorImpl.invoke(NativeMethodAccessorImpl.java:77)
	at java.base/jdk.internal.reflect.DelegatingMethodAccessorImpl.invoke(DelegatingMethodAccessorImpl.java:43)
	at java.base/java.lang.reflect.Method.invoke(Method.java:569)
	at org.springframework.boot.devtools.restart.RestartLauncher.run(RestartLauncher.java:50)
Caused by: org.springframework.core.type.classreading.ClassFormatException: ASM ClassReader failed to parse class file - probably due to a new Java class file version that is not supported yet. Consider compiling with a lower '-target' or upgrade your framework version. Affected class: file [C:\Users\LENOVO\Desktop\PuntoVentaOficial\Back-PuntoVenta\target\classes\com\back\puntoventa\app\config\HexagonalArchitectureConfig.class]
	at org.springframework.core.type.classreading.SimpleMetadataReader.getClassReader(SimpleMetadataReader.java:59)
	at org.springframework.core.type.classreading.SimpleMetadataReader.<init>(SimpleMetadataReader.java:48)
	at org.springframework.core.type.classreading.SimpleMetadataReaderFactory.getMetadataReader(SimpleMetadataReaderFactory.java:103)
	at org.springframework.core.type.classreading.CachingMetadataReaderFactory.getMetadataReader(CachingMetadataReaderFactory.java:122)
	at org.springframework.context.annotation.ClassPathScanningCandidateComponentProvider.scanCandidateComponents(ClassPathScanningCandidateComponentProvider.java:470)
	... 25 common frames omitted
Caused by: java.lang.IllegalArgumentException: Unsupported class file major version 69
	at org.springframework.asm.ClassReader.<init>(ClassReader.java:200)
	at org.springframework.asm.ClassReader.<init>(ClassReader.java:180)
	at org.springframework.asm.ClassReader.<init>(ClassReader.java:166)
	at org.springframework.asm.ClassReader.<init>(ClassReader.java:288)
	at org.springframework.core.type.classreading.SimpleMetadataReader.getClassReader(SimpleMetadataReader.java:56)
	... 29 common frames omitted
2026-04-25 23:58:47 [restartedMain] INFO  c.back.puntoventa.app.AppApplication - Starting AppApplication using Java 17.0.18 with PID 7612 (C:\Users\LENOVO\Desktop\PuntoVentaOficial\Back-PuntoVenta\target\classes started by LENOVO in C:\Users\LENOVO\Desktop\PuntoVentaOficial\Back-PuntoVenta)
2026-04-25 23:58:47 [restartedMain] DEBUG c.back.puntoventa.app.AppApplication - Running with Spring Boot v3.4.1, Spring v6.2.1
2026-04-25 23:58:47 [restartedMain] INFO  c.back.puntoventa.app.AppApplication - No active profile set, falling back to 1 default profile: "default"
2026-04-25 23:58:47 [restartedMain] WARN  o.s.b.w.s.c.AnnotationConfigServletWebServerApplicationContext - Exception encountered during context initialization - cancelling refresh attempt: org.springframework.beans.factory.BeanDefinitionStoreException: Incompatible class format in file [C:\Users\LENOVO\Desktop\PuntoVentaOficial\Back-PuntoVenta\target\classes\com\back\puntoventa\app\config\HexagonalArchitectureConfig.class]: set system property 'spring.classformat.ignore' to 'true' if you mean to ignore such files during classpath scanning
2026-04-25 23:58:47 [restartedMain] ERROR o.s.boot.SpringApplication - Application run failed
org.springframework.beans.factory.BeanDefinitionStoreException: Incompatible class format in file [C:\Users\LENOVO\Desktop\PuntoVentaOficial\Back-PuntoVenta\target\classes\com\back\puntoventa\app\config\HexagonalArchitectureConfig.class]: set system property 'spring.classformat.ignore' to 'true' if you mean to ignore such files during classpath scanning
	at org.springframework.context.annotation.ClassPathScanningCandidateComponentProvider.scanCandidateComponents(ClassPathScanningCandidateComponentProvider.java:504)
	at org.springframework.context.annotation.ClassPathScanningCandidateComponentProvider.findCandidateComponents(ClassPathScanningCandidateComponentProvider.java:351)
	at org.springframework.context.annotation.ClassPathBeanDefinitionScanner.doScan(ClassPathBeanDefinitionScanner.java:277)
	at org.springframework.context.annotation.ComponentScanAnnotationParser.parse(ComponentScanAnnotationParser.java:128)
	at org.springframework.context.annotation.ConfigurationClassParser.doProcessConfigurationClass(ConfigurationClassParser.java:332)
	at org.springframework.context.annotation.ConfigurationClassParser.processConfigurationClass(ConfigurationClassParser.java:267)
	at org.springframework.context.annotation.ConfigurationClassParser.parse(ConfigurationClassParser.java:193)
	at org.springframework.context.annotation.ConfigurationClassParser.parse(ConfigurationClassParser.java:171)
	at org.springframework.context.annotation.ConfigurationClassPostProcessor.processConfigBeanDefinitions(ConfigurationClassPostProcessor.java:418)
	at org.springframework.context.annotation.ConfigurationClassPostProcessor.postProcessBeanDefinitionRegistry(ConfigurationClassPostProcessor.java:290)
	at org.springframework.context.support.PostProcessorRegistrationDelegate.invokeBeanDefinitionRegistryPostProcessors(PostProcessorRegistrationDelegate.java:349)
	at org.springframework.context.support.PostProcessorRegistrationDelegate.invokeBeanFactoryPostProcessors(PostProcessorRegistrationDelegate.java:118)
	at org.springframework.context.support.AbstractApplicationContext.invokeBeanFactoryPostProcessors(AbstractApplicationContext.java:791)
	at org.springframework.context.support.AbstractApplicationContext.refresh(AbstractApplicationContext.java:609)
	at org.springframework.boot.web.servlet.context.ServletWebServerApplicationContext.refresh(ServletWebServerApplicationContext.java:146)
	at org.springframework.boot.SpringApplication.refresh(SpringApplication.java:752)
	at org.springframework.boot.SpringApplication.refreshContext(SpringApplication.java:439)
	at org.springframework.boot.SpringApplication.run(SpringApplication.java:318)
	at org.springframework.boot.SpringApplication.run(SpringApplication.java:1361)
	at org.springframework.boot.SpringApplication.run(SpringApplication.java:1350)
	at com.back.puntoventa.app.AppApplication.main(AppApplication.java:13)
	at java.base/jdk.internal.reflect.NativeMethodAccessorImpl.invoke0(Native Method)
	at java.base/jdk.internal.reflect.NativeMethodAccessorImpl.invoke(NativeMethodAccessorImpl.java:77)
	at java.base/jdk.internal.reflect.DelegatingMethodAccessorImpl.invoke(DelegatingMethodAccessorImpl.java:43)
	at java.base/java.lang.reflect.Method.invoke(Method.java:569)
	at org.springframework.boot.devtools.restart.RestartLauncher.run(RestartLauncher.java:50)
Caused by: org.springframework.core.type.classreading.ClassFormatException: ASM ClassReader failed to parse class file - probably due to a new Java class file version that is not supported yet. Consider compiling with a lower '-target' or upgrade your framework version. Affected class: file [C:\Users\LENOVO\Desktop\PuntoVentaOficial\Back-PuntoVenta\target\classes\com\back\puntoventa\app\config\HexagonalArchitectureConfig.class]
	at org.springframework.core.type.classreading.SimpleMetadataReader.getClassReader(SimpleMetadataReader.java:59)
	at org.springframework.core.type.classreading.SimpleMetadataReader.<init>(SimpleMetadataReader.java:48)
	at org.springframework.core.type.classreading.SimpleMetadataReaderFactory.getMetadataReader(SimpleMetadataReaderFactory.java:103)
	at org.springframework.core.type.classreading.CachingMetadataReaderFactory.getMetadataReader(CachingMetadataReaderFactory.java:122)
	at org.springframework.context.annotation.ClassPathScanningCandidateComponentProvider.scanCandidateComponents(ClassPathScanningCandidateComponentProvider.java:470)
	... 25 common frames omitted
Caused by: java.lang.IllegalArgumentException: Unsupported class file major version 69
	at org.springframework.asm.ClassReader.<init>(ClassReader.java:200)
	at org.springframework.asm.ClassReader.<init>(ClassReader.java:180)
	at org.springframework.asm.ClassReader.<init>(ClassReader.java:166)
	at org.springframework.asm.ClassReader.<init>(ClassReader.java:288)
	at org.springframework.core.type.classreading.SimpleMetadataReader.getClassReader(SimpleMetadataReader.java:56)
	... 29 common frames omitted
2026-04-25 23:58:51 [restartedMain] INFO  c.back.puntoventa.app.AppApplication - Starting AppApplication using Java 17.0.18 with PID 7612 (C:\Users\LENOVO\Desktop\PuntoVentaOficial\Back-PuntoVenta\target\classes started by LENOVO in C:\Users\LENOVO\Desktop\PuntoVentaOficial\Back-PuntoVenta)
2026-04-25 23:58:51 [restartedMain] DEBUG c.back.puntoventa.app.AppApplication - Running with Spring Boot v3.4.1, Spring v6.2.1
2026-04-25 23:58:51 [restartedMain] INFO  c.back.puntoventa.app.AppApplication - No active profile set, falling back to 1 default profile: "default"
2026-04-25 23:58:51 [restartedMain] WARN  o.s.b.w.s.c.AnnotationConfigServletWebServerApplicationContext - Exception encountered during context initialization - cancelling refresh attempt: org.springframework.beans.factory.BeanDefinitionStoreException: Incompatible class format in file [C:\Users\LENOVO\Desktop\PuntoVentaOficial\Back-PuntoVenta\target\classes\com\back\puntoventa\app\config\HexagonalArchitectureConfig.class]: set system property 'spring.classformat.ignore' to 'true' if you mean to ignore such files during classpath scanning
2026-04-25 23:58:51 [restartedMain] ERROR o.s.boot.SpringApplication - Application run failed
org.springframework.beans.factory.BeanDefinitionStoreException: Incompatible class format in file [C:\Users\LENOVO\Desktop\PuntoVentaOficial\Back-PuntoVenta\target\classes\com\back\puntoventa\app\config\HexagonalArchitectureConfig.class]: set system property 'spring.classformat.ignore' to 'true' if you mean to ignore such files during classpath scanning
	at org.springframework.context.annotation.ClassPathScanningCandidateComponentProvider.scanCandidateComponents(ClassPathScanningCandidateComponentProvider.java:504)
	at org.springframework.context.annotation.ClassPathScanningCandidateComponentProvider.findCandidateComponents(ClassPathScanningCandidateComponentProvider.java:351)
	at org.springframework.context.annotation.ClassPathBeanDefinitionScanner.doScan(ClassPathBeanDefinitionScanner.java:277)
	at org.springframework.context.annotation.ComponentScanAnnotationParser.parse(ComponentScanAnnotationParser.java:128)
	at org.springframework.context.annotation.ConfigurationClassParser.doProcessConfigurationClass(ConfigurationClassParser.java:332)
	at org.springframework.context.annotation.ConfigurationClassParser.processConfigurationClass(ConfigurationClassParser.java:267)
	at org.springframework.context.annotation.ConfigurationClassParser.parse(ConfigurationClassParser.java:193)
	at org.springframework.context.annotation.ConfigurationClassParser.parse(ConfigurationClassParser.java:171)
	at org.springframework.context.annotation.ConfigurationClassPostProcessor.processConfigBeanDefinitions(ConfigurationClassPostProcessor.java:418)
	at org.springframework.context.annotation.ConfigurationClassPostProcessor.postProcessBeanDefinitionRegistry(ConfigurationClassPostProcessor.java:290)
	at org.springframework.context.support.PostProcessorRegistrationDelegate.invokeBeanDefinitionRegistryPostProcessors(PostProcessorRegistrationDelegate.java:349)
	at org.springframework.context.support.PostProcessorRegistrationDelegate.invokeBeanFactoryPostProcessors(PostProcessorRegistrationDelegate.java:118)
	at org.springframework.context.support.AbstractApplicationContext.invokeBeanFactoryPostProcessors(AbstractApplicationContext.java:791)
	at org.springframework.context.support.AbstractApplicationContext.refresh(AbstractApplicationContext.java:609)
	at org.springframework.boot.web.servlet.context.ServletWebServerApplicationContext.refresh(ServletWebServerApplicationContext.java:146)
	at org.springframework.boot.SpringApplication.refresh(SpringApplication.java:752)
	at org.springframework.boot.SpringApplication.refreshContext(SpringApplication.java:439)
	at org.springframework.boot.SpringApplication.run(SpringApplication.java:318)
	at org.springframework.boot.SpringApplication.run(SpringApplication.java:1361)
	at org.springframework.boot.SpringApplication.run(SpringApplication.java:1350)
	at com.back.puntoventa.app.AppApplication.main(AppApplication.java:13)
	at java.base/jdk.internal.reflect.NativeMethodAccessorImpl.invoke0(Native Method)
	at java.base/jdk.internal.reflect.NativeMethodAccessorImpl.invoke(NativeMethodAccessorImpl.java:77)
	at java.base/jdk.internal.reflect.DelegatingMethodAccessorImpl.invoke(DelegatingMethodAccessorImpl.java:43)
	at java.base/java.lang.reflect.Method.invoke(Method.java:569)
	at org.springframework.boot.devtools.restart.RestartLauncher.run(RestartLauncher.java:50)
Caused by: org.springframework.core.type.classreading.ClassFormatException: ASM ClassReader failed to parse class file - probably due to a new Java class file version that is not supported yet. Consider compiling with a lower '-target' or upgrade your framework version. Affected class: file [C:\Users\LENOVO\Desktop\PuntoVentaOficial\Back-PuntoVenta\target\classes\com\back\puntoventa\app\config\HexagonalArchitectureConfig.class]
	at org.springframework.core.type.classreading.SimpleMetadataReader.getClassReader(SimpleMetadataReader.java:59)
	at org.springframework.core.type.classreading.SimpleMetadataReader.<init>(SimpleMetadataReader.java:48)
	at org.springframework.core.type.classreading.SimpleMetadataReaderFactory.getMetadataReader(SimpleMetadataReaderFactory.java:103)
	at org.springframework.core.type.classreading.CachingMetadataReaderFactory.getMetadataReader(CachingMetadataReaderFactory.java:122)
	at org.springframework.context.annotation.ClassPathScanningCandidateComponentProvider.scanCandidateComponents(ClassPathScanningCandidateComponentProvider.java:470)
	... 25 common frames omitted
Caused by: java.lang.IllegalArgumentException: Unsupported class file major version 69
	at org.springframework.asm.ClassReader.<init>(ClassReader.java:200)
	at org.springframework.asm.ClassReader.<init>(ClassReader.java:180)
	at org.springframework.asm.ClassReader.<init>(ClassReader.java:166)
	at org.springframework.asm.ClassReader.<init>(ClassReader.java:288)
	at org.springframework.core.type.classreading.SimpleMetadataReader.getClassReader(SimpleMetadataReader.java:56)
	... 29 common frames omitted
2026-04-25 23:58:59 [restartedMain] INFO  c.back.puntoventa.app.AppApplication - Starting AppApplication using Java 17.0.18 with PID 7612 (C:\Users\LENOVO\Desktop\PuntoVentaOficial\Back-PuntoVenta\target\classes started by LENOVO in C:\Users\LENOVO\Desktop\PuntoVentaOficial\Back-PuntoVenta)
2026-04-25 23:58:59 [restartedMain] DEBUG c.back.puntoventa.app.AppApplication - Running with Spring Boot v3.4.1, Spring v6.2.1
2026-04-25 23:58:59 [restartedMain] INFO  c.back.puntoventa.app.AppApplication - No active profile set, falling back to 1 default profile: "default"
2026-04-25 23:58:59 [restartedMain] WARN  o.s.b.w.s.c.AnnotationConfigServletWebServerApplicationContext - Exception encountered during context initialization - cancelling refresh attempt: org.springframework.beans.factory.BeanDefinitionStoreException: Incompatible class format in file [C:\Users\LENOVO\Desktop\PuntoVentaOficial\Back-PuntoVenta\target\classes\com\back\puntoventa\app\application\ventas\VentaRestAdapter.class]: set system property 'spring.classformat.ignore' to 'true' if you mean to ignore such files during classpath scanning
2026-04-25 23:58:59 [restartedMain] ERROR o.s.boot.SpringApplication - Application run failed
org.springframework.beans.factory.BeanDefinitionStoreException: Incompatible class format in file [C:\Users\LENOVO\Desktop\PuntoVentaOficial\Back-PuntoVenta\target\classes\com\back\puntoventa\app\application\ventas\VentaRestAdapter.class]: set system property 'spring.classformat.ignore' to 'true' if you mean to ignore such files during classpath scanning
	at org.springframework.context.annotation.ClassPathScanningCandidateComponentProvider.scanCandidateComponents(ClassPathScanningCandidateComponentProvider.java:504)
	at org.springframework.context.annotation.ClassPathScanningCandidateComponentProvider.findCandidateComponents(ClassPathScanningCandidateComponentProvider.java:351)
	at org.springframework.context.annotation.ClassPathBeanDefinitionScanner.doScan(ClassPathBeanDefinitionScanner.java:277)
	at org.springframework.context.annotation.ComponentScanAnnotationParser.parse(ComponentScanAnnotationParser.java:128)
	at org.springframework.context.annotation.ConfigurationClassParser.doProcessConfigurationClass(ConfigurationClassParser.java:332)
	at org.springframework.context.annotation.ConfigurationClassParser.processConfigurationClass(ConfigurationClassParser.java:267)
	at org.springframework.context.annotation.ConfigurationClassParser.parse(ConfigurationClassParser.java:193)
	at org.springframework.context.annotation.ConfigurationClassParser.parse(ConfigurationClassParser.java:171)
	at org.springframework.context.annotation.ConfigurationClassPostProcessor.processConfigBeanDefinitions(ConfigurationClassPostProcessor.java:418)
	at org.springframework.context.annotation.ConfigurationClassPostProcessor.postProcessBeanDefinitionRegistry(ConfigurationClassPostProcessor.java:290)
	at org.springframework.context.support.PostProcessorRegistrationDelegate.invokeBeanDefinitionRegistryPostProcessors(PostProcessorRegistrationDelegate.java:349)
	at org.springframework.context.support.PostProcessorRegistrationDelegate.invokeBeanFactoryPostProcessors(PostProcessorRegistrationDelegate.java:118)
	at org.springframework.context.support.AbstractApplicationContext.invokeBeanFactoryPostProcessors(AbstractApplicationContext.java:791)
	at org.springframework.context.support.AbstractApplicationContext.refresh(AbstractApplicationContext.java:609)
	at org.springframework.boot.web.servlet.context.ServletWebServerApplicationContext.refresh(ServletWebServerApplicationContext.java:146)
	at org.springframework.boot.SpringApplication.refresh(SpringApplication.java:752)
	at org.springframework.boot.SpringApplication.refreshContext(SpringApplication.java:439)
	at org.springframework.boot.SpringApplication.run(SpringApplication.java:318)
	at org.springframework.boot.SpringApplication.run(SpringApplication.java:1361)
	at org.springframework.boot.SpringApplication.run(SpringApplication.java:1350)
	at com.back.puntoventa.app.AppApplication.main(AppApplication.java:13)
	at java.base/jdk.internal.reflect.NativeMethodAccessorImpl.invoke0(Native Method)
	at java.base/jdk.internal.reflect.NativeMethodAccessorImpl.invoke(NativeMethodAccessorImpl.java:77)
	at java.base/jdk.internal.reflect.DelegatingMethodAccessorImpl.invoke(DelegatingMethodAccessorImpl.java:43)
	at java.base/java.lang.reflect.Method.invoke(Method.java:569)
	at org.springframework.boot.devtools.restart.RestartLauncher.run(RestartLauncher.java:50)
Caused by: org.springframework.core.type.classreading.ClassFormatException: ASM ClassReader failed to parse class file - probably due to a new Java class file version that is not supported yet. Consider compiling with a lower '-target' or upgrade your framework version. Affected class: file [C:\Users\LENOVO\Desktop\PuntoVentaOficial\Back-PuntoVenta\target\classes\com\back\puntoventa\app\application\ventas\VentaRestAdapter.class]
	at org.springframework.core.type.classreading.SimpleMetadataReader.getClassReader(SimpleMetadataReader.java:59)
	at org.springframework.core.type.classreading.SimpleMetadataReader.<init>(SimpleMetadataReader.java:48)
	at org.springframework.core.type.classreading.SimpleMetadataReaderFactory.getMetadataReader(SimpleMetadataReaderFactory.java:103)
	at org.springframework.core.type.classreading.CachingMetadataReaderFactory.getMetadataReader(CachingMetadataReaderFactory.java:122)
	at org.springframework.context.annotation.ClassPathScanningCandidateComponentProvider.scanCandidateComponents(ClassPathScanningCandidateComponentProvider.java:470)
	... 25 common frames omitted
Caused by: java.lang.IllegalArgumentException: Unsupported class file major version 69
	at org.springframework.asm.ClassReader.<init>(ClassReader.java:200)
	at org.springframework.asm.ClassReader.<init>(ClassReader.java:180)
	at org.springframework.asm.ClassReader.<init>(ClassReader.java:166)
	at org.springframework.asm.ClassReader.<init>(ClassReader.java:288)
	at org.springframework.core.type.classreading.SimpleMetadataReader.getClassReader(SimpleMetadataReader.java:56)
	... 29 common frames omitted
2026-04-25 23:59:04 [restartedMain] INFO  c.back.puntoventa.app.AppApplication - Starting AppApplication using Java 17.0.18 with PID 7612 (C:\Users\LENOVO\Desktop\PuntoVentaOficial\Back-PuntoVenta\target\classes started by LENOVO in C:\Users\LENOVO\Desktop\PuntoVentaOficial\Back-PuntoVenta)
2026-04-25 23:59:04 [restartedMain] DEBUG c.back.puntoventa.app.AppApplication - Running with Spring Boot v3.4.1, Spring v6.2.1
2026-04-25 23:59:04 [restartedMain] INFO  c.back.puntoventa.app.AppApplication - No active profile set, falling back to 1 default profile: "default"
2026-04-25 23:59:04 [restartedMain] WARN  o.s.b.w.s.c.AnnotationConfigServletWebServerApplicationContext - Exception encountered during context initialization - cancelling refresh attempt: org.springframework.beans.factory.BeanDefinitionStoreException: Incompatible class format in file [C:\Users\LENOVO\Desktop\PuntoVentaOficial\Back-PuntoVenta\target\classes\com\back\puntoventa\app\application\ventas\VentaRestAdapter.class]: set system property 'spring.classformat.ignore' to 'true' if you mean to ignore such files during classpath scanning
2026-04-25 23:59:04 [restartedMain] ERROR o.s.boot.SpringApplication - Application run failed
org.springframework.beans.factory.BeanDefinitionStoreException: Incompatible class format in file [C:\Users\LENOVO\Desktop\PuntoVentaOficial\Back-PuntoVenta\target\classes\com\back\puntoventa\app\application\ventas\VentaRestAdapter.class]: set system property 'spring.classformat.ignore' to 'true' if you mean to ignore such files during classpath scanning
	at org.springframework.context.annotation.ClassPathScanningCandidateComponentProvider.scanCandidateComponents(ClassPathScanningCandidateComponentProvider.java:504)
	at org.springframework.context.annotation.ClassPathScanningCandidateComponentProvider.findCandidateComponents(ClassPathScanningCandidateComponentProvider.java:351)
	at org.springframework.context.annotation.ClassPathBeanDefinitionScanner.doScan(ClassPathBeanDefinitionScanner.java:277)
	at org.springframework.context.annotation.ComponentScanAnnotationParser.parse(ComponentScanAnnotationParser.java:128)
	at org.springframework.context.annotation.ConfigurationClassParser.doProcessConfigurationClass(ConfigurationClassParser.java:332)
	at org.springframework.context.annotation.ConfigurationClassParser.processConfigurationClass(ConfigurationClassParser.java:267)
	at org.springframework.context.annotation.ConfigurationClassParser.parse(ConfigurationClassParser.java:193)
	at org.springframework.context.annotation.ConfigurationClassParser.parse(ConfigurationClassParser.java:171)
	at org.springframework.context.annotation.ConfigurationClassPostProcessor.processConfigBeanDefinitions(ConfigurationClassPostProcessor.java:418)
	at org.springframework.context.annotation.ConfigurationClassPostProcessor.postProcessBeanDefinitionRegistry(ConfigurationClassPostProcessor.java:290)
	at org.springframework.context.support.PostProcessorRegistrationDelegate.invokeBeanDefinitionRegistryPostProcessors(PostProcessorRegistrationDelegate.java:349)
	at org.springframework.context.support.PostProcessorRegistrationDelegate.invokeBeanFactoryPostProcessors(PostProcessorRegistrationDelegate.java:118)
	at org.springframework.context.support.AbstractApplicationContext.invokeBeanFactoryPostProcessors(AbstractApplicationContext.java:791)
	at org.springframework.context.support.AbstractApplicationContext.refresh(AbstractApplicationContext.java:609)
	at org.springframework.boot.web.servlet.context.ServletWebServerApplicationContext.refresh(ServletWebServerApplicationContext.java:146)
	at org.springframework.boot.SpringApplication.refresh(SpringApplication.java:752)
	at org.springframework.boot.SpringApplication.refreshContext(SpringApplication.java:439)
	at org.springframework.boot.SpringApplication.run(SpringApplication.java:318)
	at org.springframework.boot.SpringApplication.run(SpringApplication.java:1361)
	at org.springframework.boot.SpringApplication.run(SpringApplication.java:1350)
	at com.back.puntoventa.app.AppApplication.main(AppApplication.java:13)
	at java.base/jdk.internal.reflect.NativeMethodAccessorImpl.invoke0(Native Method)
	at java.base/jdk.internal.reflect.NativeMethodAccessorImpl.invoke(NativeMethodAccessorImpl.java:77)
	at java.base/jdk.internal.reflect.DelegatingMethodAccessorImpl.invoke(DelegatingMethodAccessorImpl.java:43)
	at java.base/java.lang.reflect.Method.invoke(Method.java:569)
	at org.springframework.boot.devtools.restart.RestartLauncher.run(RestartLauncher.java:50)
Caused by: org.springframework.core.type.classreading.ClassFormatException: ASM ClassReader failed to parse class file - probably due to a new Java class file version that is not supported yet. Consider compiling with a lower '-target' or upgrade your framework version. Affected class: file [C:\Users\LENOVO\Desktop\PuntoVentaOficial\Back-PuntoVenta\target\classes\com\back\puntoventa\app\application\ventas\VentaRestAdapter.class]
	at org.springframework.core.type.classreading.SimpleMetadataReader.getClassReader(SimpleMetadataReader.java:59)
	at org.springframework.core.type.classreading.SimpleMetadataReader.<init>(SimpleMetadataReader.java:48)
	at org.springframework.core.type.classreading.SimpleMetadataReaderFactory.getMetadataReader(SimpleMetadataReaderFactory.java:103)
	at org.springframework.core.type.classreading.CachingMetadataReaderFactory.getMetadataReader(CachingMetadataReaderFactory.java:122)
	at org.springframework.context.annotation.ClassPathScanningCandidateComponentProvider.scanCandidateComponents(ClassPathScanningCandidateComponentProvider.java:470)
	... 25 common frames omitted
Caused by: java.lang.IllegalArgumentException: Unsupported class file major version 69
	at org.springframework.asm.ClassReader.<init>(ClassReader.java:200)
	at org.springframework.asm.ClassReader.<init>(ClassReader.java:180)
	at org.springframework.asm.ClassReader.<init>(ClassReader.java:166)
	at org.springframework.asm.ClassReader.<init>(ClassReader.java:288)
	at org.springframework.core.type.classreading.SimpleMetadataReader.getClassReader(SimpleMetadataReader.java:56)
	... 29 common frames omitted
2026-04-25 23:59:06 [restartedMain] INFO  c.back.puntoventa.app.AppApplication - Starting AppApplication using Java 17.0.18 with PID 7612 (C:\Users\LENOVO\Desktop\PuntoVentaOficial\Back-PuntoVenta\target\classes started by LENOVO in C:\Users\LENOVO\Desktop\PuntoVentaOficial\Back-PuntoVenta)
2026-04-25 23:59:06 [restartedMain] DEBUG c.back.puntoventa.app.AppApplication - Running with Spring Boot v3.4.1, Spring v6.2.1
2026-04-25 23:59:06 [restartedMain] INFO  c.back.puntoventa.app.AppApplication - No active profile set, falling back to 1 default profile: "default"
2026-04-25 23:59:06 [restartedMain] WARN  o.s.b.w.s.c.AnnotationConfigServletWebServerApplicationContext - Exception encountered during context initialization - cancelling refresh attempt: org.springframework.beans.factory.BeanDefinitionStoreException: Incompatible class format in file [C:\Users\LENOVO\Desktop\PuntoVentaOficial\Back-PuntoVenta\target\classes\com\back\puntoventa\app\application\ventas\VentaRestAdapter.class]: set system property 'spring.classformat.ignore' to 'true' if you mean to ignore such files during classpath scanning
2026-04-25 23:59:06 [restartedMain] ERROR o.s.boot.SpringApplication - Application run failed
org.springframework.beans.factory.BeanDefinitionStoreException: Incompatible class format in file [C:\Users\LENOVO\Desktop\PuntoVentaOficial\Back-PuntoVenta\target\classes\com\back\puntoventa\app\application\ventas\VentaRestAdapter.class]: set system property 'spring.classformat.ignore' to 'true' if you mean to ignore such files during classpath scanning
	at org.springframework.context.annotation.ClassPathScanningCandidateComponentProvider.scanCandidateComponents(ClassPathScanningCandidateComponentProvider.java:504)
	at org.springframework.context.annotation.ClassPathScanningCandidateComponentProvider.findCandidateComponents(ClassPathScanningCandidateComponentProvider.java:351)
	at org.springframework.context.annotation.ClassPathBeanDefinitionScanner.doScan(ClassPathBeanDefinitionScanner.java:277)
	at org.springframework.context.annotation.ComponentScanAnnotationParser.parse(ComponentScanAnnotationParser.java:128)
	at org.springframework.context.annotation.ConfigurationClassParser.doProcessConfigurationClass(ConfigurationClassParser.java:332)
	at org.springframework.context.annotation.ConfigurationClassParser.processConfigurationClass(ConfigurationClassParser.java:267)
	at org.springframework.context.annotation.ConfigurationClassParser.parse(ConfigurationClassParser.java:193)
	at org.springframework.context.annotation.ConfigurationClassParser.parse(ConfigurationClassParser.java:171)
	at org.springframework.context.annotation.ConfigurationClassPostProcessor.processConfigBeanDefinitions(ConfigurationClassPostProcessor.java:418)
	at org.springframework.context.annotation.ConfigurationClassPostProcessor.postProcessBeanDefinitionRegistry(ConfigurationClassPostProcessor.java:290)
	at org.springframework.context.support.PostProcessorRegistrationDelegate.invokeBeanDefinitionRegistryPostProcessors(PostProcessorRegistrationDelegate.java:349)
	at org.springframework.context.support.PostProcessorRegistrationDelegate.invokeBeanFactoryPostProcessors(PostProcessorRegistrationDelegate.java:118)
	at org.springframework.context.support.AbstractApplicationContext.invokeBeanFactoryPostProcessors(AbstractApplicationContext.java:791)
	at org.springframework.context.support.AbstractApplicationContext.refresh(AbstractApplicationContext.java:609)
	at org.springframework.boot.web.servlet.context.ServletWebServerApplicationContext.refresh(ServletWebServerApplicationContext.java:146)
	at org.springframework.boot.SpringApplication.refresh(SpringApplication.java:752)
	at org.springframework.boot.SpringApplication.refreshContext(SpringApplication.java:439)
	at org.springframework.boot.SpringApplication.run(SpringApplication.java:318)
	at org.springframework.boot.SpringApplication.run(SpringApplication.java:1361)
	at org.springframework.boot.SpringApplication.run(SpringApplication.java:1350)
	at com.back.puntoventa.app.AppApplication.main(AppApplication.java:13)
	at java.base/jdk.internal.reflect.NativeMethodAccessorImpl.invoke0(Native Method)
	at java.base/jdk.internal.reflect.NativeMethodAccessorImpl.invoke(NativeMethodAccessorImpl.java:77)
	at java.base/jdk.internal.reflect.DelegatingMethodAccessorImpl.invoke(DelegatingMethodAccessorImpl.java:43)
	at java.base/java.lang.reflect.Method.invoke(Method.java:569)
	at org.springframework.boot.devtools.restart.RestartLauncher.run(RestartLauncher.java:50)
Caused by: org.springframework.core.type.classreading.ClassFormatException: ASM ClassReader failed to parse class file - probably due to a new Java class file version that is not supported yet. Consider compiling with a lower '-target' or upgrade your framework version. Affected class: file [C:\Users\LENOVO\Desktop\PuntoVentaOficial\Back-PuntoVenta\target\classes\com\back\puntoventa\app\application\ventas\VentaRestAdapter.class]
	at org.springframework.core.type.classreading.SimpleMetadataReader.getClassReader(SimpleMetadataReader.java:59)
	at org.springframework.core.type.classreading.SimpleMetadataReader.<init>(SimpleMetadataReader.java:48)
	at org.springframework.core.type.classreading.SimpleMetadataReaderFactory.getMetadataReader(SimpleMetadataReaderFactory.java:103)
	at org.springframework.core.type.classreading.CachingMetadataReaderFactory.getMetadataReader(CachingMetadataReaderFactory.java:122)
	at org.springframework.context.annotation.ClassPathScanningCandidateComponentProvider.scanCandidateComponents(ClassPathScanningCandidateComponentProvider.java:470)
	... 25 common frames omitted
Caused by: java.lang.IllegalArgumentException: Unsupported class file major version 69
	at org.springframework.asm.ClassReader.<init>(ClassReader.java:200)
	at org.springframework.asm.ClassReader.<init>(ClassReader.java:180)
	at org.springframework.asm.ClassReader.<init>(ClassReader.java:166)
	at org.springframework.asm.ClassReader.<init>(ClassReader.java:288)
	at org.springframework.core.type.classreading.SimpleMetadataReader.getClassReader(SimpleMetadataReader.java:56)
	... 29 common frames omitted
2026-04-25 23:59:09 [restartedMain] INFO  c.back.puntoventa.app.AppApplication - Starting AppApplication using Java 17.0.18 with PID 7612 (C:\Users\LENOVO\Desktop\PuntoVentaOficial\Back-PuntoVenta\target\classes started by LENOVO in C:\Users\LENOVO\Desktop\PuntoVentaOficial\Back-PuntoVenta)
2026-04-25 23:59:09 [restartedMain] DEBUG c.back.puntoventa.app.AppApplication - Running with Spring Boot v3.4.1, Spring v6.2.1
2026-04-25 23:59:09 [restartedMain] INFO  c.back.puntoventa.app.AppApplication - No active profile set, falling back to 1 default profile: "default"
2026-04-25 23:59:09 [restartedMain] WARN  o.s.b.w.s.c.AnnotationConfigServletWebServerApplicationContext - Exception encountered during context initialization - cancelling refresh attempt: org.springframework.beans.factory.BeanDefinitionStoreException: Incompatible class format in file [C:\Users\LENOVO\Desktop\PuntoVentaOficial\Back-PuntoVenta\target\classes\com\back\puntoventa\app\application\ventas\VentaRestAdapter.class]: set system property 'spring.classformat.ignore' to 'true' if you mean to ignore such files during classpath scanning
2026-04-25 23:59:09 [restartedMain] ERROR o.s.boot.SpringApplication - Application run failed
org.springframework.beans.factory.BeanDefinitionStoreException: Incompatible class format in file [C:\Users\LENOVO\Desktop\PuntoVentaOficial\Back-PuntoVenta\target\classes\com\back\puntoventa\app\application\ventas\VentaRestAdapter.class]: set system property 'spring.classformat.ignore' to 'true' if you mean to ignore such files during classpath scanning
	at org.springframework.context.annotation.ClassPathScanningCandidateComponentProvider.scanCandidateComponents(ClassPathScanningCandidateComponentProvider.java:504)
	at org.springframework.context.annotation.ClassPathScanningCandidateComponentProvider.findCandidateComponents(ClassPathScanningCandidateComponentProvider.java:351)
	at org.springframework.context.annotation.ClassPathBeanDefinitionScanner.doScan(ClassPathBeanDefinitionScanner.java:277)
	at org.springframework.context.annotation.ComponentScanAnnotationParser.parse(ComponentScanAnnotationParser.java:128)
	at org.springframework.context.annotation.ConfigurationClassParser.doProcessConfigurationClass(ConfigurationClassParser.java:332)
	at org.springframework.context.annotation.ConfigurationClassParser.processConfigurationClass(ConfigurationClassParser.java:267)
	at org.springframework.context.annotation.ConfigurationClassParser.parse(ConfigurationClassParser.java:193)
	at org.springframework.context.annotation.ConfigurationClassParser.parse(ConfigurationClassParser.java:171)
	at org.springframework.context.annotation.ConfigurationClassPostProcessor.processConfigBeanDefinitions(ConfigurationClassPostProcessor.java:418)
	at org.springframework.context.annotation.ConfigurationClassPostProcessor.postProcessBeanDefinitionRegistry(ConfigurationClassPostProcessor.java:290)
	at org.springframework.context.support.PostProcessorRegistrationDelegate.invokeBeanDefinitionRegistryPostProcessors(PostProcessorRegistrationDelegate.java:349)
	at org.springframework.context.support.PostProcessorRegistrationDelegate.invokeBeanFactoryPostProcessors(PostProcessorRegistrationDelegate.java:118)
	at org.springframework.context.support.AbstractApplicationContext.invokeBeanFactoryPostProcessors(AbstractApplicationContext.java:791)
	at org.springframework.context.support.AbstractApplicationContext.refresh(AbstractApplicationContext.java:609)
	at org.springframework.boot.web.servlet.context.ServletWebServerApplicationContext.refresh(ServletWebServerApplicationContext.java:146)
	at org.springframework.boot.SpringApplication.refresh(SpringApplication.java:752)
	at org.springframework.boot.SpringApplication.refreshContext(SpringApplication.java:439)
	at org.springframework.boot.SpringApplication.run(SpringApplication.java:318)
	at org.springframework.boot.SpringApplication.run(SpringApplication.java:1361)
	at org.springframework.boot.SpringApplication.run(SpringApplication.java:1350)
	at com.back.puntoventa.app.AppApplication.main(AppApplication.java:13)
	at java.base/jdk.internal.reflect.NativeMethodAccessorImpl.invoke0(Native Method)
	at java.base/jdk.internal.reflect.NativeMethodAccessorImpl.invoke(NativeMethodAccessorImpl.java:77)
	at java.base/jdk.internal.reflect.DelegatingMethodAccessorImpl.invoke(DelegatingMethodAccessorImpl.java:43)
	at java.base/java.lang.reflect.Method.invoke(Method.java:569)
	at org.springframework.boot.devtools.restart.RestartLauncher.run(RestartLauncher.java:50)
Caused by: org.springframework.core.type.classreading.ClassFormatException: ASM ClassReader failed to parse class file - probably due to a new Java class file version that is not supported yet. Consider compiling with a lower '-target' or upgrade your framework version. Affected class: file [C:\Users\LENOVO\Desktop\PuntoVentaOficial\Back-PuntoVenta\target\classes\com\back\puntoventa\app\application\ventas\VentaRestAdapter.class]
	at org.springframework.core.type.classreading.SimpleMetadataReader.getClassReader(SimpleMetadataReader.java:59)
	at org.springframework.core.type.classreading.SimpleMetadataReader.<init>(SimpleMetadataReader.java:48)
	at org.springframework.core.type.classreading.SimpleMetadataReaderFactory.getMetadataReader(SimpleMetadataReaderFactory.java:103)
	at org.springframework.core.type.classreading.CachingMetadataReaderFactory.getMetadataReader(CachingMetadataReaderFactory.java:122)
	at org.springframework.context.annotation.ClassPathScanningCandidateComponentProvider.scanCandidateComponents(ClassPathScanningCandidateComponentProvider.java:470)
	... 25 common frames omitted
Caused by: java.lang.IllegalArgumentException: Unsupported class file major version 69
	at org.springframework.asm.ClassReader.<init>(ClassReader.java:200)
	at org.springframework.asm.ClassReader.<init>(ClassReader.java:180)
	at org.springframework.asm.ClassReader.<init>(ClassReader.java:166)
	at org.springframework.asm.ClassReader.<init>(ClassReader.java:288)
	at org.springframework.core.type.classreading.SimpleMetadataReader.getClassReader(SimpleMetadataReader.java:56)
	... 29 common frames omitted
