2026-04-16 00:20:09 [background-preinit] INFO  o.h.validator.internal.util.Version - HV000001: Hibernate Validator 8.0.2.Final
2026-04-16 00:20:09 [restartedMain] INFO  c.back.puntoventa.app.AppApplication - Starting AppApplication using Java 26 with PID 21652 (C:\Users\LENOVO\Desktop\PuntoVentaOficial\Back-PuntoVenta\target\classes started by LENOVO in C:\Users\LENOVO\Desktop\PuntoVentaOficial\Back-PuntoVenta)
2026-04-16 00:20:09 [restartedMain] DEBUG c.back.puntoventa.app.AppApplication - Running with Spring Boot v3.4.1, Spring v6.2.1
2026-04-16 00:20:09 [restartedMain] INFO  c.back.puntoventa.app.AppApplication - No active profile set, falling back to 1 default profile: "default"
2026-04-16 00:20:10 [restartedMain] INFO  o.s.b.d.e.DevToolsPropertyDefaultsPostProcessor - Devtools property defaults active! Set 'spring.devtools.add-properties' to 'false' to disable
2026-04-16 00:20:10 [restartedMain] INFO  o.s.b.d.e.DevToolsPropertyDefaultsPostProcessor - For additional web related logging consider setting the 'logging.level.web' property to 'DEBUG'
2026-04-16 00:20:11 [restartedMain] INFO  o.s.b.w.e.tomcat.TomcatWebServer - Tomcat initialized with port 8080 (http)
2026-04-16 00:20:11 [restartedMain] INFO  o.a.coyote.http11.Http11NioProtocol - Initializing ProtocolHandler ["http-nio-8080"]
2026-04-16 00:20:11 [restartedMain] INFO  o.a.catalina.core.StandardService - Starting service [Tomcat]
2026-04-16 00:20:11 [restartedMain] INFO  o.a.catalina.core.StandardEngine - Starting Servlet engine: [Apache Tomcat/10.1.34]
2026-04-16 00:20:11 [restartedMain] INFO  o.a.c.c.C.[Tomcat].[localhost].[/] - Initializing Spring embedded WebApplicationContext
2026-04-16 00:20:11 [restartedMain] INFO  o.s.b.w.s.c.ServletWebServerApplicationContext - Root WebApplicationContext: initialization completed in 1024 ms
2026-04-16 00:20:11 [restartedMain] INFO  o.s.b.d.a.OptionalLiveReloadServer - LiveReload server is running on port 35729
2026-04-16 00:20:11 [restartedMain] INFO  o.a.coyote.http11.Http11NioProtocol - Starting ProtocolHandler ["http-nio-8080"]
2026-04-16 00:20:11 [restartedMain] INFO  o.s.b.w.e.tomcat.TomcatWebServer - Tomcat started on port 8080 (http) with context path '/'
2026-04-16 00:20:11 [restartedMain] INFO  c.back.puntoventa.app.AppApplication - Started AppApplication in 2.103 seconds (process running for 2.489)
2026-04-16 00:25:29 [File Watcher] INFO  o.s.b.d.a.LocalDevToolsAutoConfiguration$RestartingClassPathChangeChangedEventListener - Restarting due to 1 class path change (0 additions, 0 deletions, 1 modification)
2026-04-16 00:25:29 [Thread-5] INFO  o.s.b.w.e.tomcat.GracefulShutdown - Commencing graceful shutdown. Waiting for active requests to complete
2026-04-16 00:25:29 [tomcat-shutdown] INFO  o.a.coyote.http11.Http11NioProtocol - Pausing ProtocolHandler ["http-nio-8080"]
2026-04-16 00:25:29 [tomcat-shutdown] INFO  o.s.b.w.e.tomcat.GracefulShutdown - Graceful shutdown complete
2026-04-16 00:25:29 [Thread-5] INFO  o.a.coyote.http11.Http11NioProtocol - Stopping ProtocolHandler ["http-nio-8080"]
2026-04-16 00:25:30 [restartedMain] INFO  c.back.puntoventa.app.AppApplication - Starting AppApplication using Java 26 with PID 21652 (C:\Users\LENOVO\Desktop\PuntoVentaOficial\Back-PuntoVenta\target\classes started by LENOVO in C:\Users\LENOVO\Desktop\PuntoVentaOficial\Back-PuntoVenta)
2026-04-16 00:25:30 [restartedMain] DEBUG c.back.puntoventa.app.AppApplication - Running with Spring Boot v3.4.1, Spring v6.2.1
2026-04-16 00:25:30 [restartedMain] INFO  c.back.puntoventa.app.AppApplication - No active profile set, falling back to 1 default profile: "default"
2026-04-16 00:25:30 [restartedMain] INFO  o.s.b.w.e.tomcat.TomcatWebServer - Tomcat initialized with port 8080 (http)
2026-04-16 00:25:30 [restartedMain] INFO  o.a.coyote.http11.Http11NioProtocol - Initializing ProtocolHandler ["http-nio-8080"]
2026-04-16 00:25:30 [restartedMain] INFO  o.a.catalina.core.StandardService - Starting service [Tomcat]
2026-04-16 00:25:30 [restartedMain] INFO  o.a.catalina.core.StandardEngine - Starting Servlet engine: [Apache Tomcat/10.1.34]
2026-04-16 00:25:30 [restartedMain] INFO  o.a.c.c.C.[Tomcat].[localhost].[/] - Initializing Spring embedded WebApplicationContext
2026-04-16 00:25:30 [restartedMain] INFO  o.s.b.w.s.c.ServletWebServerApplicationContext - Root WebApplicationContext: initialization completed in 289 ms
2026-04-16 00:25:30 [restartedMain] INFO  o.s.b.d.a.OptionalLiveReloadServer - LiveReload server is running on port 35729
2026-04-16 00:25:30 [restartedMain] INFO  o.a.coyote.http11.Http11NioProtocol - Starting ProtocolHandler ["http-nio-8080"]
2026-04-16 00:25:30 [restartedMain] INFO  o.s.b.w.e.tomcat.TomcatWebServer - Tomcat started on port 8080 (http) with context path '/'
2026-04-16 00:25:30 [restartedMain] INFO  c.back.puntoventa.app.AppApplication - Started AppApplication in 0.476 seconds (process running for 321.356)
2026-04-16 00:25:30 [restartedMain] INFO  o.s.b.d.a.ConditionEvaluationDeltaLoggingListener - Condition evaluation unchanged
2026-04-16 00:25:34 [File Watcher] INFO  o.s.b.d.a.LocalDevToolsAutoConfiguration$RestartingClassPathChangeChangedEventListener - Restarting due to 1 class path change (0 additions, 0 deletions, 1 modification)
2026-04-16 00:25:34 [Thread-7] INFO  o.s.b.w.e.tomcat.GracefulShutdown - Commencing graceful shutdown. Waiting for active requests to complete
2026-04-16 00:25:34 [tomcat-shutdown] INFO  o.a.coyote.http11.Http11NioProtocol - Pausing ProtocolHandler ["http-nio-8080"]
2026-04-16 00:25:34 [tomcat-shutdown] INFO  o.s.b.w.e.tomcat.GracefulShutdown - Graceful shutdown complete
2026-04-16 00:25:34 [Thread-7] INFO  o.a.coyote.http11.Http11NioProtocol - Stopping ProtocolHandler ["http-nio-8080"]
2026-04-16 00:25:35 [restartedMain] INFO  c.back.puntoventa.app.AppApplication - Starting AppApplication using Java 26 with PID 21652 (C:\Users\LENOVO\Desktop\PuntoVentaOficial\Back-PuntoVenta\target\classes started by LENOVO in C:\Users\LENOVO\Desktop\PuntoVentaOficial\Back-PuntoVenta)
2026-04-16 00:25:35 [restartedMain] DEBUG c.back.puntoventa.app.AppApplication - Running with Spring Boot v3.4.1, Spring v6.2.1
2026-04-16 00:25:35 [restartedMain] INFO  c.back.puntoventa.app.AppApplication - No active profile set, falling back to 1 default profile: "default"
2026-04-16 00:25:35 [restartedMain] INFO  o.s.b.w.e.tomcat.TomcatWebServer - Tomcat initialized with port 3000 (http)
2026-04-16 00:25:35 [restartedMain] INFO  o.a.coyote.http11.Http11NioProtocol - Initializing ProtocolHandler ["http-nio-3000"]
2026-04-16 00:25:35 [restartedMain] INFO  o.a.catalina.core.StandardService - Starting service [Tomcat]
2026-04-16 00:25:35 [restartedMain] INFO  o.a.catalina.core.StandardEngine - Starting Servlet engine: [Apache Tomcat/10.1.34]
2026-04-16 00:25:35 [restartedMain] INFO  o.a.c.c.C.[Tomcat].[localhost].[/] - Initializing Spring embedded WebApplicationContext
2026-04-16 00:25:35 [restartedMain] INFO  o.s.b.w.s.c.ServletWebServerApplicationContext - Root WebApplicationContext: initialization completed in 228 ms
2026-04-16 00:25:35 [restartedMain] INFO  o.s.b.d.a.OptionalLiveReloadServer - LiveReload server is running on port 35729
2026-04-16 00:25:35 [restartedMain] INFO  o.a.coyote.http11.Http11NioProtocol - Starting ProtocolHandler ["http-nio-3000"]
2026-04-16 00:25:35 [restartedMain] INFO  o.s.b.w.e.tomcat.TomcatWebServer - Tomcat started on port 3000 (http) with context path '/'
2026-04-16 00:25:35 [restartedMain] INFO  c.back.puntoventa.app.AppApplication - Started AppApplication in 0.38 seconds (process running for 326.267)
2026-04-16 00:25:35 [restartedMain] INFO  o.s.b.d.a.ConditionEvaluationDeltaLoggingListener - Condition evaluation unchanged
2026-04-16 00:25:43 [SpringApplicationShutdownHook] INFO  o.s.b.w.e.tomcat.GracefulShutdown - Commencing graceful shutdown. Waiting for active requests to complete
2026-04-16 00:25:43 [tomcat-shutdown] INFO  o.s.b.w.e.tomcat.GracefulShutdown - Graceful shutdown complete
2026-04-16 00:25:50 [background-preinit] INFO  o.h.validator.internal.util.Version - HV000001: Hibernate Validator 8.0.2.Final
2026-04-16 00:25:51 [restartedMain] INFO  c.back.puntoventa.app.AppApplication - Starting AppApplication using Java 26 with PID 11640 (C:\Users\LENOVO\Desktop\PuntoVentaOficial\Back-PuntoVenta\target\classes started by LENOVO in C:\Users\LENOVO\Desktop\PuntoVentaOficial\Back-PuntoVenta)
2026-04-16 00:25:51 [restartedMain] DEBUG c.back.puntoventa.app.AppApplication - Running with Spring Boot v3.4.1, Spring v6.2.1
2026-04-16 00:25:51 [restartedMain] INFO  c.back.puntoventa.app.AppApplication - No active profile set, falling back to 1 default profile: "default"
2026-04-16 00:25:51 [restartedMain] INFO  o.s.b.d.e.DevToolsPropertyDefaultsPostProcessor - Devtools property defaults active! Set 'spring.devtools.add-properties' to 'false' to disable
2026-04-16 00:25:51 [restartedMain] INFO  o.s.b.d.e.DevToolsPropertyDefaultsPostProcessor - For additional web related logging consider setting the 'logging.level.web' property to 'DEBUG'
2026-04-16 00:25:51 [restartedMain] INFO  o.s.b.w.e.tomcat.TomcatWebServer - Tomcat initialized with port 3000 (http)
2026-04-16 00:25:51 [restartedMain] INFO  o.a.coyote.http11.Http11NioProtocol - Initializing ProtocolHandler ["http-nio-3000"]
2026-04-16 00:25:51 [restartedMain] INFO  o.a.catalina.core.StandardService - Starting service [Tomcat]
2026-04-16 00:25:51 [restartedMain] INFO  o.a.catalina.core.StandardEngine - Starting Servlet engine: [Apache Tomcat/10.1.34]
2026-04-16 00:25:51 [restartedMain] INFO  o.a.c.c.C.[Tomcat].[localhost].[/] - Initializing Spring embedded WebApplicationContext
2026-04-16 00:25:51 [restartedMain] INFO  o.s.b.w.s.c.ServletWebServerApplicationContext - Root WebApplicationContext: initialization completed in 881 ms
2026-04-16 00:25:52 [restartedMain] INFO  o.s.b.d.a.OptionalLiveReloadServer - LiveReload server is running on port 35729
2026-04-16 00:25:52 [restartedMain] INFO  o.a.coyote.http11.Http11NioProtocol - Starting ProtocolHandler ["http-nio-3000"]
2026-04-16 00:25:52 [restartedMain] INFO  o.s.b.w.e.tomcat.TomcatWebServer - Tomcat started on port 3000 (http) with context path '/'
2026-04-16 00:25:52 [restartedMain] INFO  c.back.puntoventa.app.AppApplication - Started AppApplication in 1.765 seconds (process running for 2.041)
2026-04-16 00:26:12 [http-nio-3000-exec-1] INFO  o.a.c.c.C.[Tomcat].[localhost].[/] - Initializing Spring DispatcherServlet 'dispatcherServlet'
2026-04-16 00:26:12 [http-nio-3000-exec-1] INFO  o.s.web.servlet.DispatcherServlet - Initializing Servlet 'dispatcherServlet'
2026-04-16 00:26:12 [http-nio-3000-exec-1] INFO  o.s.web.servlet.DispatcherServlet - Completed initialization in 1 ms
2026-04-16 00:26:13 [http-nio-3000-exec-3] INFO  c.b.p.a.a.a.c.AuthRestAdapter - POST /auth/signin - Intento de autenticación para email: mateovargas220705@gmail.com
2026-04-16 00:26:13 [http-nio-3000-exec-3] DEBUG c.b.p.a.d.a.s.AutorizacionAuthService - Autenticando usuario con email: mateovargas220705@gmail.com
2026-04-16 00:26:14 [http-nio-3000-exec-3] WARN  o.s.w.s.m.m.a.ExceptionHandlerExceptionResolver - Resolved [com.back.puntoventa.app.common.ApiException: {"message":"Invalid API key","hint":"Double check your Supabase `anon` or `service_role` API key."}]
2026-04-16 00:26:38 [File Watcher] INFO  o.s.b.d.a.LocalDevToolsAutoConfiguration$RestartingClassPathChangeChangedEventListener - Restarting due to 1 class path change (0 additions, 0 deletions, 1 modification)
2026-04-16 00:26:38 [Thread-5] INFO  o.s.b.w.e.tomcat.GracefulShutdown - Commencing graceful shutdown. Waiting for active requests to complete
2026-04-16 00:26:38 [tomcat-shutdown] INFO  o.a.coyote.http11.Http11NioProtocol - Pausing ProtocolHandler ["http-nio-3000"]
2026-04-16 00:26:38 [tomcat-shutdown] INFO  o.s.b.w.e.tomcat.GracefulShutdown - Graceful shutdown complete
2026-04-16 00:26:38 [Thread-5] INFO  o.a.coyote.http11.Http11NioProtocol - Stopping ProtocolHandler ["http-nio-3000"]
2026-04-16 00:26:38 [restartedMain] INFO  c.back.puntoventa.app.AppApplication - Starting AppApplication using Java 26 with PID 11640 (C:\Users\LENOVO\Desktop\PuntoVentaOficial\Back-PuntoVenta\target\classes started by LENOVO in C:\Users\LENOVO\Desktop\PuntoVentaOficial\Back-PuntoVenta)
2026-04-16 00:26:38 [restartedMain] DEBUG c.back.puntoventa.app.AppApplication - Running with Spring Boot v3.4.1, Spring v6.2.1
2026-04-16 00:26:38 [restartedMain] INFO  c.back.puntoventa.app.AppApplication - No active profile set, falling back to 1 default profile: "default"
2026-04-16 00:26:39 [restartedMain] INFO  o.s.b.w.e.tomcat.TomcatWebServer - Tomcat initialized with port 8 (http)
2026-04-16 00:26:39 [restartedMain] INFO  o.a.coyote.http11.Http11NioProtocol - Initializing ProtocolHandler ["http-nio-8"]
2026-04-16 00:26:39 [restartedMain] INFO  o.a.catalina.core.StandardService - Starting service [Tomcat]
2026-04-16 00:26:39 [restartedMain] INFO  o.a.catalina.core.StandardEngine - Starting Servlet engine: [Apache Tomcat/10.1.34]
2026-04-16 00:26:39 [restartedMain] INFO  o.a.c.c.C.[Tomcat].[localhost].[/] - Initializing Spring embedded WebApplicationContext
2026-04-16 00:26:39 [restartedMain] INFO  o.s.b.w.s.c.ServletWebServerApplicationContext - Root WebApplicationContext: initialization completed in 253 ms
2026-04-16 00:26:39 [restartedMain] INFO  o.s.b.d.a.OptionalLiveReloadServer - LiveReload server is running on port 35729
2026-04-16 00:26:39 [restartedMain] INFO  o.a.coyote.http11.Http11NioProtocol - Starting ProtocolHandler ["http-nio-8"]
2026-04-16 00:26:39 [restartedMain] INFO  o.s.b.w.e.tomcat.TomcatWebServer - Tomcat started on port 8 (http) with context path '/'
2026-04-16 00:26:39 [restartedMain] INFO  c.back.puntoventa.app.AppApplication - Started AppApplication in 0.401 seconds (process running for 48.89)
2026-04-16 00:26:39 [restartedMain] INFO  o.s.b.d.a.ConditionEvaluationDeltaLoggingListener - Condition evaluation unchanged
2026-04-16 00:26:40 [File Watcher] INFO  o.s.b.d.a.LocalDevToolsAutoConfiguration$RestartingClassPathChangeChangedEventListener - Restarting due to 1 class path change (0 additions, 0 deletions, 1 modification)
2026-04-16 00:26:40 [Thread-7] INFO  o.s.b.w.e.tomcat.GracefulShutdown - Commencing graceful shutdown. Waiting for active requests to complete
2026-04-16 00:26:40 [tomcat-shutdown] INFO  o.a.coyote.http11.Http11NioProtocol - Pausing ProtocolHandler ["http-nio-8"]
2026-04-16 00:26:40 [tomcat-shutdown] INFO  o.s.b.w.e.tomcat.GracefulShutdown - Graceful shutdown complete
2026-04-16 00:26:40 [Thread-7] INFO  o.a.coyote.http11.Http11NioProtocol - Stopping ProtocolHandler ["http-nio-8"]
2026-04-16 00:26:40 [restartedMain] INFO  c.back.puntoventa.app.AppApplication - Starting AppApplication using Java 26 with PID 11640 (C:\Users\LENOVO\Desktop\PuntoVentaOficial\Back-PuntoVenta\target\classes started by LENOVO in C:\Users\LENOVO\Desktop\PuntoVentaOficial\Back-PuntoVenta)
2026-04-16 00:26:40 [restartedMain] DEBUG c.back.puntoventa.app.AppApplication - Running with Spring Boot v3.4.1, Spring v6.2.1
2026-04-16 00:26:40 [restartedMain] INFO  c.back.puntoventa.app.AppApplication - No active profile set, falling back to 1 default profile: "default"
2026-04-16 00:26:40 [restartedMain] INFO  o.s.b.w.e.tomcat.TomcatWebServer - Tomcat initialized with port 8080 (http)
2026-04-16 00:26:40 [restartedMain] INFO  o.a.coyote.http11.Http11NioProtocol - Initializing ProtocolHandler ["http-nio-8080"]
2026-04-16 00:26:40 [restartedMain] INFO  o.a.catalina.core.StandardService - Starting service [Tomcat]
2026-04-16 00:26:40 [restartedMain] INFO  o.a.catalina.core.StandardEngine - Starting Servlet engine: [Apache Tomcat/10.1.34]
2026-04-16 00:26:40 [restartedMain] INFO  o.a.c.c.C.[Tomcat].[localhost].[/] - Initializing Spring embedded WebApplicationContext
2026-04-16 00:26:40 [restartedMain] INFO  o.s.b.w.s.c.ServletWebServerApplicationContext - Root WebApplicationContext: initialization completed in 238 ms
2026-04-16 00:26:41 [restartedMain] INFO  o.s.b.d.a.OptionalLiveReloadServer - LiveReload server is running on port 35729
2026-04-16 00:26:41 [restartedMain] INFO  o.a.coyote.http11.Http11NioProtocol - Starting ProtocolHandler ["http-nio-8080"]
2026-04-16 00:26:41 [restartedMain] INFO  o.s.b.w.e.tomcat.TomcatWebServer - Tomcat started on port 8080 (http) with context path '/'
2026-04-16 00:26:41 [restartedMain] INFO  c.back.puntoventa.app.AppApplication - Started AppApplication in 0.378 seconds (process running for 50.741)
2026-04-16 00:26:41 [restartedMain] INFO  o.s.b.d.a.ConditionEvaluationDeltaLoggingListener - Condition evaluation unchanged
2026-04-16 00:27:09 [SpringApplicationShutdownHook] INFO  o.s.b.w.e.tomcat.GracefulShutdown - Commencing graceful shutdown. Waiting for active requests to complete
2026-04-16 00:27:09 [tomcat-shutdown] INFO  o.s.b.w.e.tomcat.GracefulShutdown - Graceful shutdown complete
2026-04-16 00:27:17 [background-preinit] INFO  o.h.validator.internal.util.Version - HV000001: Hibernate Validator 8.0.2.Final
2026-04-16 00:27:17 [restartedMain] INFO  c.back.puntoventa.app.AppApplication - Starting AppApplication using Java 26 with PID 18584 (C:\Users\LENOVO\Desktop\PuntoVentaOficial\Back-PuntoVenta\target\classes started by LENOVO in C:\Users\LENOVO\Desktop\PuntoVentaOficial\Back-PuntoVenta)
2026-04-16 00:27:17 [restartedMain] DEBUG c.back.puntoventa.app.AppApplication - Running with Spring Boot v3.4.1, Spring v6.2.1
2026-04-16 00:27:17 [restartedMain] INFO  c.back.puntoventa.app.AppApplication - No active profile set, falling back to 1 default profile: "default"
2026-04-16 00:27:17 [restartedMain] INFO  o.s.b.d.e.DevToolsPropertyDefaultsPostProcessor - Devtools property defaults active! Set 'spring.devtools.add-properties' to 'false' to disable
2026-04-16 00:27:17 [restartedMain] INFO  o.s.b.d.e.DevToolsPropertyDefaultsPostProcessor - For additional web related logging consider setting the 'logging.level.web' property to 'DEBUG'
2026-04-16 00:27:18 [restartedMain] INFO  o.s.b.w.e.tomcat.TomcatWebServer - Tomcat initialized with port 8080 (http)
2026-04-16 00:27:18 [restartedMain] INFO  o.a.coyote.http11.Http11NioProtocol - Initializing ProtocolHandler ["http-nio-8080"]
2026-04-16 00:27:18 [restartedMain] INFO  o.a.catalina.core.StandardService - Starting service [Tomcat]
2026-04-16 00:27:18 [restartedMain] INFO  o.a.catalina.core.StandardEngine - Starting Servlet engine: [Apache Tomcat/10.1.34]
2026-04-16 00:27:18 [restartedMain] INFO  o.a.c.c.C.[Tomcat].[localhost].[/] - Initializing Spring embedded WebApplicationContext
2026-04-16 00:27:18 [restartedMain] INFO  o.s.b.w.s.c.ServletWebServerApplicationContext - Root WebApplicationContext: initialization completed in 882 ms
2026-04-16 00:27:19 [restartedMain] INFO  o.s.b.d.a.OptionalLiveReloadServer - LiveReload server is running on port 35729
2026-04-16 00:27:19 [restartedMain] INFO  o.a.coyote.http11.Http11NioProtocol - Starting ProtocolHandler ["http-nio-8080"]
2026-04-16 00:27:19 [restartedMain] INFO  o.s.b.w.e.tomcat.TomcatWebServer - Tomcat started on port 8080 (http) with context path '/'
2026-04-16 00:27:19 [restartedMain] INFO  c.back.puntoventa.app.AppApplication - Started AppApplication in 1.803 seconds (process running for 2.068)
2026-04-16 00:27:36 [http-nio-8080-exec-1] INFO  o.a.c.c.C.[Tomcat].[localhost].[/] - Initializing Spring DispatcherServlet 'dispatcherServlet'
2026-04-16 00:27:36 [http-nio-8080-exec-1] INFO  o.s.web.servlet.DispatcherServlet - Initializing Servlet 'dispatcherServlet'
2026-04-16 00:27:36 [http-nio-8080-exec-1] INFO  o.s.web.servlet.DispatcherServlet - Completed initialization in 1 ms
2026-04-16 00:27:36 [http-nio-8080-exec-2] INFO  c.b.p.a.a.a.c.AuthRestAdapter - POST /auth/signin - Intento de autenticación para email: mateovargas220705@gmail.com
2026-04-16 00:27:36 [http-nio-8080-exec-2] DEBUG c.b.p.a.d.a.s.AutorizacionAuthService - Autenticando usuario con email: mateovargas220705@gmail.com
2026-04-16 00:27:36 [http-nio-8080-exec-2] WARN  o.s.w.s.m.m.a.ExceptionHandlerExceptionResolver - Resolved [com.back.puntoventa.app.common.ApiException: {"message":"Invalid API key","hint":"Double check your Supabase `anon` or `service_role` API key."}]
2026-04-16 00:28:55 [http-nio-8080-exec-4] INFO  c.b.p.a.a.a.c.AuthRestAdapter - POST /auth/signin - Intento de autenticación para email: mateovargas220705@gmail.com
2026-04-16 00:28:55 [http-nio-8080-exec-4] DEBUG c.b.p.a.d.a.s.AutorizacionAuthService - Autenticando usuario con email: mateovargas220705@gmail.com
2026-04-16 00:28:55 [http-nio-8080-exec-4] WARN  o.s.w.s.m.m.a.ExceptionHandlerExceptionResolver - Resolved [com.back.puntoventa.app.common.ApiException: {"message":"Invalid API key","hint":"Double check your Supabase `anon` or `service_role` API key."}]
2026-04-16 00:41:24 [SpringApplicationShutdownHook] INFO  o.s.b.w.e.tomcat.GracefulShutdown - Commencing graceful shutdown. Waiting for active requests to complete
2026-04-16 00:41:24 [tomcat-shutdown] INFO  o.s.b.w.e.tomcat.GracefulShutdown - Graceful shutdown complete
2026-04-16 00:41:31 [background-preinit] INFO  o.h.validator.internal.util.Version - HV000001: Hibernate Validator 8.0.2.Final
2026-04-16 00:41:31 [restartedMain] INFO  c.back.puntoventa.app.AppApplication - Starting AppApplication using Java 26 with PID 15672 (C:\Users\LENOVO\Desktop\PuntoVentaOficial\Back-PuntoVenta\target\classes started by LENOVO in C:\Users\LENOVO\Desktop\PuntoVentaOficial\Back-PuntoVenta)
2026-04-16 00:41:31 [restartedMain] DEBUG c.back.puntoventa.app.AppApplication - Running with Spring Boot v3.4.1, Spring v6.2.1
2026-04-16 00:41:31 [restartedMain] INFO  c.back.puntoventa.app.AppApplication - No active profile set, falling back to 1 default profile: "default"
2026-04-16 00:41:32 [restartedMain] INFO  o.s.b.d.e.DevToolsPropertyDefaultsPostProcessor - Devtools property defaults active! Set 'spring.devtools.add-properties' to 'false' to disable
2026-04-16 00:41:32 [restartedMain] INFO  o.s.b.d.e.DevToolsPropertyDefaultsPostProcessor - For additional web related logging consider setting the 'logging.level.web' property to 'DEBUG'
2026-04-16 00:41:32 [restartedMain] INFO  o.s.b.w.e.tomcat.TomcatWebServer - Tomcat initialized with port 8080 (http)
2026-04-16 00:41:32 [restartedMain] INFO  o.a.coyote.http11.Http11NioProtocol - Initializing ProtocolHandler ["http-nio-8080"]
2026-04-16 00:41:32 [restartedMain] INFO  o.a.catalina.core.StandardService - Starting service [Tomcat]
2026-04-16 00:41:32 [restartedMain] INFO  o.a.catalina.core.StandardEngine - Starting Servlet engine: [Apache Tomcat/10.1.34]
2026-04-16 00:41:32 [restartedMain] INFO  o.a.c.c.C.[Tomcat].[localhost].[/] - Initializing Spring embedded WebApplicationContext
2026-04-16 00:41:32 [restartedMain] INFO  o.s.b.w.s.c.ServletWebServerApplicationContext - Root WebApplicationContext: initialization completed in 924 ms
2026-04-16 00:41:33 [restartedMain] INFO  o.s.b.d.a.OptionalLiveReloadServer - LiveReload server is running on port 35729
2026-04-16 00:41:33 [restartedMain] INFO  o.a.coyote.http11.Http11NioProtocol - Starting ProtocolHandler ["http-nio-8080"]
2026-04-16 00:41:33 [restartedMain] INFO  o.s.b.w.e.tomcat.TomcatWebServer - Tomcat started on port 8080 (http) with context path '/'
2026-04-16 00:41:33 [restartedMain] INFO  c.back.puntoventa.app.AppApplication - Started AppApplication in 1.831 seconds (process running for 2.118)
2026-04-16 00:41:38 [http-nio-8080-exec-2] INFO  o.a.c.c.C.[Tomcat].[localhost].[/] - Initializing Spring DispatcherServlet 'dispatcherServlet'
2026-04-16 00:41:38 [http-nio-8080-exec-2] INFO  o.s.web.servlet.DispatcherServlet - Initializing Servlet 'dispatcherServlet'
2026-04-16 00:41:38 [http-nio-8080-exec-2] INFO  o.s.web.servlet.DispatcherServlet - Completed initialization in 1 ms
2026-04-16 00:41:38 [http-nio-8080-exec-2] INFO  c.b.p.a.a.a.c.AuthRestAdapter - POST /auth/signin - Intento de autenticación para email: mateovargas220705@gmail.com
2026-04-16 00:41:38 [http-nio-8080-exec-2] DEBUG c.b.p.a.d.a.s.AutorizacionAuthService - Autenticando usuario con email: mateovargas220705@gmail.com
2026-04-16 00:41:40 [http-nio-8080-exec-2] WARN  o.s.w.s.m.m.a.ExceptionHandlerExceptionResolver - Resolved [com.back.puntoventa.app.common.ApiException: {"message":"Invalid API key","hint":"Double check your Supabase `anon` or `service_role` API key."}]
2026-04-16 00:45:06 [File Watcher] INFO  o.s.b.d.a.LocalDevToolsAutoConfiguration$RestartingClassPathChangeChangedEventListener - Restarting due to 1 class path change (0 additions, 0 deletions, 1 modification)
2026-04-16 00:45:06 [Thread-5] INFO  o.s.b.w.e.tomcat.GracefulShutdown - Commencing graceful shutdown. Waiting for active requests to complete
2026-04-16 00:45:06 [tomcat-shutdown] INFO  o.a.coyote.http11.Http11NioProtocol - Pausing ProtocolHandler ["http-nio-8080"]
2026-04-16 00:45:06 [tomcat-shutdown] INFO  o.s.b.w.e.tomcat.GracefulShutdown - Graceful shutdown complete
2026-04-16 00:45:06 [Thread-5] INFO  o.a.coyote.http11.Http11NioProtocol - Stopping ProtocolHandler ["http-nio-8080"]
2026-04-16 00:45:06 [restartedMain] INFO  c.back.puntoventa.app.AppApplication - Starting AppApplication using Java 26 with PID 15672 (C:\Users\LENOVO\Desktop\PuntoVentaOficial\Back-PuntoVenta\target\classes started by LENOVO in C:\Users\LENOVO\Desktop\PuntoVentaOficial\Back-PuntoVenta)
2026-04-16 00:45:06 [restartedMain] DEBUG c.back.puntoventa.app.AppApplication - Running with Spring Boot v3.4.1, Spring v6.2.1
2026-04-16 00:45:06 [restartedMain] INFO  c.back.puntoventa.app.AppApplication - No active profile set, falling back to 1 default profile: "default"
2026-04-16 00:45:07 [restartedMain] INFO  o.s.b.w.e.tomcat.TomcatWebServer - Tomcat initialized with port 8080 (http)
2026-04-16 00:45:07 [restartedMain] INFO  o.a.coyote.http11.Http11NioProtocol - Initializing ProtocolHandler ["http-nio-8080"]
2026-04-16 00:45:07 [restartedMain] INFO  o.a.catalina.core.StandardService - Starting service [Tomcat]
2026-04-16 00:45:07 [restartedMain] INFO  o.a.catalina.core.StandardEngine - Starting Servlet engine: [Apache Tomcat/10.1.34]
2026-04-16 00:45:07 [restartedMain] INFO  o.a.c.c.C.[Tomcat].[localhost].[/] - Initializing Spring embedded WebApplicationContext
2026-04-16 00:45:07 [restartedMain] INFO  o.s.b.w.s.c.ServletWebServerApplicationContext - Root WebApplicationContext: initialization completed in 427 ms
2026-04-16 00:45:07 [restartedMain] INFO  o.s.b.d.a.OptionalLiveReloadServer - LiveReload server is running on port 35729
2026-04-16 00:45:07 [restartedMain] INFO  o.a.coyote.http11.Http11NioProtocol - Starting ProtocolHandler ["http-nio-8080"]
2026-04-16 00:45:07 [restartedMain] INFO  o.s.b.w.e.tomcat.TomcatWebServer - Tomcat started on port 8080 (http) with context path '/'
2026-04-16 00:45:07 [restartedMain] INFO  c.back.puntoventa.app.AppApplication - Started AppApplication in 0.749 seconds (process running for 216.239)
2026-04-16 00:45:07 [restartedMain] INFO  o.s.b.d.a.ConditionEvaluationDeltaLoggingListener - Condition evaluation unchanged
2026-04-16 00:46:01 [File Watcher] INFO  o.s.b.d.a.LocalDevToolsAutoConfiguration$RestartingClassPathChangeChangedEventListener - Restarting due to 1 class path change (0 additions, 0 deletions, 1 modification)
2026-04-16 00:46:01 [Thread-7] INFO  o.s.b.w.e.tomcat.GracefulShutdown - Commencing graceful shutdown. Waiting for active requests to complete
2026-04-16 00:46:01 [tomcat-shutdown] INFO  o.a.coyote.http11.Http11NioProtocol - Pausing ProtocolHandler ["http-nio-8080"]
2026-04-16 00:46:01 [tomcat-shutdown] INFO  o.s.b.w.e.tomcat.GracefulShutdown - Graceful shutdown complete
2026-04-16 00:46:01 [Thread-7] INFO  o.a.coyote.http11.Http11NioProtocol - Stopping ProtocolHandler ["http-nio-8080"]
2026-04-16 00:46:02 [restartedMain] INFO  c.back.puntoventa.app.AppApplication - Starting AppApplication using Java 26 with PID 15672 (C:\Users\LENOVO\Desktop\PuntoVentaOficial\Back-PuntoVenta\target\classes started by LENOVO in C:\Users\LENOVO\Desktop\PuntoVentaOficial\Back-PuntoVenta)
2026-04-16 00:46:02 [restartedMain] DEBUG c.back.puntoventa.app.AppApplication - Running with Spring Boot v3.4.1, Spring v6.2.1
2026-04-16 00:46:02 [restartedMain] INFO  c.back.puntoventa.app.AppApplication - No active profile set, falling back to 1 default profile: "default"
2026-04-16 00:46:02 [restartedMain] INFO  o.s.b.w.e.tomcat.TomcatWebServer - Tomcat initialized with port 8080 (http)
2026-04-16 00:46:02 [restartedMain] INFO  o.a.coyote.http11.Http11NioProtocol - Initializing ProtocolHandler ["http-nio-8080"]
2026-04-16 00:46:02 [restartedMain] INFO  o.a.catalina.core.StandardService - Starting service [Tomcat]
2026-04-16 00:46:02 [restartedMain] INFO  o.a.catalina.core.StandardEngine - Starting Servlet engine: [Apache Tomcat/10.1.34]
2026-04-16 00:46:02 [restartedMain] INFO  o.a.c.c.C.[Tomcat].[localhost].[/] - Initializing Spring embedded WebApplicationContext
2026-04-16 00:46:02 [restartedMain] INFO  o.s.b.w.s.c.ServletWebServerApplicationContext - Root WebApplicationContext: initialization completed in 354 ms
2026-04-16 00:46:02 [restartedMain] INFO  o.s.b.d.a.OptionalLiveReloadServer - LiveReload server is running on port 35729
2026-04-16 00:46:02 [restartedMain] INFO  o.a.coyote.http11.Http11NioProtocol - Starting ProtocolHandler ["http-nio-8080"]
2026-04-16 00:46:02 [restartedMain] INFO  o.s.b.w.e.tomcat.TomcatWebServer - Tomcat started on port 8080 (http) with context path '/'
2026-04-16 00:46:02 [restartedMain] INFO  c.back.puntoventa.app.AppApplication - Started AppApplication in 0.608 seconds (process running for 271.315)
2026-04-16 00:46:02 [restartedMain] INFO  o.s.b.d.a.ConditionEvaluationDeltaLoggingListener - Condition evaluation unchanged
2026-04-16 00:46:16 [File Watcher] INFO  o.s.b.d.a.LocalDevToolsAutoConfiguration$RestartingClassPathChangeChangedEventListener - Restarting due to 1 class path change (0 additions, 0 deletions, 1 modification)
2026-04-16 00:46:16 [Thread-11] INFO  o.s.b.w.e.tomcat.GracefulShutdown - Commencing graceful shutdown. Waiting for active requests to complete
2026-04-16 00:46:16 [tomcat-shutdown] INFO  o.a.coyote.http11.Http11NioProtocol - Pausing ProtocolHandler ["http-nio-8080"]
2026-04-16 00:46:16 [tomcat-shutdown] INFO  o.s.b.w.e.tomcat.GracefulShutdown - Graceful shutdown complete
2026-04-16 00:46:16 [Thread-11] INFO  o.a.coyote.http11.Http11NioProtocol - Stopping ProtocolHandler ["http-nio-8080"]
2026-04-16 00:46:16 [restartedMain] INFO  c.back.puntoventa.app.AppApplication - Starting AppApplication using Java 26 with PID 15672 (C:\Users\LENOVO\Desktop\PuntoVentaOficial\Back-PuntoVenta\target\classes started by LENOVO in C:\Users\LENOVO\Desktop\PuntoVentaOficial\Back-PuntoVenta)
2026-04-16 00:46:16 [restartedMain] DEBUG c.back.puntoventa.app.AppApplication - Running with Spring Boot v3.4.1, Spring v6.2.1
2026-04-16 00:46:16 [restartedMain] INFO  c.back.puntoventa.app.AppApplication - No active profile set, falling back to 1 default profile: "default"
2026-04-16 00:46:16 [restartedMain] INFO  o.s.b.w.e.tomcat.TomcatWebServer - Tomcat initialized with port 8080 (http)
2026-04-16 00:46:16 [restartedMain] INFO  o.a.coyote.http11.Http11NioProtocol - Initializing ProtocolHandler ["http-nio-8080"]
2026-04-16 00:46:16 [restartedMain] INFO  o.a.catalina.core.StandardService - Starting service [Tomcat]
2026-04-16 00:46:16 [restartedMain] INFO  o.a.catalina.core.StandardEngine - Starting Servlet engine: [Apache Tomcat/10.1.34]
2026-04-16 00:46:16 [restartedMain] INFO  o.a.c.c.C.[Tomcat].[localhost].[/] - Initializing Spring embedded WebApplicationContext
2026-04-16 00:46:16 [restartedMain] INFO  o.s.b.w.s.c.ServletWebServerApplicationContext - Root WebApplicationContext: initialization completed in 199 ms
2026-04-16 00:46:16 [restartedMain] INFO  o.s.b.d.a.OptionalLiveReloadServer - LiveReload server is running on port 35729
2026-04-16 00:46:16 [restartedMain] INFO  o.a.coyote.http11.Http11NioProtocol - Starting ProtocolHandler ["http-nio-8080"]
2026-04-16 00:46:16 [restartedMain] INFO  o.s.b.w.e.tomcat.TomcatWebServer - Tomcat started on port 8080 (http) with context path '/'
2026-04-16 00:46:16 [restartedMain] INFO  c.back.puntoventa.app.AppApplication - Started AppApplication in 0.324 seconds (process running for 285.507)
2026-04-16 00:46:16 [restartedMain] INFO  o.s.b.d.a.ConditionEvaluationDeltaLoggingListener - Condition evaluation unchanged
2026-04-16 00:46:21 [SpringApplicationShutdownHook] INFO  o.s.b.w.e.tomcat.GracefulShutdown - Commencing graceful shutdown. Waiting for active requests to complete
2026-04-16 00:46:21 [tomcat-shutdown] INFO  o.s.b.w.e.tomcat.GracefulShutdown - Graceful shutdown complete
2026-04-16 00:46:29 [background-preinit] INFO  o.h.validator.internal.util.Version - HV000001: Hibernate Validator 8.0.2.Final
2026-04-16 00:46:29 [restartedMain] INFO  c.back.puntoventa.app.AppApplication - Starting AppApplication using Java 26 with PID 5032 (C:\Users\LENOVO\Desktop\PuntoVentaOficial\Back-PuntoVenta\target\classes started by LENOVO in C:\Users\LENOVO\Desktop\PuntoVentaOficial\Back-PuntoVenta)
2026-04-16 00:46:29 [restartedMain] DEBUG c.back.puntoventa.app.AppApplication - Running with Spring Boot v3.4.1, Spring v6.2.1
2026-04-16 00:46:29 [restartedMain] INFO  c.back.puntoventa.app.AppApplication - No active profile set, falling back to 1 default profile: "default"
2026-04-16 00:46:29 [restartedMain] INFO  o.s.b.d.e.DevToolsPropertyDefaultsPostProcessor - Devtools property defaults active! Set 'spring.devtools.add-properties' to 'false' to disable
2026-04-16 00:46:29 [restartedMain] INFO  o.s.b.d.e.DevToolsPropertyDefaultsPostProcessor - For additional web related logging consider setting the 'logging.level.web' property to 'DEBUG'
2026-04-16 00:46:30 [restartedMain] INFO  o.s.b.w.e.tomcat.TomcatWebServer - Tomcat initialized with port 8080 (http)
2026-04-16 00:46:30 [restartedMain] INFO  o.a.coyote.http11.Http11NioProtocol - Initializing ProtocolHandler ["http-nio-8080"]
2026-04-16 00:46:30 [restartedMain] INFO  o.a.catalina.core.StandardService - Starting service [Tomcat]
2026-04-16 00:46:30 [restartedMain] INFO  o.a.catalina.core.StandardEngine - Starting Servlet engine: [Apache Tomcat/10.1.34]
2026-04-16 00:46:30 [restartedMain] INFO  o.a.c.c.C.[Tomcat].[localhost].[/] - Initializing Spring embedded WebApplicationContext
2026-04-16 00:46:30 [restartedMain] INFO  o.s.b.w.s.c.ServletWebServerApplicationContext - Root WebApplicationContext: initialization completed in 853 ms
2026-04-16 00:46:31 [restartedMain] INFO  o.s.b.d.a.OptionalLiveReloadServer - LiveReload server is running on port 35729
2026-04-16 00:46:31 [restartedMain] INFO  o.a.coyote.http11.Http11NioProtocol - Starting ProtocolHandler ["http-nio-8080"]
2026-04-16 00:46:31 [restartedMain] INFO  o.s.b.w.e.tomcat.TomcatWebServer - Tomcat started on port 8080 (http) with context path '/'
2026-04-16 00:46:31 [restartedMain] INFO  c.back.puntoventa.app.AppApplication - Started AppApplication in 1.722 seconds (process running for 1.995)
2026-04-16 00:46:55 [http-nio-8080-exec-1] INFO  o.a.c.c.C.[Tomcat].[localhost].[/] - Initializing Spring DispatcherServlet 'dispatcherServlet'
2026-04-16 00:46:55 [http-nio-8080-exec-1] INFO  o.s.web.servlet.DispatcherServlet - Initializing Servlet 'dispatcherServlet'
2026-04-16 00:46:55 [http-nio-8080-exec-1] INFO  o.s.web.servlet.DispatcherServlet - Completed initialization in 1 ms
2026-04-16 00:46:55 [http-nio-8080-exec-1] INFO  c.b.p.a.a.a.c.AuthRestAdapter - POST /auth/signin - Intento de autenticación para email: mateovargas220705@gmail.com
2026-04-16 00:46:55 [http-nio-8080-exec-1] DEBUG c.b.p.a.d.a.s.AutorizacionAuthService - Autenticando usuario con email: mateovargas220705@gmail.com
2026-04-16 00:46:58 [http-nio-8080-exec-1] DEBUG c.b.p.a.d.a.s.AutorizacionAuthService - Autenticación completada para email: mateovargas220705@gmail.com
2026-04-16 00:46:58 [http-nio-8080-exec-1] INFO  c.b.p.a.a.a.c.AuthRestAdapter - Autenticación exitosa para email: mateovargas220705@gmail.com
2026-04-16 00:46:58 [http-nio-8080-exec-7] INFO  c.b.p.a.a.v.c.VendedoresRestAdapter - GET /vendedores - Obtener todos los vendedores
2026-04-16 00:46:58 [http-nio-8080-exec-6] INFO  c.b.p.a.a.p.c.ProductosRestAdapter - GET /productos - Obtener todos los productos
2026-04-16 00:46:58 [http-nio-8080-exec-7] DEBUG c.b.p.a.d.v.s.GestionVendedoresService - Obteniendo todos los vendedores
2026-04-16 00:46:58 [http-nio-8080-exec-6] DEBUG c.b.p.a.d.p.s.GestionProductosService - Obteniendo todos los productos
2026-04-16 00:46:58 [http-nio-8080-exec-5] INFO  c.b.p.a.a.p.c.ProductosRestAdapter - GET /productos/stock-bajo - Consultando alertas con umbral: 100
2026-04-16 00:46:58 [http-nio-8080-exec-5] DEBUG c.b.p.a.d.p.s.GestionProductosService - Obteniendo productos con stock bajo. Umbral: 100
2026-04-16 00:46:58 [http-nio-8080-exec-6] DEBUG c.b.p.a.d.p.s.GestionProductosService - Se obtuvieron 23 productos
2026-04-16 00:46:58 [http-nio-8080-exec-6] DEBUG c.b.p.a.a.p.c.ProductosRestAdapter - Se obtuvieron 23 productos
2026-04-16 00:46:58 [http-nio-8080-exec-5] DEBUG c.b.p.a.d.p.s.GestionProductosService - Se encontraron 21 productos con stock bajo
2026-04-16 00:46:58 [http-nio-8080-exec-7] DEBUG c.b.p.a.d.v.s.GestionVendedoresService - Se obtuvieron 5 vendedores
2026-04-16 00:46:58 [http-nio-8080-exec-7] DEBUG c.b.p.a.a.v.c.VendedoresRestAdapter - Se obtuvieron 5 vendedores
2026-04-16 00:47:39 [File Watcher] INFO  o.s.b.d.a.LocalDevToolsAutoConfiguration$RestartingClassPathChangeChangedEventListener - Restarting due to 1 class path change (0 additions, 0 deletions, 1 modification)
2026-04-16 00:47:39 [Thread-5] INFO  o.s.b.w.e.tomcat.GracefulShutdown - Commencing graceful shutdown. Waiting for active requests to complete
2026-04-16 00:47:39 [tomcat-shutdown] INFO  o.a.coyote.http11.Http11NioProtocol - Pausing ProtocolHandler ["http-nio-8080"]
2026-04-16 00:47:39 [tomcat-shutdown] INFO  o.s.b.w.e.tomcat.GracefulShutdown - Graceful shutdown complete
2026-04-16 00:47:39 [Thread-5] INFO  o.a.coyote.http11.Http11NioProtocol - Stopping ProtocolHandler ["http-nio-8080"]
2026-04-16 00:47:40 [restartedMain] INFO  c.back.puntoventa.app.AppApplication - Starting AppApplication using Java 26 with PID 5032 (C:\Users\LENOVO\Desktop\PuntoVentaOficial\Back-PuntoVenta\target\classes started by LENOVO in C:\Users\LENOVO\Desktop\PuntoVentaOficial\Back-PuntoVenta)
2026-04-16 00:47:40 [restartedMain] DEBUG c.back.puntoventa.app.AppApplication - Running with Spring Boot v3.4.1, Spring v6.2.1
2026-04-16 00:47:40 [restartedMain] INFO  c.back.puntoventa.app.AppApplication - No active profile set, falling back to 1 default profile: "default"
2026-04-16 00:47:40 [restartedMain] INFO  o.s.b.w.e.tomcat.TomcatWebServer - Tomcat initialized with port 3 (http)
2026-04-16 00:47:40 [restartedMain] INFO  o.a.coyote.http11.Http11NioProtocol - Initializing ProtocolHandler ["http-nio-3"]
2026-04-16 00:47:40 [restartedMain] INFO  o.a.catalina.core.StandardService - Starting service [Tomcat]
2026-04-16 00:47:40 [restartedMain] INFO  o.a.catalina.core.StandardEngine - Starting Servlet engine: [Apache Tomcat/10.1.34]
2026-04-16 00:47:40 [restartedMain] INFO  o.a.c.c.C.[Tomcat].[localhost].[/] - Initializing Spring embedded WebApplicationContext
2026-04-16 00:47:40 [restartedMain] INFO  o.s.b.w.s.c.ServletWebServerApplicationContext - Root WebApplicationContext: initialization completed in 293 ms
2026-04-16 00:47:40 [restartedMain] INFO  o.s.b.d.a.OptionalLiveReloadServer - LiveReload server is running on port 35729
2026-04-16 00:47:40 [restartedMain] INFO  o.a.coyote.http11.Http11NioProtocol - Starting ProtocolHandler ["http-nio-3"]
2026-04-16 00:47:40 [restartedMain] INFO  o.s.b.w.e.tomcat.TomcatWebServer - Tomcat started on port 3 (http) with context path '/'
2026-04-16 00:47:40 [restartedMain] INFO  c.back.puntoventa.app.AppApplication - Started AppApplication in 0.469 seconds (process running for 71.33)
2026-04-16 00:47:40 [restartedMain] INFO  o.s.b.d.a.ConditionEvaluationDeltaLoggingListener - Condition evaluation unchanged
2026-04-16 00:47:42 [File Watcher] INFO  o.s.b.d.a.LocalDevToolsAutoConfiguration$RestartingClassPathChangeChangedEventListener - Restarting due to 1 class path change (0 additions, 0 deletions, 1 modification)
2026-04-16 00:47:42 [Thread-7] INFO  o.s.b.w.e.tomcat.GracefulShutdown - Commencing graceful shutdown. Waiting for active requests to complete
2026-04-16 00:47:42 [tomcat-shutdown] INFO  o.a.coyote.http11.Http11NioProtocol - Pausing ProtocolHandler ["http-nio-3"]
2026-04-16 00:47:42 [tomcat-shutdown] INFO  o.s.b.w.e.tomcat.GracefulShutdown - Graceful shutdown complete
2026-04-16 00:47:42 [Thread-7] INFO  o.a.coyote.http11.Http11NioProtocol - Stopping ProtocolHandler ["http-nio-3"]
2026-04-16 00:47:43 [restartedMain] INFO  c.back.puntoventa.app.AppApplication - Starting AppApplication using Java 26 with PID 5032 (C:\Users\LENOVO\Desktop\PuntoVentaOficial\Back-PuntoVenta\target\classes started by LENOVO in C:\Users\LENOVO\Desktop\PuntoVentaOficial\Back-PuntoVenta)
2026-04-16 00:47:43 [restartedMain] DEBUG c.back.puntoventa.app.AppApplication - Running with Spring Boot v3.4.1, Spring v6.2.1
2026-04-16 00:47:43 [restartedMain] INFO  c.back.puntoventa.app.AppApplication - No active profile set, falling back to 1 default profile: "default"
2026-04-16 00:47:43 [restartedMain] INFO  o.s.b.w.e.tomcat.TomcatWebServer - Tomcat initialized with port 3000 (http)
2026-04-16 00:47:43 [restartedMain] INFO  o.a.coyote.http11.Http11NioProtocol - Initializing ProtocolHandler ["http-nio-3000"]
2026-04-16 00:47:43 [restartedMain] INFO  o.a.catalina.core.StandardService - Starting service [Tomcat]
2026-04-16 00:47:43 [restartedMain] INFO  o.a.catalina.core.StandardEngine - Starting Servlet engine: [Apache Tomcat/10.1.34]
2026-04-16 00:47:43 [restartedMain] INFO  o.a.c.c.C.[Tomcat].[localhost].[/] - Initializing Spring embedded WebApplicationContext
2026-04-16 00:47:43 [restartedMain] INFO  o.s.b.w.s.c.ServletWebServerApplicationContext - Root WebApplicationContext: initialization completed in 221 ms
2026-04-16 00:47:43 [restartedMain] INFO  o.s.b.d.a.OptionalLiveReloadServer - LiveReload server is running on port 35729
2026-04-16 00:47:43 [restartedMain] INFO  o.a.coyote.http11.Http11NioProtocol - Starting ProtocolHandler ["http-nio-3000"]
2026-04-16 00:47:43 [restartedMain] INFO  o.s.b.w.e.tomcat.TomcatWebServer - Tomcat started on port 3000 (http) with context path '/'
2026-04-16 00:47:43 [restartedMain] INFO  c.back.puntoventa.app.AppApplication - Started AppApplication in 0.348 seconds (process running for 74.186)
2026-04-16 00:47:43 [restartedMain] INFO  o.s.b.d.a.ConditionEvaluationDeltaLoggingListener - Condition evaluation unchanged
2026-04-16 00:48:17 [http-nio-3000-exec-1] INFO  o.a.c.c.C.[Tomcat].[localhost].[/] - Initializing Spring DispatcherServlet 'dispatcherServlet'
2026-04-16 00:48:17 [http-nio-3000-exec-1] INFO  o.s.web.servlet.DispatcherServlet - Initializing Servlet 'dispatcherServlet'
2026-04-16 00:48:17 [http-nio-3000-exec-1] INFO  o.s.web.servlet.DispatcherServlet - Completed initialization in 0 ms
2026-04-16 00:48:17 [http-nio-3000-exec-7] INFO  c.b.p.a.a.p.c.ProductosRestAdapter - GET /productos - Obtener todos los productos
2026-04-16 00:48:17 [http-nio-3000-exec-6] INFO  c.b.p.a.a.v.c.VendedoresRestAdapter - GET /vendedores - Obtener todos los vendedores
2026-04-16 00:48:17 [http-nio-3000-exec-4] INFO  c.b.p.a.a.p.c.ProductosRestAdapter - GET /productos/stock-bajo - Consultando alertas con umbral: 100
2026-04-16 00:48:17 [http-nio-3000-exec-6] DEBUG c.b.p.a.d.v.s.GestionVendedoresService - Obteniendo todos los vendedores
2026-04-16 00:48:17 [http-nio-3000-exec-7] DEBUG c.b.p.a.d.p.s.GestionProductosService - Obteniendo todos los productos
2026-04-16 00:48:17 [http-nio-3000-exec-4] DEBUG c.b.p.a.d.p.s.GestionProductosService - Obteniendo productos con stock bajo. Umbral: 100
2026-04-16 00:48:18 [http-nio-3000-exec-6] DEBUG c.b.p.a.d.v.s.GestionVendedoresService - Se obtuvieron 5 vendedores
2026-04-16 00:48:18 [http-nio-3000-exec-6] DEBUG c.b.p.a.a.v.c.VendedoresRestAdapter - Se obtuvieron 5 vendedores
2026-04-16 00:48:19 [http-nio-3000-exec-4] DEBUG c.b.p.a.d.p.s.GestionProductosService - Se encontraron 21 productos con stock bajo
2026-04-16 00:48:20 [http-nio-3000-exec-7] DEBUG c.b.p.a.d.p.s.GestionProductosService - Se obtuvieron 23 productos
2026-04-16 00:48:20 [http-nio-3000-exec-7] DEBUG c.b.p.a.a.p.c.ProductosRestAdapter - Se obtuvieron 23 productos
2026-04-16 00:48:23 [SpringApplicationShutdownHook] INFO  o.s.b.w.e.tomcat.GracefulShutdown - Commencing graceful shutdown. Waiting for active requests to complete
2026-04-16 00:48:23 [tomcat-shutdown] INFO  o.s.b.w.e.tomcat.GracefulShutdown - Graceful shutdown complete
2026-04-16 00:48:29 [background-preinit] INFO  o.h.validator.internal.util.Version - HV000001: Hibernate Validator 8.0.2.Final
2026-04-16 00:48:29 [restartedMain] INFO  c.back.puntoventa.app.AppApplication - Starting AppApplication using Java 26 with PID 10636 (C:\Users\LENOVO\Desktop\PuntoVentaOficial\Back-PuntoVenta\target\classes started by LENOVO in C:\Users\LENOVO\Desktop\PuntoVentaOficial\Back-PuntoVenta)
2026-04-16 00:48:29 [restartedMain] DEBUG c.back.puntoventa.app.AppApplication - Running with Spring Boot v3.4.1, Spring v6.2.1
2026-04-16 00:48:29 [restartedMain] INFO  c.back.puntoventa.app.AppApplication - No active profile set, falling back to 1 default profile: "default"
2026-04-16 00:48:29 [restartedMain] INFO  o.s.b.d.e.DevToolsPropertyDefaultsPostProcessor - Devtools property defaults active! Set 'spring.devtools.add-properties' to 'false' to disable
2026-04-16 00:48:29 [restartedMain] INFO  o.s.b.d.e.DevToolsPropertyDefaultsPostProcessor - For additional web related logging consider setting the 'logging.level.web' property to 'DEBUG'
2026-04-16 00:48:30 [restartedMain] INFO  o.s.b.w.e.tomcat.TomcatWebServer - Tomcat initialized with port 3000 (http)
2026-04-16 00:48:30 [restartedMain] INFO  o.a.coyote.http11.Http11NioProtocol - Initializing ProtocolHandler ["http-nio-3000"]
2026-04-16 00:48:30 [restartedMain] INFO  o.a.catalina.core.StandardService - Starting service [Tomcat]
2026-04-16 00:48:30 [restartedMain] INFO  o.a.catalina.core.StandardEngine - Starting Servlet engine: [Apache Tomcat/10.1.34]
2026-04-16 00:48:30 [restartedMain] INFO  o.a.c.c.C.[Tomcat].[localhost].[/] - Initializing Spring embedded WebApplicationContext
2026-04-16 00:48:30 [restartedMain] INFO  o.s.b.w.s.c.ServletWebServerApplicationContext - Root WebApplicationContext: initialization completed in 914 ms
2026-04-16 00:48:31 [restartedMain] INFO  o.s.b.d.a.OptionalLiveReloadServer - LiveReload server is running on port 35729
2026-04-16 00:48:31 [restartedMain] INFO  o.a.coyote.http11.Http11NioProtocol - Starting ProtocolHandler ["http-nio-3000"]
2026-04-16 00:48:31 [restartedMain] INFO  o.s.b.w.e.tomcat.TomcatWebServer - Tomcat started on port 3000 (http) with context path '/'
2026-04-16 00:48:31 [restartedMain] INFO  c.back.puntoventa.app.AppApplication - Started AppApplication in 1.818 seconds (process running for 2.096)
2026-04-16 00:48:44 [http-nio-3000-exec-1] INFO  o.a.c.c.C.[Tomcat].[localhost].[/] - Initializing Spring DispatcherServlet 'dispatcherServlet'
2026-04-16 00:48:44 [http-nio-3000-exec-1] INFO  o.s.web.servlet.DispatcherServlet - Initializing Servlet 'dispatcherServlet'
2026-04-16 00:48:44 [http-nio-3000-exec-1] INFO  o.s.web.servlet.DispatcherServlet - Completed initialization in 1 ms
2026-04-16 00:48:44 [http-nio-3000-exec-1] INFO  c.b.p.a.a.a.c.AuthRestAdapter - POST /auth/signin - Intento de autenticación para email: mateovargas220705@gmail.com
2026-04-16 00:48:44 [http-nio-3000-exec-1] DEBUG c.b.p.a.d.a.s.AutorizacionAuthService - Autenticando usuario con email: mateovargas220705@gmail.com
2026-04-16 00:48:45 [http-nio-3000-exec-1] DEBUG c.b.p.a.d.a.s.AutorizacionAuthService - Autenticación completada para email: mateovargas220705@gmail.com
2026-04-16 00:48:45 [http-nio-3000-exec-1] INFO  c.b.p.a.a.a.c.AuthRestAdapter - Autenticación exitosa para email: mateovargas220705@gmail.com
2026-04-16 00:48:45 [http-nio-3000-exec-2] INFO  c.b.p.a.a.p.c.ProductosRestAdapter - GET /productos - Obtener todos los productos
2026-04-16 00:48:45 [http-nio-3000-exec-3] INFO  c.b.p.a.a.v.c.VendedoresRestAdapter - GET /vendedores - Obtener todos los vendedores
2026-04-16 00:48:45 [http-nio-3000-exec-2] DEBUG c.b.p.a.d.p.s.GestionProductosService - Obteniendo todos los productos
2026-04-16 00:48:45 [http-nio-3000-exec-3] DEBUG c.b.p.a.d.v.s.GestionVendedoresService - Obteniendo todos los vendedores
2026-04-16 00:48:45 [http-nio-3000-exec-4] INFO  c.b.p.a.a.p.c.ProductosRestAdapter - GET /productos/stock-bajo - Consultando alertas con umbral: 100
2026-04-16 00:48:45 [http-nio-3000-exec-4] DEBUG c.b.p.a.d.p.s.GestionProductosService - Obteniendo productos con stock bajo. Umbral: 100
2026-04-16 00:48:45 [http-nio-3000-exec-2] DEBUG c.b.p.a.d.p.s.GestionProductosService - Se obtuvieron 23 productos
2026-04-16 00:48:45 [http-nio-3000-exec-2] DEBUG c.b.p.a.a.p.c.ProductosRestAdapter - Se obtuvieron 23 productos
2026-04-16 00:48:45 [http-nio-3000-exec-4] DEBUG c.b.p.a.d.p.s.GestionProductosService - Se encontraron 21 productos con stock bajo
2026-04-16 00:48:45 [http-nio-3000-exec-3] DEBUG c.b.p.a.d.v.s.GestionVendedoresService - Se obtuvieron 5 vendedores
2026-04-16 00:48:45 [http-nio-3000-exec-3] DEBUG c.b.p.a.a.v.c.VendedoresRestAdapter - Se obtuvieron 5 vendedores
2026-04-16 00:48:54 [SpringApplicationShutdownHook] INFO  o.s.b.w.e.tomcat.GracefulShutdown - Commencing graceful shutdown. Waiting for active requests to complete
2026-04-16 00:48:54 [tomcat-shutdown] INFO  o.s.b.w.e.tomcat.GracefulShutdown - Graceful shutdown complete
2026-04-27 12:00:33 [background-preinit] INFO  o.h.validator.internal.util.Version - HV000001: Hibernate Validator 8.0.2.Final
2026-04-27 12:00:33 [restartedMain] INFO  c.back.puntoventa.app.AppApplication - Starting AppApplication using Java 17.0.18 with PID 9124 (C:\Users\LENOVO\Desktop\PuntoVentaOficial\Back-PuntoVenta\target\classes started by LENOVO in C:\Users\LENOVO\Desktop\PuntoVentaOficial\Back-PuntoVenta)
2026-04-27 12:00:33 [restartedMain] DEBUG c.back.puntoventa.app.AppApplication - Running with Spring Boot v3.4.1, Spring v6.2.1
2026-04-27 12:00:33 [restartedMain] INFO  c.back.puntoventa.app.AppApplication - No active profile set, falling back to 1 default profile: "default"
2026-04-27 12:00:33 [restartedMain] INFO  o.s.b.d.e.DevToolsPropertyDefaultsPostProcessor - Devtools property defaults active! Set 'spring.devtools.add-properties' to 'false' to disable
2026-04-27 12:00:33 [restartedMain] INFO  o.s.b.d.e.DevToolsPropertyDefaultsPostProcessor - For additional web related logging consider setting the 'logging.level.web' property to 'DEBUG'
2026-04-27 12:00:34 [restartedMain] INFO  o.s.b.w.e.tomcat.TomcatWebServer - Tomcat initialized with port 3000 (http)
2026-04-27 12:00:34 [restartedMain] INFO  o.a.coyote.http11.Http11NioProtocol - Initializing ProtocolHandler ["http-nio-3000"]
2026-04-27 12:00:34 [restartedMain] INFO  o.a.catalina.core.StandardService - Starting service [Tomcat]
2026-04-27 12:00:34 [restartedMain] INFO  o.a.catalina.core.StandardEngine - Starting Servlet engine: [Apache Tomcat/10.1.34]
2026-04-27 12:00:34 [restartedMain] INFO  o.a.c.c.C.[Tomcat].[localhost].[/] - Initializing Spring embedded WebApplicationContext
2026-04-27 12:00:34 [restartedMain] INFO  o.s.b.w.s.c.ServletWebServerApplicationContext - Root WebApplicationContext: initialization completed in 1210 ms
2026-04-27 12:00:35 [restartedMain] INFO  o.s.b.d.a.OptionalLiveReloadServer - LiveReload server is running on port 35729
2026-04-27 12:00:35 [restartedMain] INFO  o.a.coyote.http11.Http11NioProtocol - Starting ProtocolHandler ["http-nio-3000"]
2026-04-27 12:00:35 [restartedMain] INFO  o.s.b.w.e.tomcat.TomcatWebServer - Tomcat started on port 3000 (http) with context path '/'
2026-04-27 12:00:35 [restartedMain] INFO  c.back.puntoventa.app.AppApplication - Started AppApplication in 2.445 seconds (process running for 2.882)
2026-04-27 12:01:39 [http-nio-3000-exec-1] INFO  o.a.c.c.C.[Tomcat].[localhost].[/] - Initializing Spring DispatcherServlet 'dispatcherServlet'
2026-04-27 12:01:39 [http-nio-3000-exec-1] INFO  o.s.web.servlet.DispatcherServlet - Initializing Servlet 'dispatcherServlet'
2026-04-27 12:01:39 [http-nio-3000-exec-1] INFO  o.s.web.servlet.DispatcherServlet - Completed initialization in 2 ms
2026-04-27 12:01:39 [http-nio-3000-exec-2] INFO  c.b.p.a.a.a.c.AuthRestAdapter - POST /auth/signin - Intento de autenticación para email: mateovargas220705@gmail.com
2026-04-27 12:01:39 [http-nio-3000-exec-2] DEBUG c.b.p.a.d.a.s.AutorizacionAuthService - Autenticando usuario con email: mateovargas220705@gmail.com
2026-04-27 12:01:41 [http-nio-3000-exec-2] DEBUG c.b.p.a.d.a.s.AutorizacionAuthService - Autenticación completada para email: mateovargas220705@gmail.com
2026-04-27 12:01:41 [http-nio-3000-exec-2] INFO  c.b.p.a.a.a.c.AuthRestAdapter - Autenticación exitosa para email: mateovargas220705@gmail.com
2026-04-27 12:01:41 [http-nio-3000-exec-8] INFO  c.b.p.a.a.p.c.ProductosRestAdapter - GET /productos - Obtener todos los productos
2026-04-27 12:01:41 [http-nio-3000-exec-7] INFO  c.b.p.a.a.v.c.VendedoresRestAdapter - GET /vendedores - Obtener todos los vendedores
2026-04-27 12:01:41 [http-nio-3000-exec-8] DEBUG c.b.p.a.d.p.s.GestionProductosService - Obteniendo todos los productos
2026-04-27 12:01:41 [http-nio-3000-exec-7] DEBUG c.b.p.a.d.v.s.GestionVendedoresService - Obteniendo todos los vendedores
2026-04-27 12:01:41 [http-nio-3000-exec-6] INFO  c.b.p.a.a.p.c.ProductosRestAdapter - GET /productos/stock-bajo - Consultando alertas con umbral: 100
2026-04-27 12:01:41 [http-nio-3000-exec-6] DEBUG c.b.p.a.d.p.s.GestionProductosService - Obteniendo productos con stock bajo. Umbral: 100
2026-04-27 12:01:42 [http-nio-3000-exec-6] DEBUG c.b.p.a.d.p.s.GestionProductosService - Se encontraron 24 productos con stock bajo
2026-04-27 12:01:42 [http-nio-3000-exec-8] DEBUG c.b.p.a.d.p.s.GestionProductosService - Se obtuvieron 25 productos
2026-04-27 12:01:42 [http-nio-3000-exec-7] DEBUG c.b.p.a.d.v.s.GestionVendedoresService - Se obtuvieron 7 vendedores
2026-04-27 12:01:42 [http-nio-3000-exec-8] DEBUG c.b.p.a.a.p.c.ProductosRestAdapter - Se obtuvieron 25 productos
2026-04-27 12:01:42 [http-nio-3000-exec-7] DEBUG c.b.p.a.a.v.c.VendedoresRestAdapter - Se obtuvieron 7 vendedores
2026-04-27 12:03:04 [http-nio-3000-exec-2] INFO  c.b.p.a.a.v.c.VendedoresRestAdapter - GET /vendedores - Obtener todos los vendedores
2026-04-27 12:03:04 [http-nio-3000-exec-2] DEBUG c.b.p.a.d.v.s.GestionVendedoresService - Obteniendo todos los vendedores
2026-04-27 12:03:04 [http-nio-3000-exec-2] DEBUG c.b.p.a.d.v.s.GestionVendedoresService - Se obtuvieron 7 vendedores
2026-04-27 12:03:04 [http-nio-3000-exec-2] DEBUG c.b.p.a.a.v.c.VendedoresRestAdapter - Se obtuvieron 7 vendedores
2026-04-27 12:04:05 [http-nio-3000-exec-5] INFO  c.b.p.a.a.p.c.ProductosRestAdapter - GET /productos - Obtener todos los productos
2026-04-27 12:04:05 [http-nio-3000-exec-5] DEBUG c.b.p.a.d.p.s.GestionProductosService - Obteniendo todos los productos
2026-04-27 12:04:05 [http-nio-3000-exec-5] DEBUG c.b.p.a.d.p.s.GestionProductosService - Se obtuvieron 25 productos
2026-04-27 12:04:05 [http-nio-3000-exec-5] DEBUG c.b.p.a.a.p.c.ProductosRestAdapter - Se obtuvieron 25 productos
2026-04-27 12:04:06 [http-nio-3000-exec-4] INFO  c.b.p.a.a.v.c.VendedoresRestAdapter - GET /vendedores - Obtener todos los vendedores
2026-04-27 12:04:06 [http-nio-3000-exec-3] INFO  c.b.p.a.a.p.c.ProductosRestAdapter - GET /productos - Obtener todos los productos
2026-04-27 12:04:06 [http-nio-3000-exec-4] DEBUG c.b.p.a.d.v.s.GestionVendedoresService - Obteniendo todos los vendedores
2026-04-27 12:04:06 [http-nio-3000-exec-3] DEBUG c.b.p.a.d.p.s.GestionProductosService - Obteniendo todos los productos
2026-04-27 12:04:07 [http-nio-3000-exec-3] DEBUG c.b.p.a.d.p.s.GestionProductosService - Se obtuvieron 25 productos
2026-04-27 12:04:07 [http-nio-3000-exec-3] DEBUG c.b.p.a.a.p.c.ProductosRestAdapter - Se obtuvieron 25 productos
2026-04-27 12:04:07 [http-nio-3000-exec-4] DEBUG c.b.p.a.d.v.s.GestionVendedoresService - Se obtuvieron 7 vendedores
2026-04-27 12:04:07 [http-nio-3000-exec-4] DEBUG c.b.p.a.a.v.c.VendedoresRestAdapter - Se obtuvieron 7 vendedores
2026-04-27 12:04:07 [http-nio-3000-exec-3] DEBUG c.b.p.a.d.a.s.AutorizacionAuthService - Obteniendo perfil por token
2026-04-27 12:04:07 [http-nio-3000-exec-7] DEBUG c.b.p.a.d.a.s.AutorizacionAuthService - Obteniendo perfil por token
2026-04-27 12:04:07 [http-nio-3000-exec-8] DEBUG c.b.p.a.d.a.s.AutorizacionAuthService - Obteniendo perfil por token
2026-04-27 12:04:07 [http-nio-3000-exec-6] DEBUG c.b.p.a.d.a.s.AutorizacionAuthService - Obteniendo perfil por token
2026-04-27 12:04:07 [http-nio-3000-exec-4] DEBUG c.b.p.a.d.a.s.AutorizacionAuthService - Obteniendo perfil por token
2026-04-27 12:04:07 [http-nio-3000-exec-5] DEBUG c.b.p.a.d.a.s.AutorizacionAuthService - Obteniendo perfil por token
2026-04-27 12:04:07 [http-nio-3000-exec-4] DEBUG c.b.p.a.d.a.s.AutorizacionAuthService - Perfil obtenido exitosamente para usuario ID: f2dc5b92-7ded-4c42-9e5a-d8a22aaf4a3a
2026-04-27 12:04:07 [http-nio-3000-exec-3] DEBUG c.b.p.a.d.a.s.AutorizacionAuthService - Perfil obtenido exitosamente para usuario ID: f2dc5b92-7ded-4c42-9e5a-d8a22aaf4a3a
2026-04-27 12:04:07 [http-nio-3000-exec-4] INFO  c.b.p.a.a.i.c.InventarioRestAdapter - GET /inventario/vendedor/5e0e4eff-aec3-46df-a77e-d4feeb19394c - consulta por mateovargas220705@gmail.com
2026-04-27 12:04:07 [http-nio-3000-exec-3] INFO  c.b.p.a.a.i.c.InventarioRestAdapter - GET /inventario/vendedor/2ab0631c-da17-4bd8-b9b9-237de54711c6 - consulta por mateovargas220705@gmail.com
2026-04-27 12:04:07 [http-nio-3000-exec-4] INFO  c.b.p.a.d.i.s.GestionInventarioService - Consultando cargas por vendedor: 5e0e4eff-aec3-46df-a77e-d4feeb19394c
2026-04-27 12:04:07 [http-nio-3000-exec-3] INFO  c.b.p.a.d.i.s.GestionInventarioService - Consultando cargas por vendedor: 2ab0631c-da17-4bd8-b9b9-237de54711c6
2026-04-27 12:04:07 [http-nio-3000-exec-4] DEBUG c.b.p.a.i.p.s.a.SupabaseAsignacionRepositoryAdapter - Consultando asignaciones por vendedor: 5e0e4eff-aec3-46df-a77e-d4feeb19394c
2026-04-27 12:04:07 [http-nio-3000-exec-3] DEBUG c.b.p.a.i.p.s.a.SupabaseAsignacionRepositoryAdapter - Consultando asignaciones por vendedor: 2ab0631c-da17-4bd8-b9b9-237de54711c6
2026-04-27 12:04:07 [http-nio-3000-exec-6] DEBUG c.b.p.a.d.a.s.AutorizacionAuthService - Perfil obtenido exitosamente para usuario ID: f2dc5b92-7ded-4c42-9e5a-d8a22aaf4a3a
2026-04-27 12:04:07 [http-nio-3000-exec-6] INFO  c.b.p.a.a.i.c.InventarioRestAdapter - GET /inventario/vendedor/6b0a5026-52f3-475a-a20f-5aacf94764f0 - consulta por mateovargas220705@gmail.com
2026-04-27 12:04:07 [http-nio-3000-exec-6] INFO  c.b.p.a.d.i.s.GestionInventarioService - Consultando cargas por vendedor: 6b0a5026-52f3-475a-a20f-5aacf94764f0
2026-04-27 12:04:07 [http-nio-3000-exec-6] DEBUG c.b.p.a.i.p.s.a.SupabaseAsignacionRepositoryAdapter - Consultando asignaciones por vendedor: 6b0a5026-52f3-475a-a20f-5aacf94764f0
2026-04-27 12:04:07 [http-nio-3000-exec-8] DEBUG c.b.p.a.d.a.s.AutorizacionAuthService - Perfil obtenido exitosamente para usuario ID: f2dc5b92-7ded-4c42-9e5a-d8a22aaf4a3a
2026-04-27 12:04:07 [http-nio-3000-exec-8] INFO  c.b.p.a.a.i.c.InventarioRestAdapter - GET /inventario/vendedor/73ed0c2b-851c-44c8-a08b-ded6f61924f9 - consulta por mateovargas220705@gmail.com
2026-04-27 12:04:07 [http-nio-3000-exec-8] INFO  c.b.p.a.d.i.s.GestionInventarioService - Consultando cargas por vendedor: 73ed0c2b-851c-44c8-a08b-ded6f61924f9
2026-04-27 12:04:07 [http-nio-3000-exec-8] DEBUG c.b.p.a.i.p.s.a.SupabaseAsignacionRepositoryAdapter - Consultando asignaciones por vendedor: 73ed0c2b-851c-44c8-a08b-ded6f61924f9
2026-04-27 12:04:07 [http-nio-3000-exec-5] DEBUG c.b.p.a.d.a.s.AutorizacionAuthService - Perfil obtenido exitosamente para usuario ID: f2dc5b92-7ded-4c42-9e5a-d8a22aaf4a3a
2026-04-27 12:04:07 [http-nio-3000-exec-5] INFO  c.b.p.a.a.i.c.InventarioRestAdapter - GET /inventario/vendedor/0b9544ca-bfbe-4335-821c-5c8eb4b553b2 - consulta por mateovargas220705@gmail.com
2026-04-27 12:04:07 [http-nio-3000-exec-7] DEBUG c.b.p.a.d.a.s.AutorizacionAuthService - Perfil obtenido exitosamente para usuario ID: f2dc5b92-7ded-4c42-9e5a-d8a22aaf4a3a
2026-04-27 12:04:07 [http-nio-3000-exec-5] INFO  c.b.p.a.d.i.s.GestionInventarioService - Consultando cargas por vendedor: 0b9544ca-bfbe-4335-821c-5c8eb4b553b2
2026-04-27 12:04:07 [http-nio-3000-exec-7] INFO  c.b.p.a.a.i.c.InventarioRestAdapter - GET /inventario/vendedor/7dec6fc9-8ddc-48c6-86a3-a1dbfc46f80e - consulta por mateovargas220705@gmail.com
2026-04-27 12:04:07 [http-nio-3000-exec-5] DEBUG c.b.p.a.i.p.s.a.SupabaseAsignacionRepositoryAdapter - Consultando asignaciones por vendedor: 0b9544ca-bfbe-4335-821c-5c8eb4b553b2
2026-04-27 12:04:07 [http-nio-3000-exec-7] INFO  c.b.p.a.d.i.s.GestionInventarioService - Consultando cargas por vendedor: 7dec6fc9-8ddc-48c6-86a3-a1dbfc46f80e
2026-04-27 12:04:07 [http-nio-3000-exec-7] DEBUG c.b.p.a.i.p.s.a.SupabaseAsignacionRepositoryAdapter - Consultando asignaciones por vendedor: 7dec6fc9-8ddc-48c6-86a3-a1dbfc46f80e
2026-04-27 12:04:07 [http-nio-3000-exec-3] DEBUG c.b.p.a.i.p.s.a.SupabaseAsignacionRepositoryAdapter - Asignaciones encontradas para vendedor 2ab0631c-da17-4bd8-b9b9-237de54711c6: 9
2026-04-27 12:04:07 [http-nio-3000-exec-9] DEBUG c.b.p.a.d.a.s.AutorizacionAuthService - Obteniendo perfil por token
2026-04-27 12:04:07 [http-nio-3000-exec-4] DEBUG c.b.p.a.i.p.s.a.SupabaseAsignacionRepositoryAdapter - Asignaciones encontradas para vendedor 5e0e4eff-aec3-46df-a77e-d4feeb19394c: 4
2026-04-27 12:04:07 [http-nio-3000-exec-6] DEBUG c.b.p.a.i.p.s.a.SupabaseAsignacionRepositoryAdapter - Asignaciones encontradas para vendedor 6b0a5026-52f3-475a-a20f-5aacf94764f0: 27
2026-04-27 12:04:07 [http-nio-3000-exec-8] DEBUG c.b.p.a.i.p.s.a.SupabaseAsignacionRepositoryAdapter - Asignaciones encontradas para vendedor 73ed0c2b-851c-44c8-a08b-ded6f61924f9: 4
2026-04-27 12:04:07 [http-nio-3000-exec-7] DEBUG c.b.p.a.i.p.s.a.SupabaseAsignacionRepositoryAdapter - Asignaciones encontradas para vendedor 7dec6fc9-8ddc-48c6-86a3-a1dbfc46f80e: 0
2026-04-27 12:04:07 [http-nio-3000-exec-5] DEBUG c.b.p.a.i.p.s.a.SupabaseAsignacionRepositoryAdapter - Asignaciones encontradas para vendedor 0b9544ca-bfbe-4335-821c-5c8eb4b553b2: 1
2026-04-27 12:04:08 [http-nio-3000-exec-9] DEBUG c.b.p.a.d.a.s.AutorizacionAuthService - Perfil obtenido exitosamente para usuario ID: f2dc5b92-7ded-4c42-9e5a-d8a22aaf4a3a
2026-04-27 12:04:08 [http-nio-3000-exec-9] INFO  c.b.p.a.a.i.c.InventarioRestAdapter - GET /inventario/vendedor/997e2337-32a6-4ba5-84fb-873ef1b6036f - consulta por mateovargas220705@gmail.com
2026-04-27 12:04:08 [http-nio-3000-exec-9] INFO  c.b.p.a.d.i.s.GestionInventarioService - Consultando cargas por vendedor: 997e2337-32a6-4ba5-84fb-873ef1b6036f
2026-04-27 12:04:08 [http-nio-3000-exec-9] DEBUG c.b.p.a.i.p.s.a.SupabaseAsignacionRepositoryAdapter - Consultando asignaciones por vendedor: 997e2337-32a6-4ba5-84fb-873ef1b6036f
2026-04-27 12:04:08 [http-nio-3000-exec-9] DEBUG c.b.p.a.i.p.s.a.SupabaseAsignacionRepositoryAdapter - Asignaciones encontradas para vendedor 997e2337-32a6-4ba5-84fb-873ef1b6036f: 0
2026-04-27 12:04:30 [http-nio-3000-exec-10] INFO  c.b.p.a.a.v.c.VendedoresRestAdapter - GET /vendedores - Obtener todos los vendedores
2026-04-27 12:04:30 [http-nio-3000-exec-2] INFO  c.b.p.a.a.p.c.ProductosRestAdapter - GET /productos/stock-bajo - Consultando alertas con umbral: 100
2026-04-27 12:04:30 [http-nio-3000-exec-1] INFO  c.b.p.a.a.p.c.ProductosRestAdapter - GET /productos - Obtener todos los productos
2026-04-27 12:04:30 [http-nio-3000-exec-2] DEBUG c.b.p.a.d.p.s.GestionProductosService - Obteniendo productos con stock bajo. Umbral: 100
2026-04-27 12:04:30 [http-nio-3000-exec-10] DEBUG c.b.p.a.d.v.s.GestionVendedoresService - Obteniendo todos los vendedores
2026-04-27 12:04:30 [http-nio-3000-exec-1] DEBUG c.b.p.a.d.p.s.GestionProductosService - Obteniendo todos los productos
2026-04-27 12:04:30 [http-nio-3000-exec-2] DEBUG c.b.p.a.d.p.s.GestionProductosService - Se encontraron 24 productos con stock bajo
2026-04-27 12:04:30 [http-nio-3000-exec-1] DEBUG c.b.p.a.d.p.s.GestionProductosService - Se obtuvieron 25 productos
2026-04-27 12:04:30 [http-nio-3000-exec-1] DEBUG c.b.p.a.a.p.c.ProductosRestAdapter - Se obtuvieron 25 productos
2026-04-27 12:04:30 [http-nio-3000-exec-10] DEBUG c.b.p.a.d.v.s.GestionVendedoresService - Se obtuvieron 7 vendedores
2026-04-27 12:04:30 [http-nio-3000-exec-10] DEBUG c.b.p.a.a.v.c.VendedoresRestAdapter - Se obtuvieron 7 vendedores
2026-04-27 12:30:10 [http-nio-3000-exec-9] INFO  c.b.p.a.a.v.c.VendedoresRestAdapter - GET /vendedores - Obtener todos los vendedores
2026-04-27 12:30:10 [http-nio-3000-exec-9] DEBUG c.b.p.a.d.v.s.GestionVendedoresService - Obteniendo todos los vendedores
2026-04-27 12:30:11 [http-nio-3000-exec-9] DEBUG c.b.p.a.d.v.s.GestionVendedoresService - Se obtuvieron 7 vendedores
2026-04-27 12:30:11 [http-nio-3000-exec-9] DEBUG c.b.p.a.a.v.c.VendedoresRestAdapter - Se obtuvieron 7 vendedores
2026-04-27 12:30:12 [http-nio-3000-exec-2] INFO  c.b.p.a.a.p.c.ProductosRestAdapter - GET /productos - Obtener todos los productos
2026-04-27 12:30:12 [http-nio-3000-exec-1] INFO  c.b.p.a.a.v.c.VendedoresRestAdapter - GET /vendedores - Obtener todos los vendedores
2026-04-27 12:30:12 [http-nio-3000-exec-2] DEBUG c.b.p.a.d.p.s.GestionProductosService - Obteniendo todos los productos
2026-04-27 12:30:12 [http-nio-3000-exec-10] INFO  c.b.p.a.a.p.c.ProductosRestAdapter - GET /productos/stock-bajo - Consultando alertas con umbral: 100
2026-04-27 12:30:12 [http-nio-3000-exec-1] DEBUG c.b.p.a.d.v.s.GestionVendedoresService - Obteniendo todos los vendedores
2026-04-27 12:30:12 [http-nio-3000-exec-10] DEBUG c.b.p.a.d.p.s.GestionProductosService - Obteniendo productos con stock bajo. Umbral: 100
2026-04-27 12:30:12 [http-nio-3000-exec-1] DEBUG c.b.p.a.d.v.s.GestionVendedoresService - Se obtuvieron 7 vendedores
2026-04-27 12:30:12 [http-nio-3000-exec-1] DEBUG c.b.p.a.a.v.c.VendedoresRestAdapter - Se obtuvieron 7 vendedores
2026-04-27 12:30:13 [http-nio-3000-exec-10] DEBUG c.b.p.a.d.p.s.GestionProductosService - Se encontraron 24 productos con stock bajo
2026-04-27 12:30:13 [http-nio-3000-exec-2] DEBUG c.b.p.a.d.p.s.GestionProductosService - Se obtuvieron 25 productos
2026-04-27 12:30:13 [http-nio-3000-exec-2] DEBUG c.b.p.a.a.p.c.ProductosRestAdapter - Se obtuvieron 25 productos
2026-04-27 12:30:14 [http-nio-3000-exec-3] INFO  c.b.p.a.a.v.c.VendedoresRestAdapter - GET /vendedores - Obtener todos los vendedores
2026-04-27 12:30:14 [http-nio-3000-exec-3] DEBUG c.b.p.a.d.v.s.GestionVendedoresService - Obteniendo todos los vendedores
2026-04-27 12:30:14 [http-nio-3000-exec-6] INFO  c.b.p.a.a.p.c.ProductosRestAdapter - GET /productos - Obtener todos los productos
2026-04-27 12:30:14 [http-nio-3000-exec-6] DEBUG c.b.p.a.d.p.s.GestionProductosService - Obteniendo todos los productos
2026-04-27 12:30:14 [http-nio-3000-exec-3] DEBUG c.b.p.a.d.v.s.GestionVendedoresService - Se obtuvieron 7 vendedores
2026-04-27 12:30:14 [http-nio-3000-exec-3] DEBUG c.b.p.a.a.v.c.VendedoresRestAdapter - Se obtuvieron 7 vendedores
2026-04-27 12:30:14 [http-nio-3000-exec-6] DEBUG c.b.p.a.d.p.s.GestionProductosService - Se obtuvieron 25 productos
2026-04-27 12:30:14 [http-nio-3000-exec-6] DEBUG c.b.p.a.a.p.c.ProductosRestAdapter - Se obtuvieron 25 productos
2026-04-27 12:30:14 [http-nio-3000-exec-9] DEBUG c.b.p.a.d.a.s.AutorizacionAuthService - Obteniendo perfil por token
2026-04-27 12:30:14 [http-nio-3000-exec-4] DEBUG c.b.p.a.d.a.s.AutorizacionAuthService - Obteniendo perfil por token
2026-04-27 12:30:14 [http-nio-3000-exec-1] DEBUG c.b.p.a.d.a.s.AutorizacionAuthService - Obteniendo perfil por token
2026-04-27 12:30:14 [http-nio-3000-exec-8] DEBUG c.b.p.a.d.a.s.AutorizacionAuthService - Obteniendo perfil por token
2026-04-27 12:30:14 [http-nio-3000-exec-5] DEBUG c.b.p.a.d.a.s.AutorizacionAuthService - Obteniendo perfil por token
2026-04-27 12:30:14 [http-nio-3000-exec-7] DEBUG c.b.p.a.d.a.s.AutorizacionAuthService - Obteniendo perfil por token
2026-04-27 12:30:14 [http-nio-3000-exec-9] DEBUG c.b.p.a.d.a.s.AutorizacionAuthService - Perfil obtenido exitosamente para usuario ID: f2dc5b92-7ded-4c42-9e5a-d8a22aaf4a3a
2026-04-27 12:30:14 [http-nio-3000-exec-9] INFO  c.b.p.a.a.i.c.InventarioRestAdapter - GET /inventario/vendedor/73ed0c2b-851c-44c8-a08b-ded6f61924f9 - consulta por mateovargas220705@gmail.com
2026-04-27 12:30:14 [http-nio-3000-exec-9] INFO  c.b.p.a.d.i.s.GestionInventarioService - Consultando cargas por vendedor: 73ed0c2b-851c-44c8-a08b-ded6f61924f9
2026-04-27 12:30:14 [http-nio-3000-exec-9] DEBUG c.b.p.a.i.p.s.a.SupabaseAsignacionRepositoryAdapter - Consultando asignaciones por vendedor: 73ed0c2b-851c-44c8-a08b-ded6f61924f9
2026-04-27 12:30:14 [http-nio-3000-exec-5] DEBUG c.b.p.a.d.a.s.AutorizacionAuthService - Perfil obtenido exitosamente para usuario ID: f2dc5b92-7ded-4c42-9e5a-d8a22aaf4a3a
2026-04-27 12:30:14 [http-nio-3000-exec-5] INFO  c.b.p.a.a.i.c.InventarioRestAdapter - GET /inventario/vendedor/5e0e4eff-aec3-46df-a77e-d4feeb19394c - consulta por mateovargas220705@gmail.com
2026-04-27 12:30:14 [http-nio-3000-exec-5] INFO  c.b.p.a.d.i.s.GestionInventarioService - Consultando cargas por vendedor: 5e0e4eff-aec3-46df-a77e-d4feeb19394c
2026-04-27 12:30:15 [http-nio-3000-exec-5] DEBUG c.b.p.a.i.p.s.a.SupabaseAsignacionRepositoryAdapter - Consultando asignaciones por vendedor: 5e0e4eff-aec3-46df-a77e-d4feeb19394c
2026-04-27 12:30:15 [http-nio-3000-exec-4] DEBUG c.b.p.a.d.a.s.AutorizacionAuthService - Perfil obtenido exitosamente para usuario ID: f2dc5b92-7ded-4c42-9e5a-d8a22aaf4a3a
2026-04-27 12:30:15 [http-nio-3000-exec-4] INFO  c.b.p.a.a.i.c.InventarioRestAdapter - GET /inventario/vendedor/0b9544ca-bfbe-4335-821c-5c8eb4b553b2 - consulta por mateovargas220705@gmail.com
2026-04-27 12:30:15 [http-nio-3000-exec-4] INFO  c.b.p.a.d.i.s.GestionInventarioService - Consultando cargas por vendedor: 0b9544ca-bfbe-4335-821c-5c8eb4b553b2
2026-04-27 12:30:15 [http-nio-3000-exec-4] DEBUG c.b.p.a.i.p.s.a.SupabaseAsignacionRepositoryAdapter - Consultando asignaciones por vendedor: 0b9544ca-bfbe-4335-821c-5c8eb4b553b2
2026-04-27 12:30:15 [http-nio-3000-exec-8] DEBUG c.b.p.a.d.a.s.AutorizacionAuthService - Perfil obtenido exitosamente para usuario ID: f2dc5b92-7ded-4c42-9e5a-d8a22aaf4a3a
2026-04-27 12:30:15 [http-nio-3000-exec-8] INFO  c.b.p.a.a.i.c.InventarioRestAdapter - GET /inventario/vendedor/2ab0631c-da17-4bd8-b9b9-237de54711c6 - consulta por mateovargas220705@gmail.com
2026-04-27 12:30:15 [http-nio-3000-exec-1] DEBUG c.b.p.a.d.a.s.AutorizacionAuthService - Perfil obtenido exitosamente para usuario ID: f2dc5b92-7ded-4c42-9e5a-d8a22aaf4a3a
2026-04-27 12:30:15 [http-nio-3000-exec-1] INFO  c.b.p.a.a.i.c.InventarioRestAdapter - GET /inventario/vendedor/7dec6fc9-8ddc-48c6-86a3-a1dbfc46f80e - consulta por mateovargas220705@gmail.com
2026-04-27 12:30:15 [http-nio-3000-exec-1] INFO  c.b.p.a.d.i.s.GestionInventarioService - Consultando cargas por vendedor: 7dec6fc9-8ddc-48c6-86a3-a1dbfc46f80e
2026-04-27 12:30:15 [http-nio-3000-exec-9] DEBUG c.b.p.a.i.p.s.a.SupabaseAsignacionRepositoryAdapter - Asignaciones encontradas para vendedor 73ed0c2b-851c-44c8-a08b-ded6f61924f9: 4
2026-04-27 12:30:15 [http-nio-3000-exec-8] INFO  c.b.p.a.d.i.s.GestionInventarioService - Consultando cargas por vendedor: 2ab0631c-da17-4bd8-b9b9-237de54711c6
2026-04-27 12:30:15 [http-nio-3000-exec-1] DEBUG c.b.p.a.i.p.s.a.SupabaseAsignacionRepositoryAdapter - Consultando asignaciones por vendedor: 7dec6fc9-8ddc-48c6-86a3-a1dbfc46f80e
2026-04-27 12:30:15 [http-nio-3000-exec-8] DEBUG c.b.p.a.i.p.s.a.SupabaseAsignacionRepositoryAdapter - Consultando asignaciones por vendedor: 2ab0631c-da17-4bd8-b9b9-237de54711c6
2026-04-27 12:30:15 [http-nio-3000-exec-7] DEBUG c.b.p.a.d.a.s.AutorizacionAuthService - Perfil obtenido exitosamente para usuario ID: f2dc5b92-7ded-4c42-9e5a-d8a22aaf4a3a
2026-04-27 12:30:15 [http-nio-3000-exec-7] INFO  c.b.p.a.a.i.c.InventarioRestAdapter - GET /inventario/vendedor/6b0a5026-52f3-475a-a20f-5aacf94764f0 - consulta por mateovargas220705@gmail.com
2026-04-27 12:30:15 [http-nio-3000-exec-7] INFO  c.b.p.a.d.i.s.GestionInventarioService - Consultando cargas por vendedor: 6b0a5026-52f3-475a-a20f-5aacf94764f0
2026-04-27 12:30:15 [http-nio-3000-exec-7] DEBUG c.b.p.a.i.p.s.a.SupabaseAsignacionRepositoryAdapter - Consultando asignaciones por vendedor: 6b0a5026-52f3-475a-a20f-5aacf94764f0
2026-04-27 12:30:15 [http-nio-3000-exec-10] DEBUG c.b.p.a.d.a.s.AutorizacionAuthService - Obteniendo perfil por token
2026-04-27 12:30:15 [http-nio-3000-exec-5] DEBUG c.b.p.a.i.p.s.a.SupabaseAsignacionRepositoryAdapter - Asignaciones encontradas para vendedor 5e0e4eff-aec3-46df-a77e-d4feeb19394c: 4
2026-04-27 12:30:15 [http-nio-3000-exec-4] DEBUG c.b.p.a.i.p.s.a.SupabaseAsignacionRepositoryAdapter - Asignaciones encontradas para vendedor 0b9544ca-bfbe-4335-821c-5c8eb4b553b2: 1
2026-04-27 12:30:15 [http-nio-3000-exec-7] DEBUG c.b.p.a.i.p.s.a.SupabaseAsignacionRepositoryAdapter - Asignaciones encontradas para vendedor 6b0a5026-52f3-475a-a20f-5aacf94764f0: 27
2026-04-27 12:30:15 [http-nio-3000-exec-8] DEBUG c.b.p.a.i.p.s.a.SupabaseAsignacionRepositoryAdapter - Asignaciones encontradas para vendedor 2ab0631c-da17-4bd8-b9b9-237de54711c6: 9
2026-04-27 12:30:15 [http-nio-3000-exec-1] DEBUG c.b.p.a.i.p.s.a.SupabaseAsignacionRepositoryAdapter - Asignaciones encontradas para vendedor 7dec6fc9-8ddc-48c6-86a3-a1dbfc46f80e: 1
2026-04-27 12:30:15 [http-nio-3000-exec-10] DEBUG c.b.p.a.d.a.s.AutorizacionAuthService - Perfil obtenido exitosamente para usuario ID: f2dc5b92-7ded-4c42-9e5a-d8a22aaf4a3a
2026-04-27 12:30:15 [http-nio-3000-exec-10] INFO  c.b.p.a.a.i.c.InventarioRestAdapter - GET /inventario/vendedor/997e2337-32a6-4ba5-84fb-873ef1b6036f - consulta por mateovargas220705@gmail.com
2026-04-27 12:30:15 [http-nio-3000-exec-10] INFO  c.b.p.a.d.i.s.GestionInventarioService - Consultando cargas por vendedor: 997e2337-32a6-4ba5-84fb-873ef1b6036f
2026-04-27 12:30:15 [http-nio-3000-exec-10] DEBUG c.b.p.a.i.p.s.a.SupabaseAsignacionRepositoryAdapter - Consultando asignaciones por vendedor: 997e2337-32a6-4ba5-84fb-873ef1b6036f
2026-04-27 12:30:15 [http-nio-3000-exec-10] DEBUG c.b.p.a.i.p.s.a.SupabaseAsignacionRepositoryAdapter - Asignaciones encontradas para vendedor 997e2337-32a6-4ba5-84fb-873ef1b6036f: 0
2026-04-27 12:30:15 [http-nio-3000-exec-2] INFO  c.b.p.a.a.p.c.ProductosRestAdapter - GET /productos - Obtener todos los productos
2026-04-27 12:30:15 [http-nio-3000-exec-2] DEBUG c.b.p.a.d.p.s.GestionProductosService - Obteniendo todos los productos
2026-04-27 12:30:16 [http-nio-3000-exec-2] DEBUG c.b.p.a.d.p.s.GestionProductosService - Se obtuvieron 25 productos
2026-04-27 12:30:16 [http-nio-3000-exec-2] DEBUG c.b.p.a.a.p.c.ProductosRestAdapter - Se obtuvieron 25 productos
2026-04-27 12:30:16 [http-nio-3000-exec-3] INFO  c.b.p.a.a.v.c.VendedoresRestAdapter - GET /vendedores - Obtener todos los vendedores
2026-04-27 12:30:16 [http-nio-3000-exec-3] DEBUG c.b.p.a.d.v.s.GestionVendedoresService - Obteniendo todos los vendedores
2026-04-27 12:30:17 [http-nio-3000-exec-3] DEBUG c.b.p.a.d.v.s.GestionVendedoresService - Se obtuvieron 7 vendedores
2026-04-27 12:30:17 [http-nio-3000-exec-3] DEBUG c.b.p.a.a.v.c.VendedoresRestAdapter - Se obtuvieron 7 vendedores
2026-04-27 12:30:17 [http-nio-3000-exec-6] INFO  c.b.p.a.a.p.c.ProductosRestAdapter - GET /productos - Obtener todos los productos
2026-04-27 12:30:17 [http-nio-3000-exec-9] INFO  c.b.p.a.a.v.c.VendedoresRestAdapter - GET /vendedores - Obtener todos los vendedores
2026-04-27 12:30:17 [http-nio-3000-exec-6] DEBUG c.b.p.a.d.p.s.GestionProductosService - Obteniendo todos los productos
2026-04-27 12:30:17 [http-nio-3000-exec-5] INFO  c.b.p.a.a.p.c.ProductosRestAdapter - GET /productos/stock-bajo - Consultando alertas con umbral: 100
2026-04-27 12:30:17 [http-nio-3000-exec-9] DEBUG c.b.p.a.d.v.s.GestionVendedoresService - Obteniendo todos los vendedores
2026-04-27 12:30:17 [http-nio-3000-exec-5] DEBUG c.b.p.a.d.p.s.GestionProductosService - Obteniendo productos con stock bajo. Umbral: 100
2026-04-27 12:30:17 [http-nio-3000-exec-5] DEBUG c.b.p.a.d.p.s.GestionProductosService - Se encontraron 24 productos con stock bajo
2026-04-27 12:30:17 [http-nio-3000-exec-6] DEBUG c.b.p.a.d.p.s.GestionProductosService - Se obtuvieron 25 productos
2026-04-27 12:30:17 [http-nio-3000-exec-6] DEBUG c.b.p.a.a.p.c.ProductosRestAdapter - Se obtuvieron 25 productos
2026-04-27 12:30:17 [http-nio-3000-exec-9] DEBUG c.b.p.a.d.v.s.GestionVendedoresService - Se obtuvieron 7 vendedores
2026-04-27 12:30:17 [http-nio-3000-exec-9] DEBUG c.b.p.a.a.v.c.VendedoresRestAdapter - Se obtuvieron 7 vendedores
2026-04-27 12:30:26 [http-nio-3000-exec-4] INFO  c.b.p.a.a.a.c.AuthRestAdapter - POST /auth/signin - Intento de autenticación para email: andres@gmail.com
2026-04-27 12:30:26 [http-nio-3000-exec-4] DEBUG c.b.p.a.d.a.s.AutorizacionAuthService - Autenticando usuario con email: andres@gmail.com
2026-04-27 12:30:27 [http-nio-3000-exec-4] DEBUG c.b.p.a.d.a.s.AutorizacionAuthService - Autenticación completada para email: andres@gmail.com
2026-04-27 12:30:27 [http-nio-3000-exec-4] INFO  c.b.p.a.a.a.c.AuthRestAdapter - Autenticación exitosa para email: andres@gmail.com
2026-04-27 12:30:27 [http-nio-3000-exec-7] INFO  c.b.p.a.a.a.c.AuthRestAdapter - GET /auth/me - Obtener perfil del usuario actual
2026-04-27 12:30:27 [http-nio-3000-exec-7] DEBUG c.b.p.a.d.a.s.AutorizacionAuthService - Obteniendo perfil por token
2026-04-27 12:30:27 [http-nio-3000-exec-7] DEBUG c.b.p.a.d.a.s.AutorizacionAuthService - Perfil obtenido exitosamente para usuario ID: 6b0a5026-52f3-475a-a20f-5aacf94764f0
2026-04-27 12:30:27 [http-nio-3000-exec-7] DEBUG c.b.p.a.a.a.c.AuthRestAdapter - Perfil obtenido para usuario: andres@gmail.com
2026-04-27 12:30:27 [http-nio-3000-exec-1] INFO  c.b.p.a.a.p.c.ProductosRestAdapter - GET /productos - Obtener todos los productos
2026-04-27 12:30:27 [http-nio-3000-exec-10] DEBUG c.b.p.a.d.a.s.AutorizacionAuthService - Obteniendo perfil por token
2026-04-27 12:30:27 [http-nio-3000-exec-1] DEBUG c.b.p.a.d.p.s.GestionProductosService - Obteniendo todos los productos
2026-04-27 12:30:27 [http-nio-3000-exec-1] DEBUG c.b.p.a.d.p.s.GestionProductosService - Se obtuvieron 25 productos
2026-04-27 12:30:27 [http-nio-3000-exec-1] DEBUG c.b.p.a.a.p.c.ProductosRestAdapter - Se obtuvieron 25 productos
2026-04-27 12:30:28 [http-nio-3000-exec-10] DEBUG c.b.p.a.d.a.s.AutorizacionAuthService - Perfil obtenido exitosamente para usuario ID: 6b0a5026-52f3-475a-a20f-5aacf94764f0
2026-04-27 12:30:28 [http-nio-3000-exec-10] INFO  c.b.p.a.a.i.c.InventarioRestAdapter - GET /inventario/vendedor/6b0a5026-52f3-475a-a20f-5aacf94764f0 - consulta por andres@gmail.com
2026-04-27 12:30:28 [http-nio-3000-exec-10] INFO  c.b.p.a.d.i.s.GestionInventarioService - Consultando cargas por vendedor: 6b0a5026-52f3-475a-a20f-5aacf94764f0
2026-04-27 12:30:28 [http-nio-3000-exec-10] DEBUG c.b.p.a.i.p.s.a.SupabaseAsignacionRepositoryAdapter - Consultando asignaciones por vendedor: 6b0a5026-52f3-475a-a20f-5aacf94764f0
2026-04-27 12:30:28 [http-nio-3000-exec-10] DEBUG c.b.p.a.i.p.s.a.SupabaseAsignacionRepositoryAdapter - Asignaciones encontradas para vendedor 6b0a5026-52f3-475a-a20f-5aacf94764f0: 27
2026-04-27 12:33:56 [SpringApplicationShutdownHook] INFO  o.s.b.w.e.tomcat.GracefulShutdown - Commencing graceful shutdown. Waiting for active requests to complete
2026-04-27 12:33:56 [tomcat-shutdown] INFO  o.s.b.w.e.tomcat.GracefulShutdown - Graceful shutdown complete
2026-04-27 18:36:12 [background-preinit] INFO  o.h.validator.internal.util.Version - HV000001: Hibernate Validator 8.0.2.Final
2026-04-27 18:36:12 [restartedMain] INFO  c.back.puntoventa.app.AppApplication - Starting AppApplication using Java 17.0.18 with PID 22132 (C:\Users\LENOVO\Desktop\PuntoVentaOficial\Back-PuntoVenta\target\classes started by LENOVO in C:\Users\LENOVO\Desktop\PuntoVentaOficial\Back-PuntoVenta)
2026-04-27 18:36:12 [restartedMain] DEBUG c.back.puntoventa.app.AppApplication - Running with Spring Boot v3.4.1, Spring v6.2.1
2026-04-27 18:36:12 [restartedMain] INFO  c.back.puntoventa.app.AppApplication - No active profile set, falling back to 1 default profile: "default"
2026-04-27 18:36:12 [restartedMain] INFO  o.s.b.d.e.DevToolsPropertyDefaultsPostProcessor - Devtools property defaults active! Set 'spring.devtools.add-properties' to 'false' to disable
2026-04-27 18:36:12 [restartedMain] INFO  o.s.b.d.e.DevToolsPropertyDefaultsPostProcessor - For additional web related logging consider setting the 'logging.level.web' property to 'DEBUG'
2026-04-27 18:36:13 [restartedMain] INFO  o.s.b.w.e.tomcat.TomcatWebServer - Tomcat initialized with port 3000 (http)
2026-04-27 18:36:13 [restartedMain] INFO  o.a.coyote.http11.Http11NioProtocol - Initializing ProtocolHandler ["http-nio-3000"]
2026-04-27 18:36:13 [restartedMain] INFO  o.a.catalina.core.StandardService - Starting service [Tomcat]
2026-04-27 18:36:13 [restartedMain] INFO  o.a.catalina.core.StandardEngine - Starting Servlet engine: [Apache Tomcat/10.1.34]
2026-04-27 18:36:14 [restartedMain] INFO  o.a.c.c.C.[Tomcat].[localhost].[/] - Initializing Spring embedded WebApplicationContext
2026-04-27 18:36:14 [restartedMain] INFO  o.s.b.w.s.c.ServletWebServerApplicationContext - Root WebApplicationContext: initialization completed in 1212 ms
2026-04-27 18:36:14 [restartedMain] INFO  o.s.b.d.a.OptionalLiveReloadServer - LiveReload server is running on port 35729
2026-04-27 18:36:14 [restartedMain] INFO  o.a.coyote.http11.Http11NioProtocol - Starting ProtocolHandler ["http-nio-3000"]
2026-04-27 18:36:14 [restartedMain] INFO  o.s.b.w.e.tomcat.TomcatWebServer - Tomcat started on port 3000 (http) with context path '/'
2026-04-27 18:36:14 [restartedMain] INFO  c.back.puntoventa.app.AppApplication - Started AppApplication in 2.418 seconds (process running for 2.742)
2026-04-27 18:36:32 [http-nio-3000-exec-1] INFO  o.a.c.c.C.[Tomcat].[localhost].[/] - Initializing Spring DispatcherServlet 'dispatcherServlet'
2026-04-27 18:36:32 [http-nio-3000-exec-1] INFO  o.s.web.servlet.DispatcherServlet - Initializing Servlet 'dispatcherServlet'
2026-04-27 18:36:32 [http-nio-3000-exec-1] INFO  o.s.web.servlet.DispatcherServlet - Completed initialization in 1 ms
2026-04-27 18:36:33 [http-nio-3000-exec-1] INFO  c.b.p.a.a.a.c.AuthRestAdapter - POST /auth/signin - Intento de autenticación para email: andres@gmail.com
2026-04-27 18:36:33 [http-nio-3000-exec-1] DEBUG c.b.p.a.d.a.s.AutorizacionAuthService - Autenticando usuario con email: andres@gmail.com
2026-04-27 18:36:34 [http-nio-3000-exec-1] DEBUG c.b.p.a.d.a.s.AutorizacionAuthService - Autenticación completada para email: andres@gmail.com
2026-04-27 18:36:34 [http-nio-3000-exec-1] INFO  c.b.p.a.a.a.c.AuthRestAdapter - Autenticación exitosa para email: andres@gmail.com
2026-04-27 18:36:34 [http-nio-3000-exec-2] INFO  c.b.p.a.a.a.c.AuthRestAdapter - GET /auth/me - Obtener perfil del usuario actual
2026-04-27 18:36:34 [http-nio-3000-exec-2] DEBUG c.b.p.a.d.a.s.AutorizacionAuthService - Obteniendo perfil por token
2026-04-27 18:36:34 [http-nio-3000-exec-2] DEBUG c.b.p.a.d.a.s.AutorizacionAuthService - Perfil obtenido exitosamente para usuario ID: 6b0a5026-52f3-475a-a20f-5aacf94764f0
2026-04-27 18:36:34 [http-nio-3000-exec-2] DEBUG c.b.p.a.a.a.c.AuthRestAdapter - Perfil obtenido para usuario: andres@gmail.com
2026-04-27 18:36:34 [http-nio-3000-exec-5] INFO  c.b.p.a.a.p.c.ProductosRestAdapter - GET /productos - Obtener todos los productos
2026-04-27 18:36:34 [http-nio-3000-exec-5] DEBUG c.b.p.a.d.p.s.GestionProductosService - Obteniendo todos los productos
2026-04-27 18:36:34 [http-nio-3000-exec-4] DEBUG c.b.p.a.d.a.s.AutorizacionAuthService - Obteniendo perfil por token
2026-04-27 18:36:34 [http-nio-3000-exec-7] INFO  c.b.p.a.a.ventas.VentaRestAdapter - GET /ventas/cierre-jornada - Obtener cierre de jornada para vendedor 6b0a5026-52f3-475a-a20f-5aacf94764f0 y fecha 2026-04-27
2026-04-27 18:36:34 [http-nio-3000-exec-7] INFO  c.b.p.a.d.v.s.GestionVentasService - Obteniendo resumen de cierre de jornada para vendedor 6b0a5026-52f3-475a-a20f-5aacf94764f0 en fecha 2026-04-27
2026-04-27 18:36:34 [http-nio-3000-exec-5] DEBUG c.b.p.a.d.p.s.GestionProductosService - Se obtuvieron 25 productos
2026-04-27 18:36:34 [http-nio-3000-exec-5] DEBUG c.b.p.a.a.p.c.ProductosRestAdapter - Se obtuvieron 25 productos
2026-04-27 18:36:35 [http-nio-3000-exec-4] DEBUG c.b.p.a.d.a.s.AutorizacionAuthService - Perfil obtenido exitosamente para usuario ID: 6b0a5026-52f3-475a-a20f-5aacf94764f0
2026-04-27 18:36:35 [http-nio-3000-exec-4] INFO  c.b.p.a.a.i.c.InventarioRestAdapter - GET /inventario/vendedor/6b0a5026-52f3-475a-a20f-5aacf94764f0 - consulta por andres@gmail.com
2026-04-27 18:36:35 [http-nio-3000-exec-4] INFO  c.b.p.a.d.i.s.GestionInventarioService - Consultando cargas por vendedor: 6b0a5026-52f3-475a-a20f-5aacf94764f0
2026-04-27 18:36:35 [http-nio-3000-exec-4] DEBUG c.b.p.a.i.p.s.a.SupabaseAsignacionRepositoryAdapter - Consultando asignaciones por vendedor: 6b0a5026-52f3-475a-a20f-5aacf94764f0
2026-04-27 18:36:35 [http-nio-3000-exec-4] DEBUG c.b.p.a.i.p.s.a.SupabaseAsignacionRepositoryAdapter - Asignaciones encontradas para vendedor 6b0a5026-52f3-475a-a20f-5aacf94764f0: 29
2026-04-27 18:36:40 [http-nio-3000-exec-6] WARN  o.s.w.s.m.m.a.ExceptionHandlerExceptionResolver - Resolved [org.springframework.web.bind.MissingServletRequestParameterException: Required request parameter 'userId' for method parameter type String is not present]
2026-04-27 18:36:50 [http-nio-3000-exec-9] INFO  c.b.p.a.a.a.c.AuthRestAdapter - POST /auth/signin - Intento de autenticación para email: mateovargas220705@gmail.com
2026-04-27 18:36:50 [http-nio-3000-exec-9] DEBUG c.b.p.a.d.a.s.AutorizacionAuthService - Autenticando usuario con email: mateovargas220705@gmail.com
2026-04-27 18:36:50 [http-nio-3000-exec-9] DEBUG c.b.p.a.d.a.s.AutorizacionAuthService - Autenticación completada para email: mateovargas220705@gmail.com
2026-04-27 18:36:50 [http-nio-3000-exec-9] INFO  c.b.p.a.a.a.c.AuthRestAdapter - Autenticación exitosa para email: mateovargas220705@gmail.com
2026-04-27 18:36:50 [http-nio-3000-exec-8] INFO  c.b.p.a.a.p.c.ProductosRestAdapter - GET /productos - Obtener todos los productos
2026-04-27 18:36:50 [http-nio-3000-exec-8] DEBUG c.b.p.a.d.p.s.GestionProductosService - Obteniendo todos los productos
2026-04-27 18:36:50 [http-nio-3000-exec-3] INFO  c.b.p.a.a.v.c.VendedoresRestAdapter - GET /vendedores - Obtener todos los vendedores
2026-04-27 18:36:50 [http-nio-3000-exec-3] DEBUG c.b.p.a.d.v.s.GestionVendedoresService - Obteniendo todos los vendedores
2026-04-27 18:36:50 [http-nio-3000-exec-10] INFO  c.b.p.a.a.p.c.ProductosRestAdapter - GET /productos/stock-bajo - Consultando alertas con umbral: 100
2026-04-27 18:36:50 [http-nio-3000-exec-10] DEBUG c.b.p.a.d.p.s.GestionProductosService - Obteniendo productos con stock bajo. Umbral: 100
2026-04-27 18:36:50 [http-nio-3000-exec-10] DEBUG c.b.p.a.d.p.s.GestionProductosService - Se encontraron 24 productos con stock bajo
2026-04-27 18:36:50 [http-nio-3000-exec-8] DEBUG c.b.p.a.d.p.s.GestionProductosService - Se obtuvieron 25 productos
2026-04-27 18:36:50 [http-nio-3000-exec-8] DEBUG c.b.p.a.a.p.c.ProductosRestAdapter - Se obtuvieron 25 productos
2026-04-27 18:36:50 [http-nio-3000-exec-3] DEBUG c.b.p.a.d.v.s.GestionVendedoresService - Se obtuvieron 8 vendedores
2026-04-27 18:36:50 [http-nio-3000-exec-3] DEBUG c.b.p.a.a.v.c.VendedoresRestAdapter - Se obtuvieron 8 vendedores
2026-04-27 18:36:52 [http-nio-3000-exec-2] INFO  c.b.p.a.a.p.c.ProductosRestAdapter - GET /productos - Obtener todos los productos
2026-04-27 18:36:52 [http-nio-3000-exec-1] INFO  c.b.p.a.a.v.c.VendedoresRestAdapter - GET /vendedores - Obtener todos los vendedores
2026-04-27 18:36:52 [http-nio-3000-exec-2] DEBUG c.b.p.a.d.p.s.GestionProductosService - Obteniendo todos los productos
2026-04-27 18:36:52 [http-nio-3000-exec-1] DEBUG c.b.p.a.d.v.s.GestionVendedoresService - Obteniendo todos los vendedores
2026-04-27 18:36:52 [http-nio-3000-exec-1] DEBUG c.b.p.a.d.v.s.GestionVendedoresService - Se obtuvieron 8 vendedores
2026-04-27 18:36:52 [http-nio-3000-exec-1] DEBUG c.b.p.a.a.v.c.VendedoresRestAdapter - Se obtuvieron 8 vendedores
2026-04-27 18:36:52 [http-nio-3000-exec-2] DEBUG c.b.p.a.d.p.s.GestionProductosService - Se obtuvieron 25 productos
2026-04-27 18:36:52 [http-nio-3000-exec-2] DEBUG c.b.p.a.a.p.c.ProductosRestAdapter - Se obtuvieron 25 productos
2026-04-27 18:36:53 [http-nio-3000-exec-7] DEBUG c.b.p.a.d.a.s.AutorizacionAuthService - Obteniendo perfil por token
2026-04-27 18:36:53 [http-nio-3000-exec-6] DEBUG c.b.p.a.d.a.s.AutorizacionAuthService - Obteniendo perfil por token
2026-04-27 18:36:53 [http-nio-3000-exec-10] DEBUG c.b.p.a.d.a.s.AutorizacionAuthService - Obteniendo perfil por token
2026-04-27 18:36:53 [http-nio-3000-exec-5] DEBUG c.b.p.a.d.a.s.AutorizacionAuthService - Obteniendo perfil por token
2026-04-27 18:36:53 [http-nio-3000-exec-4] DEBUG c.b.p.a.d.a.s.AutorizacionAuthService - Obteniendo perfil por token
2026-04-27 18:36:53 [http-nio-3000-exec-9] DEBUG c.b.p.a.d.a.s.AutorizacionAuthService - Obteniendo perfil por token
2026-04-27 18:36:53 [http-nio-3000-exec-7] DEBUG c.b.p.a.d.a.s.AutorizacionAuthService - Perfil obtenido exitosamente para usuario ID: f2dc5b92-7ded-4c42-9e5a-d8a22aaf4a3a
2026-04-27 18:36:53 [http-nio-3000-exec-7] INFO  c.b.p.a.a.i.c.InventarioRestAdapter - GET /inventario/vendedor/5e0e4eff-aec3-46df-a77e-d4feeb19394c - consulta por mateovargas220705@gmail.com
2026-04-27 18:36:53 [http-nio-3000-exec-7] INFO  c.b.p.a.d.i.s.GestionInventarioService - Consultando cargas por vendedor: 5e0e4eff-aec3-46df-a77e-d4feeb19394c
2026-04-27 18:36:53 [http-nio-3000-exec-7] DEBUG c.b.p.a.i.p.s.a.SupabaseAsignacionRepositoryAdapter - Consultando asignaciones por vendedor: 5e0e4eff-aec3-46df-a77e-d4feeb19394c
2026-04-27 18:36:53 [http-nio-3000-exec-10] DEBUG c.b.p.a.d.a.s.AutorizacionAuthService - Perfil obtenido exitosamente para usuario ID: f2dc5b92-7ded-4c42-9e5a-d8a22aaf4a3a
2026-04-27 18:36:53 [http-nio-3000-exec-10] INFO  c.b.p.a.a.i.c.InventarioRestAdapter - GET /inventario/vendedor/7ca8780f-864c-4179-8c8a-9d8ae55b6df8 - consulta por mateovargas220705@gmail.com
2026-04-27 18:36:53 [http-nio-3000-exec-10] INFO  c.b.p.a.d.i.s.GestionInventarioService - Consultando cargas por vendedor: 7ca8780f-864c-4179-8c8a-9d8ae55b6df8
2026-04-27 18:36:53 [http-nio-3000-exec-10] DEBUG c.b.p.a.i.p.s.a.SupabaseAsignacionRepositoryAdapter - Consultando asignaciones por vendedor: 7ca8780f-864c-4179-8c8a-9d8ae55b6df8
2026-04-27 18:36:53 [http-nio-3000-exec-9] DEBUG c.b.p.a.d.a.s.AutorizacionAuthService - Perfil obtenido exitosamente para usuario ID: f2dc5b92-7ded-4c42-9e5a-d8a22aaf4a3a
2026-04-27 18:36:53 [http-nio-3000-exec-9] INFO  c.b.p.a.a.i.c.InventarioRestAdapter - GET /inventario/vendedor/73ed0c2b-851c-44c8-a08b-ded6f61924f9 - consulta por mateovargas220705@gmail.com
2026-04-27 18:36:53 [http-nio-3000-exec-9] INFO  c.b.p.a.d.i.s.GestionInventarioService - Consultando cargas por vendedor: 73ed0c2b-851c-44c8-a08b-ded6f61924f9
2026-04-27 18:36:53 [http-nio-3000-exec-9] DEBUG c.b.p.a.i.p.s.a.SupabaseAsignacionRepositoryAdapter - Consultando asignaciones por vendedor: 73ed0c2b-851c-44c8-a08b-ded6f61924f9
2026-04-27 18:36:53 [http-nio-3000-exec-5] DEBUG c.b.p.a.d.a.s.AutorizacionAuthService - Perfil obtenido exitosamente para usuario ID: f2dc5b92-7ded-4c42-9e5a-d8a22aaf4a3a
2026-04-27 18:36:53 [http-nio-3000-exec-5] INFO  c.b.p.a.a.i.c.InventarioRestAdapter - GET /inventario/vendedor/0b9544ca-bfbe-4335-821c-5c8eb4b553b2 - consulta por mateovargas220705@gmail.com
2026-04-27 18:36:53 [http-nio-3000-exec-5] INFO  c.b.p.a.d.i.s.GestionInventarioService - Consultando cargas por vendedor: 0b9544ca-bfbe-4335-821c-5c8eb4b553b2
2026-04-27 18:36:53 [http-nio-3000-exec-5] DEBUG c.b.p.a.i.p.s.a.SupabaseAsignacionRepositoryAdapter - Consultando asignaciones por vendedor: 0b9544ca-bfbe-4335-821c-5c8eb4b553b2
2026-04-27 18:36:53 [http-nio-3000-exec-4] DEBUG c.b.p.a.d.a.s.AutorizacionAuthService - Perfil obtenido exitosamente para usuario ID: f2dc5b92-7ded-4c42-9e5a-d8a22aaf4a3a
2026-04-27 18:36:53 [http-nio-3000-exec-4] INFO  c.b.p.a.a.i.c.InventarioRestAdapter - GET /inventario/vendedor/2ab0631c-da17-4bd8-b9b9-237de54711c6 - consulta por mateovargas220705@gmail.com
2026-04-27 18:36:53 [http-nio-3000-exec-4] INFO  c.b.p.a.d.i.s.GestionInventarioService - Consultando cargas por vendedor: 2ab0631c-da17-4bd8-b9b9-237de54711c6
2026-04-27 18:36:53 [http-nio-3000-exec-4] DEBUG c.b.p.a.i.p.s.a.SupabaseAsignacionRepositoryAdapter - Consultando asignaciones por vendedor: 2ab0631c-da17-4bd8-b9b9-237de54711c6
2026-04-27 18:36:53 [http-nio-3000-exec-6] DEBUG c.b.p.a.d.a.s.AutorizacionAuthService - Perfil obtenido exitosamente para usuario ID: f2dc5b92-7ded-4c42-9e5a-d8a22aaf4a3a
2026-04-27 18:36:53 [http-nio-3000-exec-6] INFO  c.b.p.a.a.i.c.InventarioRestAdapter - GET /inventario/vendedor/6b0a5026-52f3-475a-a20f-5aacf94764f0 - consulta por mateovargas220705@gmail.com
2026-04-27 18:36:53 [http-nio-3000-exec-6] INFO  c.b.p.a.d.i.s.GestionInventarioService - Consultando cargas por vendedor: 6b0a5026-52f3-475a-a20f-5aacf94764f0
2026-04-27 18:36:53 [http-nio-3000-exec-6] DEBUG c.b.p.a.i.p.s.a.SupabaseAsignacionRepositoryAdapter - Consultando asignaciones por vendedor: 6b0a5026-52f3-475a-a20f-5aacf94764f0
2026-04-27 18:36:53 [http-nio-3000-exec-9] DEBUG c.b.p.a.i.p.s.a.SupabaseAsignacionRepositoryAdapter - Asignaciones encontradas para vendedor 73ed0c2b-851c-44c8-a08b-ded6f61924f9: 4
2026-04-27 18:36:53 [http-nio-3000-exec-7] DEBUG c.b.p.a.i.p.s.a.SupabaseAsignacionRepositoryAdapter - Asignaciones encontradas para vendedor 5e0e4eff-aec3-46df-a77e-d4feeb19394c: 4
2026-04-27 18:36:53 [http-nio-3000-exec-5] DEBUG c.b.p.a.i.p.s.a.SupabaseAsignacionRepositoryAdapter - Asignaciones encontradas para vendedor 0b9544ca-bfbe-4335-821c-5c8eb4b553b2: 1
2026-04-27 18:36:53 [http-nio-3000-exec-3] DEBUG c.b.p.a.d.a.s.AutorizacionAuthService - Obteniendo perfil por token
2026-04-27 18:36:53 [http-nio-3000-exec-8] DEBUG c.b.p.a.d.a.s.AutorizacionAuthService - Obteniendo perfil por token
2026-04-27 18:36:53 [http-nio-3000-exec-10] DEBUG c.b.p.a.i.p.s.a.SupabaseAsignacionRepositoryAdapter - Asignaciones encontradas para vendedor 7ca8780f-864c-4179-8c8a-9d8ae55b6df8: 3
2026-04-27 18:36:53 [http-nio-3000-exec-4] DEBUG c.b.p.a.i.p.s.a.SupabaseAsignacionRepositoryAdapter - Asignaciones encontradas para vendedor 2ab0631c-da17-4bd8-b9b9-237de54711c6: 9
2026-04-27 18:36:53 [http-nio-3000-exec-6] DEBUG c.b.p.a.i.p.s.a.SupabaseAsignacionRepositoryAdapter - Asignaciones encontradas para vendedor 6b0a5026-52f3-475a-a20f-5aacf94764f0: 29
2026-04-27 18:36:53 [http-nio-3000-exec-3] DEBUG c.b.p.a.d.a.s.AutorizacionAuthService - Perfil obtenido exitosamente para usuario ID: f2dc5b92-7ded-4c42-9e5a-d8a22aaf4a3a
2026-04-27 18:36:53 [http-nio-3000-exec-3] INFO  c.b.p.a.a.i.c.InventarioRestAdapter - GET /inventario/vendedor/997e2337-32a6-4ba5-84fb-873ef1b6036f - consulta por mateovargas220705@gmail.com
2026-04-27 18:36:53 [http-nio-3000-exec-3] INFO  c.b.p.a.d.i.s.GestionInventarioService - Consultando cargas por vendedor: 997e2337-32a6-4ba5-84fb-873ef1b6036f
2026-04-27 18:36:53 [http-nio-3000-exec-3] DEBUG c.b.p.a.i.p.s.a.SupabaseAsignacionRepositoryAdapter - Consultando asignaciones por vendedor: 997e2337-32a6-4ba5-84fb-873ef1b6036f
2026-04-27 18:36:53 [http-nio-3000-exec-8] DEBUG c.b.p.a.d.a.s.AutorizacionAuthService - Perfil obtenido exitosamente para usuario ID: f2dc5b92-7ded-4c42-9e5a-d8a22aaf4a3a
2026-04-27 18:36:53 [http-nio-3000-exec-8] INFO  c.b.p.a.a.i.c.InventarioRestAdapter - GET /inventario/vendedor/7dec6fc9-8ddc-48c6-86a3-a1dbfc46f80e - consulta por mateovargas220705@gmail.com
2026-04-27 18:36:53 [http-nio-3000-exec-8] INFO  c.b.p.a.d.i.s.GestionInventarioService - Consultando cargas por vendedor: 7dec6fc9-8ddc-48c6-86a3-a1dbfc46f80e
2026-04-27 18:36:53 [http-nio-3000-exec-8] DEBUG c.b.p.a.i.p.s.a.SupabaseAsignacionRepositoryAdapter - Consultando asignaciones por vendedor: 7dec6fc9-8ddc-48c6-86a3-a1dbfc46f80e
2026-04-27 18:36:53 [http-nio-3000-exec-3] DEBUG c.b.p.a.i.p.s.a.SupabaseAsignacionRepositoryAdapter - Asignaciones encontradas para vendedor 997e2337-32a6-4ba5-84fb-873ef1b6036f: 1
2026-04-27 18:36:53 [http-nio-3000-exec-8] DEBUG c.b.p.a.i.p.s.a.SupabaseAsignacionRepositoryAdapter - Asignaciones encontradas para vendedor 7dec6fc9-8ddc-48c6-86a3-a1dbfc46f80e: 1
2026-04-27 18:36:54 [http-nio-3000-exec-1] INFO  c.b.p.a.a.v.c.VendedoresRestAdapter - GET /vendedores - Obtener todos los vendedores
2026-04-27 18:36:54 [http-nio-3000-exec-1] DEBUG c.b.p.a.d.v.s.GestionVendedoresService - Obteniendo todos los vendedores
2026-04-27 18:36:54 [http-nio-3000-exec-1] DEBUG c.b.p.a.d.v.s.GestionVendedoresService - Se obtuvieron 8 vendedores
2026-04-27 18:36:54 [http-nio-3000-exec-1] DEBUG c.b.p.a.a.v.c.VendedoresRestAdapter - Se obtuvieron 8 vendedores
2026-04-27 18:37:04 [http-nio-3000-exec-9] INFO  c.b.p.a.a.v.c.VendedoresRestAdapter - PUT /vendedores/2ab0631c-da17-4bd8-b9b9-237de54711c6 - Actualizar vendedor
2026-04-27 18:37:04 [http-nio-3000-exec-9] DEBUG c.b.p.a.d.v.s.GestionVendedoresService - Actualizando vendedor - ID: 2ab0631c-da17-4bd8-b9b9-237de54711c6
2026-04-27 18:37:04 [http-nio-3000-exec-9] DEBUG c.b.p.a.d.v.s.GestionVendedoresService - Obteniendo vendedor por ID: 2ab0631c-da17-4bd8-b9b9-237de54711c6
2026-04-27 18:37:04 [http-nio-3000-exec-9] DEBUG c.b.p.a.d.v.s.GestionVendedoresService - Vendedor encontrado - ID: 2ab0631c-da17-4bd8-b9b9-237de54711c6, Email: valeganvillarroel@gmail.bo
2026-04-27 18:37:04 [http-nio-3000-exec-9] DEBUG c.b.p.a.d.v.s.GestionVendedoresService - Nombre actualizado a: Valeria
2026-04-27 18:37:04 [http-nio-3000-exec-9] DEBUG c.b.p.a.d.v.s.GestionVendedoresService - Email actualizado a: valeganvillarroel@gmail.bo
2026-04-27 18:37:04 [http-nio-3000-exec-9] DEBUG c.b.p.a.d.v.s.GestionVendedoresService - Estado actualizado a: ACTIVO
2026-04-27 18:37:04 [http-nio-3000-exec-9] DEBUG c.b.p.a.d.v.s.GestionVendedoresService - Cambios aplicados al sistema de autenticación para vendedor ID: 2ab0631c-da17-4bd8-b9b9-237de54711c6
2026-04-27 18:37:05 [http-nio-3000-exec-9] INFO  c.b.p.a.d.v.s.GestionVendedoresService - Vendedor actualizado exitosamente - ID: 2ab0631c-da17-4bd8-b9b9-237de54711c6
2026-04-27 18:37:05 [http-nio-3000-exec-9] INFO  c.b.p.a.a.v.c.VendedoresRestAdapter - Vendedor actualizado exitosamente - ID: 2ab0631c-da17-4bd8-b9b9-237de54711c6
2026-04-27 18:37:05 [http-nio-3000-exec-7] INFO  c.b.p.a.a.v.c.VendedoresRestAdapter - GET /vendedores - Obtener todos los vendedores
2026-04-27 18:37:05 [http-nio-3000-exec-7] DEBUG c.b.p.a.d.v.s.GestionVendedoresService - Obteniendo todos los vendedores
2026-04-27 18:37:05 [http-nio-3000-exec-7] DEBUG c.b.p.a.d.v.s.GestionVendedoresService - Se obtuvieron 8 vendedores
2026-04-27 18:37:05 [http-nio-3000-exec-7] DEBUG c.b.p.a.a.v.c.VendedoresRestAdapter - Se obtuvieron 8 vendedores
2026-04-27 18:37:07 [http-nio-3000-exec-5] INFO  c.b.p.a.a.p.c.ProductosRestAdapter - GET /productos - Obtener todos los productos
2026-04-27 18:37:07 [http-nio-3000-exec-5] DEBUG c.b.p.a.d.p.s.GestionProductosService - Obteniendo todos los productos
2026-04-27 18:37:07 [http-nio-3000-exec-5] DEBUG c.b.p.a.d.p.s.GestionProductosService - Se obtuvieron 25 productos
2026-04-27 18:37:07 [http-nio-3000-exec-5] DEBUG c.b.p.a.a.p.c.ProductosRestAdapter - Se obtuvieron 25 productos
2026-04-27 18:37:11 [http-nio-3000-exec-4] INFO  c.b.p.a.a.p.c.ProductosRestAdapter - DELETE /productos/15 - Eliminar producto
2026-04-27 18:37:11 [http-nio-3000-exec-4] DEBUG c.b.p.a.d.p.s.GestionProductosService - Eliminando producto - ID: 15
2026-04-27 18:37:11 [http-nio-3000-exec-4] DEBUG c.b.p.a.d.p.s.GestionProductosService - Obteniendo producto por ID: 15
2026-04-27 18:37:11 [http-nio-3000-exec-4] DEBUG c.b.p.a.d.p.s.GestionProductosService - Producto encontrado - ID: 15, SKU: PEPSI-2.L
2026-04-27 18:37:11 [http-nio-3000-exec-4] ERROR c.b.p.a.a.p.c.ProductosRestAdapter - Error al eliminar producto - ID: 15
com.back.puntoventa.app.common.ApiException: {"code":"23503","details":"Key (id_producto)=(15) is still referenced from table \"carga_transporte\".","hint":null,"message":"update or delete on table \"productos\" violates foreign key constraint \"carga_transporte_id_producto_fkey\" on table \"carga_transporte\""}
	at com.back.puntoventa.app.infrastructure.persistence.supabase.client.SupabaseHttpClient.toApiException(SupabaseHttpClient.java:341)
	at com.back.puntoventa.app.infrastructure.persistence.supabase.client.SupabaseHttpClient.deleteRows(SupabaseHttpClient.java:213)
	at com.back.puntoventa.app.infrastructure.persistence.supabase.adapter.SupabaseProductoRepositoryAdapter.eliminar(SupabaseProductoRepositoryAdapter.java:116)
	at com.back.puntoventa.app.domain.productos.service.GestionProductosService.eliminar(GestionProductosService.java:143)
	at com.back.puntoventa.app.application.productos.controller.ProductosRestAdapter.eliminar(ProductosRestAdapter.java:148)
	at java.base/jdk.internal.reflect.NativeMethodAccessorImpl.invoke0(Native Method)
	at java.base/jdk.internal.reflect.NativeMethodAccessorImpl.invoke(NativeMethodAccessorImpl.java:77)
	at java.base/jdk.internal.reflect.DelegatingMethodAccessorImpl.invoke(DelegatingMethodAccessorImpl.java:43)
	at java.base/java.lang.reflect.Method.invoke(Method.java:569)
	at org.springframework.web.method.support.InvocableHandlerMethod.doInvoke(InvocableHandlerMethod.java:257)
	at org.springframework.web.method.support.InvocableHandlerMethod.invokeForRequest(InvocableHandlerMethod.java:190)
	at org.springframework.web.servlet.mvc.method.annotation.ServletInvocableHandlerMethod.invokeAndHandle(ServletInvocableHandlerMethod.java:118)
	at org.springframework.web.servlet.mvc.method.annotation.RequestMappingHandlerAdapter.invokeHandlerMethod(RequestMappingHandlerAdapter.java:986)
	at org.springframework.web.servlet.mvc.method.annotation.RequestMappingHandlerAdapter.handleInternal(RequestMappingHandlerAdapter.java:891)
	at org.springframework.web.servlet.mvc.method.AbstractHandlerMethodAdapter.handle(AbstractHandlerMethodAdapter.java:87)
	at org.springframework.web.servlet.DispatcherServlet.doDispatch(DispatcherServlet.java:1088)
	at org.springframework.web.servlet.DispatcherServlet.doService(DispatcherServlet.java:978)
	at org.springframework.web.servlet.FrameworkServlet.processRequest(FrameworkServlet.java:1014)
	at org.springframework.web.servlet.FrameworkServlet.doDelete(FrameworkServlet.java:936)
	at jakarta.servlet.http.HttpServlet.service(HttpServlet.java:596)
	at org.springframework.web.servlet.FrameworkServlet.service(FrameworkServlet.java:885)
	at jakarta.servlet.http.HttpServlet.service(HttpServlet.java:658)
	at org.apache.catalina.core.ApplicationFilterChain.internalDoFilter(ApplicationFilterChain.java:195)
	at org.apache.catalina.core.ApplicationFilterChain.doFilter(ApplicationFilterChain.java:140)
	at org.apache.tomcat.websocket.server.WsFilter.doFilter(WsFilter.java:51)
	at org.apache.catalina.core.ApplicationFilterChain.internalDoFilter(ApplicationFilterChain.java:164)
	at org.apache.catalina.core.ApplicationFilterChain.doFilter(ApplicationFilterChain.java:140)
	at org.springframework.web.filter.RequestContextFilter.doFilterInternal(RequestContextFilter.java:100)
	at org.springframework.web.filter.OncePerRequestFilter.doFilter(OncePerRequestFilter.java:116)
	at org.apache.catalina.core.ApplicationFilterChain.internalDoFilter(ApplicationFilterChain.java:164)
	at org.apache.catalina.core.ApplicationFilterChain.doFilter(ApplicationFilterChain.java:140)
	at org.springframework.web.filter.FormContentFilter.doFilterInternal(FormContentFilter.java:93)
	at org.springframework.web.filter.OncePerRequestFilter.doFilter(OncePerRequestFilter.java:116)
	at org.apache.catalina.core.ApplicationFilterChain.internalDoFilter(ApplicationFilterChain.java:164)
	at org.apache.catalina.core.ApplicationFilterChain.doFilter(ApplicationFilterChain.java:140)
	at org.springframework.web.filter.CharacterEncodingFilter.doFilterInternal(CharacterEncodingFilter.java:201)
	at org.springframework.web.filter.OncePerRequestFilter.doFilter(OncePerRequestFilter.java:116)
	at org.apache.catalina.core.ApplicationFilterChain.internalDoFilter(ApplicationFilterChain.java:164)
	at org.apache.catalina.core.ApplicationFilterChain.doFilter(ApplicationFilterChain.java:140)
	at org.apache.catalina.core.StandardWrapperValve.invoke(StandardWrapperValve.java:167)
	at org.apache.catalina.core.StandardContextValve.invoke(StandardContextValve.java:90)
	at org.apache.catalina.authenticator.AuthenticatorBase.invoke(AuthenticatorBase.java:483)
	at org.apache.catalina.core.StandardHostValve.invoke(StandardHostValve.java:115)
	at org.apache.catalina.valves.ErrorReportValve.invoke(ErrorReportValve.java:93)
	at org.apache.catalina.core.StandardEngineValve.invoke(StandardEngineValve.java:74)
	at org.apache.catalina.connector.CoyoteAdapter.service(CoyoteAdapter.java:344)
	at org.apache.coyote.http11.Http11Processor.service(Http11Processor.java:397)
	at org.apache.coyote.AbstractProcessorLight.process(AbstractProcessorLight.java:63)
	at org.apache.coyote.AbstractProtocol$ConnectionHandler.process(AbstractProtocol.java:905)
	at org.apache.tomcat.util.net.NioEndpoint$SocketProcessor.doRun(NioEndpoint.java:1741)
	at org.apache.tomcat.util.net.SocketProcessorBase.run(SocketProcessorBase.java:52)
	at org.apache.tomcat.util.threads.ThreadPoolExecutor.runWorker(ThreadPoolExecutor.java:1190)
	at org.apache.tomcat.util.threads.ThreadPoolExecutor$Worker.run(ThreadPoolExecutor.java:659)
	at org.apache.tomcat.util.threads.TaskThread$WrappingRunnable.run(TaskThread.java:63)
	at java.base/java.lang.Thread.run(Thread.java:840)
2026-04-27 18:37:11 [http-nio-3000-exec-4] WARN  o.s.w.s.m.m.a.ExceptionHandlerExceptionResolver - Resolved [com.back.puntoventa.app.common.ApiException: {"code":"23503","details":"Key (id_producto)=(15) is still referenced from table \"carga_transporte\".","hint":null,"message":"update or delete on table \"productos\" violates foreign key constraint \"carga_transporte_id_producto_fkey\" on table \"carga_transporte\""}]
2026-04-27 18:37:14 [http-nio-3000-exec-3] INFO  c.b.p.a.a.p.c.ProductosRestAdapter - DELETE /productos/16 - Eliminar producto
2026-04-27 18:37:14 [http-nio-3000-exec-3] DEBUG c.b.p.a.d.p.s.GestionProductosService - Eliminando producto - ID: 16
2026-04-27 18:37:14 [http-nio-3000-exec-3] DEBUG c.b.p.a.d.p.s.GestionProductosService - Obteniendo producto por ID: 16
2026-04-27 18:37:14 [http-nio-3000-exec-3] DEBUG c.b.p.a.d.p.s.GestionProductosService - Producto encontrado - ID: 16, SKU: PA;ENLERA
2026-04-27 18:37:14 [http-nio-3000-exec-3] ERROR c.b.p.a.a.p.c.ProductosRestAdapter - Error al eliminar producto - ID: 16
com.back.puntoventa.app.common.ApiException: {"code":"23503","details":"Key (id_producto)=(16) is still referenced from table \"carga_transporte\".","hint":null,"message":"update or delete on table \"productos\" violates foreign key constraint \"carga_transporte_id_producto_fkey\" on table \"carga_transporte\""}
	at com.back.puntoventa.app.infrastructure.persistence.supabase.client.SupabaseHttpClient.toApiException(SupabaseHttpClient.java:341)
	at com.back.puntoventa.app.infrastructure.persistence.supabase.client.SupabaseHttpClient.deleteRows(SupabaseHttpClient.java:213)
	at com.back.puntoventa.app.infrastructure.persistence.supabase.adapter.SupabaseProductoRepositoryAdapter.eliminar(SupabaseProductoRepositoryAdapter.java:116)
	at com.back.puntoventa.app.domain.productos.service.GestionProductosService.eliminar(GestionProductosService.java:143)
	at com.back.puntoventa.app.application.productos.controller.ProductosRestAdapter.eliminar(ProductosRestAdapter.java:148)
	at java.base/jdk.internal.reflect.NativeMethodAccessorImpl.invoke0(Native Method)
	at java.base/jdk.internal.reflect.NativeMethodAccessorImpl.invoke(NativeMethodAccessorImpl.java:77)
	at java.base/jdk.internal.reflect.DelegatingMethodAccessorImpl.invoke(DelegatingMethodAccessorImpl.java:43)
	at java.base/java.lang.reflect.Method.invoke(Method.java:569)
	at org.springframework.web.method.support.InvocableHandlerMethod.doInvoke(InvocableHandlerMethod.java:257)
	at org.springframework.web.method.support.InvocableHandlerMethod.invokeForRequest(InvocableHandlerMethod.java:190)
	at org.springframework.web.servlet.mvc.method.annotation.ServletInvocableHandlerMethod.invokeAndHandle(ServletInvocableHandlerMethod.java:118)
	at org.springframework.web.servlet.mvc.method.annotation.RequestMappingHandlerAdapter.invokeHandlerMethod(RequestMappingHandlerAdapter.java:986)
	at org.springframework.web.servlet.mvc.method.annotation.RequestMappingHandlerAdapter.handleInternal(RequestMappingHandlerAdapter.java:891)
	at org.springframework.web.servlet.mvc.method.AbstractHandlerMethodAdapter.handle(AbstractHandlerMethodAdapter.java:87)
	at org.springframework.web.servlet.DispatcherServlet.doDispatch(DispatcherServlet.java:1088)
	at org.springframework.web.servlet.DispatcherServlet.doService(DispatcherServlet.java:978)
	at org.springframework.web.servlet.FrameworkServlet.processRequest(FrameworkServlet.java:1014)
	at org.springframework.web.servlet.FrameworkServlet.doDelete(FrameworkServlet.java:936)
	at jakarta.servlet.http.HttpServlet.service(HttpServlet.java:596)
	at org.springframework.web.servlet.FrameworkServlet.service(FrameworkServlet.java:885)
	at jakarta.servlet.http.HttpServlet.service(HttpServlet.java:658)
	at org.apache.catalina.core.ApplicationFilterChain.internalDoFilter(ApplicationFilterChain.java:195)
	at org.apache.catalina.core.ApplicationFilterChain.doFilter(ApplicationFilterChain.java:140)
	at org.apache.tomcat.websocket.server.WsFilter.doFilter(WsFilter.java:51)
	at org.apache.catalina.core.ApplicationFilterChain.internalDoFilter(ApplicationFilterChain.java:164)
	at org.apache.catalina.core.ApplicationFilterChain.doFilter(ApplicationFilterChain.java:140)
	at org.springframework.web.filter.RequestContextFilter.doFilterInternal(RequestContextFilter.java:100)
	at org.springframework.web.filter.OncePerRequestFilter.doFilter(OncePerRequestFilter.java:116)
	at org.apache.catalina.core.ApplicationFilterChain.internalDoFilter(ApplicationFilterChain.java:164)
	at org.apache.catalina.core.ApplicationFilterChain.doFilter(ApplicationFilterChain.java:140)
	at org.springframework.web.filter.FormContentFilter.doFilterInternal(FormContentFilter.java:93)
	at org.springframework.web.filter.OncePerRequestFilter.doFilter(OncePerRequestFilter.java:116)
	at org.apache.catalina.core.ApplicationFilterChain.internalDoFilter(ApplicationFilterChain.java:164)
	at org.apache.catalina.core.ApplicationFilterChain.doFilter(ApplicationFilterChain.java:140)
	at org.springframework.web.filter.CharacterEncodingFilter.doFilterInternal(CharacterEncodingFilter.java:201)
	at org.springframework.web.filter.OncePerRequestFilter.doFilter(OncePerRequestFilter.java:116)
	at org.apache.catalina.core.ApplicationFilterChain.internalDoFilter(ApplicationFilterChain.java:164)
	at org.apache.catalina.core.ApplicationFilterChain.doFilter(ApplicationFilterChain.java:140)
	at org.apache.catalina.core.StandardWrapperValve.invoke(StandardWrapperValve.java:167)
	at org.apache.catalina.core.StandardContextValve.invoke(StandardContextValve.java:90)
	at org.apache.catalina.authenticator.AuthenticatorBase.invoke(AuthenticatorBase.java:483)
	at org.apache.catalina.core.StandardHostValve.invoke(StandardHostValve.java:115)
	at org.apache.catalina.valves.ErrorReportValve.invoke(ErrorReportValve.java:93)
	at org.apache.catalina.core.StandardEngineValve.invoke(StandardEngineValve.java:74)
	at org.apache.catalina.connector.CoyoteAdapter.service(CoyoteAdapter.java:344)
	at org.apache.coyote.http11.Http11Processor.service(Http11Processor.java:397)
	at org.apache.coyote.AbstractProcessorLight.process(AbstractProcessorLight.java:63)
	at org.apache.coyote.AbstractProtocol$ConnectionHandler.process(AbstractProtocol.java:905)
	at org.apache.tomcat.util.net.NioEndpoint$SocketProcessor.doRun(NioEndpoint.java:1741)
	at org.apache.tomcat.util.net.SocketProcessorBase.run(SocketProcessorBase.java:52)
	at org.apache.tomcat.util.threads.ThreadPoolExecutor.runWorker(ThreadPoolExecutor.java:1190)
	at org.apache.tomcat.util.threads.ThreadPoolExecutor$Worker.run(ThreadPoolExecutor.java:659)
	at org.apache.tomcat.util.threads.TaskThread$WrappingRunnable.run(TaskThread.java:63)
	at java.base/java.lang.Thread.run(Thread.java:840)
2026-04-27 18:37:14 [http-nio-3000-exec-3] WARN  o.s.w.s.m.m.a.ExceptionHandlerExceptionResolver - Resolved [com.back.puntoventa.app.common.ApiException: {"code":"23503","details":"Key (id_producto)=(16) is still referenced from table \"carga_transporte\".","hint":null,"message":"update or delete on table \"productos\" violates foreign key constraint \"carga_transporte_id_producto_fkey\" on table \"carga_transporte\""}]
2026-04-27 18:37:17 [http-nio-3000-exec-8] INFO  c.b.p.a.a.p.c.ProductosRestAdapter - GET /productos - Obtener todos los productos
2026-04-27 18:37:17 [http-nio-3000-exec-8] DEBUG c.b.p.a.d.p.s.GestionProductosService - Obteniendo todos los productos
2026-04-27 18:37:17 [http-nio-3000-exec-8] DEBUG c.b.p.a.d.p.s.GestionProductosService - Se obtuvieron 25 productos
2026-04-27 18:37:17 [http-nio-3000-exec-8] DEBUG c.b.p.a.a.p.c.ProductosRestAdapter - Se obtuvieron 25 productos
2026-04-27 18:37:27 [http-nio-3000-exec-1] INFO  c.b.p.a.a.p.c.ProductosRestAdapter - DELETE /productos/16 - Eliminar producto
2026-04-27 18:37:27 [http-nio-3000-exec-1] DEBUG c.b.p.a.d.p.s.GestionProductosService - Eliminando producto - ID: 16
2026-04-27 18:37:27 [http-nio-3000-exec-1] DEBUG c.b.p.a.d.p.s.GestionProductosService - Obteniendo producto por ID: 16
2026-04-27 18:37:27 [http-nio-3000-exec-1] DEBUG c.b.p.a.d.p.s.GestionProductosService - Producto encontrado - ID: 16, SKU: PA;ENLERA
2026-04-27 18:37:27 [http-nio-3000-exec-1] ERROR c.b.p.a.a.p.c.ProductosRestAdapter - Error al eliminar producto - ID: 16
com.back.puntoventa.app.common.ApiException: {"code":"23503","details":"Key (id_producto)=(16) is still referenced from table \"carga_transporte\".","hint":null,"message":"update or delete on table \"productos\" violates foreign key constraint \"carga_transporte_id_producto_fkey\" on table \"carga_transporte\""}
	at com.back.puntoventa.app.infrastructure.persistence.supabase.client.SupabaseHttpClient.toApiException(SupabaseHttpClient.java:341)
	at com.back.puntoventa.app.infrastructure.persistence.supabase.client.SupabaseHttpClient.deleteRows(SupabaseHttpClient.java:213)
	at com.back.puntoventa.app.infrastructure.persistence.supabase.adapter.SupabaseProductoRepositoryAdapter.eliminar(SupabaseProductoRepositoryAdapter.java:116)
	at com.back.puntoventa.app.domain.productos.service.GestionProductosService.eliminar(GestionProductosService.java:143)
	at com.back.puntoventa.app.application.productos.controller.ProductosRestAdapter.eliminar(ProductosRestAdapter.java:148)
	at java.base/jdk.internal.reflect.NativeMethodAccessorImpl.invoke0(Native Method)
	at java.base/jdk.internal.reflect.NativeMethodAccessorImpl.invoke(NativeMethodAccessorImpl.java:77)
	at java.base/jdk.internal.reflect.DelegatingMethodAccessorImpl.invoke(DelegatingMethodAccessorImpl.java:43)
	at java.base/java.lang.reflect.Method.invoke(Method.java:569)
	at org.springframework.web.method.support.InvocableHandlerMethod.doInvoke(InvocableHandlerMethod.java:257)
	at org.springframework.web.method.support.InvocableHandlerMethod.invokeForRequest(InvocableHandlerMethod.java:190)
	at org.springframework.web.servlet.mvc.method.annotation.ServletInvocableHandlerMethod.invokeAndHandle(ServletInvocableHandlerMethod.java:118)
	at org.springframework.web.servlet.mvc.method.annotation.RequestMappingHandlerAdapter.invokeHandlerMethod(RequestMappingHandlerAdapter.java:986)
	at org.springframework.web.servlet.mvc.method.annotation.RequestMappingHandlerAdapter.handleInternal(RequestMappingHandlerAdapter.java:891)
	at org.springframework.web.servlet.mvc.method.AbstractHandlerMethodAdapter.handle(AbstractHandlerMethodAdapter.java:87)
	at org.springframework.web.servlet.DispatcherServlet.doDispatch(DispatcherServlet.java:1088)
	at org.springframework.web.servlet.DispatcherServlet.doService(DispatcherServlet.java:978)
	at org.springframework.web.servlet.FrameworkServlet.processRequest(FrameworkServlet.java:1014)
	at org.springframework.web.servlet.FrameworkServlet.doDelete(FrameworkServlet.java:936)
	at jakarta.servlet.http.HttpServlet.service(HttpServlet.java:596)
	at org.springframework.web.servlet.FrameworkServlet.service(FrameworkServlet.java:885)
	at jakarta.servlet.http.HttpServlet.service(HttpServlet.java:658)
	at org.apache.catalina.core.ApplicationFilterChain.internalDoFilter(ApplicationFilterChain.java:195)
	at org.apache.catalina.core.ApplicationFilterChain.doFilter(ApplicationFilterChain.java:140)
	at org.apache.tomcat.websocket.server.WsFilter.doFilter(WsFilter.java:51)
	at org.apache.catalina.core.ApplicationFilterChain.internalDoFilter(ApplicationFilterChain.java:164)
	at org.apache.catalina.core.ApplicationFilterChain.doFilter(ApplicationFilterChain.java:140)
	at org.springframework.web.filter.RequestContextFilter.doFilterInternal(RequestContextFilter.java:100)
	at org.springframework.web.filter.OncePerRequestFilter.doFilter(OncePerRequestFilter.java:116)
	at org.apache.catalina.core.ApplicationFilterChain.internalDoFilter(ApplicationFilterChain.java:164)
	at org.apache.catalina.core.ApplicationFilterChain.doFilter(ApplicationFilterChain.java:140)
	at org.springframework.web.filter.FormContentFilter.doFilterInternal(FormContentFilter.java:93)
	at org.springframework.web.filter.OncePerRequestFilter.doFilter(OncePerRequestFilter.java:116)
	at org.apache.catalina.core.ApplicationFilterChain.internalDoFilter(ApplicationFilterChain.java:164)
	at org.apache.catalina.core.ApplicationFilterChain.doFilter(ApplicationFilterChain.java:140)
	at org.springframework.web.filter.CharacterEncodingFilter.doFilterInternal(CharacterEncodingFilter.java:201)
	at org.springframework.web.filter.OncePerRequestFilter.doFilter(OncePerRequestFilter.java:116)
	at org.apache.catalina.core.ApplicationFilterChain.internalDoFilter(ApplicationFilterChain.java:164)
	at org.apache.catalina.core.ApplicationFilterChain.doFilter(ApplicationFilterChain.java:140)
	at org.apache.catalina.core.StandardWrapperValve.invoke(StandardWrapperValve.java:167)
	at org.apache.catalina.core.StandardContextValve.invoke(StandardContextValve.java:90)
	at org.apache.catalina.authenticator.AuthenticatorBase.invoke(AuthenticatorBase.java:483)
	at org.apache.catalina.core.StandardHostValve.invoke(StandardHostValve.java:115)
	at org.apache.catalina.valves.ErrorReportValve.invoke(ErrorReportValve.java:93)
	at org.apache.catalina.core.StandardEngineValve.invoke(StandardEngineValve.java:74)
	at org.apache.catalina.connector.CoyoteAdapter.service(CoyoteAdapter.java:344)
	at org.apache.coyote.http11.Http11Processor.service(Http11Processor.java:397)
	at org.apache.coyote.AbstractProcessorLight.process(AbstractProcessorLight.java:63)
	at org.apache.coyote.AbstractProtocol$ConnectionHandler.process(AbstractProtocol.java:905)
	at org.apache.tomcat.util.net.NioEndpoint$SocketProcessor.doRun(NioEndpoint.java:1741)
	at org.apache.tomcat.util.net.SocketProcessorBase.run(SocketProcessorBase.java:52)
	at org.apache.tomcat.util.threads.ThreadPoolExecutor.runWorker(ThreadPoolExecutor.java:1190)
	at org.apache.tomcat.util.threads.ThreadPoolExecutor$Worker.run(ThreadPoolExecutor.java:659)
	at org.apache.tomcat.util.threads.TaskThread$WrappingRunnable.run(TaskThread.java:63)
	at java.base/java.lang.Thread.run(Thread.java:840)
2026-04-27 18:37:27 [http-nio-3000-exec-1] WARN  o.s.w.s.m.m.a.ExceptionHandlerExceptionResolver - Resolved [com.back.puntoventa.app.common.ApiException: {"code":"23503","details":"Key (id_producto)=(16) is still referenced from table \"carga_transporte\".","hint":null,"message":"update or delete on table \"productos\" violates foreign key constraint \"carga_transporte_id_producto_fkey\" on table \"carga_transporte\""}]
2026-04-27 18:37:31 [http-nio-3000-exec-2] INFO  c.b.p.a.a.v.c.VendedoresRestAdapter - GET /vendedores - Obtener todos los vendedores
2026-04-27 18:37:31 [http-nio-3000-exec-2] DEBUG c.b.p.a.d.v.s.GestionVendedoresService - Obteniendo todos los vendedores
2026-04-27 18:37:31 [http-nio-3000-exec-9] INFO  c.b.p.a.a.p.c.ProductosRestAdapter - GET /productos - Obtener todos los productos
2026-04-27 18:37:31 [http-nio-3000-exec-9] DEBUG c.b.p.a.d.p.s.GestionProductosService - Obteniendo todos los productos
2026-04-27 18:37:31 [http-nio-3000-exec-2] DEBUG c.b.p.a.d.v.s.GestionVendedoresService - Se obtuvieron 8 vendedores
2026-04-27 18:37:31 [http-nio-3000-exec-2] DEBUG c.b.p.a.a.v.c.VendedoresRestAdapter - Se obtuvieron 8 vendedores
2026-04-27 18:37:31 [http-nio-3000-exec-9] DEBUG c.b.p.a.d.p.s.GestionProductosService - Se obtuvieron 25 productos
2026-04-27 18:37:31 [http-nio-3000-exec-9] DEBUG c.b.p.a.a.p.c.ProductosRestAdapter - Se obtuvieron 25 productos
2026-04-27 18:37:31 [http-nio-3000-exec-7] DEBUG c.b.p.a.d.a.s.AutorizacionAuthService - Obteniendo perfil por token
2026-04-27 18:37:31 [http-nio-3000-exec-5] DEBUG c.b.p.a.d.a.s.AutorizacionAuthService - Obteniendo perfil por token
2026-04-27 18:37:31 [http-nio-3000-exec-10] DEBUG c.b.p.a.d.a.s.AutorizacionAuthService - Obteniendo perfil por token
2026-04-27 18:37:31 [http-nio-3000-exec-4] DEBUG c.b.p.a.d.a.s.AutorizacionAuthService - Obteniendo perfil por token
2026-04-27 18:37:31 [http-nio-3000-exec-6] DEBUG c.b.p.a.d.a.s.AutorizacionAuthService - Obteniendo perfil por token
2026-04-27 18:37:31 [http-nio-3000-exec-3] DEBUG c.b.p.a.d.a.s.AutorizacionAuthService - Obteniendo perfil por token
2026-04-27 18:37:31 [http-nio-3000-exec-4] DEBUG c.b.p.a.d.a.s.AutorizacionAuthService - Perfil obtenido exitosamente para usuario ID: f2dc5b92-7ded-4c42-9e5a-d8a22aaf4a3a
2026-04-27 18:37:31 [http-nio-3000-exec-4] INFO  c.b.p.a.a.i.c.InventarioRestAdapter - GET /inventario/vendedor/6b0a5026-52f3-475a-a20f-5aacf94764f0 - consulta por mateovargas220705@gmail.com
2026-04-27 18:37:31 [http-nio-3000-exec-4] INFO  c.b.p.a.d.i.s.GestionInventarioService - Consultando cargas por vendedor: 6b0a5026-52f3-475a-a20f-5aacf94764f0
2026-04-27 18:37:31 [http-nio-3000-exec-4] DEBUG c.b.p.a.i.p.s.a.SupabaseAsignacionRepositoryAdapter - Consultando asignaciones por vendedor: 6b0a5026-52f3-475a-a20f-5aacf94764f0
2026-04-27 18:37:31 [http-nio-3000-exec-3] DEBUG c.b.p.a.d.a.s.AutorizacionAuthService - Perfil obtenido exitosamente para usuario ID: f2dc5b92-7ded-4c42-9e5a-d8a22aaf4a3a
2026-04-27 18:37:31 [http-nio-3000-exec-3] INFO  c.b.p.a.a.i.c.InventarioRestAdapter - GET /inventario/vendedor/7ca8780f-864c-4179-8c8a-9d8ae55b6df8 - consulta por mateovargas220705@gmail.com
2026-04-27 18:37:31 [http-nio-3000-exec-3] INFO  c.b.p.a.d.i.s.GestionInventarioService - Consultando cargas por vendedor: 7ca8780f-864c-4179-8c8a-9d8ae55b6df8
2026-04-27 18:37:31 [http-nio-3000-exec-3] DEBUG c.b.p.a.i.p.s.a.SupabaseAsignacionRepositoryAdapter - Consultando asignaciones por vendedor: 7ca8780f-864c-4179-8c8a-9d8ae55b6df8
2026-04-27 18:37:31 [http-nio-3000-exec-6] DEBUG c.b.p.a.d.a.s.AutorizacionAuthService - Perfil obtenido exitosamente para usuario ID: f2dc5b92-7ded-4c42-9e5a-d8a22aaf4a3a
2026-04-27 18:37:31 [http-nio-3000-exec-6] INFO  c.b.p.a.a.i.c.InventarioRestAdapter - GET /inventario/vendedor/73ed0c2b-851c-44c8-a08b-ded6f61924f9 - consulta por mateovargas220705@gmail.com
2026-04-27 18:37:31 [http-nio-3000-exec-6] INFO  c.b.p.a.d.i.s.GestionInventarioService - Consultando cargas por vendedor: 73ed0c2b-851c-44c8-a08b-ded6f61924f9
2026-04-27 18:37:31 [http-nio-3000-exec-6] DEBUG c.b.p.a.i.p.s.a.SupabaseAsignacionRepositoryAdapter - Consultando asignaciones por vendedor: 73ed0c2b-851c-44c8-a08b-ded6f61924f9
2026-04-27 18:37:31 [http-nio-3000-exec-7] DEBUG c.b.p.a.d.a.s.AutorizacionAuthService - Perfil obtenido exitosamente para usuario ID: f2dc5b92-7ded-4c42-9e5a-d8a22aaf4a3a
2026-04-27 18:37:31 [http-nio-3000-exec-7] INFO  c.b.p.a.a.i.c.InventarioRestAdapter - GET /inventario/vendedor/0b9544ca-bfbe-4335-821c-5c8eb4b553b2 - consulta por mateovargas220705@gmail.com
2026-04-27 18:37:31 [http-nio-3000-exec-7] INFO  c.b.p.a.d.i.s.GestionInventarioService - Consultando cargas por vendedor: 0b9544ca-bfbe-4335-821c-5c8eb4b553b2
2026-04-27 18:37:31 [http-nio-3000-exec-7] DEBUG c.b.p.a.i.p.s.a.SupabaseAsignacionRepositoryAdapter - Consultando asignaciones por vendedor: 0b9544ca-bfbe-4335-821c-5c8eb4b553b2
2026-04-27 18:37:31 [http-nio-3000-exec-10] DEBUG c.b.p.a.d.a.s.AutorizacionAuthService - Perfil obtenido exitosamente para usuario ID: f2dc5b92-7ded-4c42-9e5a-d8a22aaf4a3a
2026-04-27 18:37:31 [http-nio-3000-exec-10] INFO  c.b.p.a.a.i.c.InventarioRestAdapter - GET /inventario/vendedor/5e0e4eff-aec3-46df-a77e-d4feeb19394c - consulta por mateovargas220705@gmail.com
2026-04-27 18:37:31 [http-nio-3000-exec-10] INFO  c.b.p.a.d.i.s.GestionInventarioService - Consultando cargas por vendedor: 5e0e4eff-aec3-46df-a77e-d4feeb19394c
2026-04-27 18:37:31 [http-nio-3000-exec-10] DEBUG c.b.p.a.i.p.s.a.SupabaseAsignacionRepositoryAdapter - Consultando asignaciones por vendedor: 5e0e4eff-aec3-46df-a77e-d4feeb19394c
2026-04-27 18:37:31 [http-nio-3000-exec-5] DEBUG c.b.p.a.d.a.s.AutorizacionAuthService - Perfil obtenido exitosamente para usuario ID: f2dc5b92-7ded-4c42-9e5a-d8a22aaf4a3a
2026-04-27 18:37:31 [http-nio-3000-exec-5] INFO  c.b.p.a.a.i.c.InventarioRestAdapter - GET /inventario/vendedor/2ab0631c-da17-4bd8-b9b9-237de54711c6 - consulta por mateovargas220705@gmail.com
2026-04-27 18:37:31 [http-nio-3000-exec-5] INFO  c.b.p.a.d.i.s.GestionInventarioService - Consultando cargas por vendedor: 2ab0631c-da17-4bd8-b9b9-237de54711c6
2026-04-27 18:37:31 [http-nio-3000-exec-5] DEBUG c.b.p.a.i.p.s.a.SupabaseAsignacionRepositoryAdapter - Consultando asignaciones por vendedor: 2ab0631c-da17-4bd8-b9b9-237de54711c6
2026-04-27 18:37:32 [http-nio-3000-exec-4] DEBUG c.b.p.a.i.p.s.a.SupabaseAsignacionRepositoryAdapter - Asignaciones encontradas para vendedor 6b0a5026-52f3-475a-a20f-5aacf94764f0: 29
2026-04-27 18:37:32 [http-nio-3000-exec-8] DEBUG c.b.p.a.d.a.s.AutorizacionAuthService - Obteniendo perfil por token
2026-04-27 18:37:32 [http-nio-3000-exec-3] DEBUG c.b.p.a.i.p.s.a.SupabaseAsignacionRepositoryAdapter - Asignaciones encontradas para vendedor 7ca8780f-864c-4179-8c8a-9d8ae55b6df8: 3
2026-04-27 18:37:32 [http-nio-3000-exec-6] DEBUG c.b.p.a.i.p.s.a.SupabaseAsignacionRepositoryAdapter - Asignaciones encontradas para vendedor 73ed0c2b-851c-44c8-a08b-ded6f61924f9: 4
2026-04-27 18:37:32 [http-nio-3000-exec-1] DEBUG c.b.p.a.d.a.s.AutorizacionAuthService - Obteniendo perfil por token
2026-04-27 18:37:32 [http-nio-3000-exec-7] DEBUG c.b.p.a.i.p.s.a.SupabaseAsignacionRepositoryAdapter - Asignaciones encontradas para vendedor 0b9544ca-bfbe-4335-821c-5c8eb4b553b2: 1
2026-04-27 18:37:32 [http-nio-3000-exec-10] DEBUG c.b.p.a.i.p.s.a.SupabaseAsignacionRepositoryAdapter - Asignaciones encontradas para vendedor 5e0e4eff-aec3-46df-a77e-d4feeb19394c: 4
2026-04-27 18:37:32 [http-nio-3000-exec-5] DEBUG c.b.p.a.i.p.s.a.SupabaseAsignacionRepositoryAdapter - Asignaciones encontradas para vendedor 2ab0631c-da17-4bd8-b9b9-237de54711c6: 9
2026-04-27 18:37:32 [http-nio-3000-exec-1] DEBUG c.b.p.a.d.a.s.AutorizacionAuthService - Perfil obtenido exitosamente para usuario ID: f2dc5b92-7ded-4c42-9e5a-d8a22aaf4a3a
2026-04-27 18:37:32 [http-nio-3000-exec-1] INFO  c.b.p.a.a.i.c.InventarioRestAdapter - GET /inventario/vendedor/997e2337-32a6-4ba5-84fb-873ef1b6036f - consulta por mateovargas220705@gmail.com
2026-04-27 18:37:32 [http-nio-3000-exec-1] INFO  c.b.p.a.d.i.s.GestionInventarioService - Consultando cargas por vendedor: 997e2337-32a6-4ba5-84fb-873ef1b6036f
2026-04-27 18:37:32 [http-nio-3000-exec-1] DEBUG c.b.p.a.i.p.s.a.SupabaseAsignacionRepositoryAdapter - Consultando asignaciones por vendedor: 997e2337-32a6-4ba5-84fb-873ef1b6036f
2026-04-27 18:37:32 [http-nio-3000-exec-8] DEBUG c.b.p.a.d.a.s.AutorizacionAuthService - Perfil obtenido exitosamente para usuario ID: f2dc5b92-7ded-4c42-9e5a-d8a22aaf4a3a
2026-04-27 18:37:32 [http-nio-3000-exec-8] INFO  c.b.p.a.a.i.c.InventarioRestAdapter - GET /inventario/vendedor/7dec6fc9-8ddc-48c6-86a3-a1dbfc46f80e - consulta por mateovargas220705@gmail.com
2026-04-27 18:37:32 [http-nio-3000-exec-8] INFO  c.b.p.a.d.i.s.GestionInventarioService - Consultando cargas por vendedor: 7dec6fc9-8ddc-48c6-86a3-a1dbfc46f80e
2026-04-27 18:37:32 [http-nio-3000-exec-8] DEBUG c.b.p.a.i.p.s.a.SupabaseAsignacionRepositoryAdapter - Consultando asignaciones por vendedor: 7dec6fc9-8ddc-48c6-86a3-a1dbfc46f80e
2026-04-27 18:37:32 [http-nio-3000-exec-1] DEBUG c.b.p.a.i.p.s.a.SupabaseAsignacionRepositoryAdapter - Asignaciones encontradas para vendedor 997e2337-32a6-4ba5-84fb-873ef1b6036f: 1
2026-04-27 18:37:32 [http-nio-3000-exec-8] DEBUG c.b.p.a.i.p.s.a.SupabaseAsignacionRepositoryAdapter - Asignaciones encontradas para vendedor 7dec6fc9-8ddc-48c6-86a3-a1dbfc46f80e: 1
2026-04-27 18:37:58 [http-nio-3000-exec-9] DEBUG c.b.p.a.d.a.s.AutorizacionAuthService - Obteniendo perfil por token
2026-04-27 18:37:58 [http-nio-3000-exec-2] DEBUG c.b.p.a.d.a.s.AutorizacionAuthService - Obteniendo perfil por token
2026-04-27 18:37:58 [http-nio-3000-exec-9] DEBUG c.b.p.a.d.a.s.AutorizacionAuthService - Perfil obtenido exitosamente para usuario ID: f2dc5b92-7ded-4c42-9e5a-d8a22aaf4a3a
2026-04-27 18:37:58 [http-nio-3000-exec-9] INFO  c.b.p.a.a.i.c.InventarioRestAdapter - POST /inventario/asignar - admin mateovargas220705@gmail.com asigna stock
2026-04-27 18:37:58 [http-nio-3000-exec-9] INFO  c.b.p.a.d.i.s.GestionInventarioService - Asignando stock - Producto: 9000109, Vendedor: 6b0a5026-52f3-475a-a20f-5aacf94764f0, Cantidad: 4
2026-04-27 18:37:58 [http-nio-3000-exec-2] DEBUG c.b.p.a.d.a.s.AutorizacionAuthService - Perfil obtenido exitosamente para usuario ID: f2dc5b92-7ded-4c42-9e5a-d8a22aaf4a3a
2026-04-27 18:37:58 [http-nio-3000-exec-2] INFO  c.b.p.a.a.i.c.InventarioRestAdapter - POST /inventario/asignar - admin mateovargas220705@gmail.com asigna stock
2026-04-27 18:37:58 [http-nio-3000-exec-2] INFO  c.b.p.a.d.i.s.GestionInventarioService - Asignando stock - Producto: 9000100, Vendedor: 6b0a5026-52f3-475a-a20f-5aacf94764f0, Cantidad: 4
2026-04-27 18:37:58 [http-nio-3000-exec-9] INFO  c.b.p.a.d.i.s.GestionInventarioService - Stock central descontado - Producto: 9000109, Stock anterior: 20, Stock nuevo: 16
2026-04-27 18:37:58 [http-nio-3000-exec-9] DEBUG c.b.p.a.i.p.s.a.SupabaseAsignacionRepositoryAdapter - Guardando asignación en Supabase - vendedor: 6b0a5026-52f3-475a-a20f-5aacf94764f0, producto: 9000109, cantidad: 4
2026-04-27 18:37:58 [http-nio-3000-exec-2] INFO  c.b.p.a.d.i.s.GestionInventarioService - Stock central descontado - Producto: 9000100, Stock anterior: 34, Stock nuevo: 30
2026-04-27 18:37:58 [http-nio-3000-exec-2] DEBUG c.b.p.a.i.p.s.a.SupabaseAsignacionRepositoryAdapter - Guardando asignación en Supabase - vendedor: 6b0a5026-52f3-475a-a20f-5aacf94764f0, producto: 9000100, cantidad: 4
2026-04-27 18:37:58 [http-nio-3000-exec-9] INFO  c.b.p.a.i.p.s.a.SupabaseAsignacionRepositoryAdapter - Asignación guardada correctamente - idCarga: 53
2026-04-27 18:37:58 [http-nio-3000-exec-9] INFO  c.b.p.a.d.i.s.GestionInventarioService - Asignación creada - idCarga: 53, Estado: PENDIENTE
2026-04-27 18:37:58 [http-nio-3000-exec-2] INFO  c.b.p.a.i.p.s.a.SupabaseAsignacionRepositoryAdapter - Asignación guardada correctamente - idCarga: 54
2026-04-27 18:37:58 [http-nio-3000-exec-2] INFO  c.b.p.a.d.i.s.GestionInventarioService - Asignación creada - idCarga: 54, Estado: PENDIENTE
2026-04-27 18:37:58 [http-nio-3000-exec-4] INFO  c.b.p.a.a.v.c.VendedoresRestAdapter - GET /vendedores - Obtener todos los vendedores
2026-04-27 18:37:58 [http-nio-3000-exec-4] DEBUG c.b.p.a.d.v.s.GestionVendedoresService - Obteniendo todos los vendedores
2026-04-27 18:37:58 [http-nio-3000-exec-3] INFO  c.b.p.a.a.p.c.ProductosRestAdapter - GET /productos - Obtener todos los productos
2026-04-27 18:37:58 [http-nio-3000-exec-3] DEBUG c.b.p.a.d.p.s.GestionProductosService - Obteniendo todos los productos
2026-04-27 18:37:59 [http-nio-3000-exec-4] DEBUG c.b.p.a.d.v.s.GestionVendedoresService - Se obtuvieron 8 vendedores
2026-04-27 18:37:59 [http-nio-3000-exec-4] DEBUG c.b.p.a.a.v.c.VendedoresRestAdapter - Se obtuvieron 8 vendedores
2026-04-27 18:37:59 [http-nio-3000-exec-3] DEBUG c.b.p.a.d.p.s.GestionProductosService - Se obtuvieron 25 productos
2026-04-27 18:37:59 [http-nio-3000-exec-3] DEBUG c.b.p.a.a.p.c.ProductosRestAdapter - Se obtuvieron 25 productos
2026-04-27 18:37:59 [http-nio-3000-exec-6] DEBUG c.b.p.a.d.a.s.AutorizacionAuthService - Obteniendo perfil por token
2026-04-27 18:37:59 [http-nio-3000-exec-7] DEBUG c.b.p.a.d.a.s.AutorizacionAuthService - Obteniendo perfil por token
2026-04-27 18:37:59 [http-nio-3000-exec-10] DEBUG c.b.p.a.d.a.s.AutorizacionAuthService - Obteniendo perfil por token
2026-04-27 18:37:59 [http-nio-3000-exec-5] DEBUG c.b.p.a.d.a.s.AutorizacionAuthService - Obteniendo perfil por token
2026-04-27 18:37:59 [http-nio-3000-exec-1] DEBUG c.b.p.a.d.a.s.AutorizacionAuthService - Obteniendo perfil por token
2026-04-27 18:37:59 [http-nio-3000-exec-8] DEBUG c.b.p.a.d.a.s.AutorizacionAuthService - Obteniendo perfil por token
2026-04-27 18:37:59 [http-nio-3000-exec-5] DEBUG c.b.p.a.d.a.s.AutorizacionAuthService - Perfil obtenido exitosamente para usuario ID: f2dc5b92-7ded-4c42-9e5a-d8a22aaf4a3a
2026-04-27 18:37:59 [http-nio-3000-exec-5] INFO  c.b.p.a.a.i.c.InventarioRestAdapter - GET /inventario/vendedor/6b0a5026-52f3-475a-a20f-5aacf94764f0 - consulta por mateovargas220705@gmail.com
2026-04-27 18:37:59 [http-nio-3000-exec-5] INFO  c.b.p.a.d.i.s.GestionInventarioService - Consultando cargas por vendedor: 6b0a5026-52f3-475a-a20f-5aacf94764f0
2026-04-27 18:37:59 [http-nio-3000-exec-5] DEBUG c.b.p.a.i.p.s.a.SupabaseAsignacionRepositoryAdapter - Consultando asignaciones por vendedor: 6b0a5026-52f3-475a-a20f-5aacf94764f0
2026-04-27 18:37:59 [http-nio-3000-exec-1] DEBUG c.b.p.a.d.a.s.AutorizacionAuthService - Perfil obtenido exitosamente para usuario ID: f2dc5b92-7ded-4c42-9e5a-d8a22aaf4a3a
2026-04-27 18:37:59 [http-nio-3000-exec-1] INFO  c.b.p.a.a.i.c.InventarioRestAdapter - GET /inventario/vendedor/73ed0c2b-851c-44c8-a08b-ded6f61924f9 - consulta por mateovargas220705@gmail.com
2026-04-27 18:37:59 [http-nio-3000-exec-1] INFO  c.b.p.a.d.i.s.GestionInventarioService - Consultando cargas por vendedor: 73ed0c2b-851c-44c8-a08b-ded6f61924f9
2026-04-27 18:37:59 [http-nio-3000-exec-1] DEBUG c.b.p.a.i.p.s.a.SupabaseAsignacionRepositoryAdapter - Consultando asignaciones por vendedor: 73ed0c2b-851c-44c8-a08b-ded6f61924f9
2026-04-27 18:37:59 [http-nio-3000-exec-6] DEBUG c.b.p.a.d.a.s.AutorizacionAuthService - Perfil obtenido exitosamente para usuario ID: f2dc5b92-7ded-4c42-9e5a-d8a22aaf4a3a
2026-04-27 18:37:59 [http-nio-3000-exec-6] INFO  c.b.p.a.a.i.c.InventarioRestAdapter - GET /inventario/vendedor/0b9544ca-bfbe-4335-821c-5c8eb4b553b2 - consulta por mateovargas220705@gmail.com
2026-04-27 18:37:59 [http-nio-3000-exec-10] DEBUG c.b.p.a.d.a.s.AutorizacionAuthService - Perfil obtenido exitosamente para usuario ID: f2dc5b92-7ded-4c42-9e5a-d8a22aaf4a3a
2026-04-27 18:37:59 [http-nio-3000-exec-6] INFO  c.b.p.a.d.i.s.GestionInventarioService - Consultando cargas por vendedor: 0b9544ca-bfbe-4335-821c-5c8eb4b553b2
2026-04-27 18:37:59 [http-nio-3000-exec-6] DEBUG c.b.p.a.i.p.s.a.SupabaseAsignacionRepositoryAdapter - Consultando asignaciones por vendedor: 0b9544ca-bfbe-4335-821c-5c8eb4b553b2
2026-04-27 18:37:59 [http-nio-3000-exec-10] INFO  c.b.p.a.a.i.c.InventarioRestAdapter - GET /inventario/vendedor/5e0e4eff-aec3-46df-a77e-d4feeb19394c - consulta por mateovargas220705@gmail.com
2026-04-27 18:37:59 [http-nio-3000-exec-10] INFO  c.b.p.a.d.i.s.GestionInventarioService - Consultando cargas por vendedor: 5e0e4eff-aec3-46df-a77e-d4feeb19394c
2026-04-27 18:37:59 [http-nio-3000-exec-7] DEBUG c.b.p.a.d.a.s.AutorizacionAuthService - Perfil obtenido exitosamente para usuario ID: f2dc5b92-7ded-4c42-9e5a-d8a22aaf4a3a
2026-04-27 18:37:59 [http-nio-3000-exec-7] INFO  c.b.p.a.a.i.c.InventarioRestAdapter - GET /inventario/vendedor/2ab0631c-da17-4bd8-b9b9-237de54711c6 - consulta por mateovargas220705@gmail.com
2026-04-27 18:37:59 [http-nio-3000-exec-7] INFO  c.b.p.a.d.i.s.GestionInventarioService - Consultando cargas por vendedor: 2ab0631c-da17-4bd8-b9b9-237de54711c6
2026-04-27 18:37:59 [http-nio-3000-exec-10] DEBUG c.b.p.a.i.p.s.a.SupabaseAsignacionRepositoryAdapter - Consultando asignaciones por vendedor: 5e0e4eff-aec3-46df-a77e-d4feeb19394c
2026-04-27 18:37:59 [http-nio-3000-exec-7] DEBUG c.b.p.a.i.p.s.a.SupabaseAsignacionRepositoryAdapter - Consultando asignaciones por vendedor: 2ab0631c-da17-4bd8-b9b9-237de54711c6
2026-04-27 18:37:59 [http-nio-3000-exec-8] DEBUG c.b.p.a.d.a.s.AutorizacionAuthService - Perfil obtenido exitosamente para usuario ID: f2dc5b92-7ded-4c42-9e5a-d8a22aaf4a3a
2026-04-27 18:37:59 [http-nio-3000-exec-8] INFO  c.b.p.a.a.i.c.InventarioRestAdapter - GET /inventario/vendedor/7ca8780f-864c-4179-8c8a-9d8ae55b6df8 - consulta por mateovargas220705@gmail.com
2026-04-27 18:37:59 [http-nio-3000-exec-8] INFO  c.b.p.a.d.i.s.GestionInventarioService - Consultando cargas por vendedor: 7ca8780f-864c-4179-8c8a-9d8ae55b6df8
2026-04-27 18:37:59 [http-nio-3000-exec-8] DEBUG c.b.p.a.i.p.s.a.SupabaseAsignacionRepositoryAdapter - Consultando asignaciones por vendedor: 7ca8780f-864c-4179-8c8a-9d8ae55b6df8
2026-04-27 18:37:59 [http-nio-3000-exec-5] DEBUG c.b.p.a.i.p.s.a.SupabaseAsignacionRepositoryAdapter - Asignaciones encontradas para vendedor 6b0a5026-52f3-475a-a20f-5aacf94764f0: 31
2026-04-27 18:37:59 [http-nio-3000-exec-9] DEBUG c.b.p.a.d.a.s.AutorizacionAuthService - Obteniendo perfil por token
2026-04-27 18:37:59 [http-nio-3000-exec-10] DEBUG c.b.p.a.i.p.s.a.SupabaseAsignacionRepositoryAdapter - Asignaciones encontradas para vendedor 5e0e4eff-aec3-46df-a77e-d4feeb19394c: 4
2026-04-27 18:37:59 [http-nio-3000-exec-2] DEBUG c.b.p.a.d.a.s.AutorizacionAuthService - Obteniendo perfil por token
2026-04-27 18:37:59 [http-nio-3000-exec-1] DEBUG c.b.p.a.i.p.s.a.SupabaseAsignacionRepositoryAdapter - Asignaciones encontradas para vendedor 73ed0c2b-851c-44c8-a08b-ded6f61924f9: 4
2026-04-27 18:37:59 [http-nio-3000-exec-7] DEBUG c.b.p.a.i.p.s.a.SupabaseAsignacionRepositoryAdapter - Asignaciones encontradas para vendedor 2ab0631c-da17-4bd8-b9b9-237de54711c6: 9
2026-04-27 18:37:59 [http-nio-3000-exec-6] DEBUG c.b.p.a.i.p.s.a.SupabaseAsignacionRepositoryAdapter - Asignaciones encontradas para vendedor 0b9544ca-bfbe-4335-821c-5c8eb4b553b2: 1
2026-04-27 18:37:59 [http-nio-3000-exec-8] DEBUG c.b.p.a.i.p.s.a.SupabaseAsignacionRepositoryAdapter - Asignaciones encontradas para vendedor 7ca8780f-864c-4179-8c8a-9d8ae55b6df8: 3
2026-04-27 18:37:59 [http-nio-3000-exec-9] DEBUG c.b.p.a.d.a.s.AutorizacionAuthService - Perfil obtenido exitosamente para usuario ID: f2dc5b92-7ded-4c42-9e5a-d8a22aaf4a3a
2026-04-27 18:37:59 [http-nio-3000-exec-9] INFO  c.b.p.a.a.i.c.InventarioRestAdapter - GET /inventario/vendedor/7dec6fc9-8ddc-48c6-86a3-a1dbfc46f80e - consulta por mateovargas220705@gmail.com
2026-04-27 18:37:59 [http-nio-3000-exec-9] INFO  c.b.p.a.d.i.s.GestionInventarioService - Consultando cargas por vendedor: 7dec6fc9-8ddc-48c6-86a3-a1dbfc46f80e
2026-04-27 18:37:59 [http-nio-3000-exec-9] DEBUG c.b.p.a.i.p.s.a.SupabaseAsignacionRepositoryAdapter - Consultando asignaciones por vendedor: 7dec6fc9-8ddc-48c6-86a3-a1dbfc46f80e
2026-04-27 18:37:59 [http-nio-3000-exec-2] DEBUG c.b.p.a.d.a.s.AutorizacionAuthService - Perfil obtenido exitosamente para usuario ID: f2dc5b92-7ded-4c42-9e5a-d8a22aaf4a3a
2026-04-27 18:37:59 [http-nio-3000-exec-2] INFO  c.b.p.a.a.i.c.InventarioRestAdapter - GET /inventario/vendedor/997e2337-32a6-4ba5-84fb-873ef1b6036f - consulta por mateovargas220705@gmail.com
2026-04-27 18:37:59 [http-nio-3000-exec-2] INFO  c.b.p.a.d.i.s.GestionInventarioService - Consultando cargas por vendedor: 997e2337-32a6-4ba5-84fb-873ef1b6036f
2026-04-27 18:37:59 [http-nio-3000-exec-2] DEBUG c.b.p.a.i.p.s.a.SupabaseAsignacionRepositoryAdapter - Consultando asignaciones por vendedor: 997e2337-32a6-4ba5-84fb-873ef1b6036f
2026-04-27 18:38:00 [http-nio-3000-exec-9] DEBUG c.b.p.a.i.p.s.a.SupabaseAsignacionRepositoryAdapter - Asignaciones encontradas para vendedor 7dec6fc9-8ddc-48c6-86a3-a1dbfc46f80e: 1
2026-04-27 18:38:00 [http-nio-3000-exec-2] DEBUG c.b.p.a.i.p.s.a.SupabaseAsignacionRepositoryAdapter - Asignaciones encontradas para vendedor 997e2337-32a6-4ba5-84fb-873ef1b6036f: 1
2026-04-27 18:38:03 [http-nio-3000-exec-3] DEBUG c.b.p.a.d.a.s.AutorizacionAuthService - Obteniendo perfil por token
2026-04-27 18:38:03 [http-nio-3000-exec-3] DEBUG c.b.p.a.d.a.s.AutorizacionAuthService - Perfil obtenido exitosamente para usuario ID: f2dc5b92-7ded-4c42-9e5a-d8a22aaf4a3a
2026-04-27 18:38:03 [http-nio-3000-exec-3] INFO  c.b.p.a.a.i.c.InventarioRestAdapter - PATCH /inventario/validar-admin/34 por mateovargas220705@gmail.com
2026-04-27 18:38:03 [http-nio-3000-exec-3] INFO  c.b.p.a.d.i.s.GestionInventarioService - Validación de admin para carga: 34
2026-04-27 18:38:03 [http-nio-3000-exec-3] DEBUG c.b.p.a.i.p.s.a.SupabaseAsignacionRepositoryAdapter - Consultando asignación por idCarga: 34
2026-04-27 18:38:03 [http-nio-3000-exec-3] DEBUG c.b.p.a.i.p.s.a.SupabaseAsignacionRepositoryAdapter - Asignación encontrada para idCarga: 34
2026-04-27 18:38:03 [http-nio-3000-exec-3] DEBUG c.b.p.a.i.p.s.a.SupabaseAsignacionRepositoryAdapter - Actualizando estado de asignación - idCarga: 34, nuevoEstado: VALIDADO_ADMIN
2026-04-27 18:38:03 [http-nio-3000-exec-3] INFO  c.b.p.a.i.p.s.a.SupabaseAsignacionRepositoryAdapter - Estado actualizado correctamente - idCarga: 34, estado: VALIDADO_ADMIN
2026-04-27 18:38:03 [http-nio-3000-exec-3] INFO  c.b.p.a.d.i.s.GestionInventarioService - Carga validada por admin - idCarga: 34
2026-04-27 18:38:03 [http-nio-3000-exec-5] DEBUG c.b.p.a.d.a.s.AutorizacionAuthService - Obteniendo perfil por token
2026-04-27 18:38:03 [http-nio-3000-exec-10] DEBUG c.b.p.a.d.a.s.AutorizacionAuthService - Obteniendo perfil por token
2026-04-27 18:38:03 [http-nio-3000-exec-1] DEBUG c.b.p.a.d.a.s.AutorizacionAuthService - Obteniendo perfil por token
2026-04-27 18:38:03 [http-nio-3000-exec-7] DEBUG c.b.p.a.d.a.s.AutorizacionAuthService - Obteniendo perfil por token
2026-04-27 18:38:03 [http-nio-3000-exec-6] DEBUG c.b.p.a.d.a.s.AutorizacionAuthService - Obteniendo perfil por token
2026-04-27 18:38:03 [http-nio-3000-exec-8] DEBUG c.b.p.a.d.a.s.AutorizacionAuthService - Obteniendo perfil por token
2026-04-27 18:38:03 [http-nio-3000-exec-1] DEBUG c.b.p.a.d.a.s.AutorizacionAuthService - Perfil obtenido exitosamente para usuario ID: f2dc5b92-7ded-4c42-9e5a-d8a22aaf4a3a
2026-04-27 18:38:03 [http-nio-3000-exec-1] INFO  c.b.p.a.a.i.c.InventarioRestAdapter - GET /inventario/vendedor/5e0e4eff-aec3-46df-a77e-d4feeb19394c - consulta por mateovargas220705@gmail.com
2026-04-27 18:38:03 [http-nio-3000-exec-1] INFO  c.b.p.a.d.i.s.GestionInventarioService - Consultando cargas por vendedor: 5e0e4eff-aec3-46df-a77e-d4feeb19394c
2026-04-27 18:38:03 [http-nio-3000-exec-1] DEBUG c.b.p.a.i.p.s.a.SupabaseAsignacionRepositoryAdapter - Consultando asignaciones por vendedor: 5e0e4eff-aec3-46df-a77e-d4feeb19394c
2026-04-27 18:38:03 [http-nio-3000-exec-5] DEBUG c.b.p.a.d.a.s.AutorizacionAuthService - Perfil obtenido exitosamente para usuario ID: f2dc5b92-7ded-4c42-9e5a-d8a22aaf4a3a
2026-04-27 18:38:03 [http-nio-3000-exec-5] INFO  c.b.p.a.a.i.c.InventarioRestAdapter - GET /inventario/vendedor/0b9544ca-bfbe-4335-821c-5c8eb4b553b2 - consulta por mateovargas220705@gmail.com
2026-04-27 18:38:03 [http-nio-3000-exec-5] INFO  c.b.p.a.d.i.s.GestionInventarioService - Consultando cargas por vendedor: 0b9544ca-bfbe-4335-821c-5c8eb4b553b2
2026-04-27 18:38:03 [http-nio-3000-exec-5] DEBUG c.b.p.a.i.p.s.a.SupabaseAsignacionRepositoryAdapter - Consultando asignaciones por vendedor: 0b9544ca-bfbe-4335-821c-5c8eb4b553b2
2026-04-27 18:38:03 [http-nio-3000-exec-6] DEBUG c.b.p.a.d.a.s.AutorizacionAuthService - Perfil obtenido exitosamente para usuario ID: f2dc5b92-7ded-4c42-9e5a-d8a22aaf4a3a
2026-04-27 18:38:03 [http-nio-3000-exec-6] INFO  c.b.p.a.a.i.c.InventarioRestAdapter - GET /inventario/vendedor/73ed0c2b-851c-44c8-a08b-ded6f61924f9 - consulta por mateovargas220705@gmail.com
2026-04-27 18:38:03 [http-nio-3000-exec-6] INFO  c.b.p.a.d.i.s.GestionInventarioService - Consultando cargas por vendedor: 73ed0c2b-851c-44c8-a08b-ded6f61924f9
2026-04-27 18:38:03 [http-nio-3000-exec-6] DEBUG c.b.p.a.i.p.s.a.SupabaseAsignacionRepositoryAdapter - Consultando asignaciones por vendedor: 73ed0c2b-851c-44c8-a08b-ded6f61924f9
2026-04-27 18:38:03 [http-nio-3000-exec-10] DEBUG c.b.p.a.d.a.s.AutorizacionAuthService - Perfil obtenido exitosamente para usuario ID: f2dc5b92-7ded-4c42-9e5a-d8a22aaf4a3a
2026-04-27 18:38:03 [http-nio-3000-exec-10] INFO  c.b.p.a.a.i.c.InventarioRestAdapter - GET /inventario/vendedor/2ab0631c-da17-4bd8-b9b9-237de54711c6 - consulta por mateovargas220705@gmail.com
2026-04-27 18:38:03 [http-nio-3000-exec-10] INFO  c.b.p.a.d.i.s.GestionInventarioService - Consultando cargas por vendedor: 2ab0631c-da17-4bd8-b9b9-237de54711c6
2026-04-27 18:38:03 [http-nio-3000-exec-10] DEBUG c.b.p.a.i.p.s.a.SupabaseAsignacionRepositoryAdapter - Consultando asignaciones por vendedor: 2ab0631c-da17-4bd8-b9b9-237de54711c6
2026-04-27 18:38:03 [http-nio-3000-exec-8] DEBUG c.b.p.a.d.a.s.AutorizacionAuthService - Perfil obtenido exitosamente para usuario ID: f2dc5b92-7ded-4c42-9e5a-d8a22aaf4a3a
2026-04-27 18:38:03 [http-nio-3000-exec-8] INFO  c.b.p.a.a.i.c.InventarioRestAdapter - GET /inventario/vendedor/7ca8780f-864c-4179-8c8a-9d8ae55b6df8 - consulta por mateovargas220705@gmail.com
2026-04-27 18:38:03 [http-nio-3000-exec-8] INFO  c.b.p.a.d.i.s.GestionInventarioService - Consultando cargas por vendedor: 7ca8780f-864c-4179-8c8a-9d8ae55b6df8
2026-04-27 18:38:03 [http-nio-3000-exec-8] DEBUG c.b.p.a.i.p.s.a.SupabaseAsignacionRepositoryAdapter - Consultando asignaciones por vendedor: 7ca8780f-864c-4179-8c8a-9d8ae55b6df8
2026-04-27 18:38:03 [http-nio-3000-exec-7] DEBUG c.b.p.a.d.a.s.AutorizacionAuthService - Perfil obtenido exitosamente para usuario ID: f2dc5b92-7ded-4c42-9e5a-d8a22aaf4a3a
2026-04-27 18:38:03 [http-nio-3000-exec-7] INFO  c.b.p.a.a.i.c.InventarioRestAdapter - GET /inventario/vendedor/6b0a5026-52f3-475a-a20f-5aacf94764f0 - consulta por mateovargas220705@gmail.com
2026-04-27 18:38:03 [http-nio-3000-exec-7] INFO  c.b.p.a.d.i.s.GestionInventarioService - Consultando cargas por vendedor: 6b0a5026-52f3-475a-a20f-5aacf94764f0
2026-04-27 18:38:03 [http-nio-3000-exec-7] DEBUG c.b.p.a.i.p.s.a.SupabaseAsignacionRepositoryAdapter - Consultando asignaciones por vendedor: 6b0a5026-52f3-475a-a20f-5aacf94764f0
2026-04-27 18:38:04 [http-nio-3000-exec-1] DEBUG c.b.p.a.i.p.s.a.SupabaseAsignacionRepositoryAdapter - Asignaciones encontradas para vendedor 5e0e4eff-aec3-46df-a77e-d4feeb19394c: 4
2026-04-27 18:38:04 [http-nio-3000-exec-5] DEBUG c.b.p.a.i.p.s.a.SupabaseAsignacionRepositoryAdapter - Asignaciones encontradas para vendedor 0b9544ca-bfbe-4335-821c-5c8eb4b553b2: 1
2026-04-27 18:38:04 [http-nio-3000-exec-6] DEBUG c.b.p.a.i.p.s.a.SupabaseAsignacionRepositoryAdapter - Asignaciones encontradas para vendedor 73ed0c2b-851c-44c8-a08b-ded6f61924f9: 4
2026-04-27 18:38:04 [http-nio-3000-exec-9] DEBUG c.b.p.a.d.a.s.AutorizacionAuthService - Obteniendo perfil por token
2026-04-27 18:38:04 [http-nio-3000-exec-2] DEBUG c.b.p.a.d.a.s.AutorizacionAuthService - Obteniendo perfil por token
2026-04-27 18:38:04 [http-nio-3000-exec-7] DEBUG c.b.p.a.i.p.s.a.SupabaseAsignacionRepositoryAdapter - Asignaciones encontradas para vendedor 6b0a5026-52f3-475a-a20f-5aacf94764f0: 31
2026-04-27 18:38:04 [http-nio-3000-exec-8] DEBUG c.b.p.a.i.p.s.a.SupabaseAsignacionRepositoryAdapter - Asignaciones encontradas para vendedor 7ca8780f-864c-4179-8c8a-9d8ae55b6df8: 3
2026-04-27 18:38:04 [http-nio-3000-exec-10] DEBUG c.b.p.a.i.p.s.a.SupabaseAsignacionRepositoryAdapter - Asignaciones encontradas para vendedor 2ab0631c-da17-4bd8-b9b9-237de54711c6: 9
2026-04-27 18:38:04 [http-nio-3000-exec-2] DEBUG c.b.p.a.d.a.s.AutorizacionAuthService - Perfil obtenido exitosamente para usuario ID: f2dc5b92-7ded-4c42-9e5a-d8a22aaf4a3a
2026-04-27 18:38:04 [http-nio-3000-exec-2] INFO  c.b.p.a.a.i.c.InventarioRestAdapter - GET /inventario/vendedor/997e2337-32a6-4ba5-84fb-873ef1b6036f - consulta por mateovargas220705@gmail.com
2026-04-27 18:38:04 [http-nio-3000-exec-2] INFO  c.b.p.a.d.i.s.GestionInventarioService - Consultando cargas por vendedor: 997e2337-32a6-4ba5-84fb-873ef1b6036f
2026-04-27 18:38:04 [http-nio-3000-exec-2] DEBUG c.b.p.a.i.p.s.a.SupabaseAsignacionRepositoryAdapter - Consultando asignaciones por vendedor: 997e2337-32a6-4ba5-84fb-873ef1b6036f
2026-04-27 18:38:04 [http-nio-3000-exec-9] DEBUG c.b.p.a.d.a.s.AutorizacionAuthService - Perfil obtenido exitosamente para usuario ID: f2dc5b92-7ded-4c42-9e5a-d8a22aaf4a3a
2026-04-27 18:38:04 [http-nio-3000-exec-9] INFO  c.b.p.a.a.i.c.InventarioRestAdapter - GET /inventario/vendedor/7dec6fc9-8ddc-48c6-86a3-a1dbfc46f80e - consulta por mateovargas220705@gmail.com
2026-04-27 18:38:04 [http-nio-3000-exec-9] INFO  c.b.p.a.d.i.s.GestionInventarioService - Consultando cargas por vendedor: 7dec6fc9-8ddc-48c6-86a3-a1dbfc46f80e
2026-04-27 18:38:04 [http-nio-3000-exec-9] DEBUG c.b.p.a.i.p.s.a.SupabaseAsignacionRepositoryAdapter - Consultando asignaciones por vendedor: 7dec6fc9-8ddc-48c6-86a3-a1dbfc46f80e
2026-04-27 18:38:04 [http-nio-3000-exec-2] DEBUG c.b.p.a.i.p.s.a.SupabaseAsignacionRepositoryAdapter - Asignaciones encontradas para vendedor 997e2337-32a6-4ba5-84fb-873ef1b6036f: 1
2026-04-27 18:38:04 [http-nio-3000-exec-9] DEBUG c.b.p.a.i.p.s.a.SupabaseAsignacionRepositoryAdapter - Asignaciones encontradas para vendedor 7dec6fc9-8ddc-48c6-86a3-a1dbfc46f80e: 1
2026-04-27 18:38:04 [http-nio-3000-exec-3] DEBUG c.b.p.a.d.a.s.AutorizacionAuthService - Obteniendo perfil por token
2026-04-27 18:38:05 [http-nio-3000-exec-3] DEBUG c.b.p.a.d.a.s.AutorizacionAuthService - Perfil obtenido exitosamente para usuario ID: f2dc5b92-7ded-4c42-9e5a-d8a22aaf4a3a
2026-04-27 18:38:05 [http-nio-3000-exec-3] INFO  c.b.p.a.a.i.c.InventarioRestAdapter - PATCH /inventario/validar-admin/36 por mateovargas220705@gmail.com
2026-04-27 18:38:05 [http-nio-3000-exec-3] INFO  c.b.p.a.d.i.s.GestionInventarioService - Validación de admin para carga: 36
2026-04-27 18:38:05 [http-nio-3000-exec-3] DEBUG c.b.p.a.i.p.s.a.SupabaseAsignacionRepositoryAdapter - Consultando asignación por idCarga: 36
2026-04-27 18:38:05 [http-nio-3000-exec-3] DEBUG c.b.p.a.i.p.s.a.SupabaseAsignacionRepositoryAdapter - Asignación encontrada para idCarga: 36
2026-04-27 18:38:05 [http-nio-3000-exec-3] DEBUG c.b.p.a.i.p.s.a.SupabaseAsignacionRepositoryAdapter - Actualizando estado de asignación - idCarga: 36, nuevoEstado: VALIDADO_ADMIN
2026-04-27 18:38:05 [http-nio-3000-exec-3] INFO  c.b.p.a.i.p.s.a.SupabaseAsignacionRepositoryAdapter - Estado actualizado correctamente - idCarga: 36, estado: VALIDADO_ADMIN
2026-04-27 18:38:05 [http-nio-3000-exec-3] INFO  c.b.p.a.d.i.s.GestionInventarioService - Carga validada por admin - idCarga: 36
2026-04-27 18:38:05 [http-nio-3000-exec-1] DEBUG c.b.p.a.d.a.s.AutorizacionAuthService - Obteniendo perfil por token
2026-04-27 18:38:05 [http-nio-3000-exec-5] DEBUG c.b.p.a.d.a.s.AutorizacionAuthService - Obteniendo perfil por token
2026-04-27 18:38:05 [http-nio-3000-exec-6] DEBUG c.b.p.a.d.a.s.AutorizacionAuthService - Obteniendo perfil por token
2026-04-27 18:38:05 [http-nio-3000-exec-7] DEBUG c.b.p.a.d.a.s.AutorizacionAuthService - Obteniendo perfil por token
2026-04-27 18:38:05 [http-nio-3000-exec-8] DEBUG c.b.p.a.d.a.s.AutorizacionAuthService - Obteniendo perfil por token
2026-04-27 18:38:05 [http-nio-3000-exec-10] DEBUG c.b.p.a.d.a.s.AutorizacionAuthService - Obteniendo perfil por token
2026-04-27 18:38:05 [http-nio-3000-exec-5] DEBUG c.b.p.a.d.a.s.AutorizacionAuthService - Perfil obtenido exitosamente para usuario ID: f2dc5b92-7ded-4c42-9e5a-d8a22aaf4a3a
2026-04-27 18:38:05 [http-nio-3000-exec-5] INFO  c.b.p.a.a.i.c.InventarioRestAdapter - GET /inventario/vendedor/2ab0631c-da17-4bd8-b9b9-237de54711c6 - consulta por mateovargas220705@gmail.com
2026-04-27 18:38:05 [http-nio-3000-exec-5] INFO  c.b.p.a.d.i.s.GestionInventarioService - Consultando cargas por vendedor: 2ab0631c-da17-4bd8-b9b9-237de54711c6
2026-04-27 18:38:05 [http-nio-3000-exec-5] DEBUG c.b.p.a.i.p.s.a.SupabaseAsignacionRepositoryAdapter - Consultando asignaciones por vendedor: 2ab0631c-da17-4bd8-b9b9-237de54711c6
2026-04-27 18:38:05 [http-nio-3000-exec-1] DEBUG c.b.p.a.d.a.s.AutorizacionAuthService - Perfil obtenido exitosamente para usuario ID: f2dc5b92-7ded-4c42-9e5a-d8a22aaf4a3a
2026-04-27 18:38:05 [http-nio-3000-exec-1] INFO  c.b.p.a.a.i.c.InventarioRestAdapter - GET /inventario/vendedor/0b9544ca-bfbe-4335-821c-5c8eb4b553b2 - consulta por mateovargas220705@gmail.com
2026-04-27 18:38:05 [http-nio-3000-exec-1] INFO  c.b.p.a.d.i.s.GestionInventarioService - Consultando cargas por vendedor: 0b9544ca-bfbe-4335-821c-5c8eb4b553b2
2026-04-27 18:38:05 [http-nio-3000-exec-1] DEBUG c.b.p.a.i.p.s.a.SupabaseAsignacionRepositoryAdapter - Consultando asignaciones por vendedor: 0b9544ca-bfbe-4335-821c-5c8eb4b553b2
2026-04-27 18:38:05 [http-nio-3000-exec-6] DEBUG c.b.p.a.d.a.s.AutorizacionAuthService - Perfil obtenido exitosamente para usuario ID: f2dc5b92-7ded-4c42-9e5a-d8a22aaf4a3a
2026-04-27 18:38:05 [http-nio-3000-exec-6] INFO  c.b.p.a.a.i.c.InventarioRestAdapter - GET /inventario/vendedor/5e0e4eff-aec3-46df-a77e-d4feeb19394c - consulta por mateovargas220705@gmail.com
2026-04-27 18:38:05 [http-nio-3000-exec-6] INFO  c.b.p.a.d.i.s.GestionInventarioService - Consultando cargas por vendedor: 5e0e4eff-aec3-46df-a77e-d4feeb19394c
2026-04-27 18:38:05 [http-nio-3000-exec-6] DEBUG c.b.p.a.i.p.s.a.SupabaseAsignacionRepositoryAdapter - Consultando asignaciones por vendedor: 5e0e4eff-aec3-46df-a77e-d4feeb19394c
2026-04-27 18:38:05 [http-nio-3000-exec-8] DEBUG c.b.p.a.d.a.s.AutorizacionAuthService - Perfil obtenido exitosamente para usuario ID: f2dc5b92-7ded-4c42-9e5a-d8a22aaf4a3a
2026-04-27 18:38:05 [http-nio-3000-exec-10] DEBUG c.b.p.a.d.a.s.AutorizacionAuthService - Perfil obtenido exitosamente para usuario ID: f2dc5b92-7ded-4c42-9e5a-d8a22aaf4a3a
2026-04-27 18:38:05 [http-nio-3000-exec-8] INFO  c.b.p.a.a.i.c.InventarioRestAdapter - GET /inventario/vendedor/73ed0c2b-851c-44c8-a08b-ded6f61924f9 - consulta por mateovargas220705@gmail.com
2026-04-27 18:38:05 [http-nio-3000-exec-10] INFO  c.b.p.a.a.i.c.InventarioRestAdapter - GET /inventario/vendedor/7ca8780f-864c-4179-8c8a-9d8ae55b6df8 - consulta por mateovargas220705@gmail.com
2026-04-27 18:38:05 [http-nio-3000-exec-8] INFO  c.b.p.a.d.i.s.GestionInventarioService - Consultando cargas por vendedor: 73ed0c2b-851c-44c8-a08b-ded6f61924f9
2026-04-27 18:38:05 [http-nio-3000-exec-10] INFO  c.b.p.a.d.i.s.GestionInventarioService - Consultando cargas por vendedor: 7ca8780f-864c-4179-8c8a-9d8ae55b6df8
2026-04-27 18:38:05 [http-nio-3000-exec-8] DEBUG c.b.p.a.i.p.s.a.SupabaseAsignacionRepositoryAdapter - Consultando asignaciones por vendedor: 73ed0c2b-851c-44c8-a08b-ded6f61924f9
2026-04-27 18:38:05 [http-nio-3000-exec-10] DEBUG c.b.p.a.i.p.s.a.SupabaseAsignacionRepositoryAdapter - Consultando asignaciones por vendedor: 7ca8780f-864c-4179-8c8a-9d8ae55b6df8
2026-04-27 18:38:05 [http-nio-3000-exec-7] DEBUG c.b.p.a.d.a.s.AutorizacionAuthService - Perfil obtenido exitosamente para usuario ID: f2dc5b92-7ded-4c42-9e5a-d8a22aaf4a3a
2026-04-27 18:38:05 [http-nio-3000-exec-7] INFO  c.b.p.a.a.i.c.InventarioRestAdapter - GET /inventario/vendedor/6b0a5026-52f3-475a-a20f-5aacf94764f0 - consulta por mateovargas220705@gmail.com
2026-04-27 18:38:05 [http-nio-3000-exec-7] INFO  c.b.p.a.d.i.s.GestionInventarioService - Consultando cargas por vendedor: 6b0a5026-52f3-475a-a20f-5aacf94764f0
2026-04-27 18:38:05 [http-nio-3000-exec-7] DEBUG c.b.p.a.i.p.s.a.SupabaseAsignacionRepositoryAdapter - Consultando asignaciones por vendedor: 6b0a5026-52f3-475a-a20f-5aacf94764f0
2026-04-27 18:38:05 [http-nio-3000-exec-6] DEBUG c.b.p.a.i.p.s.a.SupabaseAsignacionRepositoryAdapter - Asignaciones encontradas para vendedor 5e0e4eff-aec3-46df-a77e-d4feeb19394c: 4
2026-04-27 18:38:05 [http-nio-3000-exec-5] DEBUG c.b.p.a.i.p.s.a.SupabaseAsignacionRepositoryAdapter - Asignaciones encontradas para vendedor 2ab0631c-da17-4bd8-b9b9-237de54711c6: 9
2026-04-27 18:38:05 [http-nio-3000-exec-2] DEBUG c.b.p.a.d.a.s.AutorizacionAuthService - Obteniendo perfil por token
2026-04-27 18:38:05 [http-nio-3000-exec-9] DEBUG c.b.p.a.d.a.s.AutorizacionAuthService - Obteniendo perfil por token
2026-04-27 18:38:05 [http-nio-3000-exec-8] DEBUG c.b.p.a.i.p.s.a.SupabaseAsignacionRepositoryAdapter - Asignaciones encontradas para vendedor 73ed0c2b-851c-44c8-a08b-ded6f61924f9: 4
2026-04-27 18:38:05 [http-nio-3000-exec-10] DEBUG c.b.p.a.i.p.s.a.SupabaseAsignacionRepositoryAdapter - Asignaciones encontradas para vendedor 7ca8780f-864c-4179-8c8a-9d8ae55b6df8: 3
2026-04-27 18:38:05 [http-nio-3000-exec-7] DEBUG c.b.p.a.i.p.s.a.SupabaseAsignacionRepositoryAdapter - Asignaciones encontradas para vendedor 6b0a5026-52f3-475a-a20f-5aacf94764f0: 31
2026-04-27 18:38:05 [http-nio-3000-exec-1] DEBUG c.b.p.a.i.p.s.a.SupabaseAsignacionRepositoryAdapter - Asignaciones encontradas para vendedor 0b9544ca-bfbe-4335-821c-5c8eb4b553b2: 1
2026-04-27 18:38:06 [http-nio-3000-exec-2] DEBUG c.b.p.a.d.a.s.AutorizacionAuthService - Perfil obtenido exitosamente para usuario ID: f2dc5b92-7ded-4c42-9e5a-d8a22aaf4a3a
2026-04-27 18:38:06 [http-nio-3000-exec-2] INFO  c.b.p.a.a.i.c.InventarioRestAdapter - GET /inventario/vendedor/7dec6fc9-8ddc-48c6-86a3-a1dbfc46f80e - consulta por mateovargas220705@gmail.com
2026-04-27 18:38:06 [http-nio-3000-exec-2] INFO  c.b.p.a.d.i.s.GestionInventarioService - Consultando cargas por vendedor: 7dec6fc9-8ddc-48c6-86a3-a1dbfc46f80e
2026-04-27 18:38:06 [http-nio-3000-exec-2] DEBUG c.b.p.a.i.p.s.a.SupabaseAsignacionRepositoryAdapter - Consultando asignaciones por vendedor: 7dec6fc9-8ddc-48c6-86a3-a1dbfc46f80e
2026-04-27 18:38:06 [http-nio-3000-exec-9] DEBUG c.b.p.a.d.a.s.AutorizacionAuthService - Perfil obtenido exitosamente para usuario ID: f2dc5b92-7ded-4c42-9e5a-d8a22aaf4a3a
2026-04-27 18:38:06 [http-nio-3000-exec-9] INFO  c.b.p.a.a.i.c.InventarioRestAdapter - GET /inventario/vendedor/997e2337-32a6-4ba5-84fb-873ef1b6036f - consulta por mateovargas220705@gmail.com
2026-04-27 18:38:06 [http-nio-3000-exec-9] INFO  c.b.p.a.d.i.s.GestionInventarioService - Consultando cargas por vendedor: 997e2337-32a6-4ba5-84fb-873ef1b6036f
2026-04-27 18:38:06 [http-nio-3000-exec-9] DEBUG c.b.p.a.i.p.s.a.SupabaseAsignacionRepositoryAdapter - Consultando asignaciones por vendedor: 997e2337-32a6-4ba5-84fb-873ef1b6036f
2026-04-27 18:38:06 [http-nio-3000-exec-2] DEBUG c.b.p.a.i.p.s.a.SupabaseAsignacionRepositoryAdapter - Asignaciones encontradas para vendedor 7dec6fc9-8ddc-48c6-86a3-a1dbfc46f80e: 1
2026-04-27 18:38:06 [http-nio-3000-exec-9] DEBUG c.b.p.a.i.p.s.a.SupabaseAsignacionRepositoryAdapter - Asignaciones encontradas para vendedor 997e2337-32a6-4ba5-84fb-873ef1b6036f: 1
2026-04-27 18:38:08 [http-nio-3000-exec-3] DEBUG c.b.p.a.d.a.s.AutorizacionAuthService - Obteniendo perfil por token
2026-04-27 18:38:08 [http-nio-3000-exec-3] DEBUG c.b.p.a.d.a.s.AutorizacionAuthService - Perfil obtenido exitosamente para usuario ID: f2dc5b92-7ded-4c42-9e5a-d8a22aaf4a3a
2026-04-27 18:38:08 [http-nio-3000-exec-3] INFO  c.b.p.a.a.i.c.InventarioRestAdapter - PATCH /inventario/validar-admin/54 por mateovargas220705@gmail.com
2026-04-27 18:38:08 [http-nio-3000-exec-3] INFO  c.b.p.a.d.i.s.GestionInventarioService - Validación de admin para carga: 54
2026-04-27 18:38:08 [http-nio-3000-exec-3] DEBUG c.b.p.a.i.p.s.a.SupabaseAsignacionRepositoryAdapter - Consultando asignación por idCarga: 54
2026-04-27 18:38:08 [http-nio-3000-exec-3] DEBUG c.b.p.a.i.p.s.a.SupabaseAsignacionRepositoryAdapter - Asignación encontrada para idCarga: 54
2026-04-27 18:38:08 [http-nio-3000-exec-3] DEBUG c.b.p.a.i.p.s.a.SupabaseAsignacionRepositoryAdapter - Actualizando estado de asignación - idCarga: 54, nuevoEstado: VALIDADO_ADMIN
2026-04-27 18:38:09 [http-nio-3000-exec-3] INFO  c.b.p.a.i.p.s.a.SupabaseAsignacionRepositoryAdapter - Estado actualizado correctamente - idCarga: 54, estado: VALIDADO_ADMIN
2026-04-27 18:38:09 [http-nio-3000-exec-3] INFO  c.b.p.a.d.i.s.GestionInventarioService - Carga validada por admin - idCarga: 54
2026-04-27 18:38:09 [http-nio-3000-exec-6] DEBUG c.b.p.a.d.a.s.AutorizacionAuthService - Obteniendo perfil por token
2026-04-27 18:38:09 [http-nio-3000-exec-5] DEBUG c.b.p.a.d.a.s.AutorizacionAuthService - Obteniendo perfil por token
2026-04-27 18:38:09 [http-nio-3000-exec-10] DEBUG c.b.p.a.d.a.s.AutorizacionAuthService - Obteniendo perfil por token
2026-04-27 18:38:09 [http-nio-3000-exec-8] DEBUG c.b.p.a.d.a.s.AutorizacionAuthService - Obteniendo perfil por token
2026-04-27 18:38:09 [http-nio-3000-exec-7] DEBUG c.b.p.a.d.a.s.AutorizacionAuthService - Obteniendo perfil por token
2026-04-27 18:38:09 [http-nio-3000-exec-1] DEBUG c.b.p.a.d.a.s.AutorizacionAuthService - Obteniendo perfil por token
2026-04-27 18:38:09 [http-nio-3000-exec-6] DEBUG c.b.p.a.d.a.s.AutorizacionAuthService - Perfil obtenido exitosamente para usuario ID: f2dc5b92-7ded-4c42-9e5a-d8a22aaf4a3a
2026-04-27 18:38:09 [http-nio-3000-exec-6] INFO  c.b.p.a.a.i.c.InventarioRestAdapter - GET /inventario/vendedor/0b9544ca-bfbe-4335-821c-5c8eb4b553b2 - consulta por mateovargas220705@gmail.com
2026-04-27 18:38:09 [http-nio-3000-exec-6] INFO  c.b.p.a.d.i.s.GestionInventarioService - Consultando cargas por vendedor: 0b9544ca-bfbe-4335-821c-5c8eb4b553b2
2026-04-27 18:38:09 [http-nio-3000-exec-6] DEBUG c.b.p.a.i.p.s.a.SupabaseAsignacionRepositoryAdapter - Consultando asignaciones por vendedor: 0b9544ca-bfbe-4335-821c-5c8eb4b553b2
2026-04-27 18:38:09 [http-nio-3000-exec-10] DEBUG c.b.p.a.d.a.s.AutorizacionAuthService - Perfil obtenido exitosamente para usuario ID: f2dc5b92-7ded-4c42-9e5a-d8a22aaf4a3a
2026-04-27 18:38:09 [http-nio-3000-exec-10] INFO  c.b.p.a.a.i.c.InventarioRestAdapter - GET /inventario/vendedor/5e0e4eff-aec3-46df-a77e-d4feeb19394c - consulta por mateovargas220705@gmail.com
2026-04-27 18:38:09 [http-nio-3000-exec-10] INFO  c.b.p.a.d.i.s.GestionInventarioService - Consultando cargas por vendedor: 5e0e4eff-aec3-46df-a77e-d4feeb19394c
2026-04-27 18:38:09 [http-nio-3000-exec-10] DEBUG c.b.p.a.i.p.s.a.SupabaseAsignacionRepositoryAdapter - Consultando asignaciones por vendedor: 5e0e4eff-aec3-46df-a77e-d4feeb19394c
2026-04-27 18:38:09 [http-nio-3000-exec-8] DEBUG c.b.p.a.d.a.s.AutorizacionAuthService - Perfil obtenido exitosamente para usuario ID: f2dc5b92-7ded-4c42-9e5a-d8a22aaf4a3a
2026-04-27 18:38:09 [http-nio-3000-exec-8] INFO  c.b.p.a.a.i.c.InventarioRestAdapter - GET /inventario/vendedor/6b0a5026-52f3-475a-a20f-5aacf94764f0 - consulta por mateovargas220705@gmail.com
2026-04-27 18:38:09 [http-nio-3000-exec-8] INFO  c.b.p.a.d.i.s.GestionInventarioService - Consultando cargas por vendedor: 6b0a5026-52f3-475a-a20f-5aacf94764f0
2026-04-27 18:38:09 [http-nio-3000-exec-8] DEBUG c.b.p.a.i.p.s.a.SupabaseAsignacionRepositoryAdapter - Consultando asignaciones por vendedor: 6b0a5026-52f3-475a-a20f-5aacf94764f0
2026-04-27 18:38:09 [http-nio-3000-exec-7] DEBUG c.b.p.a.d.a.s.AutorizacionAuthService - Perfil obtenido exitosamente para usuario ID: f2dc5b92-7ded-4c42-9e5a-d8a22aaf4a3a
2026-04-27 18:38:09 [http-nio-3000-exec-7] INFO  c.b.p.a.a.i.c.InventarioRestAdapter - GET /inventario/vendedor/73ed0c2b-851c-44c8-a08b-ded6f61924f9 - consulta por mateovargas220705@gmail.com
2026-04-27 18:38:09 [http-nio-3000-exec-7] INFO  c.b.p.a.d.i.s.GestionInventarioService - Consultando cargas por vendedor: 73ed0c2b-851c-44c8-a08b-ded6f61924f9
2026-04-27 18:38:09 [http-nio-3000-exec-7] DEBUG c.b.p.a.i.p.s.a.SupabaseAsignacionRepositoryAdapter - Consultando asignaciones por vendedor: 73ed0c2b-851c-44c8-a08b-ded6f61924f9
2026-04-27 18:38:09 [http-nio-3000-exec-1] DEBUG c.b.p.a.d.a.s.AutorizacionAuthService - Perfil obtenido exitosamente para usuario ID: f2dc5b92-7ded-4c42-9e5a-d8a22aaf4a3a
2026-04-27 18:38:09 [http-nio-3000-exec-1] INFO  c.b.p.a.a.i.c.InventarioRestAdapter - GET /inventario/vendedor/7ca8780f-864c-4179-8c8a-9d8ae55b6df8 - consulta por mateovargas220705@gmail.com
2026-04-27 18:38:09 [http-nio-3000-exec-1] INFO  c.b.p.a.d.i.s.GestionInventarioService - Consultando cargas por vendedor: 7ca8780f-864c-4179-8c8a-9d8ae55b6df8
2026-04-27 18:38:09 [http-nio-3000-exec-1] DEBUG c.b.p.a.i.p.s.a.SupabaseAsignacionRepositoryAdapter - Consultando asignaciones por vendedor: 7ca8780f-864c-4179-8c8a-9d8ae55b6df8
2026-04-27 18:38:09 [http-nio-3000-exec-5] DEBUG c.b.p.a.d.a.s.AutorizacionAuthService - Perfil obtenido exitosamente para usuario ID: f2dc5b92-7ded-4c42-9e5a-d8a22aaf4a3a
2026-04-27 18:38:09 [http-nio-3000-exec-5] INFO  c.b.p.a.a.i.c.InventarioRestAdapter - GET /inventario/vendedor/2ab0631c-da17-4bd8-b9b9-237de54711c6 - consulta por mateovargas220705@gmail.com
2026-04-27 18:38:09 [http-nio-3000-exec-5] INFO  c.b.p.a.d.i.s.GestionInventarioService - Consultando cargas por vendedor: 2ab0631c-da17-4bd8-b9b9-237de54711c6
2026-04-27 18:38:09 [http-nio-3000-exec-5] DEBUG c.b.p.a.i.p.s.a.SupabaseAsignacionRepositoryAdapter - Consultando asignaciones por vendedor: 2ab0631c-da17-4bd8-b9b9-237de54711c6
2026-04-27 18:38:09 [http-nio-3000-exec-6] DEBUG c.b.p.a.i.p.s.a.SupabaseAsignacionRepositoryAdapter - Asignaciones encontradas para vendedor 0b9544ca-bfbe-4335-821c-5c8eb4b553b2: 1
2026-04-27 18:38:09 [http-nio-3000-exec-2] DEBUG c.b.p.a.d.a.s.AutorizacionAuthService - Obteniendo perfil por token
2026-04-27 18:38:09 [http-nio-3000-exec-10] DEBUG c.b.p.a.i.p.s.a.SupabaseAsignacionRepositoryAdapter - Asignaciones encontradas para vendedor 5e0e4eff-aec3-46df-a77e-d4feeb19394c: 4
2026-04-27 18:38:09 [http-nio-3000-exec-9] DEBUG c.b.p.a.d.a.s.AutorizacionAuthService - Obteniendo perfil por token
2026-04-27 18:38:09 [http-nio-3000-exec-7] DEBUG c.b.p.a.i.p.s.a.SupabaseAsignacionRepositoryAdapter - Asignaciones encontradas para vendedor 73ed0c2b-851c-44c8-a08b-ded6f61924f9: 4
2026-04-27 18:38:09 [http-nio-3000-exec-8] DEBUG c.b.p.a.i.p.s.a.SupabaseAsignacionRepositoryAdapter - Asignaciones encontradas para vendedor 6b0a5026-52f3-475a-a20f-5aacf94764f0: 31
2026-04-27 18:38:09 [http-nio-3000-exec-1] DEBUG c.b.p.a.i.p.s.a.SupabaseAsignacionRepositoryAdapter - Asignaciones encontradas para vendedor 7ca8780f-864c-4179-8c8a-9d8ae55b6df8: 3
2026-04-27 18:38:09 [http-nio-3000-exec-5] DEBUG c.b.p.a.i.p.s.a.SupabaseAsignacionRepositoryAdapter - Asignaciones encontradas para vendedor 2ab0631c-da17-4bd8-b9b9-237de54711c6: 9
2026-04-27 18:38:09 [http-nio-3000-exec-2] DEBUG c.b.p.a.d.a.s.AutorizacionAuthService - Perfil obtenido exitosamente para usuario ID: f2dc5b92-7ded-4c42-9e5a-d8a22aaf4a3a
2026-04-27 18:38:09 [http-nio-3000-exec-2] INFO  c.b.p.a.a.i.c.InventarioRestAdapter - GET /inventario/vendedor/7dec6fc9-8ddc-48c6-86a3-a1dbfc46f80e - consulta por mateovargas220705@gmail.com
2026-04-27 18:38:09 [http-nio-3000-exec-2] INFO  c.b.p.a.d.i.s.GestionInventarioService - Consultando cargas por vendedor: 7dec6fc9-8ddc-48c6-86a3-a1dbfc46f80e
2026-04-27 18:38:09 [http-nio-3000-exec-2] DEBUG c.b.p.a.i.p.s.a.SupabaseAsignacionRepositoryAdapter - Consultando asignaciones por vendedor: 7dec6fc9-8ddc-48c6-86a3-a1dbfc46f80e
2026-04-27 18:38:09 [http-nio-3000-exec-9] DEBUG c.b.p.a.d.a.s.AutorizacionAuthService - Perfil obtenido exitosamente para usuario ID: f2dc5b92-7ded-4c42-9e5a-d8a22aaf4a3a
2026-04-27 18:38:09 [http-nio-3000-exec-9] INFO  c.b.p.a.a.i.c.InventarioRestAdapter - GET /inventario/vendedor/997e2337-32a6-4ba5-84fb-873ef1b6036f - consulta por mateovargas220705@gmail.com
2026-04-27 18:38:09 [http-nio-3000-exec-9] INFO  c.b.p.a.d.i.s.GestionInventarioService - Consultando cargas por vendedor: 997e2337-32a6-4ba5-84fb-873ef1b6036f
2026-04-27 18:38:09 [http-nio-3000-exec-9] DEBUG c.b.p.a.i.p.s.a.SupabaseAsignacionRepositoryAdapter - Consultando asignaciones por vendedor: 997e2337-32a6-4ba5-84fb-873ef1b6036f
2026-04-27 18:38:10 [http-nio-3000-exec-2] DEBUG c.b.p.a.i.p.s.a.SupabaseAsignacionRepositoryAdapter - Asignaciones encontradas para vendedor 7dec6fc9-8ddc-48c6-86a3-a1dbfc46f80e: 1
2026-04-27 18:38:10 [http-nio-3000-exec-9] DEBUG c.b.p.a.i.p.s.a.SupabaseAsignacionRepositoryAdapter - Asignaciones encontradas para vendedor 997e2337-32a6-4ba5-84fb-873ef1b6036f: 1
2026-04-27 18:38:11 [http-nio-3000-exec-3] DEBUG c.b.p.a.d.a.s.AutorizacionAuthService - Obteniendo perfil por token
2026-04-27 18:38:12 [http-nio-3000-exec-3] DEBUG c.b.p.a.d.a.s.AutorizacionAuthService - Perfil obtenido exitosamente para usuario ID: f2dc5b92-7ded-4c42-9e5a-d8a22aaf4a3a
2026-04-27 18:38:12 [http-nio-3000-exec-3] INFO  c.b.p.a.a.i.c.InventarioRestAdapter - PATCH /inventario/validar-admin/53 por mateovargas220705@gmail.com
2026-04-27 18:38:12 [http-nio-3000-exec-3] INFO  c.b.p.a.d.i.s.GestionInventarioService - Validación de admin para carga: 53
2026-04-27 18:38:12 [http-nio-3000-exec-3] DEBUG c.b.p.a.i.p.s.a.SupabaseAsignacionRepositoryAdapter - Consultando asignación por idCarga: 53
2026-04-27 18:38:12 [http-nio-3000-exec-3] DEBUG c.b.p.a.i.p.s.a.SupabaseAsignacionRepositoryAdapter - Asignación encontrada para idCarga: 53
2026-04-27 18:38:12 [http-nio-3000-exec-3] DEBUG c.b.p.a.i.p.s.a.SupabaseAsignacionRepositoryAdapter - Actualizando estado de asignación - idCarga: 53, nuevoEstado: VALIDADO_ADMIN
2026-04-27 18:38:12 [http-nio-3000-exec-3] INFO  c.b.p.a.i.p.s.a.SupabaseAsignacionRepositoryAdapter - Estado actualizado correctamente - idCarga: 53, estado: VALIDADO_ADMIN
2026-04-27 18:38:12 [http-nio-3000-exec-3] INFO  c.b.p.a.d.i.s.GestionInventarioService - Carga validada por admin - idCarga: 53
2026-04-27 18:38:12 [http-nio-3000-exec-6] DEBUG c.b.p.a.d.a.s.AutorizacionAuthService - Obteniendo perfil por token
2026-04-27 18:38:12 [http-nio-3000-exec-10] DEBUG c.b.p.a.d.a.s.AutorizacionAuthService - Obteniendo perfil por token
2026-04-27 18:38:12 [http-nio-3000-exec-7] DEBUG c.b.p.a.d.a.s.AutorizacionAuthService - Obteniendo perfil por token
2026-04-27 18:38:12 [http-nio-3000-exec-8] DEBUG c.b.p.a.d.a.s.AutorizacionAuthService - Obteniendo perfil por token
2026-04-27 18:38:12 [http-nio-3000-exec-1] DEBUG c.b.p.a.d.a.s.AutorizacionAuthService - Obteniendo perfil por token
2026-04-27 18:38:12 [http-nio-3000-exec-5] DEBUG c.b.p.a.d.a.s.AutorizacionAuthService - Obteniendo perfil por token
2026-04-27 18:38:12 [http-nio-3000-exec-6] DEBUG c.b.p.a.d.a.s.AutorizacionAuthService - Perfil obtenido exitosamente para usuario ID: f2dc5b92-7ded-4c42-9e5a-d8a22aaf4a3a
2026-04-27 18:38:12 [http-nio-3000-exec-6] INFO  c.b.p.a.a.i.c.InventarioRestAdapter - GET /inventario/vendedor/0b9544ca-bfbe-4335-821c-5c8eb4b553b2 - consulta por mateovargas220705@gmail.com
2026-04-27 18:38:12 [http-nio-3000-exec-6] INFO  c.b.p.a.d.i.s.GestionInventarioService - Consultando cargas por vendedor: 0b9544ca-bfbe-4335-821c-5c8eb4b553b2
2026-04-27 18:38:12 [http-nio-3000-exec-6] DEBUG c.b.p.a.i.p.s.a.SupabaseAsignacionRepositoryAdapter - Consultando asignaciones por vendedor: 0b9544ca-bfbe-4335-821c-5c8eb4b553b2
2026-04-27 18:38:12 [http-nio-3000-exec-1] DEBUG c.b.p.a.d.a.s.AutorizacionAuthService - Perfil obtenido exitosamente para usuario ID: f2dc5b92-7ded-4c42-9e5a-d8a22aaf4a3a
2026-04-27 18:38:12 [http-nio-3000-exec-1] INFO  c.b.p.a.a.i.c.InventarioRestAdapter - GET /inventario/vendedor/73ed0c2b-851c-44c8-a08b-ded6f61924f9 - consulta por mateovargas220705@gmail.com
2026-04-27 18:38:12 [http-nio-3000-exec-1] INFO  c.b.p.a.d.i.s.GestionInventarioService - Consultando cargas por vendedor: 73ed0c2b-851c-44c8-a08b-ded6f61924f9
2026-04-27 18:38:12 [http-nio-3000-exec-1] DEBUG c.b.p.a.i.p.s.a.SupabaseAsignacionRepositoryAdapter - Consultando asignaciones por vendedor: 73ed0c2b-851c-44c8-a08b-ded6f61924f9
2026-04-27 18:38:12 [http-nio-3000-exec-5] DEBUG c.b.p.a.d.a.s.AutorizacionAuthService - Perfil obtenido exitosamente para usuario ID: f2dc5b92-7ded-4c42-9e5a-d8a22aaf4a3a
2026-04-27 18:38:12 [http-nio-3000-exec-5] INFO  c.b.p.a.a.i.c.InventarioRestAdapter - GET /inventario/vendedor/7ca8780f-864c-4179-8c8a-9d8ae55b6df8 - consulta por mateovargas220705@gmail.com
2026-04-27 18:38:12 [http-nio-3000-exec-5] INFO  c.b.p.a.d.i.s.GestionInventarioService - Consultando cargas por vendedor: 7ca8780f-864c-4179-8c8a-9d8ae55b6df8
2026-04-27 18:38:12 [http-nio-3000-exec-5] DEBUG c.b.p.a.i.p.s.a.SupabaseAsignacionRepositoryAdapter - Consultando asignaciones por vendedor: 7ca8780f-864c-4179-8c8a-9d8ae55b6df8
2026-04-27 18:38:12 [http-nio-3000-exec-10] DEBUG c.b.p.a.d.a.s.AutorizacionAuthService - Perfil obtenido exitosamente para usuario ID: f2dc5b92-7ded-4c42-9e5a-d8a22aaf4a3a
2026-04-27 18:38:12 [http-nio-3000-exec-8] DEBUG c.b.p.a.d.a.s.AutorizacionAuthService - Perfil obtenido exitosamente para usuario ID: f2dc5b92-7ded-4c42-9e5a-d8a22aaf4a3a
2026-04-27 18:38:12 [http-nio-3000-exec-10] INFO  c.b.p.a.a.i.c.InventarioRestAdapter - GET /inventario/vendedor/2ab0631c-da17-4bd8-b9b9-237de54711c6 - consulta por mateovargas220705@gmail.com
2026-04-27 18:38:12 [http-nio-3000-exec-8] INFO  c.b.p.a.a.i.c.InventarioRestAdapter - GET /inventario/vendedor/6b0a5026-52f3-475a-a20f-5aacf94764f0 - consulta por mateovargas220705@gmail.com
2026-04-27 18:38:12 [http-nio-3000-exec-10] INFO  c.b.p.a.d.i.s.GestionInventarioService - Consultando cargas por vendedor: 2ab0631c-da17-4bd8-b9b9-237de54711c6
2026-04-27 18:38:12 [http-nio-3000-exec-8] INFO  c.b.p.a.d.i.s.GestionInventarioService - Consultando cargas por vendedor: 6b0a5026-52f3-475a-a20f-5aacf94764f0
2026-04-27 18:38:12 [http-nio-3000-exec-10] DEBUG c.b.p.a.i.p.s.a.SupabaseAsignacionRepositoryAdapter - Consultando asignaciones por vendedor: 2ab0631c-da17-4bd8-b9b9-237de54711c6
2026-04-27 18:38:12 [http-nio-3000-exec-8] DEBUG c.b.p.a.i.p.s.a.SupabaseAsignacionRepositoryAdapter - Consultando asignaciones por vendedor: 6b0a5026-52f3-475a-a20f-5aacf94764f0
2026-04-27 18:38:12 [http-nio-3000-exec-7] DEBUG c.b.p.a.d.a.s.AutorizacionAuthService - Perfil obtenido exitosamente para usuario ID: f2dc5b92-7ded-4c42-9e5a-d8a22aaf4a3a
2026-04-27 18:38:12 [http-nio-3000-exec-7] INFO  c.b.p.a.a.i.c.InventarioRestAdapter - GET /inventario/vendedor/5e0e4eff-aec3-46df-a77e-d4feeb19394c - consulta por mateovargas220705@gmail.com
2026-04-27 18:38:12 [http-nio-3000-exec-7] INFO  c.b.p.a.d.i.s.GestionInventarioService - Consultando cargas por vendedor: 5e0e4eff-aec3-46df-a77e-d4feeb19394c
2026-04-27 18:38:12 [http-nio-3000-exec-7] DEBUG c.b.p.a.i.p.s.a.SupabaseAsignacionRepositoryAdapter - Consultando asignaciones por vendedor: 5e0e4eff-aec3-46df-a77e-d4feeb19394c
2026-04-27 18:38:12 [http-nio-3000-exec-6] DEBUG c.b.p.a.i.p.s.a.SupabaseAsignacionRepositoryAdapter - Asignaciones encontradas para vendedor 0b9544ca-bfbe-4335-821c-5c8eb4b553b2: 1
2026-04-27 18:38:12 [http-nio-3000-exec-2] DEBUG c.b.p.a.d.a.s.AutorizacionAuthService - Obteniendo perfil por token
2026-04-27 18:38:13 [http-nio-3000-exec-1] DEBUG c.b.p.a.i.p.s.a.SupabaseAsignacionRepositoryAdapter - Asignaciones encontradas para vendedor 73ed0c2b-851c-44c8-a08b-ded6f61924f9: 4
2026-04-27 18:38:13 [http-nio-3000-exec-10] DEBUG c.b.p.a.i.p.s.a.SupabaseAsignacionRepositoryAdapter - Asignaciones encontradas para vendedor 2ab0631c-da17-4bd8-b9b9-237de54711c6: 9
2026-04-27 18:38:13 [http-nio-3000-exec-8] DEBUG c.b.p.a.i.p.s.a.SupabaseAsignacionRepositoryAdapter - Asignaciones encontradas para vendedor 6b0a5026-52f3-475a-a20f-5aacf94764f0: 31
2026-04-27 18:38:13 [http-nio-3000-exec-5] DEBUG c.b.p.a.i.p.s.a.SupabaseAsignacionRepositoryAdapter - Asignaciones encontradas para vendedor 7ca8780f-864c-4179-8c8a-9d8ae55b6df8: 3
2026-04-27 18:38:13 [http-nio-3000-exec-9] DEBUG c.b.p.a.d.a.s.AutorizacionAuthService - Obteniendo perfil por token
2026-04-27 18:38:13 [http-nio-3000-exec-5] DEBUG c.b.p.a.d.a.s.AutorizacionAuthService - Obteniendo perfil por token
2026-04-27 18:38:13 [http-nio-3000-exec-7] DEBUG c.b.p.a.i.p.s.a.SupabaseAsignacionRepositoryAdapter - Asignaciones encontradas para vendedor 5e0e4eff-aec3-46df-a77e-d4feeb19394c: 4
2026-04-27 18:38:13 [http-nio-3000-exec-9] DEBUG c.b.p.a.d.a.s.AutorizacionAuthService - Perfil obtenido exitosamente para usuario ID: f2dc5b92-7ded-4c42-9e5a-d8a22aaf4a3a
2026-04-27 18:38:13 [http-nio-3000-exec-2] DEBUG c.b.p.a.d.a.s.AutorizacionAuthService - Perfil obtenido exitosamente para usuario ID: f2dc5b92-7ded-4c42-9e5a-d8a22aaf4a3a
2026-04-27 18:38:13 [http-nio-3000-exec-9] INFO  c.b.p.a.a.i.c.InventarioRestAdapter - GET /inventario/vendedor/997e2337-32a6-4ba5-84fb-873ef1b6036f - consulta por mateovargas220705@gmail.com
2026-04-27 18:38:13 [http-nio-3000-exec-2] INFO  c.b.p.a.a.i.c.InventarioRestAdapter - GET /inventario/vendedor/7dec6fc9-8ddc-48c6-86a3-a1dbfc46f80e - consulta por mateovargas220705@gmail.com
2026-04-27 18:38:13 [http-nio-3000-exec-9] INFO  c.b.p.a.d.i.s.GestionInventarioService - Consultando cargas por vendedor: 997e2337-32a6-4ba5-84fb-873ef1b6036f
2026-04-27 18:38:13 [http-nio-3000-exec-2] INFO  c.b.p.a.d.i.s.GestionInventarioService - Consultando cargas por vendedor: 7dec6fc9-8ddc-48c6-86a3-a1dbfc46f80e
2026-04-27 18:38:13 [http-nio-3000-exec-2] DEBUG c.b.p.a.i.p.s.a.SupabaseAsignacionRepositoryAdapter - Consultando asignaciones por vendedor: 7dec6fc9-8ddc-48c6-86a3-a1dbfc46f80e
2026-04-27 18:38:13 [http-nio-3000-exec-9] DEBUG c.b.p.a.i.p.s.a.SupabaseAsignacionRepositoryAdapter - Consultando asignaciones por vendedor: 997e2337-32a6-4ba5-84fb-873ef1b6036f
2026-04-27 18:38:13 [http-nio-3000-exec-5] DEBUG c.b.p.a.d.a.s.AutorizacionAuthService - Perfil obtenido exitosamente para usuario ID: f2dc5b92-7ded-4c42-9e5a-d8a22aaf4a3a
2026-04-27 18:38:13 [http-nio-3000-exec-5] INFO  c.b.p.a.a.i.c.InventarioRestAdapter - PATCH /inventario/validar-admin/53 por mateovargas220705@gmail.com
2026-04-27 18:38:13 [http-nio-3000-exec-5] INFO  c.b.p.a.d.i.s.GestionInventarioService - Validación de admin para carga: 53
2026-04-27 18:38:13 [http-nio-3000-exec-5] DEBUG c.b.p.a.i.p.s.a.SupabaseAsignacionRepositoryAdapter - Consultando asignación por idCarga: 53
2026-04-27 18:38:13 [http-nio-3000-exec-9] DEBUG c.b.p.a.i.p.s.a.SupabaseAsignacionRepositoryAdapter - Asignaciones encontradas para vendedor 997e2337-32a6-4ba5-84fb-873ef1b6036f: 1
2026-04-27 18:38:13 [http-nio-3000-exec-2] DEBUG c.b.p.a.i.p.s.a.SupabaseAsignacionRepositoryAdapter - Asignaciones encontradas para vendedor 7dec6fc9-8ddc-48c6-86a3-a1dbfc46f80e: 1
2026-04-27 18:38:13 [http-nio-3000-exec-5] DEBUG c.b.p.a.i.p.s.a.SupabaseAsignacionRepositoryAdapter - Asignación encontrada para idCarga: 53
2026-04-27 18:38:13 [http-nio-3000-exec-5] WARN  c.b.p.a.a.i.c.InventarioRestAdapter - Error en validar-admin para 53: La validación de administrador ya fue registrada
2026-04-27 18:38:13 [http-nio-3000-exec-5] WARN  o.s.w.s.m.m.a.ExceptionHandlerExceptionResolver - Resolved [com.back.puntoventa.app.common.ApiException: La validación de administrador ya fue registrada]
2026-04-27 18:38:18 [http-nio-3000-exec-3] WARN  o.s.w.s.m.m.a.ExceptionHandlerExceptionResolver - Resolved [org.springframework.web.bind.MissingServletRequestParameterException: Required request parameter 'userId' for method parameter type String is not present]
2026-04-27 18:38:29 [http-nio-3000-exec-6] INFO  c.b.p.a.a.a.c.AuthRestAdapter - POST /auth/signin - Intento de autenticación para email: andres@gmail.com
2026-04-27 18:38:29 [http-nio-3000-exec-6] DEBUG c.b.p.a.d.a.s.AutorizacionAuthService - Autenticando usuario con email: andres@gmail.com
2026-04-27 18:38:30 [http-nio-3000-exec-6] DEBUG c.b.p.a.d.a.s.AutorizacionAuthService - Autenticación completada para email: andres@gmail.com
2026-04-27 18:38:30 [http-nio-3000-exec-6] INFO  c.b.p.a.a.a.c.AuthRestAdapter - Autenticación exitosa para email: andres@gmail.com
2026-04-27 18:38:30 [http-nio-3000-exec-10] INFO  c.b.p.a.a.a.c.AuthRestAdapter - GET /auth/me - Obtener perfil del usuario actual
2026-04-27 18:38:30 [http-nio-3000-exec-10] DEBUG c.b.p.a.d.a.s.AutorizacionAuthService - Obteniendo perfil por token
2026-04-27 18:38:30 [http-nio-3000-exec-10] DEBUG c.b.p.a.d.a.s.AutorizacionAuthService - Perfil obtenido exitosamente para usuario ID: 6b0a5026-52f3-475a-a20f-5aacf94764f0
2026-04-27 18:38:30 [http-nio-3000-exec-10] DEBUG c.b.p.a.a.a.c.AuthRestAdapter - Perfil obtenido para usuario: andres@gmail.com
2026-04-27 18:38:30 [http-nio-3000-exec-1] INFO  c.b.p.a.a.p.c.ProductosRestAdapter - GET /productos - Obtener todos los productos
2026-04-27 18:38:30 [http-nio-3000-exec-1] DEBUG c.b.p.a.d.p.s.GestionProductosService - Obteniendo todos los productos
2026-04-27 18:38:30 [http-nio-3000-exec-4] DEBUG c.b.p.a.d.a.s.AutorizacionAuthService - Obteniendo perfil por token
2026-04-27 18:38:30 [http-nio-3000-exec-8] INFO  c.b.p.a.a.ventas.VentaRestAdapter - GET /ventas/cierre-jornada - Obtener cierre de jornada para vendedor 6b0a5026-52f3-475a-a20f-5aacf94764f0 y fecha 2026-04-27
2026-04-27 18:38:30 [http-nio-3000-exec-8] INFO  c.b.p.a.d.v.s.GestionVentasService - Obteniendo resumen de cierre de jornada para vendedor 6b0a5026-52f3-475a-a20f-5aacf94764f0 en fecha 2026-04-27
2026-04-27 18:38:30 [http-nio-3000-exec-1] DEBUG c.b.p.a.d.p.s.GestionProductosService - Se obtuvieron 25 productos
2026-04-27 18:38:30 [http-nio-3000-exec-1] DEBUG c.b.p.a.a.p.c.ProductosRestAdapter - Se obtuvieron 25 productos
2026-04-27 18:38:30 [http-nio-3000-exec-4] DEBUG c.b.p.a.d.a.s.AutorizacionAuthService - Perfil obtenido exitosamente para usuario ID: 6b0a5026-52f3-475a-a20f-5aacf94764f0
2026-04-27 18:38:30 [http-nio-3000-exec-4] INFO  c.b.p.a.a.i.c.InventarioRestAdapter - GET /inventario/vendedor/6b0a5026-52f3-475a-a20f-5aacf94764f0 - consulta por andres@gmail.com
2026-04-27 18:38:30 [http-nio-3000-exec-4] INFO  c.b.p.a.d.i.s.GestionInventarioService - Consultando cargas por vendedor: 6b0a5026-52f3-475a-a20f-5aacf94764f0
2026-04-27 18:38:30 [http-nio-3000-exec-4] DEBUG c.b.p.a.i.p.s.a.SupabaseAsignacionRepositoryAdapter - Consultando asignaciones por vendedor: 6b0a5026-52f3-475a-a20f-5aacf94764f0
2026-04-27 18:38:31 [http-nio-3000-exec-4] DEBUG c.b.p.a.i.p.s.a.SupabaseAsignacionRepositoryAdapter - Asignaciones encontradas para vendedor 6b0a5026-52f3-475a-a20f-5aacf94764f0: 31
2026-04-27 18:38:34 [http-nio-3000-exec-2] DEBUG c.b.p.a.d.a.s.AutorizacionAuthService - Obteniendo perfil por token
2026-04-27 18:38:34 [http-nio-3000-exec-2] DEBUG c.b.p.a.d.a.s.AutorizacionAuthService - Perfil obtenido exitosamente para usuario ID: 6b0a5026-52f3-475a-a20f-5aacf94764f0
2026-04-27 18:38:34 [http-nio-3000-exec-2] INFO  c.b.p.a.a.i.c.InventarioRestAdapter - PATCH /inventario/confirmar-salida/54 por vendedor andres@gmail.com
2026-04-27 18:38:34 [http-nio-3000-exec-2] INFO  c.b.p.a.d.i.s.GestionInventarioService - Confirmación de salida por vendedor - idCarga: 54, vendedor: 6b0a5026-52f3-475a-a20f-5aacf94764f0
2026-04-27 18:38:34 [http-nio-3000-exec-2] DEBUG c.b.p.a.i.p.s.a.SupabaseAsignacionRepositoryAdapter - Consultando asignación por idCarga: 54
2026-04-27 18:38:34 [http-nio-3000-exec-2] DEBUG c.b.p.a.i.p.s.a.SupabaseAsignacionRepositoryAdapter - Asignación encontrada para idCarga: 54
2026-04-27 18:38:34 [http-nio-3000-exec-2] DEBUG c.b.p.a.i.p.s.a.SupabaseAsignacionRepositoryAdapter - Actualizando estado de asignación - idCarga: 54, nuevoEstado: VALIDADO
2026-04-27 18:38:35 [http-nio-3000-exec-2] INFO  c.b.p.a.i.p.s.a.SupabaseAsignacionRepositoryAdapter - Estado actualizado correctamente - idCarga: 54, estado: VALIDADO
2026-04-27 18:38:35 [http-nio-3000-exec-2] INFO  c.b.p.a.d.i.s.GestionInventarioService - Carga validada por vendedor y confirmada en salida - idCarga: 54
2026-04-27 18:38:35 [http-nio-3000-exec-9] INFO  c.b.p.a.a.a.c.AuthRestAdapter - GET /auth/me - Obtener perfil del usuario actual
2026-04-27 18:38:35 [http-nio-3000-exec-9] DEBUG c.b.p.a.d.a.s.AutorizacionAuthService - Obteniendo perfil por token
2026-04-27 18:38:35 [http-nio-3000-exec-9] DEBUG c.b.p.a.d.a.s.AutorizacionAuthService - Perfil obtenido exitosamente para usuario ID: 6b0a5026-52f3-475a-a20f-5aacf94764f0
2026-04-27 18:38:35 [http-nio-3000-exec-9] DEBUG c.b.p.a.a.a.c.AuthRestAdapter - Perfil obtenido para usuario: andres@gmail.com
2026-04-27 18:38:35 [http-nio-3000-exec-5] INFO  c.b.p.a.a.p.c.ProductosRestAdapter - GET /productos - Obtener todos los productos
2026-04-27 18:38:35 [http-nio-3000-exec-5] DEBUG c.b.p.a.d.p.s.GestionProductosService - Obteniendo todos los productos
2026-04-27 18:38:35 [http-nio-3000-exec-3] DEBUG c.b.p.a.d.a.s.AutorizacionAuthService - Obteniendo perfil por token
2026-04-27 18:38:35 [http-nio-3000-exec-6] INFO  c.b.p.a.a.ventas.VentaRestAdapter - GET /ventas/cierre-jornada - Obtener cierre de jornada para vendedor 6b0a5026-52f3-475a-a20f-5aacf94764f0 y fecha 2026-04-27
2026-04-27 18:38:35 [http-nio-3000-exec-6] INFO  c.b.p.a.d.v.s.GestionVentasService - Obteniendo resumen de cierre de jornada para vendedor 6b0a5026-52f3-475a-a20f-5aacf94764f0 en fecha 2026-04-27
2026-04-27 18:38:35 [http-nio-3000-exec-5] DEBUG c.b.p.a.d.p.s.GestionProductosService - Se obtuvieron 25 productos
2026-04-27 18:38:35 [http-nio-3000-exec-5] DEBUG c.b.p.a.a.p.c.ProductosRestAdapter - Se obtuvieron 25 productos
2026-04-27 18:38:35 [http-nio-3000-exec-3] DEBUG c.b.p.a.d.a.s.AutorizacionAuthService - Perfil obtenido exitosamente para usuario ID: 6b0a5026-52f3-475a-a20f-5aacf94764f0
2026-04-27 18:38:35 [http-nio-3000-exec-3] INFO  c.b.p.a.a.i.c.InventarioRestAdapter - GET /inventario/vendedor/6b0a5026-52f3-475a-a20f-5aacf94764f0 - consulta por andres@gmail.com
2026-04-27 18:38:35 [http-nio-3000-exec-3] INFO  c.b.p.a.d.i.s.GestionInventarioService - Consultando cargas por vendedor: 6b0a5026-52f3-475a-a20f-5aacf94764f0
2026-04-27 18:38:35 [http-nio-3000-exec-3] DEBUG c.b.p.a.i.p.s.a.SupabaseAsignacionRepositoryAdapter - Consultando asignaciones por vendedor: 6b0a5026-52f3-475a-a20f-5aacf94764f0
2026-04-27 18:38:35 [http-nio-3000-exec-3] DEBUG c.b.p.a.i.p.s.a.SupabaseAsignacionRepositoryAdapter - Asignaciones encontradas para vendedor 6b0a5026-52f3-475a-a20f-5aacf94764f0: 31
2026-04-27 18:38:37 [http-nio-3000-exec-1] DEBUG c.b.p.a.d.a.s.AutorizacionAuthService - Obteniendo perfil por token
2026-04-27 18:38:37 [http-nio-3000-exec-1] DEBUG c.b.p.a.d.a.s.AutorizacionAuthService - Perfil obtenido exitosamente para usuario ID: 6b0a5026-52f3-475a-a20f-5aacf94764f0
2026-04-27 18:38:37 [http-nio-3000-exec-1] INFO  c.b.p.a.a.i.c.InventarioRestAdapter - PATCH /inventario/confirmar-salida/53 por vendedor andres@gmail.com
2026-04-27 18:38:37 [http-nio-3000-exec-1] INFO  c.b.p.a.d.i.s.GestionInventarioService - Confirmación de salida por vendedor - idCarga: 53, vendedor: 6b0a5026-52f3-475a-a20f-5aacf94764f0
2026-04-27 18:38:37 [http-nio-3000-exec-1] DEBUG c.b.p.a.i.p.s.a.SupabaseAsignacionRepositoryAdapter - Consultando asignación por idCarga: 53
2026-04-27 18:38:37 [http-nio-3000-exec-1] DEBUG c.b.p.a.i.p.s.a.SupabaseAsignacionRepositoryAdapter - Asignación encontrada para idCarga: 53
2026-04-27 18:38:37 [http-nio-3000-exec-1] DEBUG c.b.p.a.i.p.s.a.SupabaseAsignacionRepositoryAdapter - Actualizando estado de asignación - idCarga: 53, nuevoEstado: VALIDADO
2026-04-27 18:38:37 [http-nio-3000-exec-1] INFO  c.b.p.a.i.p.s.a.SupabaseAsignacionRepositoryAdapter - Estado actualizado correctamente - idCarga: 53, estado: VALIDADO
2026-04-27 18:38:37 [http-nio-3000-exec-1] INFO  c.b.p.a.d.i.s.GestionInventarioService - Carga validada por vendedor y confirmada en salida - idCarga: 53
2026-04-27 18:38:37 [http-nio-3000-exec-4] INFO  c.b.p.a.a.a.c.AuthRestAdapter - GET /auth/me - Obtener perfil del usuario actual
2026-04-27 18:38:37 [http-nio-3000-exec-4] DEBUG c.b.p.a.d.a.s.AutorizacionAuthService - Obteniendo perfil por token
2026-04-27 18:38:38 [http-nio-3000-exec-4] DEBUG c.b.p.a.d.a.s.AutorizacionAuthService - Perfil obtenido exitosamente para usuario ID: 6b0a5026-52f3-475a-a20f-5aacf94764f0
2026-04-27 18:38:38 [http-nio-3000-exec-4] DEBUG c.b.p.a.a.a.c.AuthRestAdapter - Perfil obtenido para usuario: andres@gmail.com
2026-04-27 18:38:38 [http-nio-3000-exec-8] INFO  c.b.p.a.a.p.c.ProductosRestAdapter - GET /productos - Obtener todos los productos
2026-04-27 18:38:38 [http-nio-3000-exec-8] DEBUG c.b.p.a.d.p.s.GestionProductosService - Obteniendo todos los productos
2026-04-27 18:38:38 [http-nio-3000-exec-7] DEBUG c.b.p.a.d.a.s.AutorizacionAuthService - Obteniendo perfil por token
2026-04-27 18:38:38 [http-nio-3000-exec-2] INFO  c.b.p.a.a.ventas.VentaRestAdapter - GET /ventas/cierre-jornada - Obtener cierre de jornada para vendedor 6b0a5026-52f3-475a-a20f-5aacf94764f0 y fecha 2026-04-27
2026-04-27 18:38:38 [http-nio-3000-exec-2] INFO  c.b.p.a.d.v.s.GestionVentasService - Obteniendo resumen de cierre de jornada para vendedor 6b0a5026-52f3-475a-a20f-5aacf94764f0 en fecha 2026-04-27
2026-04-27 18:38:38 [http-nio-3000-exec-8] DEBUG c.b.p.a.d.p.s.GestionProductosService - Se obtuvieron 25 productos
2026-04-27 18:38:38 [http-nio-3000-exec-8] DEBUG c.b.p.a.a.p.c.ProductosRestAdapter - Se obtuvieron 25 productos
2026-04-27 18:38:38 [http-nio-3000-exec-7] DEBUG c.b.p.a.d.a.s.AutorizacionAuthService - Perfil obtenido exitosamente para usuario ID: 6b0a5026-52f3-475a-a20f-5aacf94764f0
2026-04-27 18:38:38 [http-nio-3000-exec-7] INFO  c.b.p.a.a.i.c.InventarioRestAdapter - GET /inventario/vendedor/6b0a5026-52f3-475a-a20f-5aacf94764f0 - consulta por andres@gmail.com
2026-04-27 18:38:38 [http-nio-3000-exec-7] INFO  c.b.p.a.d.i.s.GestionInventarioService - Consultando cargas por vendedor: 6b0a5026-52f3-475a-a20f-5aacf94764f0
2026-04-27 18:38:38 [http-nio-3000-exec-7] DEBUG c.b.p.a.i.p.s.a.SupabaseAsignacionRepositoryAdapter - Consultando asignaciones por vendedor: 6b0a5026-52f3-475a-a20f-5aacf94764f0
2026-04-27 18:38:38 [http-nio-3000-exec-7] DEBUG c.b.p.a.i.p.s.a.SupabaseAsignacionRepositoryAdapter - Asignaciones encontradas para vendedor 6b0a5026-52f3-475a-a20f-5aacf94764f0: 31
2026-04-27 18:38:42 [http-nio-3000-exec-9] INFO  c.b.p.a.a.a.c.AuthRestAdapter - GET /auth/me - Obtener perfil del usuario actual
2026-04-27 18:38:42 [http-nio-3000-exec-9] DEBUG c.b.p.a.d.a.s.AutorizacionAuthService - Obteniendo perfil por token
2026-04-27 18:38:42 [http-nio-3000-exec-9] DEBUG c.b.p.a.d.a.s.AutorizacionAuthService - Perfil obtenido exitosamente para usuario ID: 6b0a5026-52f3-475a-a20f-5aacf94764f0
2026-04-27 18:38:42 [http-nio-3000-exec-9] DEBUG c.b.p.a.a.a.c.AuthRestAdapter - Perfil obtenido para usuario: andres@gmail.com
2026-04-27 18:38:42 [http-nio-3000-exec-5] DEBUG c.b.p.a.a.c.c.ClientesRestAdapter - Obteniendo clientes; vendedorId=6b0a5026-52f3-475a-a20f-5aacf94764f0
2026-04-27 18:38:42 [http-nio-3000-exec-5] DEBUG c.b.p.a.d.c.s.GestionClientesService - Obteniendo clientes por vendedor: 6b0a5026-52f3-475a-a20f-5aacf94764f0
2026-04-27 18:38:42 [http-nio-3000-exec-5] DEBUG c.b.p.a.i.p.s.a.SupabaseClienteRepositoryAdapter - Obteniendo clientes por vendedorId=6b0a5026-52f3-475a-a20f-5aacf94764f0
2026-04-27 18:38:43 [http-nio-3000-exec-3] INFO  c.b.p.a.a.c.CierreJornadaRestAdapter - GET /cierres/vendedor/6b0a5026-52f3-475a-a20f-5aacf94764f0 - Historial de cierres
2026-04-27 18:38:46 [http-nio-3000-exec-6] INFO  c.b.p.a.a.ventas.VentaRestAdapter - GET /ventas/cierre-jornada - Obtener cierre de jornada para vendedor 6b0a5026-52f3-475a-a20f-5aacf94764f0 y fecha 2026-04-27
2026-04-27 18:38:46 [http-nio-3000-exec-6] INFO  c.b.p.a.d.v.s.GestionVentasService - Obteniendo resumen de cierre de jornada para vendedor 6b0a5026-52f3-475a-a20f-5aacf94764f0 en fecha 2026-04-27
2026-04-27 18:38:46 [http-nio-3000-exec-10] DEBUG c.b.p.a.d.a.s.AutorizacionAuthService - Obteniendo perfil por token
2026-04-27 18:38:46 [http-nio-3000-exec-1] INFO  c.b.p.a.a.c.CierreJornadaRestAdapter - GET /cierres/vendedor/6b0a5026-52f3-475a-a20f-5aacf94764f0 - Historial de cierres
2026-04-27 18:38:46 [http-nio-3000-exec-10] DEBUG c.b.p.a.d.a.s.AutorizacionAuthService - Perfil obtenido exitosamente para usuario ID: 6b0a5026-52f3-475a-a20f-5aacf94764f0
2026-04-27 18:38:46 [http-nio-3000-exec-10] INFO  c.b.p.a.a.i.c.InventarioRestAdapter - GET /inventario/vendedor/6b0a5026-52f3-475a-a20f-5aacf94764f0 - consulta por andres@gmail.com
2026-04-27 18:38:46 [http-nio-3000-exec-10] INFO  c.b.p.a.d.i.s.GestionInventarioService - Consultando cargas por vendedor: 6b0a5026-52f3-475a-a20f-5aacf94764f0
2026-04-27 18:38:46 [http-nio-3000-exec-10] DEBUG c.b.p.a.i.p.s.a.SupabaseAsignacionRepositoryAdapter - Consultando asignaciones por vendedor: 6b0a5026-52f3-475a-a20f-5aacf94764f0
2026-04-27 18:38:47 [http-nio-3000-exec-10] DEBUG c.b.p.a.i.p.s.a.SupabaseAsignacionRepositoryAdapter - Asignaciones encontradas para vendedor 6b0a5026-52f3-475a-a20f-5aacf94764f0: 31
2026-04-27 18:38:51 [http-nio-3000-exec-4] INFO  c.b.p.a.a.c.CierreJornadaRestAdapter - GET /cierres/vendedor/6b0a5026-52f3-475a-a20f-5aacf94764f0 - Historial de cierres
2026-04-27 18:43:15 [http-nio-3000-exec-5] WARN  o.s.w.s.m.m.a.ExceptionHandlerExceptionResolver - Resolved [org.springframework.web.bind.MissingServletRequestParameterException: Required request parameter 'userId' for method parameter type String is not present]
2026-04-27 18:43:25 [http-nio-3000-exec-3] INFO  c.b.p.a.a.a.c.AuthRestAdapter - POST /auth/signin - Intento de autenticación para email: mateovargas220705@gmail.com
2026-04-27 18:43:25 [http-nio-3000-exec-3] DEBUG c.b.p.a.d.a.s.AutorizacionAuthService - Autenticando usuario con email: mateovargas220705@gmail.com
2026-04-27 18:43:26 [http-nio-3000-exec-3] DEBUG c.b.p.a.d.a.s.AutorizacionAuthService - Autenticación completada para email: mateovargas220705@gmail.com
2026-04-27 18:43:26 [http-nio-3000-exec-3] INFO  c.b.p.a.a.a.c.AuthRestAdapter - Autenticación exitosa para email: mateovargas220705@gmail.com
2026-04-27 18:43:26 [http-nio-3000-exec-1] INFO  c.b.p.a.a.p.c.ProductosRestAdapter - GET /productos - Obtener todos los productos
2026-04-27 18:43:26 [http-nio-3000-exec-1] DEBUG c.b.p.a.d.p.s.GestionProductosService - Obteniendo todos los productos
2026-04-27 18:43:26 [http-nio-3000-exec-10] INFO  c.b.p.a.a.v.c.VendedoresRestAdapter - GET /vendedores - Obtener todos los vendedores
2026-04-27 18:43:26 [http-nio-3000-exec-10] DEBUG c.b.p.a.d.v.s.GestionVendedoresService - Obteniendo todos los vendedores
2026-04-27 18:43:26 [http-nio-3000-exec-6] INFO  c.b.p.a.a.p.c.ProductosRestAdapter - GET /productos/stock-bajo - Consultando alertas con umbral: 100
2026-04-27 18:43:26 [http-nio-3000-exec-6] DEBUG c.b.p.a.d.p.s.GestionProductosService - Obteniendo productos con stock bajo. Umbral: 100
2026-04-27 18:43:26 [http-nio-3000-exec-1] DEBUG c.b.p.a.d.p.s.GestionProductosService - Se obtuvieron 25 productos
2026-04-27 18:43:26 [http-nio-3000-exec-1] DEBUG c.b.p.a.a.p.c.ProductosRestAdapter - Se obtuvieron 25 productos
2026-04-27 18:43:26 [http-nio-3000-exec-6] DEBUG c.b.p.a.d.p.s.GestionProductosService - Se encontraron 24 productos con stock bajo
2026-04-27 18:43:26 [http-nio-3000-exec-10] DEBUG c.b.p.a.d.v.s.GestionVendedoresService - Se obtuvieron 8 vendedores
2026-04-27 18:43:26 [http-nio-3000-exec-10] DEBUG c.b.p.a.a.v.c.VendedoresRestAdapter - Se obtuvieron 8 vendedores
2026-04-27 18:43:28 [http-nio-3000-exec-4] INFO  c.b.p.a.a.v.c.VendedoresRestAdapter - GET /vendedores - Obtener todos los vendedores
2026-04-27 18:43:28 [http-nio-3000-exec-4] DEBUG c.b.p.a.d.v.s.GestionVendedoresService - Obteniendo todos los vendedores
2026-04-27 18:43:28 [http-nio-3000-exec-8] INFO  c.b.p.a.a.p.c.ProductosRestAdapter - GET /productos - Obtener todos los productos
2026-04-27 18:43:28 [http-nio-3000-exec-8] DEBUG c.b.p.a.d.p.s.GestionProductosService - Obteniendo todos los productos
2026-04-27 18:43:28 [http-nio-3000-exec-8] DEBUG c.b.p.a.d.p.s.GestionProductosService - Se obtuvieron 25 productos
2026-04-27 18:43:28 [http-nio-3000-exec-8] DEBUG c.b.p.a.a.p.c.ProductosRestAdapter - Se obtuvieron 25 productos
2026-04-27 18:43:28 [http-nio-3000-exec-4] DEBUG c.b.p.a.d.v.s.GestionVendedoresService - Se obtuvieron 8 vendedores
2026-04-27 18:43:28 [http-nio-3000-exec-4] DEBUG c.b.p.a.a.v.c.VendedoresRestAdapter - Se obtuvieron 8 vendedores
2026-04-27 18:43:28 [http-nio-3000-exec-7] DEBUG c.b.p.a.d.a.s.AutorizacionAuthService - Obteniendo perfil por token
2026-04-27 18:43:28 [http-nio-3000-exec-2] DEBUG c.b.p.a.d.a.s.AutorizacionAuthService - Obteniendo perfil por token
2026-04-27 18:43:28 [http-nio-3000-exec-9] DEBUG c.b.p.a.d.a.s.AutorizacionAuthService - Obteniendo perfil por token
2026-04-27 18:43:28 [http-nio-3000-exec-5] DEBUG c.b.p.a.d.a.s.AutorizacionAuthService - Obteniendo perfil por token
2026-04-27 18:43:28 [http-nio-3000-exec-3] DEBUG c.b.p.a.d.a.s.AutorizacionAuthService - Obteniendo perfil por token
2026-04-27 18:43:28 [http-nio-3000-exec-1] DEBUG c.b.p.a.d.a.s.AutorizacionAuthService - Obteniendo perfil por token
2026-04-27 18:43:29 [http-nio-3000-exec-2] DEBUG c.b.p.a.d.a.s.AutorizacionAuthService - Perfil obtenido exitosamente para usuario ID: f2dc5b92-7ded-4c42-9e5a-d8a22aaf4a3a
2026-04-27 18:43:29 [http-nio-3000-exec-2] INFO  c.b.p.a.a.i.c.InventarioRestAdapter - GET /inventario/vendedor/2ab0631c-da17-4bd8-b9b9-237de54711c6 - consulta por mateovargas220705@gmail.com
2026-04-27 18:43:29 [http-nio-3000-exec-2] INFO  c.b.p.a.d.i.s.GestionInventarioService - Consultando cargas por vendedor: 2ab0631c-da17-4bd8-b9b9-237de54711c6
2026-04-27 18:43:29 [http-nio-3000-exec-2] DEBUG c.b.p.a.i.p.s.a.SupabaseAsignacionRepositoryAdapter - Consultando asignaciones por vendedor: 2ab0631c-da17-4bd8-b9b9-237de54711c6
2026-04-27 18:43:29 [http-nio-3000-exec-9] DEBUG c.b.p.a.d.a.s.AutorizacionAuthService - Perfil obtenido exitosamente para usuario ID: f2dc5b92-7ded-4c42-9e5a-d8a22aaf4a3a
2026-04-27 18:43:29 [http-nio-3000-exec-9] INFO  c.b.p.a.a.i.c.InventarioRestAdapter - GET /inventario/vendedor/5e0e4eff-aec3-46df-a77e-d4feeb19394c - consulta por mateovargas220705@gmail.com
2026-04-27 18:43:29 [http-nio-3000-exec-9] INFO  c.b.p.a.d.i.s.GestionInventarioService - Consultando cargas por vendedor: 5e0e4eff-aec3-46df-a77e-d4feeb19394c
2026-04-27 18:43:29 [http-nio-3000-exec-9] DEBUG c.b.p.a.i.p.s.a.SupabaseAsignacionRepositoryAdapter - Consultando asignaciones por vendedor: 5e0e4eff-aec3-46df-a77e-d4feeb19394c
2026-04-27 18:43:29 [http-nio-3000-exec-5] DEBUG c.b.p.a.d.a.s.AutorizacionAuthService - Perfil obtenido exitosamente para usuario ID: f2dc5b92-7ded-4c42-9e5a-d8a22aaf4a3a
2026-04-27 18:43:29 [http-nio-3000-exec-3] DEBUG c.b.p.a.d.a.s.AutorizacionAuthService - Perfil obtenido exitosamente para usuario ID: f2dc5b92-7ded-4c42-9e5a-d8a22aaf4a3a
2026-04-27 18:43:29 [http-nio-3000-exec-5] INFO  c.b.p.a.a.i.c.InventarioRestAdapter - GET /inventario/vendedor/6b0a5026-52f3-475a-a20f-5aacf94764f0 - consulta por mateovargas220705@gmail.com
2026-04-27 18:43:29 [http-nio-3000-exec-1] DEBUG c.b.p.a.d.a.s.AutorizacionAuthService - Perfil obtenido exitosamente para usuario ID: f2dc5b92-7ded-4c42-9e5a-d8a22aaf4a3a
2026-04-27 18:43:29 [http-nio-3000-exec-3] INFO  c.b.p.a.a.i.c.InventarioRestAdapter - GET /inventario/vendedor/73ed0c2b-851c-44c8-a08b-ded6f61924f9 - consulta por mateovargas220705@gmail.com
2026-04-27 18:43:29 [http-nio-3000-exec-5] INFO  c.b.p.a.d.i.s.GestionInventarioService - Consultando cargas por vendedor: 6b0a5026-52f3-475a-a20f-5aacf94764f0
2026-04-27 18:43:29 [http-nio-3000-exec-1] INFO  c.b.p.a.a.i.c.InventarioRestAdapter - GET /inventario/vendedor/7ca8780f-864c-4179-8c8a-9d8ae55b6df8 - consulta por mateovargas220705@gmail.com
2026-04-27 18:43:29 [http-nio-3000-exec-3] INFO  c.b.p.a.d.i.s.GestionInventarioService - Consultando cargas por vendedor: 73ed0c2b-851c-44c8-a08b-ded6f61924f9
2026-04-27 18:43:29 [http-nio-3000-exec-5] DEBUG c.b.p.a.i.p.s.a.SupabaseAsignacionRepositoryAdapter - Consultando asignaciones por vendedor: 6b0a5026-52f3-475a-a20f-5aacf94764f0
2026-04-27 18:43:29 [http-nio-3000-exec-1] INFO  c.b.p.a.d.i.s.GestionInventarioService - Consultando cargas por vendedor: 7ca8780f-864c-4179-8c8a-9d8ae55b6df8
2026-04-27 18:43:29 [http-nio-3000-exec-3] DEBUG c.b.p.a.i.p.s.a.SupabaseAsignacionRepositoryAdapter - Consultando asignaciones por vendedor: 73ed0c2b-851c-44c8-a08b-ded6f61924f9
2026-04-27 18:43:29 [http-nio-3000-exec-1] DEBUG c.b.p.a.i.p.s.a.SupabaseAsignacionRepositoryAdapter - Consultando asignaciones por vendedor: 7ca8780f-864c-4179-8c8a-9d8ae55b6df8
2026-04-27 18:43:29 [http-nio-3000-exec-7] DEBUG c.b.p.a.d.a.s.AutorizacionAuthService - Perfil obtenido exitosamente para usuario ID: f2dc5b92-7ded-4c42-9e5a-d8a22aaf4a3a
2026-04-27 18:43:29 [http-nio-3000-exec-7] INFO  c.b.p.a.a.i.c.InventarioRestAdapter - GET /inventario/vendedor/0b9544ca-bfbe-4335-821c-5c8eb4b553b2 - consulta por mateovargas220705@gmail.com
2026-04-27 18:43:29 [http-nio-3000-exec-7] INFO  c.b.p.a.d.i.s.GestionInventarioService - Consultando cargas por vendedor: 0b9544ca-bfbe-4335-821c-5c8eb4b553b2
2026-04-27 18:43:29 [http-nio-3000-exec-7] DEBUG c.b.p.a.i.p.s.a.SupabaseAsignacionRepositoryAdapter - Consultando asignaciones por vendedor: 0b9544ca-bfbe-4335-821c-5c8eb4b553b2
2026-04-27 18:43:29 [http-nio-3000-exec-2] DEBUG c.b.p.a.i.p.s.a.SupabaseAsignacionRepositoryAdapter - Asignaciones encontradas para vendedor 2ab0631c-da17-4bd8-b9b9-237de54711c6: 9
2026-04-27 18:43:29 [http-nio-3000-exec-6] DEBUG c.b.p.a.d.a.s.AutorizacionAuthService - Obteniendo perfil por token
2026-04-27 18:43:29 [http-nio-3000-exec-9] DEBUG c.b.p.a.i.p.s.a.SupabaseAsignacionRepositoryAdapter - Asignaciones encontradas para vendedor 5e0e4eff-aec3-46df-a77e-d4feeb19394c: 4
2026-04-27 18:43:29 [http-nio-3000-exec-10] DEBUG c.b.p.a.d.a.s.AutorizacionAuthService - Obteniendo perfil por token
2026-04-27 18:43:29 [http-nio-3000-exec-5] DEBUG c.b.p.a.i.p.s.a.SupabaseAsignacionRepositoryAdapter - Asignaciones encontradas para vendedor 6b0a5026-52f3-475a-a20f-5aacf94764f0: 31
2026-04-27 18:43:29 [http-nio-3000-exec-3] DEBUG c.b.p.a.i.p.s.a.SupabaseAsignacionRepositoryAdapter - Asignaciones encontradas para vendedor 73ed0c2b-851c-44c8-a08b-ded6f61924f9: 4
2026-04-27 18:43:29 [http-nio-3000-exec-1] DEBUG c.b.p.a.i.p.s.a.SupabaseAsignacionRepositoryAdapter - Asignaciones encontradas para vendedor 7ca8780f-864c-4179-8c8a-9d8ae55b6df8: 3
2026-04-27 18:43:29 [http-nio-3000-exec-7] DEBUG c.b.p.a.i.p.s.a.SupabaseAsignacionRepositoryAdapter - Asignaciones encontradas para vendedor 0b9544ca-bfbe-4335-821c-5c8eb4b553b2: 1
2026-04-27 18:43:29 [http-nio-3000-exec-6] DEBUG c.b.p.a.d.a.s.AutorizacionAuthService - Perfil obtenido exitosamente para usuario ID: f2dc5b92-7ded-4c42-9e5a-d8a22aaf4a3a
2026-04-27 18:43:29 [http-nio-3000-exec-6] INFO  c.b.p.a.a.i.c.InventarioRestAdapter - GET /inventario/vendedor/7dec6fc9-8ddc-48c6-86a3-a1dbfc46f80e - consulta por mateovargas220705@gmail.com
2026-04-27 18:43:29 [http-nio-3000-exec-6] INFO  c.b.p.a.d.i.s.GestionInventarioService - Consultando cargas por vendedor: 7dec6fc9-8ddc-48c6-86a3-a1dbfc46f80e
2026-04-27 18:43:29 [http-nio-3000-exec-6] DEBUG c.b.p.a.i.p.s.a.SupabaseAsignacionRepositoryAdapter - Consultando asignaciones por vendedor: 7dec6fc9-8ddc-48c6-86a3-a1dbfc46f80e
2026-04-27 18:43:29 [http-nio-3000-exec-10] DEBUG c.b.p.a.d.a.s.AutorizacionAuthService - Perfil obtenido exitosamente para usuario ID: f2dc5b92-7ded-4c42-9e5a-d8a22aaf4a3a
2026-04-27 18:43:29 [http-nio-3000-exec-10] INFO  c.b.p.a.a.i.c.InventarioRestAdapter - GET /inventario/vendedor/997e2337-32a6-4ba5-84fb-873ef1b6036f - consulta por mateovargas220705@gmail.com
2026-04-27 18:43:29 [http-nio-3000-exec-10] INFO  c.b.p.a.d.i.s.GestionInventarioService - Consultando cargas por vendedor: 997e2337-32a6-4ba5-84fb-873ef1b6036f
2026-04-27 18:43:29 [http-nio-3000-exec-10] DEBUG c.b.p.a.i.p.s.a.SupabaseAsignacionRepositoryAdapter - Consultando asignaciones por vendedor: 997e2337-32a6-4ba5-84fb-873ef1b6036f
2026-04-27 18:43:29 [http-nio-3000-exec-6] DEBUG c.b.p.a.i.p.s.a.SupabaseAsignacionRepositoryAdapter - Asignaciones encontradas para vendedor 7dec6fc9-8ddc-48c6-86a3-a1dbfc46f80e: 1
2026-04-27 18:43:29 [http-nio-3000-exec-10] DEBUG c.b.p.a.i.p.s.a.SupabaseAsignacionRepositoryAdapter - Asignaciones encontradas para vendedor 997e2337-32a6-4ba5-84fb-873ef1b6036f: 1
2026-04-27 18:43:34 [http-nio-3000-exec-4] INFO  c.b.p.a.a.v.c.VendedoresRestAdapter - GET /vendedores - Obtener todos los vendedores
2026-04-27 18:43:34 [http-nio-3000-exec-4] DEBUG c.b.p.a.d.v.s.GestionVendedoresService - Obteniendo todos los vendedores
2026-04-27 18:43:34 [http-nio-3000-exec-4] DEBUG c.b.p.a.d.v.s.GestionVendedoresService - Se obtuvieron 8 vendedores
2026-04-27 18:43:34 [http-nio-3000-exec-4] DEBUG c.b.p.a.a.v.c.VendedoresRestAdapter - Se obtuvieron 8 vendedores
2026-04-27 18:43:43 [http-nio-3000-exec-8] WARN  o.s.w.s.m.m.a.ExceptionHandlerExceptionResolver - Resolved [org.springframework.web.bind.MissingServletRequestParameterException: Required request parameter 'userId' for method parameter type String is not present]
2026-04-27 18:43:48 [http-nio-3000-exec-2] INFO  c.b.p.a.a.a.c.AuthRestAdapter - POST /auth/signin - Intento de autenticación para email: jorge@gmail.com
2026-04-27 18:43:48 [http-nio-3000-exec-2] DEBUG c.b.p.a.d.a.s.AutorizacionAuthService - Autenticando usuario con email: jorge@gmail.com
2026-04-27 18:43:48 [http-nio-3000-exec-2] DEBUG c.b.p.a.d.a.s.AutorizacionAuthService - Autenticación completada para email: jorge@gmail.com
2026-04-27 18:43:48 [http-nio-3000-exec-2] INFO  c.b.p.a.a.a.c.AuthRestAdapter - Autenticación exitosa para email: jorge@gmail.com
2026-04-27 18:43:48 [http-nio-3000-exec-9] INFO  c.b.p.a.a.a.c.AuthRestAdapter - GET /auth/me - Obtener perfil del usuario actual
2026-04-27 18:43:48 [http-nio-3000-exec-9] DEBUG c.b.p.a.d.a.s.AutorizacionAuthService - Obteniendo perfil por token
2026-04-27 18:43:49 [http-nio-3000-exec-9] DEBUG c.b.p.a.d.a.s.AutorizacionAuthService - Perfil obtenido exitosamente para usuario ID: 7ca8780f-864c-4179-8c8a-9d8ae55b6df8
2026-04-27 18:43:49 [http-nio-3000-exec-9] DEBUG c.b.p.a.a.a.c.AuthRestAdapter - Perfil obtenido para usuario: jorge@gmail.com
2026-04-27 18:43:49 [http-nio-3000-exec-5] INFO  c.b.p.a.a.p.c.ProductosRestAdapter - GET /productos - Obtener todos los productos
2026-04-27 18:43:49 [http-nio-3000-exec-5] DEBUG c.b.p.a.d.p.s.GestionProductosService - Obteniendo todos los productos
2026-04-27 18:43:49 [http-nio-3000-exec-3] DEBUG c.b.p.a.d.a.s.AutorizacionAuthService - Obteniendo perfil por token
2026-04-27 18:43:49 [http-nio-3000-exec-7] INFO  c.b.p.a.a.ventas.VentaRestAdapter - GET /ventas/cierre-jornada - Obtener cierre de jornada para vendedor 7ca8780f-864c-4179-8c8a-9d8ae55b6df8 y fecha 2026-04-27
2026-04-27 18:43:49 [http-nio-3000-exec-7] INFO  c.b.p.a.d.v.s.GestionVentasService - Obteniendo resumen de cierre de jornada para vendedor 7ca8780f-864c-4179-8c8a-9d8ae55b6df8 en fecha 2026-04-27
2026-04-27 18:43:49 [http-nio-3000-exec-5] DEBUG c.b.p.a.d.p.s.GestionProductosService - Se obtuvieron 25 productos
2026-04-27 18:43:49 [http-nio-3000-exec-5] DEBUG c.b.p.a.a.p.c.ProductosRestAdapter - Se obtuvieron 25 productos
2026-04-27 18:43:49 [http-nio-3000-exec-3] DEBUG c.b.p.a.d.a.s.AutorizacionAuthService - Perfil obtenido exitosamente para usuario ID: 7ca8780f-864c-4179-8c8a-9d8ae55b6df8
2026-04-27 18:43:49 [http-nio-3000-exec-3] INFO  c.b.p.a.a.i.c.InventarioRestAdapter - GET /inventario/vendedor/7ca8780f-864c-4179-8c8a-9d8ae55b6df8 - consulta por jorge@gmail.com
2026-04-27 18:43:49 [http-nio-3000-exec-3] INFO  c.b.p.a.d.i.s.GestionInventarioService - Consultando cargas por vendedor: 7ca8780f-864c-4179-8c8a-9d8ae55b6df8
2026-04-27 18:43:49 [http-nio-3000-exec-3] DEBUG c.b.p.a.i.p.s.a.SupabaseAsignacionRepositoryAdapter - Consultando asignaciones por vendedor: 7ca8780f-864c-4179-8c8a-9d8ae55b6df8
2026-04-27 18:43:49 [http-nio-3000-exec-3] DEBUG c.b.p.a.i.p.s.a.SupabaseAsignacionRepositoryAdapter - Asignaciones encontradas para vendedor 7ca8780f-864c-4179-8c8a-9d8ae55b6df8: 3
2026-04-27 18:44:06 [http-nio-3000-exec-6] WARN  o.s.w.s.m.m.a.ExceptionHandlerExceptionResolver - Resolved [org.springframework.web.bind.MissingServletRequestParameterException: Required request parameter 'userId' for method parameter type String is not present]
2026-04-27 18:44:14 [http-nio-3000-exec-10] INFO  c.b.p.a.a.a.c.AuthRestAdapter - POST /auth/signin - Intento de autenticación para email: mateovargas220705@gmail.com
2026-04-27 18:44:14 [http-nio-3000-exec-10] DEBUG c.b.p.a.d.a.s.AutorizacionAuthService - Autenticando usuario con email: mateovargas220705@gmail.com
2026-04-27 18:44:15 [http-nio-3000-exec-10] DEBUG c.b.p.a.d.a.s.AutorizacionAuthService - Autenticación completada para email: mateovargas220705@gmail.com
2026-04-27 18:44:15 [http-nio-3000-exec-10] INFO  c.b.p.a.a.a.c.AuthRestAdapter - Autenticación exitosa para email: mateovargas220705@gmail.com
2026-04-27 18:44:15 [http-nio-3000-exec-4] INFO  c.b.p.a.a.p.c.ProductosRestAdapter - GET /productos - Obtener todos los productos
2026-04-27 18:44:15 [http-nio-3000-exec-4] DEBUG c.b.p.a.d.p.s.GestionProductosService - Obteniendo todos los productos
2026-04-27 18:44:15 [http-nio-3000-exec-8] INFO  c.b.p.a.a.v.c.VendedoresRestAdapter - GET /vendedores - Obtener todos los vendedores
2026-04-27 18:44:15 [http-nio-3000-exec-8] DEBUG c.b.p.a.d.v.s.GestionVendedoresService - Obteniendo todos los vendedores
2026-04-27 18:44:15 [http-nio-3000-exec-2] INFO  c.b.p.a.a.p.c.ProductosRestAdapter - GET /productos/stock-bajo - Consultando alertas con umbral: 100
2026-04-27 18:44:15 [http-nio-3000-exec-2] DEBUG c.b.p.a.d.p.s.GestionProductosService - Obteniendo productos con stock bajo. Umbral: 100
2026-04-27 18:44:15 [http-nio-3000-exec-8] DEBUG c.b.p.a.d.v.s.GestionVendedoresService - Se obtuvieron 8 vendedores
2026-04-27 18:44:15 [http-nio-3000-exec-8] DEBUG c.b.p.a.a.v.c.VendedoresRestAdapter - Se obtuvieron 8 vendedores
2026-04-27 18:44:15 [http-nio-3000-exec-2] DEBUG c.b.p.a.d.p.s.GestionProductosService - Se encontraron 24 productos con stock bajo
2026-04-27 18:44:15 [http-nio-3000-exec-4] DEBUG c.b.p.a.d.p.s.GestionProductosService - Se obtuvieron 25 productos
2026-04-27 18:44:15 [http-nio-3000-exec-4] DEBUG c.b.p.a.a.p.c.ProductosRestAdapter - Se obtuvieron 25 productos
2026-04-27 18:44:16 [http-nio-3000-exec-9] INFO  c.b.p.a.a.p.c.ProductosRestAdapter - GET /productos - Obtener todos los productos
2026-04-27 18:44:16 [http-nio-3000-exec-9] DEBUG c.b.p.a.d.p.s.GestionProductosService - Obteniendo todos los productos
2026-04-27 18:44:16 [http-nio-3000-exec-9] DEBUG c.b.p.a.d.p.s.GestionProductosService - Se obtuvieron 25 productos
2026-04-27 18:44:16 [http-nio-3000-exec-9] DEBUG c.b.p.a.a.p.c.ProductosRestAdapter - Se obtuvieron 25 productos
2026-04-27 18:44:18 [http-nio-3000-exec-1] INFO  c.b.p.a.a.v.c.VendedoresRestAdapter - GET /vendedores - Obtener todos los vendedores
2026-04-27 18:44:18 [http-nio-3000-exec-1] DEBUG c.b.p.a.d.v.s.GestionVendedoresService - Obteniendo todos los vendedores
2026-04-27 18:44:18 [http-nio-3000-exec-1] DEBUG c.b.p.a.d.v.s.GestionVendedoresService - Se obtuvieron 8 vendedores
2026-04-27 18:44:18 [http-nio-3000-exec-1] DEBUG c.b.p.a.a.v.c.VendedoresRestAdapter - Se obtuvieron 8 vendedores
2026-04-27 18:44:41 [http-nio-3000-exec-7] INFO  c.b.p.a.a.v.c.VendedoresRestAdapter - POST /vendedores - Crear nuevo vendedor: luis@gmail.com
2026-04-27 18:44:41 [http-nio-3000-exec-7] DEBUG c.b.p.a.d.v.s.GestionVendedoresService - Creando vendedor - Email: luis@gmail.com, Nombre: Luis
2026-04-27 18:44:42 [http-nio-3000-exec-7] INFO  c.b.p.a.d.v.s.GestionVendedoresService - Vendedor creado exitosamente - ID: c1cbc4b0-eafd-490a-be95-b1c42036ad16, Email: luis@gmail.com
2026-04-27 18:44:42 [http-nio-3000-exec-7] INFO  c.b.p.a.a.v.c.VendedoresRestAdapter - Vendedor creado exitosamente - ID: c1cbc4b0-eafd-490a-be95-b1c42036ad16, Email: luis@gmail.com
2026-04-27 18:44:42 [http-nio-3000-exec-6] INFO  c.b.p.a.a.v.c.VendedoresRestAdapter - GET /vendedores - Obtener todos los vendedores
2026-04-27 18:44:42 [http-nio-3000-exec-6] DEBUG c.b.p.a.d.v.s.GestionVendedoresService - Obteniendo todos los vendedores
2026-04-27 18:44:42 [http-nio-3000-exec-6] DEBUG c.b.p.a.d.v.s.GestionVendedoresService - Se obtuvieron 9 vendedores
2026-04-27 18:44:42 [http-nio-3000-exec-6] DEBUG c.b.p.a.a.v.c.VendedoresRestAdapter - Se obtuvieron 9 vendedores
2026-04-27 18:44:50 [http-nio-3000-exec-10] INFO  c.b.p.a.a.v.c.VendedoresRestAdapter - GET /vendedores - Obtener todos los vendedores
2026-04-27 18:44:50 [http-nio-3000-exec-10] DEBUG c.b.p.a.d.v.s.GestionVendedoresService - Obteniendo todos los vendedores
2026-04-27 18:44:50 [http-nio-3000-exec-8] INFO  c.b.p.a.a.p.c.ProductosRestAdapter - GET /productos - Obtener todos los productos
2026-04-27 18:44:50 [http-nio-3000-exec-8] DEBUG c.b.p.a.d.p.s.GestionProductosService - Obteniendo todos los productos
2026-04-27 18:44:50 [http-nio-3000-exec-10] DEBUG c.b.p.a.d.v.s.GestionVendedoresService - Se obtuvieron 9 vendedores
2026-04-27 18:44:50 [http-nio-3000-exec-10] DEBUG c.b.p.a.a.v.c.VendedoresRestAdapter - Se obtuvieron 9 vendedores
2026-04-27 18:44:50 [http-nio-3000-exec-8] DEBUG c.b.p.a.d.p.s.GestionProductosService - Se obtuvieron 25 productos
2026-04-27 18:44:50 [http-nio-3000-exec-8] DEBUG c.b.p.a.a.p.c.ProductosRestAdapter - Se obtuvieron 25 productos
2026-04-27 18:44:50 [http-nio-3000-exec-2] DEBUG c.b.p.a.d.a.s.AutorizacionAuthService - Obteniendo perfil por token
2026-04-27 18:44:50 [http-nio-3000-exec-4] DEBUG c.b.p.a.d.a.s.AutorizacionAuthService - Obteniendo perfil por token
2026-04-27 18:44:50 [http-nio-3000-exec-9] DEBUG c.b.p.a.d.a.s.AutorizacionAuthService - Obteniendo perfil por token
2026-04-27 18:44:50 [http-nio-3000-exec-1] DEBUG c.b.p.a.d.a.s.AutorizacionAuthService - Obteniendo perfil por token
2026-04-27 18:44:50 [http-nio-3000-exec-5] DEBUG c.b.p.a.d.a.s.AutorizacionAuthService - Obteniendo perfil por token
2026-04-27 18:44:50 [http-nio-3000-exec-3] DEBUG c.b.p.a.d.a.s.AutorizacionAuthService - Obteniendo perfil por token
2026-04-27 18:44:50 [http-nio-3000-exec-9] DEBUG c.b.p.a.d.a.s.AutorizacionAuthService - Perfil obtenido exitosamente para usuario ID: f2dc5b92-7ded-4c42-9e5a-d8a22aaf4a3a
2026-04-27 18:44:50 [http-nio-3000-exec-9] INFO  c.b.p.a.a.i.c.InventarioRestAdapter - GET /inventario/vendedor/5e0e4eff-aec3-46df-a77e-d4feeb19394c - consulta por mateovargas220705@gmail.com
2026-04-27 18:44:50 [http-nio-3000-exec-9] INFO  c.b.p.a.d.i.s.GestionInventarioService - Consultando cargas por vendedor: 5e0e4eff-aec3-46df-a77e-d4feeb19394c
2026-04-27 18:44:50 [http-nio-3000-exec-9] DEBUG c.b.p.a.i.p.s.a.SupabaseAsignacionRepositoryAdapter - Consultando asignaciones por vendedor: 5e0e4eff-aec3-46df-a77e-d4feeb19394c
2026-04-27 18:44:50 [http-nio-3000-exec-1] DEBUG c.b.p.a.d.a.s.AutorizacionAuthService - Perfil obtenido exitosamente para usuario ID: f2dc5b92-7ded-4c42-9e5a-d8a22aaf4a3a
2026-04-27 18:44:50 [http-nio-3000-exec-1] INFO  c.b.p.a.a.i.c.InventarioRestAdapter - GET /inventario/vendedor/6b0a5026-52f3-475a-a20f-5aacf94764f0 - consulta por mateovargas220705@gmail.com
2026-04-27 18:44:50 [http-nio-3000-exec-1] INFO  c.b.p.a.d.i.s.GestionInventarioService - Consultando cargas por vendedor: 6b0a5026-52f3-475a-a20f-5aacf94764f0
2026-04-27 18:44:50 [http-nio-3000-exec-1] DEBUG c.b.p.a.i.p.s.a.SupabaseAsignacionRepositoryAdapter - Consultando asignaciones por vendedor: 6b0a5026-52f3-475a-a20f-5aacf94764f0
2026-04-27 18:44:50 [http-nio-3000-exec-2] DEBUG c.b.p.a.d.a.s.AutorizacionAuthService - Perfil obtenido exitosamente para usuario ID: f2dc5b92-7ded-4c42-9e5a-d8a22aaf4a3a
2026-04-27 18:44:50 [http-nio-3000-exec-2] INFO  c.b.p.a.a.i.c.InventarioRestAdapter - GET /inventario/vendedor/0b9544ca-bfbe-4335-821c-5c8eb4b553b2 - consulta por mateovargas220705@gmail.com
2026-04-27 18:44:50 [http-nio-3000-exec-2] INFO  c.b.p.a.d.i.s.GestionInventarioService - Consultando cargas por vendedor: 0b9544ca-bfbe-4335-821c-5c8eb4b553b2
2026-04-27 18:44:50 [http-nio-3000-exec-2] DEBUG c.b.p.a.i.p.s.a.SupabaseAsignacionRepositoryAdapter - Consultando asignaciones por vendedor: 0b9544ca-bfbe-4335-821c-5c8eb4b553b2
2026-04-27 18:44:51 [http-nio-3000-exec-3] DEBUG c.b.p.a.d.a.s.AutorizacionAuthService - Perfil obtenido exitosamente para usuario ID: f2dc5b92-7ded-4c42-9e5a-d8a22aaf4a3a
2026-04-27 18:44:51 [http-nio-3000-exec-3] INFO  c.b.p.a.a.i.c.InventarioRestAdapter - GET /inventario/vendedor/7ca8780f-864c-4179-8c8a-9d8ae55b6df8 - consulta por mateovargas220705@gmail.com
2026-04-27 18:44:51 [http-nio-3000-exec-3] INFO  c.b.p.a.d.i.s.GestionInventarioService - Consultando cargas por vendedor: 7ca8780f-864c-4179-8c8a-9d8ae55b6df8
2026-04-27 18:44:51 [http-nio-3000-exec-3] DEBUG c.b.p.a.i.p.s.a.SupabaseAsignacionRepositoryAdapter - Consultando asignaciones por vendedor: 7ca8780f-864c-4179-8c8a-9d8ae55b6df8
2026-04-27 18:44:51 [http-nio-3000-exec-5] DEBUG c.b.p.a.d.a.s.AutorizacionAuthService - Perfil obtenido exitosamente para usuario ID: f2dc5b92-7ded-4c42-9e5a-d8a22aaf4a3a
2026-04-27 18:44:51 [http-nio-3000-exec-5] INFO  c.b.p.a.a.i.c.InventarioRestAdapter - GET /inventario/vendedor/73ed0c2b-851c-44c8-a08b-ded6f61924f9 - consulta por mateovargas220705@gmail.com
2026-04-27 18:44:51 [http-nio-3000-exec-5] INFO  c.b.p.a.d.i.s.GestionInventarioService - Consultando cargas por vendedor: 73ed0c2b-851c-44c8-a08b-ded6f61924f9
2026-04-27 18:44:51 [http-nio-3000-exec-5] DEBUG c.b.p.a.i.p.s.a.SupabaseAsignacionRepositoryAdapter - Consultando asignaciones por vendedor: 73ed0c2b-851c-44c8-a08b-ded6f61924f9
2026-04-27 18:44:51 [http-nio-3000-exec-4] DEBUG c.b.p.a.d.a.s.AutorizacionAuthService - Perfil obtenido exitosamente para usuario ID: f2dc5b92-7ded-4c42-9e5a-d8a22aaf4a3a
2026-04-27 18:44:51 [http-nio-3000-exec-4] INFO  c.b.p.a.a.i.c.InventarioRestAdapter - GET /inventario/vendedor/2ab0631c-da17-4bd8-b9b9-237de54711c6 - consulta por mateovargas220705@gmail.com
2026-04-27 18:44:51 [http-nio-3000-exec-4] INFO  c.b.p.a.d.i.s.GestionInventarioService - Consultando cargas por vendedor: 2ab0631c-da17-4bd8-b9b9-237de54711c6
2026-04-27 18:44:51 [http-nio-3000-exec-4] DEBUG c.b.p.a.i.p.s.a.SupabaseAsignacionRepositoryAdapter - Consultando asignaciones por vendedor: 2ab0631c-da17-4bd8-b9b9-237de54711c6
2026-04-27 18:44:51 [http-nio-3000-exec-9] DEBUG c.b.p.a.i.p.s.a.SupabaseAsignacionRepositoryAdapter - Asignaciones encontradas para vendedor 5e0e4eff-aec3-46df-a77e-d4feeb19394c: 4
2026-04-27 18:44:51 [http-nio-3000-exec-7] DEBUG c.b.p.a.d.a.s.AutorizacionAuthService - Obteniendo perfil por token
2026-04-27 18:44:51 [http-nio-3000-exec-1] DEBUG c.b.p.a.i.p.s.a.SupabaseAsignacionRepositoryAdapter - Asignaciones encontradas para vendedor 6b0a5026-52f3-475a-a20f-5aacf94764f0: 31
2026-04-27 18:44:51 [http-nio-3000-exec-6] DEBUG c.b.p.a.d.a.s.AutorizacionAuthService - Obteniendo perfil por token
2026-04-27 18:44:51 [http-nio-3000-exec-3] DEBUG c.b.p.a.i.p.s.a.SupabaseAsignacionRepositoryAdapter - Asignaciones encontradas para vendedor 7ca8780f-864c-4179-8c8a-9d8ae55b6df8: 3
2026-04-27 18:44:51 [http-nio-3000-exec-5] DEBUG c.b.p.a.i.p.s.a.SupabaseAsignacionRepositoryAdapter - Asignaciones encontradas para vendedor 73ed0c2b-851c-44c8-a08b-ded6f61924f9: 4
2026-04-27 18:44:51 [http-nio-3000-exec-4] DEBUG c.b.p.a.i.p.s.a.SupabaseAsignacionRepositoryAdapter - Asignaciones encontradas para vendedor 2ab0631c-da17-4bd8-b9b9-237de54711c6: 9
2026-04-27 18:44:51 [http-nio-3000-exec-8] DEBUG c.b.p.a.d.a.s.AutorizacionAuthService - Obteniendo perfil por token
2026-04-27 18:44:51 [http-nio-3000-exec-2] DEBUG c.b.p.a.i.p.s.a.SupabaseAsignacionRepositoryAdapter - Asignaciones encontradas para vendedor 0b9544ca-bfbe-4335-821c-5c8eb4b553b2: 1
2026-04-27 18:44:51 [http-nio-3000-exec-7] DEBUG c.b.p.a.d.a.s.AutorizacionAuthService - Perfil obtenido exitosamente para usuario ID: f2dc5b92-7ded-4c42-9e5a-d8a22aaf4a3a
2026-04-27 18:44:51 [http-nio-3000-exec-7] INFO  c.b.p.a.a.i.c.InventarioRestAdapter - GET /inventario/vendedor/7dec6fc9-8ddc-48c6-86a3-a1dbfc46f80e - consulta por mateovargas220705@gmail.com
2026-04-27 18:44:51 [http-nio-3000-exec-7] INFO  c.b.p.a.d.i.s.GestionInventarioService - Consultando cargas por vendedor: 7dec6fc9-8ddc-48c6-86a3-a1dbfc46f80e
2026-04-27 18:44:51 [http-nio-3000-exec-7] DEBUG c.b.p.a.i.p.s.a.SupabaseAsignacionRepositoryAdapter - Consultando asignaciones por vendedor: 7dec6fc9-8ddc-48c6-86a3-a1dbfc46f80e
2026-04-27 18:44:51 [http-nio-3000-exec-6] DEBUG c.b.p.a.d.a.s.AutorizacionAuthService - Perfil obtenido exitosamente para usuario ID: f2dc5b92-7ded-4c42-9e5a-d8a22aaf4a3a
2026-04-27 18:44:51 [http-nio-3000-exec-6] INFO  c.b.p.a.a.i.c.InventarioRestAdapter - GET /inventario/vendedor/997e2337-32a6-4ba5-84fb-873ef1b6036f - consulta por mateovargas220705@gmail.com
2026-04-27 18:44:51 [http-nio-3000-exec-6] INFO  c.b.p.a.d.i.s.GestionInventarioService - Consultando cargas por vendedor: 997e2337-32a6-4ba5-84fb-873ef1b6036f
2026-04-27 18:44:51 [http-nio-3000-exec-6] DEBUG c.b.p.a.i.p.s.a.SupabaseAsignacionRepositoryAdapter - Consultando asignaciones por vendedor: 997e2337-32a6-4ba5-84fb-873ef1b6036f
2026-04-27 18:44:51 [http-nio-3000-exec-8] DEBUG c.b.p.a.d.a.s.AutorizacionAuthService - Perfil obtenido exitosamente para usuario ID: f2dc5b92-7ded-4c42-9e5a-d8a22aaf4a3a
2026-04-27 18:44:51 [http-nio-3000-exec-8] INFO  c.b.p.a.a.i.c.InventarioRestAdapter - GET /inventario/vendedor/c1cbc4b0-eafd-490a-be95-b1c42036ad16 - consulta por mateovargas220705@gmail.com
2026-04-27 18:44:51 [http-nio-3000-exec-8] INFO  c.b.p.a.d.i.s.GestionInventarioService - Consultando cargas por vendedor: c1cbc4b0-eafd-490a-be95-b1c42036ad16
2026-04-27 18:44:51 [http-nio-3000-exec-8] DEBUG c.b.p.a.i.p.s.a.SupabaseAsignacionRepositoryAdapter - Consultando asignaciones por vendedor: c1cbc4b0-eafd-490a-be95-b1c42036ad16
2026-04-27 18:44:51 [http-nio-3000-exec-7] DEBUG c.b.p.a.i.p.s.a.SupabaseAsignacionRepositoryAdapter - Asignaciones encontradas para vendedor 7dec6fc9-8ddc-48c6-86a3-a1dbfc46f80e: 1
2026-04-27 18:44:51 [http-nio-3000-exec-6] DEBUG c.b.p.a.i.p.s.a.SupabaseAsignacionRepositoryAdapter - Asignaciones encontradas para vendedor 997e2337-32a6-4ba5-84fb-873ef1b6036f: 1
2026-04-27 18:44:51 [http-nio-3000-exec-8] DEBUG c.b.p.a.i.p.s.a.SupabaseAsignacionRepositoryAdapter - Asignaciones encontradas para vendedor c1cbc4b0-eafd-490a-be95-b1c42036ad16: 0
2026-04-27 18:45:09 [http-nio-3000-exec-9] DEBUG c.b.p.a.d.a.s.AutorizacionAuthService - Obteniendo perfil por token
2026-04-27 18:45:09 [http-nio-3000-exec-9] DEBUG c.b.p.a.d.a.s.AutorizacionAuthService - Perfil obtenido exitosamente para usuario ID: f2dc5b92-7ded-4c42-9e5a-d8a22aaf4a3a
2026-04-27 18:45:09 [http-nio-3000-exec-9] INFO  c.b.p.a.a.i.c.InventarioRestAdapter - POST /inventario/asignar - admin mateovargas220705@gmail.com asigna stock
2026-04-27 18:45:09 [http-nio-3000-exec-9] INFO  c.b.p.a.d.i.s.GestionInventarioService - Asignando stock - Producto: 9000118, Vendedor: c1cbc4b0-eafd-490a-be95-b1c42036ad16, Cantidad: 3
2026-04-27 18:45:09 [http-nio-3000-exec-9] INFO  c.b.p.a.d.i.s.GestionInventarioService - Stock central descontado - Producto: 9000118, Stock anterior: 18, Stock nuevo: 15
2026-04-27 18:45:09 [http-nio-3000-exec-9] DEBUG c.b.p.a.i.p.s.a.SupabaseAsignacionRepositoryAdapter - Guardando asignación en Supabase - vendedor: c1cbc4b0-eafd-490a-be95-b1c42036ad16, producto: 9000118, cantidad: 3
2026-04-27 18:45:09 [http-nio-3000-exec-9] INFO  c.b.p.a.i.p.s.a.SupabaseAsignacionRepositoryAdapter - Asignación guardada correctamente - idCarga: 55
2026-04-27 18:45:09 [http-nio-3000-exec-9] INFO  c.b.p.a.d.i.s.GestionInventarioService - Asignación creada - idCarga: 55, Estado: PENDIENTE
2026-04-27 18:45:09 [http-nio-3000-exec-1] INFO  c.b.p.a.a.v.c.VendedoresRestAdapter - GET /vendedores - Obtener todos los vendedores
2026-04-27 18:45:09 [http-nio-3000-exec-1] DEBUG c.b.p.a.d.v.s.GestionVendedoresService - Obteniendo todos los vendedores
2026-04-27 18:45:09 [http-nio-3000-exec-3] INFO  c.b.p.a.a.p.c.ProductosRestAdapter - GET /productos - Obtener todos los productos
2026-04-27 18:45:09 [http-nio-3000-exec-3] DEBUG c.b.p.a.d.p.s.GestionProductosService - Obteniendo todos los productos
2026-04-27 18:45:10 [http-nio-3000-exec-3] DEBUG c.b.p.a.d.p.s.GestionProductosService - Se obtuvieron 25 productos
2026-04-27 18:45:10 [http-nio-3000-exec-3] DEBUG c.b.p.a.a.p.c.ProductosRestAdapter - Se obtuvieron 25 productos
2026-04-27 18:45:10 [http-nio-3000-exec-1] DEBUG c.b.p.a.d.v.s.GestionVendedoresService - Se obtuvieron 9 vendedores
2026-04-27 18:45:10 [http-nio-3000-exec-1] DEBUG c.b.p.a.a.v.c.VendedoresRestAdapter - Se obtuvieron 9 vendedores
2026-04-27 18:45:10 [http-nio-3000-exec-5] DEBUG c.b.p.a.d.a.s.AutorizacionAuthService - Obteniendo perfil por token
2026-04-27 18:45:10 [http-nio-3000-exec-4] DEBUG c.b.p.a.d.a.s.AutorizacionAuthService - Obteniendo perfil por token
2026-04-27 18:45:10 [http-nio-3000-exec-10] DEBUG c.b.p.a.d.a.s.AutorizacionAuthService - Obteniendo perfil por token
2026-04-27 18:45:10 [http-nio-3000-exec-2] DEBUG c.b.p.a.d.a.s.AutorizacionAuthService - Obteniendo perfil por token
2026-04-27 18:45:10 [http-nio-3000-exec-7] DEBUG c.b.p.a.d.a.s.AutorizacionAuthService - Obteniendo perfil por token
2026-04-27 18:45:10 [http-nio-3000-exec-6] DEBUG c.b.p.a.d.a.s.AutorizacionAuthService - Obteniendo perfil por token
2026-04-27 18:45:10 [http-nio-3000-exec-10] DEBUG c.b.p.a.d.a.s.AutorizacionAuthService - Perfil obtenido exitosamente para usuario ID: f2dc5b92-7ded-4c42-9e5a-d8a22aaf4a3a
2026-04-27 18:45:10 [http-nio-3000-exec-10] INFO  c.b.p.a.a.i.c.InventarioRestAdapter - GET /inventario/vendedor/5e0e4eff-aec3-46df-a77e-d4feeb19394c - consulta por mateovargas220705@gmail.com
2026-04-27 18:45:10 [http-nio-3000-exec-10] INFO  c.b.p.a.d.i.s.GestionInventarioService - Consultando cargas por vendedor: 5e0e4eff-aec3-46df-a77e-d4feeb19394c
2026-04-27 18:45:10 [http-nio-3000-exec-10] DEBUG c.b.p.a.i.p.s.a.SupabaseAsignacionRepositoryAdapter - Consultando asignaciones por vendedor: 5e0e4eff-aec3-46df-a77e-d4feeb19394c
2026-04-27 18:45:10 [http-nio-3000-exec-5] DEBUG c.b.p.a.d.a.s.AutorizacionAuthService - Perfil obtenido exitosamente para usuario ID: f2dc5b92-7ded-4c42-9e5a-d8a22aaf4a3a
2026-04-27 18:45:10 [http-nio-3000-exec-4] DEBUG c.b.p.a.d.a.s.AutorizacionAuthService - Perfil obtenido exitosamente para usuario ID: f2dc5b92-7ded-4c42-9e5a-d8a22aaf4a3a
2026-04-27 18:45:10 [http-nio-3000-exec-5] INFO  c.b.p.a.a.i.c.InventarioRestAdapter - GET /inventario/vendedor/0b9544ca-bfbe-4335-821c-5c8eb4b553b2 - consulta por mateovargas220705@gmail.com
2026-04-27 18:45:10 [http-nio-3000-exec-4] INFO  c.b.p.a.a.i.c.InventarioRestAdapter - GET /inventario/vendedor/2ab0631c-da17-4bd8-b9b9-237de54711c6 - consulta por mateovargas220705@gmail.com
2026-04-27 18:45:10 [http-nio-3000-exec-5] INFO  c.b.p.a.d.i.s.GestionInventarioService - Consultando cargas por vendedor: 0b9544ca-bfbe-4335-821c-5c8eb4b553b2
2026-04-27 18:45:10 [http-nio-3000-exec-4] INFO  c.b.p.a.d.i.s.GestionInventarioService - Consultando cargas por vendedor: 2ab0631c-da17-4bd8-b9b9-237de54711c6
2026-04-27 18:45:10 [http-nio-3000-exec-5] DEBUG c.b.p.a.i.p.s.a.SupabaseAsignacionRepositoryAdapter - Consultando asignaciones por vendedor: 0b9544ca-bfbe-4335-821c-5c8eb4b553b2
2026-04-27 18:45:10 [http-nio-3000-exec-4] DEBUG c.b.p.a.i.p.s.a.SupabaseAsignacionRepositoryAdapter - Consultando asignaciones por vendedor: 2ab0631c-da17-4bd8-b9b9-237de54711c6
2026-04-27 18:45:10 [http-nio-3000-exec-6] DEBUG c.b.p.a.d.a.s.AutorizacionAuthService - Perfil obtenido exitosamente para usuario ID: f2dc5b92-7ded-4c42-9e5a-d8a22aaf4a3a
2026-04-27 18:45:10 [http-nio-3000-exec-6] INFO  c.b.p.a.a.i.c.InventarioRestAdapter - GET /inventario/vendedor/7ca8780f-864c-4179-8c8a-9d8ae55b6df8 - consulta por mateovargas220705@gmail.com
2026-04-27 18:45:10 [http-nio-3000-exec-6] INFO  c.b.p.a.d.i.s.GestionInventarioService - Consultando cargas por vendedor: 7ca8780f-864c-4179-8c8a-9d8ae55b6df8
2026-04-27 18:45:10 [http-nio-3000-exec-2] DEBUG c.b.p.a.d.a.s.AutorizacionAuthService - Perfil obtenido exitosamente para usuario ID: f2dc5b92-7ded-4c42-9e5a-d8a22aaf4a3a
2026-04-27 18:45:10 [http-nio-3000-exec-6] DEBUG c.b.p.a.i.p.s.a.SupabaseAsignacionRepositoryAdapter - Consultando asignaciones por vendedor: 7ca8780f-864c-4179-8c8a-9d8ae55b6df8
2026-04-27 18:45:10 [http-nio-3000-exec-2] INFO  c.b.p.a.a.i.c.InventarioRestAdapter - GET /inventario/vendedor/6b0a5026-52f3-475a-a20f-5aacf94764f0 - consulta por mateovargas220705@gmail.com
2026-04-27 18:45:10 [http-nio-3000-exec-2] INFO  c.b.p.a.d.i.s.GestionInventarioService - Consultando cargas por vendedor: 6b0a5026-52f3-475a-a20f-5aacf94764f0
2026-04-27 18:45:10 [http-nio-3000-exec-2] DEBUG c.b.p.a.i.p.s.a.SupabaseAsignacionRepositoryAdapter - Consultando asignaciones por vendedor: 6b0a5026-52f3-475a-a20f-5aacf94764f0
2026-04-27 18:45:10 [http-nio-3000-exec-7] DEBUG c.b.p.a.d.a.s.AutorizacionAuthService - Perfil obtenido exitosamente para usuario ID: f2dc5b92-7ded-4c42-9e5a-d8a22aaf4a3a
2026-04-27 18:45:10 [http-nio-3000-exec-7] INFO  c.b.p.a.a.i.c.InventarioRestAdapter - GET /inventario/vendedor/73ed0c2b-851c-44c8-a08b-ded6f61924f9 - consulta por mateovargas220705@gmail.com
2026-04-27 18:45:10 [http-nio-3000-exec-7] INFO  c.b.p.a.d.i.s.GestionInventarioService - Consultando cargas por vendedor: 73ed0c2b-851c-44c8-a08b-ded6f61924f9
2026-04-27 18:45:10 [http-nio-3000-exec-7] DEBUG c.b.p.a.i.p.s.a.SupabaseAsignacionRepositoryAdapter - Consultando asignaciones por vendedor: 73ed0c2b-851c-44c8-a08b-ded6f61924f9
2026-04-27 18:45:10 [http-nio-3000-exec-10] DEBUG c.b.p.a.i.p.s.a.SupabaseAsignacionRepositoryAdapter - Asignaciones encontradas para vendedor 5e0e4eff-aec3-46df-a77e-d4feeb19394c: 4
2026-04-27 18:45:10 [http-nio-3000-exec-8] DEBUG c.b.p.a.d.a.s.AutorizacionAuthService - Obteniendo perfil por token
2026-04-27 18:45:10 [http-nio-3000-exec-5] DEBUG c.b.p.a.i.p.s.a.SupabaseAsignacionRepositoryAdapter - Asignaciones encontradas para vendedor 0b9544ca-bfbe-4335-821c-5c8eb4b553b2: 1
2026-04-27 18:45:10 [http-nio-3000-exec-6] DEBUG c.b.p.a.i.p.s.a.SupabaseAsignacionRepositoryAdapter - Asignaciones encontradas para vendedor 7ca8780f-864c-4179-8c8a-9d8ae55b6df8: 3
2026-04-27 18:45:10 [http-nio-3000-exec-9] DEBUG c.b.p.a.d.a.s.AutorizacionAuthService - Obteniendo perfil por token
2026-04-27 18:45:10 [http-nio-3000-exec-3] DEBUG c.b.p.a.d.a.s.AutorizacionAuthService - Obteniendo perfil por token
2026-04-27 18:45:10 [http-nio-3000-exec-2] DEBUG c.b.p.a.i.p.s.a.SupabaseAsignacionRepositoryAdapter - Asignaciones encontradas para vendedor 6b0a5026-52f3-475a-a20f-5aacf94764f0: 31
2026-04-27 18:45:10 [http-nio-3000-exec-4] DEBUG c.b.p.a.i.p.s.a.SupabaseAsignacionRepositoryAdapter - Asignaciones encontradas para vendedor 2ab0631c-da17-4bd8-b9b9-237de54711c6: 9
2026-04-27 18:45:10 [http-nio-3000-exec-7] DEBUG c.b.p.a.i.p.s.a.SupabaseAsignacionRepositoryAdapter - Asignaciones encontradas para vendedor 73ed0c2b-851c-44c8-a08b-ded6f61924f9: 4
2026-04-27 18:45:10 [http-nio-3000-exec-8] DEBUG c.b.p.a.d.a.s.AutorizacionAuthService - Perfil obtenido exitosamente para usuario ID: f2dc5b92-7ded-4c42-9e5a-d8a22aaf4a3a
2026-04-27 18:45:10 [http-nio-3000-exec-8] INFO  c.b.p.a.a.i.c.InventarioRestAdapter - GET /inventario/vendedor/7dec6fc9-8ddc-48c6-86a3-a1dbfc46f80e - consulta por mateovargas220705@gmail.com
2026-04-27 18:45:10 [http-nio-3000-exec-8] INFO  c.b.p.a.d.i.s.GestionInventarioService - Consultando cargas por vendedor: 7dec6fc9-8ddc-48c6-86a3-a1dbfc46f80e
2026-04-27 18:45:10 [http-nio-3000-exec-8] DEBUG c.b.p.a.i.p.s.a.SupabaseAsignacionRepositoryAdapter - Consultando asignaciones por vendedor: 7dec6fc9-8ddc-48c6-86a3-a1dbfc46f80e
2026-04-27 18:45:10 [http-nio-3000-exec-3] DEBUG c.b.p.a.d.a.s.AutorizacionAuthService - Perfil obtenido exitosamente para usuario ID: f2dc5b92-7ded-4c42-9e5a-d8a22aaf4a3a
2026-04-27 18:45:10 [http-nio-3000-exec-3] INFO  c.b.p.a.a.i.c.InventarioRestAdapter - GET /inventario/vendedor/c1cbc4b0-eafd-490a-be95-b1c42036ad16 - consulta por mateovargas220705@gmail.com
2026-04-27 18:45:10 [http-nio-3000-exec-3] INFO  c.b.p.a.d.i.s.GestionInventarioService - Consultando cargas por vendedor: c1cbc4b0-eafd-490a-be95-b1c42036ad16
2026-04-27 18:45:10 [http-nio-3000-exec-3] DEBUG c.b.p.a.i.p.s.a.SupabaseAsignacionRepositoryAdapter - Consultando asignaciones por vendedor: c1cbc4b0-eafd-490a-be95-b1c42036ad16
2026-04-27 18:45:10 [http-nio-3000-exec-9] DEBUG c.b.p.a.d.a.s.AutorizacionAuthService - Perfil obtenido exitosamente para usuario ID: f2dc5b92-7ded-4c42-9e5a-d8a22aaf4a3a
2026-04-27 18:45:10 [http-nio-3000-exec-9] INFO  c.b.p.a.a.i.c.InventarioRestAdapter - GET /inventario/vendedor/997e2337-32a6-4ba5-84fb-873ef1b6036f - consulta por mateovargas220705@gmail.com
2026-04-27 18:45:10 [http-nio-3000-exec-9] INFO  c.b.p.a.d.i.s.GestionInventarioService - Consultando cargas por vendedor: 997e2337-32a6-4ba5-84fb-873ef1b6036f
2026-04-27 18:45:10 [http-nio-3000-exec-9] DEBUG c.b.p.a.i.p.s.a.SupabaseAsignacionRepositoryAdapter - Consultando asignaciones por vendedor: 997e2337-32a6-4ba5-84fb-873ef1b6036f
2026-04-27 18:45:11 [http-nio-3000-exec-8] DEBUG c.b.p.a.i.p.s.a.SupabaseAsignacionRepositoryAdapter - Asignaciones encontradas para vendedor 7dec6fc9-8ddc-48c6-86a3-a1dbfc46f80e: 1
2026-04-27 18:45:11 [http-nio-3000-exec-3] DEBUG c.b.p.a.i.p.s.a.SupabaseAsignacionRepositoryAdapter - Asignaciones encontradas para vendedor c1cbc4b0-eafd-490a-be95-b1c42036ad16: 1
2026-04-27 18:45:11 [http-nio-3000-exec-9] DEBUG c.b.p.a.i.p.s.a.SupabaseAsignacionRepositoryAdapter - Asignaciones encontradas para vendedor 997e2337-32a6-4ba5-84fb-873ef1b6036f: 1
2026-04-27 18:45:13 [http-nio-3000-exec-1] INFO  c.b.p.a.a.p.c.ProductosRestAdapter - GET /productos - Obtener todos los productos
2026-04-27 18:45:13 [http-nio-3000-exec-10] INFO  c.b.p.a.a.v.c.VendedoresRestAdapter - GET /vendedores - Obtener todos los vendedores
2026-04-27 18:45:13 [http-nio-3000-exec-1] DEBUG c.b.p.a.d.p.s.GestionProductosService - Obteniendo todos los productos
2026-04-27 18:45:13 [http-nio-3000-exec-10] DEBUG c.b.p.a.d.v.s.GestionVendedoresService - Obteniendo todos los vendedores
2026-04-27 18:45:13 [http-nio-3000-exec-5] INFO  c.b.p.a.a.p.c.ProductosRestAdapter - GET /productos/stock-bajo - Consultando alertas con umbral: 100
2026-04-27 18:45:13 [http-nio-3000-exec-5] DEBUG c.b.p.a.d.p.s.GestionProductosService - Obteniendo productos con stock bajo. Umbral: 100
2026-04-27 18:45:14 [http-nio-3000-exec-5] DEBUG c.b.p.a.d.p.s.GestionProductosService - Se encontraron 24 productos con stock bajo
2026-04-27 18:45:14 [http-nio-3000-exec-10] DEBUG c.b.p.a.d.v.s.GestionVendedoresService - Se obtuvieron 9 vendedores
2026-04-27 18:45:14 [http-nio-3000-exec-10] DEBUG c.b.p.a.a.v.c.VendedoresRestAdapter - Se obtuvieron 9 vendedores
2026-04-27 18:45:14 [http-nio-3000-exec-1] DEBUG c.b.p.a.d.p.s.GestionProductosService - Se obtuvieron 25 productos
2026-04-27 18:45:14 [http-nio-3000-exec-1] DEBUG c.b.p.a.a.p.c.ProductosRestAdapter - Se obtuvieron 25 productos
2026-04-27 18:45:16 [http-nio-3000-exec-6] WARN  o.s.w.s.m.m.a.ExceptionHandlerExceptionResolver - Resolved [org.springframework.web.bind.MissingServletRequestParameterException: Required request parameter 'userId' for method parameter type String is not present]
2026-04-27 18:45:26 [http-nio-3000-exec-2] INFO  c.b.p.a.a.a.c.AuthRestAdapter - POST /auth/signin - Intento de autenticación para email: luis@gmail.com
2026-04-27 18:45:26 [http-nio-3000-exec-2] DEBUG c.b.p.a.d.a.s.AutorizacionAuthService - Autenticando usuario con email: luis@gmail.com
2026-04-27 18:45:26 [http-nio-3000-exec-2] DEBUG c.b.p.a.d.a.s.AutorizacionAuthService - Autenticación completada para email: luis@gmail.com
2026-04-27 18:45:26 [http-nio-3000-exec-2] INFO  c.b.p.a.a.a.c.AuthRestAdapter - Autenticación exitosa para email: luis@gmail.com
2026-04-27 18:45:26 [http-nio-3000-exec-4] INFO  c.b.p.a.a.a.c.AuthRestAdapter - GET /auth/me - Obtener perfil del usuario actual
2026-04-27 18:45:26 [http-nio-3000-exec-4] DEBUG c.b.p.a.d.a.s.AutorizacionAuthService - Obteniendo perfil por token
2026-04-27 18:45:26 [http-nio-3000-exec-4] DEBUG c.b.p.a.d.a.s.AutorizacionAuthService - Perfil obtenido exitosamente para usuario ID: c1cbc4b0-eafd-490a-be95-b1c42036ad16
2026-04-27 18:45:26 [http-nio-3000-exec-4] DEBUG c.b.p.a.a.a.c.AuthRestAdapter - Perfil obtenido para usuario: luis@gmail.com
2026-04-27 18:45:26 [http-nio-3000-exec-7] INFO  c.b.p.a.a.p.c.ProductosRestAdapter - GET /productos - Obtener todos los productos
2026-04-27 18:45:26 [http-nio-3000-exec-7] DEBUG c.b.p.a.d.p.s.GestionProductosService - Obteniendo todos los productos
2026-04-27 18:45:26 [http-nio-3000-exec-8] DEBUG c.b.p.a.d.a.s.AutorizacionAuthService - Obteniendo perfil por token
2026-04-27 18:45:26 [http-nio-3000-exec-9] INFO  c.b.p.a.a.ventas.VentaRestAdapter - GET /ventas/cierre-jornada - Obtener cierre de jornada para vendedor c1cbc4b0-eafd-490a-be95-b1c42036ad16 y fecha 2026-04-27
2026-04-27 18:45:26 [http-nio-3000-exec-9] INFO  c.b.p.a.d.v.s.GestionVentasService - Obteniendo resumen de cierre de jornada para vendedor c1cbc4b0-eafd-490a-be95-b1c42036ad16 en fecha 2026-04-27
2026-04-27 18:45:26 [http-nio-3000-exec-7] DEBUG c.b.p.a.d.p.s.GestionProductosService - Se obtuvieron 25 productos
2026-04-27 18:45:26 [http-nio-3000-exec-7] DEBUG c.b.p.a.a.p.c.ProductosRestAdapter - Se obtuvieron 25 productos
2026-04-27 18:45:27 [http-nio-3000-exec-8] DEBUG c.b.p.a.d.a.s.AutorizacionAuthService - Perfil obtenido exitosamente para usuario ID: c1cbc4b0-eafd-490a-be95-b1c42036ad16
2026-04-27 18:45:27 [http-nio-3000-exec-8] INFO  c.b.p.a.a.i.c.InventarioRestAdapter - GET /inventario/vendedor/c1cbc4b0-eafd-490a-be95-b1c42036ad16 - consulta por luis@gmail.com
2026-04-27 18:45:27 [http-nio-3000-exec-8] INFO  c.b.p.a.d.i.s.GestionInventarioService - Consultando cargas por vendedor: c1cbc4b0-eafd-490a-be95-b1c42036ad16
2026-04-27 18:45:27 [http-nio-3000-exec-8] DEBUG c.b.p.a.i.p.s.a.SupabaseAsignacionRepositoryAdapter - Consultando asignaciones por vendedor: c1cbc4b0-eafd-490a-be95-b1c42036ad16
2026-04-27 18:45:27 [http-nio-3000-exec-8] DEBUG c.b.p.a.i.p.s.a.SupabaseAsignacionRepositoryAdapter - Asignaciones encontradas para vendedor c1cbc4b0-eafd-490a-be95-b1c42036ad16: 1
2026-04-27 18:45:31 [http-nio-3000-exec-5] WARN  o.s.w.s.m.m.a.ExceptionHandlerExceptionResolver - Resolved [org.springframework.web.bind.MissingServletRequestParameterException: Required request parameter 'userId' for method parameter type String is not present]
2026-04-27 18:45:45 [http-nio-3000-exec-10] INFO  c.b.p.a.a.a.c.AuthRestAdapter - POST /auth/signin - Intento de autenticación para email: mateovargas220705@gmail.com
2026-04-27 18:45:45 [http-nio-3000-exec-10] DEBUG c.b.p.a.d.a.s.AutorizacionAuthService - Autenticando usuario con email: mateovargas220705@gmail.com
2026-04-27 18:45:45 [http-nio-3000-exec-10] DEBUG c.b.p.a.d.a.s.AutorizacionAuthService - Autenticación completada para email: mateovargas220705@gmail.com
2026-04-27 18:45:45 [http-nio-3000-exec-10] INFO  c.b.p.a.a.a.c.AuthRestAdapter - Autenticación exitosa para email: mateovargas220705@gmail.com
2026-04-27 18:45:45 [http-nio-3000-exec-1] INFO  c.b.p.a.a.p.c.ProductosRestAdapter - GET /productos - Obtener todos los productos
2026-04-27 18:45:45 [http-nio-3000-exec-2] INFO  c.b.p.a.a.p.c.ProductosRestAdapter - GET /productos/stock-bajo - Consultando alertas con umbral: 100
2026-04-27 18:45:45 [http-nio-3000-exec-1] DEBUG c.b.p.a.d.p.s.GestionProductosService - Obteniendo todos los productos
2026-04-27 18:45:45 [http-nio-3000-exec-2] DEBUG c.b.p.a.d.p.s.GestionProductosService - Obteniendo productos con stock bajo. Umbral: 100
2026-04-27 18:45:45 [http-nio-3000-exec-6] INFO  c.b.p.a.a.v.c.VendedoresRestAdapter - GET /vendedores - Obtener todos los vendedores
2026-04-27 18:45:45 [http-nio-3000-exec-6] DEBUG c.b.p.a.d.v.s.GestionVendedoresService - Obteniendo todos los vendedores
2026-04-27 18:45:45 [http-nio-3000-exec-1] DEBUG c.b.p.a.d.p.s.GestionProductosService - Se obtuvieron 25 productos
2026-04-27 18:45:45 [http-nio-3000-exec-1] DEBUG c.b.p.a.a.p.c.ProductosRestAdapter - Se obtuvieron 25 productos
2026-04-27 18:45:45 [http-nio-3000-exec-6] DEBUG c.b.p.a.d.v.s.GestionVendedoresService - Se obtuvieron 9 vendedores
2026-04-27 18:45:45 [http-nio-3000-exec-6] DEBUG c.b.p.a.a.v.c.VendedoresRestAdapter - Se obtuvieron 9 vendedores
2026-04-27 18:45:45 [http-nio-3000-exec-2] DEBUG c.b.p.a.d.p.s.GestionProductosService - Se encontraron 24 productos con stock bajo
2026-04-27 18:45:47 [http-nio-3000-exec-3] INFO  c.b.p.a.a.p.c.ProductosRestAdapter - GET /productos - Obtener todos los productos
2026-04-27 18:45:47 [http-nio-3000-exec-3] DEBUG c.b.p.a.d.p.s.GestionProductosService - Obteniendo todos los productos
2026-04-27 18:45:47 [http-nio-3000-exec-4] INFO  c.b.p.a.a.v.c.VendedoresRestAdapter - GET /vendedores - Obtener todos los vendedores
2026-04-27 18:45:47 [http-nio-3000-exec-4] DEBUG c.b.p.a.d.v.s.GestionVendedoresService - Obteniendo todos los vendedores
2026-04-27 18:45:47 [http-nio-3000-exec-3] DEBUG c.b.p.a.d.p.s.GestionProductosService - Se obtuvieron 25 productos
2026-04-27 18:45:47 [http-nio-3000-exec-3] DEBUG c.b.p.a.a.p.c.ProductosRestAdapter - Se obtuvieron 25 productos
2026-04-27 18:45:47 [http-nio-3000-exec-4] DEBUG c.b.p.a.d.v.s.GestionVendedoresService - Se obtuvieron 9 vendedores
2026-04-27 18:45:47 [http-nio-3000-exec-4] DEBUG c.b.p.a.a.v.c.VendedoresRestAdapter - Se obtuvieron 9 vendedores
2026-04-27 18:45:47 [http-nio-3000-exec-7] DEBUG c.b.p.a.d.a.s.AutorizacionAuthService - Obteniendo perfil por token
2026-04-27 18:45:47 [http-nio-3000-exec-9] DEBUG c.b.p.a.d.a.s.AutorizacionAuthService - Obteniendo perfil por token
2026-04-27 18:45:47 [http-nio-3000-exec-8] DEBUG c.b.p.a.d.a.s.AutorizacionAuthService - Obteniendo perfil por token
2026-04-27 18:45:47 [http-nio-3000-exec-5] DEBUG c.b.p.a.d.a.s.AutorizacionAuthService - Obteniendo perfil por token
2026-04-27 18:45:47 [http-nio-3000-exec-10] DEBUG c.b.p.a.d.a.s.AutorizacionAuthService - Obteniendo perfil por token
2026-04-27 18:45:47 [http-nio-3000-exec-1] DEBUG c.b.p.a.d.a.s.AutorizacionAuthService - Obteniendo perfil por token
2026-04-27 18:45:48 [http-nio-3000-exec-9] DEBUG c.b.p.a.d.a.s.AutorizacionAuthService - Perfil obtenido exitosamente para usuario ID: f2dc5b92-7ded-4c42-9e5a-d8a22aaf4a3a
2026-04-27 18:45:48 [http-nio-3000-exec-5] DEBUG c.b.p.a.d.a.s.AutorizacionAuthService - Perfil obtenido exitosamente para usuario ID: f2dc5b92-7ded-4c42-9e5a-d8a22aaf4a3a
2026-04-27 18:45:48 [http-nio-3000-exec-9] INFO  c.b.p.a.a.i.c.InventarioRestAdapter - GET /inventario/vendedor/2ab0631c-da17-4bd8-b9b9-237de54711c6 - consulta por mateovargas220705@gmail.com
2026-04-27 18:45:48 [http-nio-3000-exec-5] INFO  c.b.p.a.a.i.c.InventarioRestAdapter - GET /inventario/vendedor/6b0a5026-52f3-475a-a20f-5aacf94764f0 - consulta por mateovargas220705@gmail.com
2026-04-27 18:45:48 [http-nio-3000-exec-9] INFO  c.b.p.a.d.i.s.GestionInventarioService - Consultando cargas por vendedor: 2ab0631c-da17-4bd8-b9b9-237de54711c6
2026-04-27 18:45:48 [http-nio-3000-exec-5] INFO  c.b.p.a.d.i.s.GestionInventarioService - Consultando cargas por vendedor: 6b0a5026-52f3-475a-a20f-5aacf94764f0
2026-04-27 18:45:48 [http-nio-3000-exec-9] DEBUG c.b.p.a.i.p.s.a.SupabaseAsignacionRepositoryAdapter - Consultando asignaciones por vendedor: 2ab0631c-da17-4bd8-b9b9-237de54711c6
2026-04-27 18:45:48 [http-nio-3000-exec-5] DEBUG c.b.p.a.i.p.s.a.SupabaseAsignacionRepositoryAdapter - Consultando asignaciones por vendedor: 6b0a5026-52f3-475a-a20f-5aacf94764f0
2026-04-27 18:45:48 [http-nio-3000-exec-7] DEBUG c.b.p.a.d.a.s.AutorizacionAuthService - Perfil obtenido exitosamente para usuario ID: f2dc5b92-7ded-4c42-9e5a-d8a22aaf4a3a
2026-04-27 18:45:48 [http-nio-3000-exec-7] INFO  c.b.p.a.a.i.c.InventarioRestAdapter - GET /inventario/vendedor/0b9544ca-bfbe-4335-821c-5c8eb4b553b2 - consulta por mateovargas220705@gmail.com
2026-04-27 18:45:48 [http-nio-3000-exec-7] INFO  c.b.p.a.d.i.s.GestionInventarioService - Consultando cargas por vendedor: 0b9544ca-bfbe-4335-821c-5c8eb4b553b2
2026-04-27 18:45:48 [http-nio-3000-exec-7] DEBUG c.b.p.a.i.p.s.a.SupabaseAsignacionRepositoryAdapter - Consultando asignaciones por vendedor: 0b9544ca-bfbe-4335-821c-5c8eb4b553b2
2026-04-27 18:45:48 [http-nio-3000-exec-10] DEBUG c.b.p.a.d.a.s.AutorizacionAuthService - Perfil obtenido exitosamente para usuario ID: f2dc5b92-7ded-4c42-9e5a-d8a22aaf4a3a
2026-04-27 18:45:48 [http-nio-3000-exec-8] DEBUG c.b.p.a.d.a.s.AutorizacionAuthService - Perfil obtenido exitosamente para usuario ID: f2dc5b92-7ded-4c42-9e5a-d8a22aaf4a3a
2026-04-27 18:45:48 [http-nio-3000-exec-10] INFO  c.b.p.a.a.i.c.InventarioRestAdapter - GET /inventario/vendedor/73ed0c2b-851c-44c8-a08b-ded6f61924f9 - consulta por mateovargas220705@gmail.com
2026-04-27 18:45:48 [http-nio-3000-exec-8] INFO  c.b.p.a.a.i.c.InventarioRestAdapter - GET /inventario/vendedor/5e0e4eff-aec3-46df-a77e-d4feeb19394c - consulta por mateovargas220705@gmail.com
2026-04-27 18:45:48 [http-nio-3000-exec-10] INFO  c.b.p.a.d.i.s.GestionInventarioService - Consultando cargas por vendedor: 73ed0c2b-851c-44c8-a08b-ded6f61924f9
2026-04-27 18:45:48 [http-nio-3000-exec-8] INFO  c.b.p.a.d.i.s.GestionInventarioService - Consultando cargas por vendedor: 5e0e4eff-aec3-46df-a77e-d4feeb19394c
2026-04-27 18:45:48 [http-nio-3000-exec-10] DEBUG c.b.p.a.i.p.s.a.SupabaseAsignacionRepositoryAdapter - Consultando asignaciones por vendedor: 73ed0c2b-851c-44c8-a08b-ded6f61924f9
2026-04-27 18:45:48 [http-nio-3000-exec-8] DEBUG c.b.p.a.i.p.s.a.SupabaseAsignacionRepositoryAdapter - Consultando asignaciones por vendedor: 5e0e4eff-aec3-46df-a77e-d4feeb19394c
2026-04-27 18:45:48 [http-nio-3000-exec-1] DEBUG c.b.p.a.d.a.s.AutorizacionAuthService - Perfil obtenido exitosamente para usuario ID: f2dc5b92-7ded-4c42-9e5a-d8a22aaf4a3a
2026-04-27 18:45:48 [http-nio-3000-exec-1] INFO  c.b.p.a.a.i.c.InventarioRestAdapter - GET /inventario/vendedor/7ca8780f-864c-4179-8c8a-9d8ae55b6df8 - consulta por mateovargas220705@gmail.com
2026-04-27 18:45:48 [http-nio-3000-exec-1] INFO  c.b.p.a.d.i.s.GestionInventarioService - Consultando cargas por vendedor: 7ca8780f-864c-4179-8c8a-9d8ae55b6df8
2026-04-27 18:45:48 [http-nio-3000-exec-1] DEBUG c.b.p.a.i.p.s.a.SupabaseAsignacionRepositoryAdapter - Consultando asignaciones por vendedor: 7ca8780f-864c-4179-8c8a-9d8ae55b6df8
2026-04-27 18:45:48 [http-nio-3000-exec-7] DEBUG c.b.p.a.i.p.s.a.SupabaseAsignacionRepositoryAdapter - Asignaciones encontradas para vendedor 0b9544ca-bfbe-4335-821c-5c8eb4b553b2: 1
2026-04-27 18:45:48 [http-nio-3000-exec-6] DEBUG c.b.p.a.d.a.s.AutorizacionAuthService - Obteniendo perfil por token
2026-04-27 18:45:48 [http-nio-3000-exec-5] DEBUG c.b.p.a.i.p.s.a.SupabaseAsignacionRepositoryAdapter - Asignaciones encontradas para vendedor 6b0a5026-52f3-475a-a20f-5aacf94764f0: 31
2026-04-27 18:45:48 [http-nio-3000-exec-9] DEBUG c.b.p.a.i.p.s.a.SupabaseAsignacionRepositoryAdapter - Asignaciones encontradas para vendedor 2ab0631c-da17-4bd8-b9b9-237de54711c6: 9
2026-04-27 18:45:48 [http-nio-3000-exec-2] DEBUG c.b.p.a.d.a.s.AutorizacionAuthService - Obteniendo perfil por token
2026-04-27 18:45:48 [http-nio-3000-exec-4] DEBUG c.b.p.a.d.a.s.AutorizacionAuthService - Obteniendo perfil por token
2026-04-27 18:45:48 [http-nio-3000-exec-8] DEBUG c.b.p.a.i.p.s.a.SupabaseAsignacionRepositoryAdapter - Asignaciones encontradas para vendedor 5e0e4eff-aec3-46df-a77e-d4feeb19394c: 4
2026-04-27 18:45:48 [http-nio-3000-exec-10] DEBUG c.b.p.a.i.p.s.a.SupabaseAsignacionRepositoryAdapter - Asignaciones encontradas para vendedor 73ed0c2b-851c-44c8-a08b-ded6f61924f9: 4
2026-04-27 18:45:48 [http-nio-3000-exec-1] DEBUG c.b.p.a.i.p.s.a.SupabaseAsignacionRepositoryAdapter - Asignaciones encontradas para vendedor 7ca8780f-864c-4179-8c8a-9d8ae55b6df8: 3
2026-04-27 18:45:48 [http-nio-3000-exec-4] DEBUG c.b.p.a.d.a.s.AutorizacionAuthService - Perfil obtenido exitosamente para usuario ID: f2dc5b92-7ded-4c42-9e5a-d8a22aaf4a3a
2026-04-27 18:45:48 [http-nio-3000-exec-4] INFO  c.b.p.a.a.i.c.InventarioRestAdapter - GET /inventario/vendedor/c1cbc4b0-eafd-490a-be95-b1c42036ad16 - consulta por mateovargas220705@gmail.com
2026-04-27 18:45:48 [http-nio-3000-exec-4] INFO  c.b.p.a.d.i.s.GestionInventarioService - Consultando cargas por vendedor: c1cbc4b0-eafd-490a-be95-b1c42036ad16
2026-04-27 18:45:48 [http-nio-3000-exec-4] DEBUG c.b.p.a.i.p.s.a.SupabaseAsignacionRepositoryAdapter - Consultando asignaciones por vendedor: c1cbc4b0-eafd-490a-be95-b1c42036ad16
2026-04-27 18:45:48 [http-nio-3000-exec-6] DEBUG c.b.p.a.d.a.s.AutorizacionAuthService - Perfil obtenido exitosamente para usuario ID: f2dc5b92-7ded-4c42-9e5a-d8a22aaf4a3a
2026-04-27 18:45:48 [http-nio-3000-exec-6] INFO  c.b.p.a.a.i.c.InventarioRestAdapter - GET /inventario/vendedor/7dec6fc9-8ddc-48c6-86a3-a1dbfc46f80e - consulta por mateovargas220705@gmail.com
2026-04-27 18:45:48 [http-nio-3000-exec-6] INFO  c.b.p.a.d.i.s.GestionInventarioService - Consultando cargas por vendedor: 7dec6fc9-8ddc-48c6-86a3-a1dbfc46f80e
2026-04-27 18:45:48 [http-nio-3000-exec-6] DEBUG c.b.p.a.i.p.s.a.SupabaseAsignacionRepositoryAdapter - Consultando asignaciones por vendedor: 7dec6fc9-8ddc-48c6-86a3-a1dbfc46f80e
2026-04-27 18:45:48 [http-nio-3000-exec-2] DEBUG c.b.p.a.d.a.s.AutorizacionAuthService - Perfil obtenido exitosamente para usuario ID: f2dc5b92-7ded-4c42-9e5a-d8a22aaf4a3a
2026-04-27 18:45:48 [http-nio-3000-exec-2] INFO  c.b.p.a.a.i.c.InventarioRestAdapter - GET /inventario/vendedor/997e2337-32a6-4ba5-84fb-873ef1b6036f - consulta por mateovargas220705@gmail.com
2026-04-27 18:45:48 [http-nio-3000-exec-2] INFO  c.b.p.a.d.i.s.GestionInventarioService - Consultando cargas por vendedor: 997e2337-32a6-4ba5-84fb-873ef1b6036f
2026-04-27 18:45:48 [http-nio-3000-exec-2] DEBUG c.b.p.a.i.p.s.a.SupabaseAsignacionRepositoryAdapter - Consultando asignaciones por vendedor: 997e2337-32a6-4ba5-84fb-873ef1b6036f
2026-04-27 18:45:48 [http-nio-3000-exec-6] DEBUG c.b.p.a.i.p.s.a.SupabaseAsignacionRepositoryAdapter - Asignaciones encontradas para vendedor 7dec6fc9-8ddc-48c6-86a3-a1dbfc46f80e: 1
2026-04-27 18:45:48 [http-nio-3000-exec-4] DEBUG c.b.p.a.i.p.s.a.SupabaseAsignacionRepositoryAdapter - Asignaciones encontradas para vendedor c1cbc4b0-eafd-490a-be95-b1c42036ad16: 1
2026-04-27 18:45:48 [http-nio-3000-exec-2] DEBUG c.b.p.a.i.p.s.a.SupabaseAsignacionRepositoryAdapter - Asignaciones encontradas para vendedor 997e2337-32a6-4ba5-84fb-873ef1b6036f: 1
2026-04-27 18:45:54 [http-nio-3000-exec-7] DEBUG c.b.p.a.d.a.s.AutorizacionAuthService - Obteniendo perfil por token
2026-04-27 18:45:54 [http-nio-3000-exec-7] DEBUG c.b.p.a.d.a.s.AutorizacionAuthService - Perfil obtenido exitosamente para usuario ID: f2dc5b92-7ded-4c42-9e5a-d8a22aaf4a3a
2026-04-27 18:45:54 [http-nio-3000-exec-7] INFO  c.b.p.a.a.i.c.InventarioRestAdapter - PATCH /inventario/validar-admin/55 por mateovargas220705@gmail.com
2026-04-27 18:45:54 [http-nio-3000-exec-7] INFO  c.b.p.a.d.i.s.GestionInventarioService - Validación de admin para carga: 55
2026-04-27 18:45:54 [http-nio-3000-exec-7] DEBUG c.b.p.a.i.p.s.a.SupabaseAsignacionRepositoryAdapter - Consultando asignación por idCarga: 55
2026-04-27 18:45:54 [http-nio-3000-exec-7] DEBUG c.b.p.a.i.p.s.a.SupabaseAsignacionRepositoryAdapter - Asignación encontrada para idCarga: 55
2026-04-27 18:45:54 [http-nio-3000-exec-7] DEBUG c.b.p.a.i.p.s.a.SupabaseAsignacionRepositoryAdapter - Actualizando estado de asignación - idCarga: 55, nuevoEstado: VALIDADO_ADMIN
2026-04-27 18:45:54 [http-nio-3000-exec-7] INFO  c.b.p.a.i.p.s.a.SupabaseAsignacionRepositoryAdapter - Estado actualizado correctamente - idCarga: 55, estado: VALIDADO_ADMIN
2026-04-27 18:45:54 [http-nio-3000-exec-7] INFO  c.b.p.a.d.i.s.GestionInventarioService - Carga validada por admin - idCarga: 55
2026-04-27 18:45:54 [http-nio-3000-exec-5] DEBUG c.b.p.a.d.a.s.AutorizacionAuthService - Obteniendo perfil por token
2026-04-27 18:45:54 [http-nio-3000-exec-8] DEBUG c.b.p.a.d.a.s.AutorizacionAuthService - Obteniendo perfil por token
2026-04-27 18:45:54 [http-nio-3000-exec-9] DEBUG c.b.p.a.d.a.s.AutorizacionAuthService - Obteniendo perfil por token
2026-04-27 18:45:54 [http-nio-3000-exec-6] DEBUG c.b.p.a.d.a.s.AutorizacionAuthService - Obteniendo perfil por token
2026-04-27 18:45:54 [http-nio-3000-exec-10] DEBUG c.b.p.a.d.a.s.AutorizacionAuthService - Obteniendo perfil por token
2026-04-27 18:45:54 [http-nio-3000-exec-1] DEBUG c.b.p.a.d.a.s.AutorizacionAuthService - Obteniendo perfil por token
2026-04-27 18:45:55 [http-nio-3000-exec-5] DEBUG c.b.p.a.d.a.s.AutorizacionAuthService - Perfil obtenido exitosamente para usuario ID: f2dc5b92-7ded-4c42-9e5a-d8a22aaf4a3a
2026-04-27 18:45:55 [http-nio-3000-exec-5] INFO  c.b.p.a.a.i.c.InventarioRestAdapter - GET /inventario/vendedor/0b9544ca-bfbe-4335-821c-5c8eb4b553b2 - consulta por mateovargas220705@gmail.com
2026-04-27 18:45:55 [http-nio-3000-exec-5] INFO  c.b.p.a.d.i.s.GestionInventarioService - Consultando cargas por vendedor: 0b9544ca-bfbe-4335-821c-5c8eb4b553b2
2026-04-27 18:45:55 [http-nio-3000-exec-5] DEBUG c.b.p.a.i.p.s.a.SupabaseAsignacionRepositoryAdapter - Consultando asignaciones por vendedor: 0b9544ca-bfbe-4335-821c-5c8eb4b553b2
2026-04-27 18:45:55 [http-nio-3000-exec-10] DEBUG c.b.p.a.d.a.s.AutorizacionAuthService - Perfil obtenido exitosamente para usuario ID: f2dc5b92-7ded-4c42-9e5a-d8a22aaf4a3a
2026-04-27 18:45:55 [http-nio-3000-exec-10] INFO  c.b.p.a.a.i.c.InventarioRestAdapter - GET /inventario/vendedor/6b0a5026-52f3-475a-a20f-5aacf94764f0 - consulta por mateovargas220705@gmail.com
2026-04-27 18:45:55 [http-nio-3000-exec-10] INFO  c.b.p.a.d.i.s.GestionInventarioService - Consultando cargas por vendedor: 6b0a5026-52f3-475a-a20f-5aacf94764f0
2026-04-27 18:45:55 [http-nio-3000-exec-10] DEBUG c.b.p.a.i.p.s.a.SupabaseAsignacionRepositoryAdapter - Consultando asignaciones por vendedor: 6b0a5026-52f3-475a-a20f-5aacf94764f0
2026-04-27 18:45:55 [http-nio-3000-exec-6] DEBUG c.b.p.a.d.a.s.AutorizacionAuthService - Perfil obtenido exitosamente para usuario ID: f2dc5b92-7ded-4c42-9e5a-d8a22aaf4a3a
2026-04-27 18:45:55 [http-nio-3000-exec-6] INFO  c.b.p.a.a.i.c.InventarioRestAdapter - GET /inventario/vendedor/7ca8780f-864c-4179-8c8a-9d8ae55b6df8 - consulta por mateovargas220705@gmail.com
2026-04-27 18:45:55 [http-nio-3000-exec-6] INFO  c.b.p.a.d.i.s.GestionInventarioService - Consultando cargas por vendedor: 7ca8780f-864c-4179-8c8a-9d8ae55b6df8
2026-04-27 18:45:55 [http-nio-3000-exec-6] DEBUG c.b.p.a.i.p.s.a.SupabaseAsignacionRepositoryAdapter - Consultando asignaciones por vendedor: 7ca8780f-864c-4179-8c8a-9d8ae55b6df8
2026-04-27 18:45:55 [http-nio-3000-exec-1] DEBUG c.b.p.a.d.a.s.AutorizacionAuthService - Perfil obtenido exitosamente para usuario ID: f2dc5b92-7ded-4c42-9e5a-d8a22aaf4a3a
2026-04-27 18:45:55 [http-nio-3000-exec-1] INFO  c.b.p.a.a.i.c.InventarioRestAdapter - GET /inventario/vendedor/73ed0c2b-851c-44c8-a08b-ded6f61924f9 - consulta por mateovargas220705@gmail.com
2026-04-27 18:45:55 [http-nio-3000-exec-1] INFO  c.b.p.a.d.i.s.GestionInventarioService - Consultando cargas por vendedor: 73ed0c2b-851c-44c8-a08b-ded6f61924f9
2026-04-27 18:45:55 [http-nio-3000-exec-1] DEBUG c.b.p.a.i.p.s.a.SupabaseAsignacionRepositoryAdapter - Consultando asignaciones por vendedor: 73ed0c2b-851c-44c8-a08b-ded6f61924f9
2026-04-27 18:45:55 [http-nio-3000-exec-8] DEBUG c.b.p.a.d.a.s.AutorizacionAuthService - Perfil obtenido exitosamente para usuario ID: f2dc5b92-7ded-4c42-9e5a-d8a22aaf4a3a
2026-04-27 18:45:55 [http-nio-3000-exec-8] INFO  c.b.p.a.a.i.c.InventarioRestAdapter - GET /inventario/vendedor/5e0e4eff-aec3-46df-a77e-d4feeb19394c - consulta por mateovargas220705@gmail.com
2026-04-27 18:45:55 [http-nio-3000-exec-8] INFO  c.b.p.a.d.i.s.GestionInventarioService - Consultando cargas por vendedor: 5e0e4eff-aec3-46df-a77e-d4feeb19394c
2026-04-27 18:45:55 [http-nio-3000-exec-8] DEBUG c.b.p.a.i.p.s.a.SupabaseAsignacionRepositoryAdapter - Consultando asignaciones por vendedor: 5e0e4eff-aec3-46df-a77e-d4feeb19394c
2026-04-27 18:45:55 [http-nio-3000-exec-9] DEBUG c.b.p.a.d.a.s.AutorizacionAuthService - Perfil obtenido exitosamente para usuario ID: f2dc5b92-7ded-4c42-9e5a-d8a22aaf4a3a
2026-04-27 18:45:55 [http-nio-3000-exec-9] INFO  c.b.p.a.a.i.c.InventarioRestAdapter - GET /inventario/vendedor/2ab0631c-da17-4bd8-b9b9-237de54711c6 - consulta por mateovargas220705@gmail.com
2026-04-27 18:45:55 [http-nio-3000-exec-9] INFO  c.b.p.a.d.i.s.GestionInventarioService - Consultando cargas por vendedor: 2ab0631c-da17-4bd8-b9b9-237de54711c6
2026-04-27 18:45:55 [http-nio-3000-exec-9] DEBUG c.b.p.a.i.p.s.a.SupabaseAsignacionRepositoryAdapter - Consultando asignaciones por vendedor: 2ab0631c-da17-4bd8-b9b9-237de54711c6
2026-04-27 18:45:55 [http-nio-3000-exec-5] DEBUG c.b.p.a.i.p.s.a.SupabaseAsignacionRepositoryAdapter - Asignaciones encontradas para vendedor 0b9544ca-bfbe-4335-821c-5c8eb4b553b2: 1
2026-04-27 18:45:55 [http-nio-3000-exec-4] DEBUG c.b.p.a.d.a.s.AutorizacionAuthService - Obteniendo perfil por token
2026-04-27 18:45:55 [http-nio-3000-exec-6] DEBUG c.b.p.a.i.p.s.a.SupabaseAsignacionRepositoryAdapter - Asignaciones encontradas para vendedor 7ca8780f-864c-4179-8c8a-9d8ae55b6df8: 3
2026-04-27 18:45:55 [http-nio-3000-exec-2] DEBUG c.b.p.a.d.a.s.AutorizacionAuthService - Obteniendo perfil por token
2026-04-27 18:45:55 [http-nio-3000-exec-10] DEBUG c.b.p.a.i.p.s.a.SupabaseAsignacionRepositoryAdapter - Asignaciones encontradas para vendedor 6b0a5026-52f3-475a-a20f-5aacf94764f0: 31
2026-04-27 18:45:55 [http-nio-3000-exec-3] DEBUG c.b.p.a.d.a.s.AutorizacionAuthService - Obteniendo perfil por token
2026-04-27 18:45:55 [http-nio-3000-exec-1] DEBUG c.b.p.a.i.p.s.a.SupabaseAsignacionRepositoryAdapter - Asignaciones encontradas para vendedor 73ed0c2b-851c-44c8-a08b-ded6f61924f9: 4
2026-04-27 18:45:55 [http-nio-3000-exec-9] DEBUG c.b.p.a.i.p.s.a.SupabaseAsignacionRepositoryAdapter - Asignaciones encontradas para vendedor 2ab0631c-da17-4bd8-b9b9-237de54711c6: 9
2026-04-27 18:45:55 [http-nio-3000-exec-8] DEBUG c.b.p.a.i.p.s.a.SupabaseAsignacionRepositoryAdapter - Asignaciones encontradas para vendedor 5e0e4eff-aec3-46df-a77e-d4feeb19394c: 4
2026-04-27 18:45:55 [http-nio-3000-exec-4] DEBUG c.b.p.a.d.a.s.AutorizacionAuthService - Perfil obtenido exitosamente para usuario ID: f2dc5b92-7ded-4c42-9e5a-d8a22aaf4a3a
2026-04-27 18:45:55 [http-nio-3000-exec-4] INFO  c.b.p.a.a.i.c.InventarioRestAdapter - GET /inventario/vendedor/7dec6fc9-8ddc-48c6-86a3-a1dbfc46f80e - consulta por mateovargas220705@gmail.com
2026-04-27 18:45:55 [http-nio-3000-exec-4] INFO  c.b.p.a.d.i.s.GestionInventarioService - Consultando cargas por vendedor: 7dec6fc9-8ddc-48c6-86a3-a1dbfc46f80e
2026-04-27 18:45:55 [http-nio-3000-exec-4] DEBUG c.b.p.a.i.p.s.a.SupabaseAsignacionRepositoryAdapter - Consultando asignaciones por vendedor: 7dec6fc9-8ddc-48c6-86a3-a1dbfc46f80e
2026-04-27 18:45:55 [http-nio-3000-exec-2] DEBUG c.b.p.a.d.a.s.AutorizacionAuthService - Perfil obtenido exitosamente para usuario ID: f2dc5b92-7ded-4c42-9e5a-d8a22aaf4a3a
2026-04-27 18:45:55 [http-nio-3000-exec-2] INFO  c.b.p.a.a.i.c.InventarioRestAdapter - GET /inventario/vendedor/997e2337-32a6-4ba5-84fb-873ef1b6036f - consulta por mateovargas220705@gmail.com
2026-04-27 18:45:55 [http-nio-3000-exec-2] INFO  c.b.p.a.d.i.s.GestionInventarioService - Consultando cargas por vendedor: 997e2337-32a6-4ba5-84fb-873ef1b6036f
2026-04-27 18:45:55 [http-nio-3000-exec-2] DEBUG c.b.p.a.i.p.s.a.SupabaseAsignacionRepositoryAdapter - Consultando asignaciones por vendedor: 997e2337-32a6-4ba5-84fb-873ef1b6036f
2026-04-27 18:45:55 [http-nio-3000-exec-3] DEBUG c.b.p.a.d.a.s.AutorizacionAuthService - Perfil obtenido exitosamente para usuario ID: f2dc5b92-7ded-4c42-9e5a-d8a22aaf4a3a
2026-04-27 18:45:55 [http-nio-3000-exec-3] INFO  c.b.p.a.a.i.c.InventarioRestAdapter - GET /inventario/vendedor/c1cbc4b0-eafd-490a-be95-b1c42036ad16 - consulta por mateovargas220705@gmail.com
2026-04-27 18:45:55 [http-nio-3000-exec-3] INFO  c.b.p.a.d.i.s.GestionInventarioService - Consultando cargas por vendedor: c1cbc4b0-eafd-490a-be95-b1c42036ad16
2026-04-27 18:45:55 [http-nio-3000-exec-3] DEBUG c.b.p.a.i.p.s.a.SupabaseAsignacionRepositoryAdapter - Consultando asignaciones por vendedor: c1cbc4b0-eafd-490a-be95-b1c42036ad16
2026-04-27 18:45:55 [http-nio-3000-exec-4] DEBUG c.b.p.a.i.p.s.a.SupabaseAsignacionRepositoryAdapter - Asignaciones encontradas para vendedor 7dec6fc9-8ddc-48c6-86a3-a1dbfc46f80e: 1
2026-04-27 18:45:55 [http-nio-3000-exec-2] DEBUG c.b.p.a.i.p.s.a.SupabaseAsignacionRepositoryAdapter - Asignaciones encontradas para vendedor 997e2337-32a6-4ba5-84fb-873ef1b6036f: 1
2026-04-27 18:45:55 [http-nio-3000-exec-3] DEBUG c.b.p.a.i.p.s.a.SupabaseAsignacionRepositoryAdapter - Asignaciones encontradas para vendedor c1cbc4b0-eafd-490a-be95-b1c42036ad16: 1
2026-04-27 18:46:04 [http-nio-3000-exec-7] INFO  c.b.p.a.a.a.c.AuthRestAdapter - POST /auth/signin - Intento de autenticación para email: luis@gmail.com
2026-04-27 18:46:04 [http-nio-3000-exec-7] DEBUG c.b.p.a.d.a.s.AutorizacionAuthService - Autenticando usuario con email: luis@gmail.com
2026-04-27 18:46:04 [http-nio-3000-exec-7] DEBUG c.b.p.a.d.a.s.AutorizacionAuthService - Autenticación completada para email: luis@gmail.com
2026-04-27 18:46:04 [http-nio-3000-exec-7] INFO  c.b.p.a.a.a.c.AuthRestAdapter - Autenticación exitosa para email: luis@gmail.com
2026-04-27 18:46:04 [http-nio-3000-exec-5] INFO  c.b.p.a.a.a.c.AuthRestAdapter - GET /auth/me - Obtener perfil del usuario actual
2026-04-27 18:46:04 [http-nio-3000-exec-5] DEBUG c.b.p.a.d.a.s.AutorizacionAuthService - Obteniendo perfil por token
2026-04-27 18:46:05 [http-nio-3000-exec-5] DEBUG c.b.p.a.d.a.s.AutorizacionAuthService - Perfil obtenido exitosamente para usuario ID: c1cbc4b0-eafd-490a-be95-b1c42036ad16
2026-04-27 18:46:05 [http-nio-3000-exec-5] DEBUG c.b.p.a.a.a.c.AuthRestAdapter - Perfil obtenido para usuario: luis@gmail.com
2026-04-27 18:46:05 [http-nio-3000-exec-6] INFO  c.b.p.a.a.p.c.ProductosRestAdapter - GET /productos - Obtener todos los productos
2026-04-27 18:46:05 [http-nio-3000-exec-6] DEBUG c.b.p.a.d.p.s.GestionProductosService - Obteniendo todos los productos
2026-04-27 18:46:05 [http-nio-3000-exec-10] DEBUG c.b.p.a.d.a.s.AutorizacionAuthService - Obteniendo perfil por token
2026-04-27 18:46:05 [http-nio-3000-exec-1] INFO  c.b.p.a.a.ventas.VentaRestAdapter - GET /ventas/cierre-jornada - Obtener cierre de jornada para vendedor c1cbc4b0-eafd-490a-be95-b1c42036ad16 y fecha 2026-04-27
2026-04-27 18:46:05 [http-nio-3000-exec-1] INFO  c.b.p.a.d.v.s.GestionVentasService - Obteniendo resumen de cierre de jornada para vendedor c1cbc4b0-eafd-490a-be95-b1c42036ad16 en fecha 2026-04-27
2026-04-27 18:46:05 [http-nio-3000-exec-6] DEBUG c.b.p.a.d.p.s.GestionProductosService - Se obtuvieron 25 productos
2026-04-27 18:46:05 [http-nio-3000-exec-6] DEBUG c.b.p.a.a.p.c.ProductosRestAdapter - Se obtuvieron 25 productos
2026-04-27 18:46:05 [http-nio-3000-exec-10] DEBUG c.b.p.a.d.a.s.AutorizacionAuthService - Perfil obtenido exitosamente para usuario ID: c1cbc4b0-eafd-490a-be95-b1c42036ad16
2026-04-27 18:46:05 [http-nio-3000-exec-10] INFO  c.b.p.a.a.i.c.InventarioRestAdapter - GET /inventario/vendedor/c1cbc4b0-eafd-490a-be95-b1c42036ad16 - consulta por luis@gmail.com
2026-04-27 18:46:05 [http-nio-3000-exec-10] INFO  c.b.p.a.d.i.s.GestionInventarioService - Consultando cargas por vendedor: c1cbc4b0-eafd-490a-be95-b1c42036ad16
2026-04-27 18:46:05 [http-nio-3000-exec-10] DEBUG c.b.p.a.i.p.s.a.SupabaseAsignacionRepositoryAdapter - Consultando asignaciones por vendedor: c1cbc4b0-eafd-490a-be95-b1c42036ad16
2026-04-27 18:46:05 [http-nio-3000-exec-10] DEBUG c.b.p.a.i.p.s.a.SupabaseAsignacionRepositoryAdapter - Asignaciones encontradas para vendedor c1cbc4b0-eafd-490a-be95-b1c42036ad16: 1
2026-04-27 18:46:08 [http-nio-3000-exec-8] DEBUG c.b.p.a.d.a.s.AutorizacionAuthService - Obteniendo perfil por token
2026-04-27 18:46:08 [http-nio-3000-exec-8] DEBUG c.b.p.a.d.a.s.AutorizacionAuthService - Perfil obtenido exitosamente para usuario ID: c1cbc4b0-eafd-490a-be95-b1c42036ad16
2026-04-27 18:46:08 [http-nio-3000-exec-8] INFO  c.b.p.a.a.i.c.InventarioRestAdapter - PATCH /inventario/confirmar-salida/55 por vendedor luis@gmail.com
2026-04-27 18:46:08 [http-nio-3000-exec-8] INFO  c.b.p.a.d.i.s.GestionInventarioService - Confirmación de salida por vendedor - idCarga: 55, vendedor: c1cbc4b0-eafd-490a-be95-b1c42036ad16
2026-04-27 18:46:08 [http-nio-3000-exec-8] DEBUG c.b.p.a.i.p.s.a.SupabaseAsignacionRepositoryAdapter - Consultando asignación por idCarga: 55
2026-04-27 18:46:09 [http-nio-3000-exec-8] DEBUG c.b.p.a.i.p.s.a.SupabaseAsignacionRepositoryAdapter - Asignación encontrada para idCarga: 55
2026-04-27 18:46:09 [http-nio-3000-exec-8] DEBUG c.b.p.a.i.p.s.a.SupabaseAsignacionRepositoryAdapter - Actualizando estado de asignación - idCarga: 55, nuevoEstado: VALIDADO
2026-04-27 18:46:09 [http-nio-3000-exec-8] INFO  c.b.p.a.i.p.s.a.SupabaseAsignacionRepositoryAdapter - Estado actualizado correctamente - idCarga: 55, estado: VALIDADO
2026-04-27 18:46:09 [http-nio-3000-exec-8] INFO  c.b.p.a.d.i.s.GestionInventarioService - Carga validada por vendedor y confirmada en salida - idCarga: 55
2026-04-27 18:46:09 [http-nio-3000-exec-4] INFO  c.b.p.a.a.a.c.AuthRestAdapter - GET /auth/me - Obtener perfil del usuario actual
2026-04-27 18:46:09 [http-nio-3000-exec-4] DEBUG c.b.p.a.d.a.s.AutorizacionAuthService - Obteniendo perfil por token
2026-04-27 18:46:09 [http-nio-3000-exec-4] DEBUG c.b.p.a.d.a.s.AutorizacionAuthService - Perfil obtenido exitosamente para usuario ID: c1cbc4b0-eafd-490a-be95-b1c42036ad16
2026-04-27 18:46:09 [http-nio-3000-exec-4] DEBUG c.b.p.a.a.a.c.AuthRestAdapter - Perfil obtenido para usuario: luis@gmail.com
2026-04-27 18:46:09 [http-nio-3000-exec-2] INFO  c.b.p.a.a.p.c.ProductosRestAdapter - GET /productos - Obtener todos los productos
2026-04-27 18:46:09 [http-nio-3000-exec-2] DEBUG c.b.p.a.d.p.s.GestionProductosService - Obteniendo todos los productos
2026-04-27 18:46:09 [http-nio-3000-exec-3] DEBUG c.b.p.a.d.a.s.AutorizacionAuthService - Obteniendo perfil por token
2026-04-27 18:46:09 [http-nio-3000-exec-7] INFO  c.b.p.a.a.ventas.VentaRestAdapter - GET /ventas/cierre-jornada - Obtener cierre de jornada para vendedor c1cbc4b0-eafd-490a-be95-b1c42036ad16 y fecha 2026-04-27
2026-04-27 18:46:09 [http-nio-3000-exec-7] INFO  c.b.p.a.d.v.s.GestionVentasService - Obteniendo resumen de cierre de jornada para vendedor c1cbc4b0-eafd-490a-be95-b1c42036ad16 en fecha 2026-04-27
2026-04-27 18:46:09 [http-nio-3000-exec-2] DEBUG c.b.p.a.d.p.s.GestionProductosService - Se obtuvieron 25 productos
2026-04-27 18:46:09 [http-nio-3000-exec-2] DEBUG c.b.p.a.a.p.c.ProductosRestAdapter - Se obtuvieron 25 productos
2026-04-27 18:46:09 [http-nio-3000-exec-3] DEBUG c.b.p.a.d.a.s.AutorizacionAuthService - Perfil obtenido exitosamente para usuario ID: c1cbc4b0-eafd-490a-be95-b1c42036ad16
2026-04-27 18:46:09 [http-nio-3000-exec-3] INFO  c.b.p.a.a.i.c.InventarioRestAdapter - GET /inventario/vendedor/c1cbc4b0-eafd-490a-be95-b1c42036ad16 - consulta por luis@gmail.com
2026-04-27 18:46:09 [http-nio-3000-exec-3] INFO  c.b.p.a.d.i.s.GestionInventarioService - Consultando cargas por vendedor: c1cbc4b0-eafd-490a-be95-b1c42036ad16
2026-04-27 18:46:09 [http-nio-3000-exec-3] DEBUG c.b.p.a.i.p.s.a.SupabaseAsignacionRepositoryAdapter - Consultando asignaciones por vendedor: c1cbc4b0-eafd-490a-be95-b1c42036ad16
2026-04-27 18:46:10 [http-nio-3000-exec-3] DEBUG c.b.p.a.i.p.s.a.SupabaseAsignacionRepositoryAdapter - Asignaciones encontradas para vendedor c1cbc4b0-eafd-490a-be95-b1c42036ad16: 1
2026-04-27 18:46:12 [http-nio-3000-exec-5] INFO  c.b.p.a.a.a.c.AuthRestAdapter - GET /auth/me - Obtener perfil del usuario actual
2026-04-27 18:46:12 [http-nio-3000-exec-5] DEBUG c.b.p.a.d.a.s.AutorizacionAuthService - Obteniendo perfil por token
2026-04-27 18:46:13 [http-nio-3000-exec-5] DEBUG c.b.p.a.d.a.s.AutorizacionAuthService - Perfil obtenido exitosamente para usuario ID: c1cbc4b0-eafd-490a-be95-b1c42036ad16
2026-04-27 18:46:13 [http-nio-3000-exec-5] DEBUG c.b.p.a.a.a.c.AuthRestAdapter - Perfil obtenido para usuario: luis@gmail.com
2026-04-27 18:46:13 [http-nio-3000-exec-6] INFO  c.b.p.a.a.p.c.ProductosRestAdapter - GET /productos - Obtener todos los productos
2026-04-27 18:46:13 [http-nio-3000-exec-6] DEBUG c.b.p.a.d.p.s.GestionProductosService - Obteniendo todos los productos
2026-04-27 18:46:13 [http-nio-3000-exec-1] DEBUG c.b.p.a.d.a.s.AutorizacionAuthService - Obteniendo perfil por token
2026-04-27 18:46:13 [http-nio-3000-exec-10] INFO  c.b.p.a.a.ventas.VentaRestAdapter - GET /ventas/cierre-jornada - Obtener cierre de jornada para vendedor c1cbc4b0-eafd-490a-be95-b1c42036ad16 y fecha 2026-04-27
2026-04-27 18:46:13 [http-nio-3000-exec-10] INFO  c.b.p.a.d.v.s.GestionVentasService - Obteniendo resumen de cierre de jornada para vendedor c1cbc4b0-eafd-490a-be95-b1c42036ad16 en fecha 2026-04-27
2026-04-27 18:46:13 [http-nio-3000-exec-6] DEBUG c.b.p.a.d.p.s.GestionProductosService - Se obtuvieron 25 productos
2026-04-27 18:46:13 [http-nio-3000-exec-6] DEBUG c.b.p.a.a.p.c.ProductosRestAdapter - Se obtuvieron 25 productos
2026-04-27 18:46:13 [http-nio-3000-exec-1] DEBUG c.b.p.a.d.a.s.AutorizacionAuthService - Perfil obtenido exitosamente para usuario ID: c1cbc4b0-eafd-490a-be95-b1c42036ad16
2026-04-27 18:46:13 [http-nio-3000-exec-1] INFO  c.b.p.a.a.i.c.InventarioRestAdapter - GET /inventario/vendedor/c1cbc4b0-eafd-490a-be95-b1c42036ad16 - consulta por luis@gmail.com
2026-04-27 18:46:13 [http-nio-3000-exec-1] INFO  c.b.p.a.d.i.s.GestionInventarioService - Consultando cargas por vendedor: c1cbc4b0-eafd-490a-be95-b1c42036ad16
2026-04-27 18:46:13 [http-nio-3000-exec-1] DEBUG c.b.p.a.i.p.s.a.SupabaseAsignacionRepositoryAdapter - Consultando asignaciones por vendedor: c1cbc4b0-eafd-490a-be95-b1c42036ad16
2026-04-27 18:46:13 [http-nio-3000-exec-1] DEBUG c.b.p.a.i.p.s.a.SupabaseAsignacionRepositoryAdapter - Asignaciones encontradas para vendedor c1cbc4b0-eafd-490a-be95-b1c42036ad16: 1
2026-04-27 18:46:20 [http-nio-3000-exec-9] INFO  c.b.p.a.a.a.c.AuthRestAdapter - GET /auth/me - Obtener perfil del usuario actual
2026-04-27 18:46:20 [http-nio-3000-exec-9] DEBUG c.b.p.a.d.a.s.AutorizacionAuthService - Obteniendo perfil por token
2026-04-27 18:46:20 [http-nio-3000-exec-9] DEBUG c.b.p.a.d.a.s.AutorizacionAuthService - Perfil obtenido exitosamente para usuario ID: c1cbc4b0-eafd-490a-be95-b1c42036ad16
2026-04-27 18:46:20 [http-nio-3000-exec-9] DEBUG c.b.p.a.a.a.c.AuthRestAdapter - Perfil obtenido para usuario: luis@gmail.com
2026-04-27 18:46:20 [http-nio-3000-exec-4] DEBUG c.b.p.a.a.c.c.ClientesRestAdapter - Obteniendo clientes; vendedorId=c1cbc4b0-eafd-490a-be95-b1c42036ad16
2026-04-27 18:46:20 [http-nio-3000-exec-4] DEBUG c.b.p.a.d.c.s.GestionClientesService - Obteniendo clientes por vendedor: c1cbc4b0-eafd-490a-be95-b1c42036ad16
2026-04-27 18:46:20 [http-nio-3000-exec-4] DEBUG c.b.p.a.i.p.s.a.SupabaseClienteRepositoryAdapter - Obteniendo clientes por vendedorId=c1cbc4b0-eafd-490a-be95-b1c42036ad16
2026-04-27 18:46:53 [http-nio-3000-exec-7] INFO  c.b.p.a.a.c.c.ClientesRestAdapter - Creando cliente; negocio=tienda doña juliana, ciNit=4558996985
2026-04-27 18:46:53 [http-nio-3000-exec-7] DEBUG c.b.p.a.d.c.s.GestionClientesService - Creando cliente - Negocio: tienda doña juliana, CI/NIT: 4558996985
2026-04-27 18:46:53 [http-nio-3000-exec-7] INFO  c.b.p.a.i.p.s.a.SupabaseClienteRepositoryAdapter - Insertando cliente en Supabase; negocio=tienda doña juliana, ciNit=4558996985
2026-04-27 18:46:53 [http-nio-3000-exec-7] INFO  c.b.p.a.d.c.s.GestionClientesService - Cliente creado exitosamente - ID: 17
2026-04-27 18:46:53 [http-nio-3000-exec-3] DEBUG c.b.p.a.a.c.c.ClientesRestAdapter - Obteniendo clientes; vendedorId=c1cbc4b0-eafd-490a-be95-b1c42036ad16
2026-04-27 18:46:53 [http-nio-3000-exec-3] DEBUG c.b.p.a.d.c.s.GestionClientesService - Obteniendo clientes por vendedor: c1cbc4b0-eafd-490a-be95-b1c42036ad16
2026-04-27 18:46:53 [http-nio-3000-exec-3] DEBUG c.b.p.a.i.p.s.a.SupabaseClienteRepositoryAdapter - Obteniendo clientes por vendedorId=c1cbc4b0-eafd-490a-be95-b1c42036ad16
2026-04-27 18:46:55 [http-nio-3000-exec-6] INFO  c.b.p.a.a.c.CierreJornadaRestAdapter - GET /cierres/vendedor/c1cbc4b0-eafd-490a-be95-b1c42036ad16 - Historial de cierres
2026-04-27 18:46:55 [http-nio-3000-exec-10] DEBUG c.b.p.a.d.a.s.AutorizacionAuthService - Obteniendo perfil por token
2026-04-27 18:46:55 [http-nio-3000-exec-1] INFO  c.b.p.a.a.p.c.ProductosRestAdapter - GET /productos - Obtener todos los productos
2026-04-27 18:46:55 [http-nio-3000-exec-1] DEBUG c.b.p.a.d.p.s.GestionProductosService - Obteniendo todos los productos
2026-04-27 18:46:55 [http-nio-3000-exec-9] INFO  c.b.p.a.a.ventas.VentaRestAdapter - GET /ventas/cierre-jornada - Obtener cierre de jornada para vendedor c1cbc4b0-eafd-490a-be95-b1c42036ad16 y fecha 2026-04-27
2026-04-27 18:46:55 [http-nio-3000-exec-9] INFO  c.b.p.a.d.v.s.GestionVentasService - Obteniendo resumen de cierre de jornada para vendedor c1cbc4b0-eafd-490a-be95-b1c42036ad16 en fecha 2026-04-27
2026-04-27 18:46:55 [http-nio-3000-exec-8] DEBUG c.b.p.a.a.c.c.ClientesRestAdapter - Obteniendo clientes; vendedorId=c1cbc4b0-eafd-490a-be95-b1c42036ad16
2026-04-27 18:46:55 [http-nio-3000-exec-8] DEBUG c.b.p.a.d.c.s.GestionClientesService - Obteniendo clientes por vendedor: c1cbc4b0-eafd-490a-be95-b1c42036ad16
2026-04-27 18:46:55 [http-nio-3000-exec-8] DEBUG c.b.p.a.i.p.s.a.SupabaseClienteRepositoryAdapter - Obteniendo clientes por vendedorId=c1cbc4b0-eafd-490a-be95-b1c42036ad16
2026-04-27 18:46:55 [http-nio-3000-exec-1] DEBUG c.b.p.a.d.p.s.GestionProductosService - Se obtuvieron 25 productos
2026-04-27 18:46:55 [http-nio-3000-exec-1] DEBUG c.b.p.a.a.p.c.ProductosRestAdapter - Se obtuvieron 25 productos
2026-04-27 18:46:55 [http-nio-3000-exec-10] DEBUG c.b.p.a.d.a.s.AutorizacionAuthService - Perfil obtenido exitosamente para usuario ID: c1cbc4b0-eafd-490a-be95-b1c42036ad16
2026-04-27 18:46:55 [http-nio-3000-exec-10] INFO  c.b.p.a.a.i.c.InventarioRestAdapter - GET /inventario/vendedor/c1cbc4b0-eafd-490a-be95-b1c42036ad16 - consulta por luis@gmail.com
2026-04-27 18:46:55 [http-nio-3000-exec-10] INFO  c.b.p.a.d.i.s.GestionInventarioService - Consultando cargas por vendedor: c1cbc4b0-eafd-490a-be95-b1c42036ad16
2026-04-27 18:46:55 [http-nio-3000-exec-10] DEBUG c.b.p.a.i.p.s.a.SupabaseAsignacionRepositoryAdapter - Consultando asignaciones por vendedor: c1cbc4b0-eafd-490a-be95-b1c42036ad16
2026-04-27 18:46:56 [http-nio-3000-exec-10] DEBUG c.b.p.a.i.p.s.a.SupabaseAsignacionRepositoryAdapter - Asignaciones encontradas para vendedor c1cbc4b0-eafd-490a-be95-b1c42036ad16: 1
2026-04-27 18:47:07 [http-nio-3000-exec-7] INFO  c.b.p.a.a.ventas.VentaRestAdapter - GET /ventas/cierre-jornada - Obtener cierre de jornada para vendedor c1cbc4b0-eafd-490a-be95-b1c42036ad16 y fecha 2026-04-27
2026-04-27 18:47:07 [http-nio-3000-exec-7] INFO  c.b.p.a.d.v.s.GestionVentasService - Obteniendo resumen de cierre de jornada para vendedor c1cbc4b0-eafd-490a-be95-b1c42036ad16 en fecha 2026-04-27
2026-04-27 18:47:07 [http-nio-3000-exec-3] DEBUG c.b.p.a.d.a.s.AutorizacionAuthService - Obteniendo perfil por token
2026-04-27 18:47:07 [http-nio-3000-exec-5] INFO  c.b.p.a.a.c.CierreJornadaRestAdapter - GET /cierres/vendedor/c1cbc4b0-eafd-490a-be95-b1c42036ad16 - Historial de cierres
2026-04-27 18:47:07 [http-nio-3000-exec-3] DEBUG c.b.p.a.d.a.s.AutorizacionAuthService - Perfil obtenido exitosamente para usuario ID: c1cbc4b0-eafd-490a-be95-b1c42036ad16
2026-04-27 18:47:07 [http-nio-3000-exec-3] INFO  c.b.p.a.a.i.c.InventarioRestAdapter - GET /inventario/vendedor/c1cbc4b0-eafd-490a-be95-b1c42036ad16 - consulta por luis@gmail.com
2026-04-27 18:47:07 [http-nio-3000-exec-3] INFO  c.b.p.a.d.i.s.GestionInventarioService - Consultando cargas por vendedor: c1cbc4b0-eafd-490a-be95-b1c42036ad16
2026-04-27 18:47:07 [http-nio-3000-exec-3] DEBUG c.b.p.a.i.p.s.a.SupabaseAsignacionRepositoryAdapter - Consultando asignaciones por vendedor: c1cbc4b0-eafd-490a-be95-b1c42036ad16
2026-04-27 18:47:07 [http-nio-3000-exec-3] DEBUG c.b.p.a.i.p.s.a.SupabaseAsignacionRepositoryAdapter - Asignaciones encontradas para vendedor c1cbc4b0-eafd-490a-be95-b1c42036ad16: 1
2026-04-27 18:47:14 [http-nio-3000-exec-6] INFO  c.b.p.a.a.c.CierreJornadaRestAdapter - GET /cierres/vendedor/c1cbc4b0-eafd-490a-be95-b1c42036ad16 - Historial de cierres
2026-04-27 18:47:14 [http-nio-3000-exec-4] DEBUG c.b.p.a.d.a.s.AutorizacionAuthService - Obteniendo perfil por token
2026-04-27 18:47:14 [http-nio-3000-exec-2] INFO  c.b.p.a.a.p.c.ProductosRestAdapter - GET /productos - Obtener todos los productos
2026-04-27 18:47:14 [http-nio-3000-exec-2] DEBUG c.b.p.a.d.p.s.GestionProductosService - Obteniendo todos los productos
2026-04-27 18:47:14 [http-nio-3000-exec-8] INFO  c.b.p.a.a.ventas.VentaRestAdapter - GET /ventas/cierre-jornada - Obtener cierre de jornada para vendedor c1cbc4b0-eafd-490a-be95-b1c42036ad16 y fecha 2026-04-27
2026-04-27 18:47:14 [http-nio-3000-exec-8] INFO  c.b.p.a.d.v.s.GestionVentasService - Obteniendo resumen de cierre de jornada para vendedor c1cbc4b0-eafd-490a-be95-b1c42036ad16 en fecha 2026-04-27
2026-04-27 18:47:14 [http-nio-3000-exec-1] DEBUG c.b.p.a.a.c.c.ClientesRestAdapter - Obteniendo clientes; vendedorId=c1cbc4b0-eafd-490a-be95-b1c42036ad16
2026-04-27 18:47:14 [http-nio-3000-exec-1] DEBUG c.b.p.a.d.c.s.GestionClientesService - Obteniendo clientes por vendedor: c1cbc4b0-eafd-490a-be95-b1c42036ad16
2026-04-27 18:47:14 [http-nio-3000-exec-1] DEBUG c.b.p.a.i.p.s.a.SupabaseClienteRepositoryAdapter - Obteniendo clientes por vendedorId=c1cbc4b0-eafd-490a-be95-b1c42036ad16
2026-04-27 18:47:14 [http-nio-3000-exec-2] DEBUG c.b.p.a.d.p.s.GestionProductosService - Se obtuvieron 25 productos
2026-04-27 18:47:14 [http-nio-3000-exec-2] DEBUG c.b.p.a.a.p.c.ProductosRestAdapter - Se obtuvieron 25 productos
2026-04-27 18:47:14 [http-nio-3000-exec-4] DEBUG c.b.p.a.d.a.s.AutorizacionAuthService - Perfil obtenido exitosamente para usuario ID: c1cbc4b0-eafd-490a-be95-b1c42036ad16
2026-04-27 18:47:14 [http-nio-3000-exec-4] INFO  c.b.p.a.a.i.c.InventarioRestAdapter - GET /inventario/vendedor/c1cbc4b0-eafd-490a-be95-b1c42036ad16 - consulta por luis@gmail.com
2026-04-27 18:47:14 [http-nio-3000-exec-4] INFO  c.b.p.a.d.i.s.GestionInventarioService - Consultando cargas por vendedor: c1cbc4b0-eafd-490a-be95-b1c42036ad16
2026-04-27 18:47:14 [http-nio-3000-exec-4] DEBUG c.b.p.a.i.p.s.a.SupabaseAsignacionRepositoryAdapter - Consultando asignaciones por vendedor: c1cbc4b0-eafd-490a-be95-b1c42036ad16
2026-04-27 18:47:14 [http-nio-3000-exec-4] DEBUG c.b.p.a.i.p.s.a.SupabaseAsignacionRepositoryAdapter - Asignaciones encontradas para vendedor c1cbc4b0-eafd-490a-be95-b1c42036ad16: 1
2026-04-27 18:47:37 [http-nio-3000-exec-9] WARN  o.s.w.s.m.m.a.ExceptionHandlerExceptionResolver - Resolved [org.springframework.web.bind.MissingServletRequestParameterException: Required request parameter 'userId' for method parameter type String is not present]
